singular,convergence_false,effectsize_valence,effectsize_pe,effectsize_interaction,coef_intercept,se_intercept,df_intercept,t_intercept,prob_intercept,coef_pe,se_pe,df_pe,t_pe,prob_pe,coef_valence,se_valence,df_valence,t_valence,prob_valence,coef_interaction_pe_valence,se_interaction_pe_valence,df_interaction_pe_valence,t_interaction_pe_valence,prob_interaction_pe_valence,coef_neg,coef_pos,se_neg,se_pos,pvalue_neg,pvalue_pos,coeff_diff,se_diff,pvalue_diff,time
0,0,0.0102128735106855,0.32239517384972,0.429067255559734,0.573198963322692,0.296833091603838,47.7473276376876,1.9310480520403,0.0594259135697946,-1.34306403778884,0.306714774231094,40.3006459591613,-4.3788697207553,8.26112297722353e-05,0.808483613152516,0.0613493708302756,16831.2381530704,13.1783521527744,1.83371167146619e-39,-2.69660140788519,0.47723062647593,42.4850837963807,-5.65052043662414,1.21920126529699e-06,1.74877728538929,-3.64442553038108,0.522586244115628,0.591233859620887,0.000818712101927083,7.08844593326892e-10,5.39320281577037,0.954461252951861,1.59962786759754e-08,1
0,0,0.0103660928215192,0.301188130239297,0.441229854539287,0.45440820251498,0.290838734407731,46.9723117182662,1.5624060647917,0.12490526772795,-1.27837106526258,0.305355493839547,40.6653775764875,-4.18650095070606,0.000147749584180217,0.81467512695056,0.061120735803056,16960.9916239965,13.3289482897526,2.50652842395668e-40,-2.73634894588694,0.4707871278611,42.7821003335518,-5.81228496692091,6.96537628620462e-07,1.85904357851423,-3.61365431325965,0.511419043381156,0.588450990329198,0.000277906101741827,8.20239583141218e-10,5.47269789177388,0.941574255722199,6.16258178495892e-09,2
0,0,0.0105895639835099,0.290269354378167,0.452063703952049,0.348186472811255,0.288455126626191,45.5686021187322,1.20707326953655,0.233632537248003,-1.22845460008458,0.301047857470902,40.7136005691566,-4.08059572456289,0.000203988542126809,0.824426791377035,0.0609290288983087,17106.2214023238,13.5309360133248,1.67941374248456e-41,-2.72112958953241,0.457104405359796,42.9534514583351,-5.95297170105056,4.29588146752284e-07,1.8915099916558,-3.55074918740902,0.49856939502444,0.574201702854321,0.000148314325802567,6.25761586764448e-10,5.44225917906481,0.914208810719591,2.63316842512972e-09,3
0,0,0.0112723653459633,0.263033598325516,0.451348378826887,0.203816434556575,0.288483462495911,43.9186028421036,0.706509942695463,0.483602656388667,-1.13155638508124,0.291470043764408,42.2280482811075,-3.88223904750864,0.000357777713473546,0.836789829043859,0.0606751250492967,16682.9574486028,13.7913161013511,4.95114925798595e-43,-2.67005911407323,0.447960274949938,43.1864522126284,-5.96048190740043,4.11202376191639e-07,1.92985234966177,-3.41026587848469,0.478745982336099,0.565776407369554,5.55265711677126e-05,1.66426832331648e-09,5.34011822814646,0.895920549899877,2.51495149194808e-09,4
0,0,0.012333322158912,0.24340688958158,0.455266216690134,0.0683931760118383,0.288735163092201,41.7478516218734,0.236871655254537,0.813914842066505,-1.05778348491267,0.284759532143536,42.89103619537,-3.7146552283963,0.000583410631956316,0.858381137346576,0.0603743891225312,16187.7004000506,14.2176368129286,1.33991416299286e-45,-2.62328040076338,0.436217226578999,43.2715737476102,-6.01370198361093,3.41589898850532e-07,1.94999019704368,-3.29657060448308,0.458660958970978,0.55646197178011,2.1235771495159e-05,3.13894808387588e-09,5.24656080152677,0.872434453157998,1.81333740288129e-09,5
0,0,0.0128015386616235,0.251525877177102,0.469410040875823,-0.0408835374437512,0.287705265100167,40.5751007179908,-0.142102152456325,0.887702583449129,-1.05187748254206,0.27761910793821,42.7194571721484,-3.78892321336964,0.000468733441258591,0.852949532805878,0.0600260311956262,15570.7563786579,14.2096606391666,1.53710556227467e-45,-2.59573502374442,0.419316866338522,43.3154372694872,-6.19039020874689,1.87927605512906e-07,1.92431350622104,-3.2671565412678,0.441035994643226,0.538302069423892,1.28193263900552e-05,1.28409855211876e-09,5.19147004748884,0.838633732677045,6.00154580752285e-10,6
0,0,0.012055888020415,0.271056469299617,0.468126161250911,-0.12208806128205,0.285363894566041,39.0766028771481,-0.427832895495459,0.671121510403655,-1.08989645827209,0.273836671598208,42.6011552785658,-3.98009679240939,0.000263185111887707,0.813702929207837,0.05987148018013,15136.4817021049,13.5908269974238,7.98662137704974e-42,-2.52800181613722,0.412018148705425,42.772810463687,-6.13565646096002,2.36725897322994e-07,1.80863369058379,-3.24736994169066,0.445468965317817,0.522349406304089,4.90587095443708e-05,5.07221632554423e-10,5.05600363227445,0.824036297410849,8.48082500416857e-10,7
0,0,0.0109562235369288,0.281465993911333,0.464205009522455,-0.183234497929157,0.28248926698284,35.9144136284203,-0.648642335640625,0.520695850145795,-1.10271187520754,0.274915769672282,41.0720323220857,-4.01108992955204,0.000249442759733704,0.784120176373787,0.0599652361938822,15435.5031465178,13.0762459408737,7.24216214772438e-39,-2.43222134685551,0.401974942925474,42.2568435077728,-6.050679002911,3.28503266522616e-07,1.68599929483574,-3.17844339887529,0.461214768379724,0.499301125277081,0.000256618930159112,1.94293980826714e-10,4.86444269371103,0.803949885850948,1.44236594608499e-09,8
0,0,0.00971273394248036,0.294333367331075,0.44218416685094,-0.209701981289816,0.286936460602402,30.8808197035739,-0.730830724159497,0.470391640517593,-1.1360726919516,0.276373676155045,40.5115606622958,-4.11064001375539,0.00018727212089463,0.749520354837025,0.0599589861405302,15932.2827019492,12.5005508445443,1.09009525433914e-35,-2.31648441901731,0.400031887155148,42.3016389539984,-5.79074942123023,7.7596844464472e-07,1.51993802964517,-3.11303080838945,0.463696761293775,0.496321466480077,0.00104593292430976,3.55966665964178e-10,4.63296883803462,0.800063774310296,7.00730536675313e-09,9
0,0,0.00945872539510077,0.323115620571114,0.432174013661334,-0.262200561008278,0.298553903319728,25.8698423710899,-0.878235246944608,0.387900262497516,-1.20101788178181,0.272508067458031,40.6908495782494,-4.4072745918496,7.45301847959627e-05,0.71667646681375,0.0597068641991787,15088.2100732127,12.0032508226015,4.83080910667024e-33,-2.20884990202683,0.390753805919982,41.9838818873481,-5.65279177979179,1.25408175208771e-06,1.33158236971049,-3.08611743434317,0.451314051522986,0.488409948762513,0.00317304966233807,2.63767555099506e-10,4.41769980405366,0.781507611839964,1.57862499917459e-08,10
0,0,0.0100510448307739,0.324250357788969,0.449560732200577,-0.381748527544757,0.313190126784866,22.2677090940636,-1.2189034547918,0.235636572604414,-1.1489012399921,0.256648118953485,41.7632786340357,-4.47656209083817,5.75990739779815e-05,0.700414640741122,0.059678142329668,13566.9252086988,11.7365355790058,1.17785643921711e-31,-2.11778639692013,0.365656650075762,41.0712948462801,-5.79173494173109,8.50800985759892e-07,1.27928836063462,-2.95628443320564,0.437073476457967,0.448240122304448,0.00342313605137448,4.24356247561841e-11,4.23557279384026,0.731313300151525,6.9663022759746e-09,11
0,0,0.0119762035375198,0.282566786781145,0.46753299446507,-0.481710782286285,0.327730046556366,20.9347392433571,-1.46984015456586,0.156474650947845,-1.00624241755385,0.241272111381953,44.1622668155935,-4.17057077915186,0.000139810035261818,0.715370200512541,0.0595785934937892,11894.0410771029,12.0071683227486,5.05584010413533e-33,-2.05626829212915,0.345764727044081,40.278994469748,-5.9470157922355,5.47572013256185e-07,1.35141239140504,-2.76112419285325,0.415247414323661,0.421018449513219,0.00113602098020049,5.44602717536337e-11,4.1125365842583,0.691529454088162,2.73075074655678e-09,12
0,0,0.0134733939927386,0.248313700325661,0.480672910344482,-0.492770091871982,0.338280735453491,21.6548160444848,-1.45668978522051,0.15955015356812,-0.908199084506978,0.232257282620951,46.2870381326492,-3.91031477789731,0.000299511351054954,0.707029901830772,0.0591454909076701,10463.1890911557,11.9540795245827,1.00928709350155e-32,-1.96713024532456,0.326202340706052,39.2901254949433,-6.03039892683416,4.57296724297023e-07,1.34725274563127,-2.58700774501786,0.396365502368671,0.398472022943387,0.000676287217373099,8.45246760094213e-11,3.93426049064913,0.652404681412103,1.63555436660104e-09,13
0,0,0.0129764309530556,0.224790149761495,0.474296925485576,-0.415752084762649,0.34089128435499,22.2568271555102,-1.21960315163031,0.235382446555267,-0.85779333994098,0.232990766353149,46.7444362058278,-3.68166238245169,0.000599279280968275,0.688803917369989,0.0588924005376854,10405.06902382,11.695972843376,2.10065828850996e-31,-1.88631114092187,0.318508696213545,38.8753469851994,-5.92232225790529,6.71474564985283e-07,1.3049937582262,-2.46762852361755,0.401732884603653,0.384344086412203,0.00116051267124529,1.3594983675941e-10,3.77262228184374,0.63701739242709,3.17426811709011e-09,14
0,0,0.0136308542235845,0.215966727691032,0.462367931390126,-0.317068452103865,0.345182491574189,24.3390799106108,-0.918553112754614,0.367343184467484,-0.81737663667287,0.223151541571786,48.7071033680982,-3.66287694414123,0.000614323148622147,0.692021686856596,0.0587883259864951,10027.0603234954,11.7714133757707,8.8664366850988e-32,-1.87926712782953,0.323465366866642,39.248125440759,-5.80979393878763,9.31707051894669e-07,1.33733400989259,-2.42120024576647,0.39532546417406,0.386166229033895,0.000717330037765451,3.61420634657174e-10,3.75853425565906,0.646930733733283,6.25497825042623e-09,15
0,0,0.0143926032529292,0.19808485521533,0.448690620716824,-0.18432226616911,0.346190759435696,27.4521766911615,-0.53242976926814,0.598711863704143,-0.772466538272636,0.219074218855606,50.3331314880793,-3.52604949276016,0.000909463868603762,0.720006229153767,0.0588372986218363,10254.9053916974,12.2372414440957,3.40301442445826e-34,-1.87894866113167,0.329432768605755,39.9709642671981,-5.70358762148607,1.23625534968021e-06,1.38187896404362,-2.37601835821973,0.395630722590289,0.390447879224171,0.000477893990585244,1.16225293534727e-09,3.75789732226334,0.658865537211511,1.17311690435217e-08,16
0,0,0.0140463577668604,0.170193411559802,0.435403282383212,-0.0371256581636901,0.341683870813027,31.5188239404936,-0.108654991748222,0.914164930893431,-0.716251378792989,0.22438674591154,49.6787518575296,-3.19203960057141,0.00245096743573468,0.733265455149381,0.0587777059205526,10924.2079172566,12.475230934336,1.77724545560456e-35,-1.84992481010841,0.330867009191997,40.5366516262018,-5.59114314426837,1.70470590864733e-06,1.40481625691344,-2.29503336330339,0.402564105004489,0.392499912818741,0.000483615654559209,4.99856053839631e-09,3.69984962021683,0.661734018383994,2.25579512293975e-08,17
0,0,0.0133879435535871,0.138950433860192,0.427311569707231,0.091224368200875,0.342456299336241,35.9457895830281,0.266382508885627,0.791466782480696,-0.650204483416415,0.230637965721315,49.2500376734871,-2.81915634047029,0.00691668792032563,0.720447611811282,0.0587852171686587,11068.8143636236,12.2555915672519,2.61561364330641e-34,-1.85053600409471,0.337359117089355,40.3258874025245,-5.48535939997901,2.43871964937036e-06,1.47156392876287,-2.22950807942656,0.407505327300689,0.404281084765885,0.0003048392018164,3.4928116411043e-08,3.70107200818942,0.67471823417871,4.12629635719311e-08,18
0,0,0.0126819799152999,0.124774606575279,0.410202428657848,0.217984291923698,0.346369737520513,38.149374752162,0.629339888305884,0.532877505987301,-0.614946496422481,0.23056243019477,49.8989355502546,-2.66715828725,0.0102861122714835,0.709293699587881,0.0588453606471066,11310.9152727465,12.0535194582541,2.97034790422798e-33,-1.8580730713366,0.351232162393396,40.2384993721888,-5.29015639876245,4.60674394623645e-06,1.5154636882805,-2.2006824543927,0.41871621860431,0.415684137142104,0.000295389900608341,1.19589706062231e-07,3.71614614267319,0.702464324786793,1.2221181004451e-07,19
0,0,0.0119682959867904,0.105656090942438,0.395284284758902,0.358122710916158,0.35385162896384,39.6927766535002,1.0120702622306,0.317634362482675,-0.57383294784414,0.24237436625018,47.4468738337144,-2.3675480073327,0.0220335449305753,0.732150530285392,0.0590545150605615,12689.1668145322,12.3978755821559,4.28384082334603e-35,-1.84894004788186,0.36000973743305,40.3514244197628,-5.13580566199462,7.51589936927476e-06,1.54610558938422,-2.15177450637949,0.439980969405897,0.423794819085995,0.000441365744759018,3.82640989369433e-07,3.69788009576371,0.7200194748661,2.80937856817654e-07,20
0,0,0.0110462465013994,0.103487132269438,0.380472931638066,0.434693291072565,0.362352487354464,40.505372058286,1.19964207848071,0.237248636319948,-0.566297734451422,0.245132965327622,46.2334588847403,-2.31016556134978,0.0253936556385508,0.714360750004018,0.0590004104040724,13124.6084740218,12.1077251007513,1.45111472388981e-33,-1.79778190696001,0.360225980040051,40.5565000410358,-4.99070585292079,1.18330056469934e-05,1.49498443122102,-2.100579382699,0.441958584083613,0.425341639350847,0.000717940668745608,7.86976024404273e-07,3.59556381392002,0.720451960080103,6.01590497576059e-07,21
0,0,0.0110154438942695,0.129155290815173,0.373988435024149,0.429009503496136,0.37736592062342,40.9863440565937,1.13685280002868,0.262202967979117,-0.615223026300048,0.231532837233185,47.6067453647316,-2.65717396137825,0.0106930380856078,0.679410735678769,0.0586745583147813,12037.9534337589,11.5793072021748,7.6426612033443e-31,-1.75054757868655,0.355718480968949,40.5377055610449,-4.92116005307961,1.47956964415466e-05,1.39190169229794,-2.10919346507516,0.423520114808147,0.419496603577468,0.00101438362944692,4.95840331434523e-07,3.5010951573731,0.711436961937897,8.60327354041428e-07,22
0,0,0.0114506239961019,0.130793041939836,0.371231739487353,0.318961782509019,0.394901098541722,40.2487567330469,0.807700418375312,0.424011062230907,-0.602275698042728,0.22323060709583,48.3750862355538,-2.69799785019704,0.00957647697119542,0.681736330037771,0.0586654339352793,11658.3614073141,11.6207498062637,4.79305914847501e-31,-1.76382114025176,0.3619408875294,40.2234486969126,-4.87322985886331,1.75174052286557e-05,1.4200680833478,-2.10757419715572,0.422706800003504,0.42133830845151,0.000780939549112634,5.67106647340062e-07,3.52764228050352,0.7238817750588,1.0978835800155e-06,23
0,0,0.0102538510168356,0.133320177488152,0.353008402489379,0.133352316720041,0.407923972948862,38.4083400091084,0.326904829240713,0.745514808874368,-0.588666923503912,0.226797643980412,43.7950466366775,-2.595560135337,0.0128027346710002,0.67641356883325,0.0588543919077965,12749.8092021583,11.493000724448,2.01972540049582e-30,-1.72594719423973,0.370217391511201,39.834096683973,-4.66198302352717,3.47929331328806e-05,1.39025174099341,-2.06164264748605,0.448843934870862,0.416789364106873,0.00195222527972556,7.55652592314322e-07,3.45189438847945,0.740434783022401,3.13177029581769e-06,24
0,0,0.0094686028384792,0.124018472411731,0.330330546928651,-0.123583393503398,0.420056176943934,35.6182468087444,-0.294206823483739,0.770307662497571,-0.550816661037639,0.229255627752063,40.7739415376123,-2.4026309253064,0.0209154395349719,0.662048650035712,0.0589015868321057,13216.2475378949,11.2399119555612,3.52145149898065e-29,-1.6401756894994,0.371392333071161,39.5390859904219,-4.41628849991671,7.57501277623478e-05,1.32975899958382,-1.95059237941499,0.45949612358982,0.41225472899489,0.00380428227280884,2.22842502107863e-06,3.2803513789988,0.742784666142321,1.00410051766107e-05,25
0,0,0.0103976054208631,0.118422441138532,0.329411659285362,-0.40208443565001,0.436455972589773,31.6858499937218,-0.921248558621355,0.36388213029815,-0.523505838788237,0.22593888972378,39.9657158424591,-2.31702403879317,0.0257101084598232,0.670868387398647,0.0587025182495763,12430.4999410675,11.4282727113413,4.26880076334818e-30,-1.58207455372642,0.360599863669675,39.1849959213271,-4.38734096465348,8.39829165519184e-05,1.2904528231247,-1.87369628432815,0.447382951597744,0.402508223512154,0.00392100610794326,3.23900616586292e-06,3.16414910745285,0.721199727339349,1.14744836757431e-05,26
0,0,0.0108319927404218,0.148951082985244,0.313835033649075,-0.664653246442324,0.445734958352236,27.9385038435242,-1.4911400463167,0.147130207097543,-0.595013925079691,0.221943284016477,41.0658769720885,-2.68092782224272,0.0105222223158231,0.649119151701493,0.0583921010139328,11285.0202559366,11.1165575553893,1.46606702855014e-28,-1.47785093613282,0.350808987582041,38.8013608323107,-4.21269405416018,0.000145246865509781,1.09944510044474,-1.8562567718209,0.424717263748562,0.402138673950075,0.00963524744692033,3.91278852314215e-06,2.95570187226564,0.701617975164082,2.5234275781096e-05,27
0,0,0.0111495950935383,0.171281768905437,0.321505076251953,-0.958109912542476,0.449042252774318,24.0385733494218,-2.13367429595542,0.0432748387562376,-0.655606858820537,0.220130621415377,42.916254422499,-2.97826288139819,0.0047533201131116,0.629283486022914,0.0580090916373903,10436.9124352972,10.8480148242367,2.84856703891236e-27,-1.41354086189233,0.331930276450194,38.2720537423059,-4.25854753898726,0.000128852409905773,0.965116187611109,-1.86196553617356,0.391299084154476,0.398265498286619,0.0136463126696342,2.93686403059603e-06,2.82708172378467,0.663860552900387,2.05759465635952e-05,28
0,0,0.0113420275949307,0.195051846447073,0.350285057542257,-1.23259246687491,0.452310936845793,20.9605440715517,-2.72509985159864,0.012696364974286,-0.713546937197013,0.220388600938401,43.2598171454301,-3.23767624168752,0.00231605156030294,0.606023215581838,0.0576372532282129,9636.6779294626,10.5144360919197,1.02112010284973e-25,-1.38852034886081,0.307235574964452,37.8846027777408,-4.51939964641617,5.91330122344741e-05,0.878488348451093,-1.89855234927054,0.365943699426387,0.382313846037569,0.0163677406722186,6.83647341035621e-07,2.77704069772163,0.614471149928905,6.20152342189435e-06,29
0,0,0.0117176746830401,0.190685485962017,0.393605242283136,-1.49888765919306,0.45825165903734,19.0848647681459,-3.27088321369486,0.00400269271189895,-0.713543448680206,0.221205592382616,44.1619592328337,-3.22570257376676,0.00236794286306878,0.613206386096319,0.0575689513290814,9569.21457475009,10.6516858817012,2.40466680453394e-26,-1.42541666632513,0.29009659165821,37.195720555125,-4.9135932903498,1.82073399981214e-05,0.920796034642679,-1.93003729800757,0.362600445122306,0.362121395423724,0.0111035375016241,9.83169681683927e-08,2.85083333265025,0.58019318331642,8.94221529056658e-07,30
0,0,0.0115927652370823,0.171525265644577,0.406366920262293,-1.76547671781379,0.465830788356608,16.9877644789512,-3.78995283682766,0.00146401422582932,-0.673782838770167,0.220039625712431,45.2886383549526,-3.06209773166372,0.00369114906421468,0.622139583198529,0.0576295677761959,9936.50870961828,10.7954927861789,5.10399631404822e-27,-1.43943659956836,0.288042539605567,36.4814058019772,-4.99730561166229,1.46914072545664e-05,0.976631474456338,-1.90224172468038,0.367616009449929,0.354233619962735,0.00789185287332328,7.87277863135212e-08,2.87887319913671,0.576085079211134,5.81368942470638e-07,31
0,0,0.0105170653876213,0.161468189375129,0.4085397936856,-2.01317239394914,0.469188746688254,15.0610148861892,-4.29075166051833,0.000638114351592698,-0.657715818350532,0.222585450801659,45.3435579132864,-2.95489132816955,0.00494660625054911,0.595761306694821,0.057562604006831,10078.0719980175,10.3497977024132,5.59282315721429e-25,-1.41852854125039,0.285356843323836,35.7759139857863,-4.97106894205646,1.66476979575621e-05,0.968725949839888,-1.8683311326609,0.372893519574136,0.349155605592614,0.00938061519070805,8.74702320847073e-08,2.83705708250079,0.570713686647673,6.65847652688885e-07,32
0,0,0.0112333325451485,0.148894982304978,0.407264499366052,-2.20739231133121,0.466655821859074,13.3849259614394,-4.73023630678677,0.000363472673562408,-0.610960354983126,0.214318394874246,46.4526241097401,-2.8507135626021,0.00648626315365727,0.584454953648411,0.0573190810847097,9151.4276554158,10.1965164581872,2.77052145320678e-24,-1.34307461582907,0.274218195163409,34.9133988666632,-4.89783187081631,2.19550839748416e-05,0.928968232604679,-1.75718099905347,0.355685647412721,0.338086508299393,0.00900754752474885,2.02062467621843e-07,2.68614923165815,0.548436390326819,9.68998886881574e-07,33
0,0,0.0120425102395936,0.124244848872838,0.407355178239152,-2.35492271074473,0.462597807166174,12.4821789584337,-5.09064823538776,0.000235107226045462,-0.536013299081573,0.207456297906004,47.0546114377089,-2.58374079019011,0.012939004142975,0.585162692477758,0.0572601989174194,8567.78950281209,10.2193618524043,2.24038698521075e-24,-1.28787544261461,0.264886120373059,34.3914567376773,-4.86199669805575,2.52720284864663e-05,0.940625591982791,-1.63512529324644,0.344138307530952,0.326621832337664,0.00627074204301623,5.55229517634791e-07,2.57575088522923,0.529772240746118,1.16207561858478e-06,34
0,0,0.0124004659939697,0.117645803777605,0.408324779226532,-2.47912413122206,0.454440484808989,12.0071318441251,-5.45533290737529,0.000146092608231571,-0.510120519999716,0.202291216396951,47.6933743086319,-2.52171364177632,0.015074090380933,0.595673425952163,0.0574423203065077,8564.36905726751,10.3699401899801,4.77777084906642e-25,-1.30729108785698,0.26904451137172,34.211646286515,-4.85901415045332,2.57925430798083e-05,0.988779760568116,-1.62580241514585,0.348002629956952,0.323711357924926,0.00449300694410621,5.10342908557464e-07,2.61458217571397,0.53808902274344,1.17971702783594e-06,35
0,0,0.0112232607570711,0.126740093243713,0.408350815454829,-2.54538657392813,0.44274137478182,11.7621413830717,-5.74914999796999,9.91729991377469e-05,-0.536577539865005,0.203437012178774,47.9329922671556,-2.63756105203451,0.0112250389927136,0.572996519198227,0.0575984588984215,8718.89461076023,9.94812240044032,3.41504450162436e-23,-1.33246447901437,0.274480761512233,34.1443071061204,-4.85449133729171,2.62556896378217e-05,0.991185786905109,-1.67374317112363,0.354693297282724,0.327328264028813,0.00519821404126929,3.16499230231645e-07,2.66492895802874,0.548961523024467,1.20696145605545e-06,36
0,0,0.00960809963737225,0.140476988657028,0.388718641766173,-2.51567796291036,0.431960886904783,11.7829240290322,-5.82385590727081,8.77706396733731e-05,-0.582086132113273,0.211290710445838,46.4371991739308,-2.75490640778779,0.00835744256710413,0.541886633997533,0.0576061650254648,9121.1276005193,9.4067472423827,6.36399994809316e-21,-1.30942922825285,0.278651042943118,34.7254992873322,-4.69917217758323,4.02921172929576e-05,0.919265675332564,-1.69959278117314,0.368972800089519,0.330258904482859,0.0127234139016879,2.65754244239509e-07,2.6188584565057,0.557302085886236,2.61218161774129e-06,37
0,0,0.00843549890840103,0.153013282874691,0.376010906236947,-2.4410822022218,0.426713556923227,11.9656446702254,-5.72065771667291,9.70234022203166e-05,-0.625614945254902,0.217938952116454,45.6133510792444,-2.87059719788232,0.00619188331165045,0.518613237733657,0.0575527281106972,9544.77209664182,9.01109738423092,2.43247411341256e-19,-1.30065882626013,0.28047723717529,35.686840550737,-4.63730618341503,4.60096957033916e-05,0.865680985477872,-1.7356366670424,0.374342323363821,0.335887823031897,0.0207480334852972,2.37486580298718e-07,2.60131765252027,0.560954474350579,3.52979337341896e-06,38
0,0,0.0083934951364447,0.15721643285924,0.393170726035114,-2.35460701889566,0.422835868890909,12.034679057426,-5.56860756650506,0.000120804682053377,-0.636056367132327,0.213555893751321,47.5539072413939,-2.97840699200273,0.00455033395029628,0.495814708912662,0.0572561472186555,8859.13041783919,8.65958910960592,5.56723574867975e-18,-1.30743719553946,0.271207810879512,35.8692779773634,-4.82079476730227,2.61448629251443e-05,0.863011436069357,-1.75186295500956,0.34559337052535,0.340879519650478,0.0125182755620778,2.7584632299447e-07,2.61487439107891,0.542415621759024,1.42987404428338e-06,39
0,0,0.00753753969489693,0.174954106477728,0.398479528799828,-2.22636284875865,0.417760228729996,12.1378970882578,-5.32928387062327,0.000172717555390823,-0.656862996410192,0.20691276779944,47.5257501291466,-3.174588999007,0.00263289247569811,0.435252200941609,0.0568242381291781,7725.0123941338,7.65962228920964,2.09121978391223e-14,-1.20652900526383,0.252236720011506,34.5384870853775,-4.78332022874699,3.16814334638759e-05,0.726506538731181,-1.68655147179647,0.315498188164375,0.330432872373419,0.0212941469658195,3.32430744452185e-07,2.41305801052765,0.504473440023012,1.72423101360401e-06,40
0,0,0.00605680803830607,0.180560134919367,0.357473446369326,-2.0972221486553,0.414561679195784,12.171434872068,-5.05889051955729,0.000268312696731783,-0.650652903948345,0.201926837492771,47.1200644034883,-3.22222103820963,0.00230932383086325,0.392239564699536,0.0566954994706389,7854.58744437291,6.91835451423558,4.92818029747522e-12,-1.13589993775929,0.255337525291407,35.5711703756854,-4.44862123756755,8.14928821006744e-05,0.651735486226813,-1.62006438929178,0.313515569066623,0.330522037467968,0.0376359359753352,9.5092088649175e-07,2.27179987551859,0.510675050582813,8.64232626366158e-06,41
0,0,0.00525963854815634,0.173011620483164,0.327331180290087,-1.96050887228699,0.415865551115851,12.3344350165942,-4.714285343007,0.000466004356878904,-0.636797588895913,0.201954938558964,47.5245483648456,-3.15316670857241,0.00279756163510099,0.376089228386489,0.0567730794879024,8299.47700777516,6.62442889797142,3.70302701276326e-11,-1.12344052019272,0.265536926917738,36.7844476395685,-4.23082594663287,0.00014821392037748,0.651305211283477,-1.59557582910197,0.317237597271792,0.341445512468884,0.0400675566328171,2.96827746949315e-06,2.24688104038544,0.531073853835476,2.32834787584833e-05,42
0,0,0.00580639198093068,0.159870517151941,0.33870649755789,-1.80053596026365,0.42079497238705,12.4860631960047,-4.27889133287339,0.000980970061481008,-0.607724297656156,0.203524985341645,46.854961185173,-2.98599357045037,0.00448372128096531,0.389655944896916,0.0566435232832258,8102.64311340031,6.87909088826589,6.47139347432719e-12,-1.14955348853245,0.264967182151052,36.7489488022626,-4.33847497339167,0.000107536273208873,0.710318839403401,-1.5887881376615,0.310433537757457,0.346927157177625,0.0221287235641149,4.6586261914943e-06,2.2991069770649,0.529934364302104,1.43474818998656e-05,43
0,0,0.00629409132208823,0.13746817771131,0.316763644359861,-1.6036794989611,0.419553631672567,12.1567350437468,-3.82234684173265,0.00237483244926953,-0.55629926956068,0.203475754375665,46.8991094453911,-2.73398307954479,0.00880006819812968,0.406858153061798,0.0565173270898549,8181.77722514122,7.19882156519802,6.61132901233076e-13,-1.12092210753433,0.269747271855949,37.245377797909,-4.15545299057902,0.000182405412085439,0.728915995107065,-1.5129282199616,0.312283910778527,0.351892799869287,0.0195881195848795,1.71260434464929e-05,2.24184421506867,0.539494543711897,3.24643691580762e-05,44
0,0,0.00569819843190943,0.138990354113685,0.286927361695733,-1.3771077306359,0.416394026593738,12.0454985734598,-3.30722258890495,0.00622694569594235,-0.577119714036641,0.210343458381835,46.6334079602652,-2.74370174606999,0.00859462437944885,0.400585569340685,0.056588546968696,8744.0810130316,7.07891597856867,1.56500854486341e-12,-1.08233724049398,0.276776603779329,38.0039080506469,-3.91050842345373,0.000367880933257864,0.663855313265708,-1.50081916772225,0.320990052094523,0.362269750103792,0.0386259972626782,3.43057887973221e-05,2.16467448098796,0.553553207558657,9.21020480398674e-05,45
0,0,0.00606024541038995,0.13277694115029,0.310714868169415,-1.19234606340101,0.410966896616325,12.1289068991292,-2.9013189948342,0.0131654201341384,-0.575096509569166,0.217386578618145,45.7113624999626,-2.64550145287195,0.0111452654795991,0.415553586843823,0.0565303291278994,8862.59477808153,7.35098474137018,2.14217844513309e-13,-1.1412237792976,0.276993976686369,37.6563176953037,-4.1200310308183,0.000199808456998625,0.733396035716961,-1.54905152287824,0.324074949508665,0.367720737040025,0.0236329455645513,2.52474811183743e-05,2.2824475585952,0.553987953372737,3.78821376550152e-05,46
0,0,0.00741249393556748,0.107306512317198,0.320106335185769,-1.06535742278179,0.404871804567856,12.4347323894885,-2.63134505975024,0.0213790850819224,-0.516858858951481,0.220846676757861,45.5657453660676,-2.34035153500711,0.023701362922503,0.449929012736707,0.0563602533751096,8533.88088668442,7.98309066749884,1.61245588326042e-15,-1.12933885678806,0.269547740669759,37.2841181305975,-4.18975449017654,0.000164413646285585,0.778006794933379,-1.48067091864275,0.314583212104647,0.368007178974938,0.013393348782778,5.73435330798448e-05,2.25867771357613,0.539095481339518,2.79256431387072e-05,47
0,0,0.00842177291153578,0.0912102747953951,0.316892009163709,-0.960468407767879,0.397228947022508,13.4480728081066,-2.41792149078565,0.0304648217649729,-0.478222632317135,0.21986829625236,47.1362114279353,-2.17504133369115,0.0346772680596977,0.484792048960149,0.0562822860500603,8735.56448241554,8.613581341187,8.31707626619253e-18,-1.09508821500585,0.261461392320793,37.8147426410638,-4.18833620247175,0.00016193858126657,0.777372275324702,-1.41280415468699,0.313664723503838,0.35745982648268,0.0131990054675174,7.73894214371541e-05,2.19017643001169,0.522922784641586,2.8100701679677e-05,48
0,0,0.00795189441115998,0.113882563836734,0.316817413859466,-0.882264402561286,0.389050635786545,15.1739464429626,-2.26773669390775,0.0383662137870275,-0.528928585044518,0.215808326892887,46.7403249704662,-2.45091833415235,0.0180462006338075,0.478258981067633,0.0561829344988809,9040.23161894001,8.51253116864444,1.9740239650447e-17,-1.11594428559328,0.263954007194689,38.5439526824373,-4.22779823444836,0.000140027814621663,0.750579260079581,-1.48130931110697,0.316714406418643,0.354254917454569,0.0177932329996666,2.89619676226521e-05,2.23188857118655,0.527908014389379,2.35989263499662e-05,49
0,0,0.00636389408839408,0.151128320592079,0.318194961212593,-0.816571595525937,0.37618637441188,16.7875289187156,-2.17065702287209,0.0446000816511096,-0.610712964176829,0.210336905944303,47.3521283943504,-2.90349884835972,0.00558935269068043,0.431740562441728,0.0558587780028199,9327.54312415327,7.72914442238482,1.19469318215666e-14,-1.11188998540341,0.259599579527462,39.3081474321753,-4.28309624933654,0.000115100876418648,0.664146343411492,-1.55963362739533,0.316851446082421,0.342744127899299,0.036074992880802,5.35360501469383e-06,2.22377997080683,0.519199159054923,1.84310394137114e-05,50
0,0,0.00536275972315537,0.171963903524146,0.309918990009598,-0.735638240102517,0.36114589487629,18.684334632338,-2.03695584122452,0.0560754875979524,-0.655780994275587,0.206806375577623,48.4174351393537,-3.17099021944537,0.00263569263268499,0.39958941591336,0.0556639364291339,9557.76831038304,7.17860506365875,7.56747793446701e-13,-1.07328555581353,0.254852779985586,39.4915070317388,-4.21139434254645,0.0001423593324564,0.574815646121841,-1.57175546550522,0.316276800663626,0.333177492435511,0.0691490238750718,2.38793344179476e-06,2.14657111162706,0.509705559971173,2.53799255102004e-05,51
0,0,0.00536257825267373,0.178252175957591,0.304327567324064,-0.655140236757914,0.352522274007102,20.972123892446,-1.85843643101178,0.0772003058192082,-0.654578161451847,0.200396537490217,49.1865452503371,-3.26641452816421,0.0019882685384913,0.406290461262225,0.0555964684996818,9905.35381117101,7.30784656339368,2.9242175153035e-13,-1.08601147021474,0.262583494303608,39.1018654716411,-4.13587104206579,0.000181420245771642,0.590609626122848,-1.58141331430663,0.323191615330089,0.331648536320031,0.0676353408351783,1.8574918444539e-06,2.17202294042948,0.525166988607216,3.53610741861137e-05,52
0,0,0.00546285127015412,0.169142924785553,0.295224954270428,-0.608344902626852,0.347977284877476,24.747398925937,-1.74823164920392,0.0928211264080043,-0.636208755984652,0.202671438888869,48.404603673955,-3.13911402352803,0.00288546017781503,0.411347528461102,0.0555173340479293,9994.52621680829,7.40935305189505,1.37189484735224e-13,-1.08616958716242,0.269147443320775,38.8787428631953,-4.03559318179329,0.000247097452796179,0.609160323682859,-1.56317885064197,0.327125159022446,0.340064019311539,0.0625801369002664,4.29195148181032e-06,2.17233917432483,0.538294886641551,5.44645179127707e-05,53
0,0,0.00484610129306466,0.163615084534058,0.281035130237649,-0.583520484816166,0.344438000154565,28.6277202832166,-1.69412342585404,0.101096104496679,-0.633857756094568,0.20743682978118,47.7303627566662,-3.05566642511461,0.00367000086233591,0.403037992353261,0.0557337126376342,10738.7513539241,7.2314937096279,5.10235199249268e-13,-1.08955206464524,0.278632833752083,39.1181629288364,-3.91035058565525,0.000356508216334972,0.615389569584952,-1.56371455970552,0.344223644226987,0.345509749825831,0.0738145927536251,6.0162080981071e-06,2.17910412929048,0.557265667504166,9.21622558692445e-05,54
0,0,0.00469755681104984,0.135942568841513,0.256465669411942,-0.585080153366372,0.345926818010049,31.7409690744983,-1.69134083541732,0.100569221487538,-0.570617103119797,0.207627998492834,48.0070336398157,-2.74826664641518,0.00841566578101719,0.411862672158521,0.0559783924023267,11469.5677343456,7.35752947670219,2.00128706928084e-13,-1.04873205214162,0.288267449726091,38.3715778683583,-3.63805227797351,0.000805938053768917,0.631827235250478,-1.46563686903276,0.363887834446988,0.34419996045039,0.0825065352220839,2.0617435689878e-05,2.09746410428324,0.576534899452182,0.000274707672738115,55
0,0,0.00422840755761348,0.107445826725828,0.243354876880049,-0.594948612697237,0.345298653287853,34.0758436952647,-1.72299719976396,0.0939539971647441,-0.499446944574106,0.207708082580239,48.0304837847181,-2.40456191386373,0.0200960053929331,0.391338437638327,0.0560041812228702,11498.6538720466,6.98766465455472,2.9494500211423e-12,-0.992284272848813,0.285756813056327,37.4913614861448,-3.47247809154849,0.00131623175951119,0.638276083442776,-1.34629246225485,0.370134527953004,0.335646889118601,0.0846278091338449,6.04523513572063e-05,1.98456854569763,0.571513626112655,0.000515677099528223,56
0,0,0.00324542087686199,0.101531234267624,0.242716235176222,-0.624488246330772,0.347143990011061,35.2752954672419,-1.79893146446486,0.0805902123626274,-0.48177569319061,0.206947610970962,47.9592357350831,-2.32800799646926,0.0241768141912774,0.342942865264456,0.0560709657418994,11489.064974306,6.11622897388745,9.89304919606143e-10,-0.994229778112424,0.288497735977788,37.0551464093637,-3.44623078147473,0.00142966862932884,0.658177992108769,-1.33028156411608,0.369915003539854,0.338993049592539,0.0751958064589379,8.70130500497811e-05,1.98845955622485,0.576995471955576,0.000568464664919615,57
0,0,0.002645923126937,0.106306177992007,0.249343339756621,-0.693356424165874,0.348775385612352,34.1883348302174,-1.98797407376823,0.0548698873161895,-0.484898882670356,0.206614473414343,46.3032139376636,-2.34687761538343,0.023263119737877,0.294712832065077,0.0558261612985703,10504.9672921035,5.27911690880714,1.32398141084606e-07,-0.977017021227945,0.282910840292116,35.9044809344434,-3.4534449801186,0.00143623094020239,0.635319178051498,-1.31871486440439,0.352824676639374,0.344123358842095,0.0717556384774556,0.000127054460591579,1.95403404245589,0.565821680584232,0.000553475194505612,58
0,0,0.00237105617619248,0.0925776135841721,0.264572851168012,-0.79515327486413,0.34599161115209,32.884337800345,-2.2981865722594,0.0280482595400195,-0.446273499898761,0.213176765890694,42.9562109909962,-2.09344342960709,0.0422494570824244,0.270960150869609,0.0554431339622109,10049.454905976,4.88717234228301,1.03875571840731e-06,-0.988615632128379,0.276617486367815,35.5050448922231,-3.57394481856374,0.00103593705882273,0.687243176023902,-1.28998808823286,0.345762780935364,0.347689284185265,0.0468543225016001,0.000207116032341824,1.97723126425676,0.553234972735631,0.000351643067585522,59
0,0,0.00208100980437948,0.0714471998933257,0.261010376032429,-0.911480470683604,0.346169523476141,32.7541390019612,-2.6330465534076,0.0128115370872742,-0.383989521200784,0.215071171710052,41.4281685642522,-1.78540674767169,0.0815176938902541,0.262467267988872,0.0553991392876335,10763.7952425492,4.73774992470796,2.18868557981107e-06,-1.01449759966073,0.281146163272556,36.8653442320257,-3.60843480078805,0.000908996852913566,0.779202633087974,-1.24979256623348,0.359075699644876,0.345875647171305,0.0300050812224985,0.000302189389672143,2.02899519932146,0.562292326545112,0.000308049907298495,60
0,0,0.00245397622322345,0.0526951649633945,0.258554092910899,-0.987887199375759,0.345941668444703,31.3685843052784,-2.85564674477387,0.00755355259763345,-0.310651500094261,0.204390047910049,41.5285153035792,-1.51989543165515,0.136114996942786,0.280828027601992,0.0553827448811633,10451.882959865,5.07067730580299,4.03197753731361e-07,-1.0122910622559,0.281423786753,37.103702995872,-3.59703447222949,0.000933587070749044,0.850010705382103,-1.1745714191297,0.35707093986817,0.33637779140498,0.0172887230184643,0.000479737583482893,2.02458212451181,0.562847573506,0.000321865841028427,61
0,0,0.00354320639699346,0.0357414408111098,0.272363184781728,-1.03086780917738,0.341480657913893,29.3355817688143,-3.01881756780883,0.00521009798461556,-0.243207651351923,0.194589010753108,42.1443435799616,-1.24985296143214,0.218249533379578,0.320649426990475,0.0551363470721793,9511.45545309256,5.81557255816587,6.2375872881528e-09,-1.0008364470068,0.271540318343286,36.2930811563309,-3.68577474281933,0.000740060404469871,0.904321039966687,-1.09735185404692,0.339673632202088,0.32561180210916,0.00776032923335502,0.000751346123742077,2.0016728940136,0.543080636686571,0.000228007957587371,62
0,0,0.00477249482387883,0.0286757711352032,0.258254753432644,-1.05334829316707,0.334971667136985,27.4127005472167,-3.14458921905269,0.00397553095020292,-0.208434752028453,0.188459867851118,41.433499136646,-1.10599012089468,0.275111340585261,0.358571194863082,0.0548467923725524,8913.02723648161,6.53768760855604,6.59072130006044e-11,-0.950145171046378,0.269484039211777,35.7042802268584,-3.52579386083676,0.0011795972220999,0.880972860928048,-1.01931748116471,0.327005347929179,0.326060258076905,0.00705869169387798,0.00177103420359021,1.90029034209276,0.538968078423555,0.000422215470266061,63
0,0,0.00473406440483095,0.0309741090393916,0.21459481994456,-1.0836328780983,0.329649853120278,25.2870283688565,-3.28722390694626,0.00296908078144516,-0.204438154084241,0.181828611048286,39.5490465030651,-1.12434535415305,0.267644606783681,0.352203792713551,0.0546654017894968,8727.05967542234,6.44290138156859,1.2341218324207e-10,-0.883248605006006,0.28101837613458,36.1552199146078,-3.14302792989956,0.00333224510950426,0.808267886790628,-0.958229323221383,0.325746330889333,0.33687067438027,0.0130911459056492,0.0044480899876891,1.76649721001201,0.56203675226916,0.00167209884426995,64
0,0,0.00460306224082555,0.023308846022743,0.174947040510059,-1.1030926584095,0.327982152134713,24.9506480292081,-3.3632703829458,0.00248819442937077,-0.173935755749104,0.178726486090121,39.6859137946136,-0.973195185303417,0.336351056815193,0.349989517959128,0.0546995064361422,8853.04584101202,6.39840358281324,1.64972040492292e-10,-0.81132238635728,0.290331856386373,36.8275445116653,-2.79446560379366,0.00820457325446944,0.756301866030605,-0.866342906683955,0.335946515514511,0.339984834226625,0.0243692793968995,0.0108286260759048,1.62264477271456,0.580663712772747,0.00519855706959824,65
0,0,0.00439204851081853,0.0182985274854219,0.13623143768351,-1.12165908178175,0.327609120891709,26.4706393571107,-3.4237724478755,0.00202304765473855,-0.158589168776396,0.180980264567398,41.195322571201,-0.876278798439576,0.385959769900341,0.348694878434199,0.05471817575537,9205.53736722598,6.37256037176967,1.94811534603758e-10,-0.721191188237991,0.296952638987577,37.3978382324079,-2.42864044144144,0.0200780832840133,0.668306757030781,-0.774075619445201,0.340854957975047,0.348091752435431,0.0499166176496493,0.0261639956819998,1.44238237647598,0.593905277975154,0.0151555541273743,66
0,0,0.00418480104540622,0.0111371681164788,0.0968334271530512,-1.0982833558839,0.323592043209658,28.019935099664,-3.39403696391977,0.00207287036172835,-0.124100573458147,0.17914431756524,42.6091411888979,-0.692740775397202,0.492230843136696,0.347307660597853,0.0547372607874074,9580.02273907745,6.34499526651054,2.32496595645647e-10,-0.624580881198667,0.308875802187542,38.1374939920799,-2.02211010631204,0.050220425390628,0.592024906751967,-0.657136855645367,0.351999412814319,0.355804061427322,0.0925898336638278,0.0647606836206339,1.24916176239733,0.617751604375083,0.0431649781827969,67
0,0,0.00388100043050569,0.00566511567726752,0.07613808461895,-1.08100174439668,0.319952413256562,28.4892661686927,-3.37863288291517,0.00212594993843162,-0.0884138742711926,0.177015766913593,43.7865608121518,-0.499468921965297,0.619949633228167,0.337987897215563,0.0548363424933626,9750.63435111928,6.16357477263319,7.39367356597088e-10,-0.556805789270079,0.313396881394254,38.3021594992359,-1.77667941937691,0.0835643860766186,0.550002742740135,-0.563608835800023,0.362671597590702,0.352702454018939,0.129385122339821,0.110049088835121,1.11361157854016,0.626793762788509,0.0756210003296558,68
0,0,0.00422156926162942,0.0019338792799572,0.0734508336188759,-1.06675789349507,0.314450928043877,27.5809362513971,-3.39244631946586,0.00211072859489673,-0.0510611590452873,0.171702127018965,45.641503313009,-0.297382216119242,0.767524083895349,0.338578238463647,0.0548701479697267,8981.20512436896,6.17053627503336,7.10017824025904e-10,-0.529261584758491,0.30488350016511,38.0140938865004,-1.73594695833612,0.0906733630136322,0.555774109134147,-0.502749060382835,0.353883639396835,0.341861991727927,0.116298930658403,0.141393929422888,1.05852316951698,0.60976700033022,0.0825732136684158,69
0,0,0.00404492212940141,0.00495772203209418,0.0749191355146545,-1.05592368658899,0.313602347571732,27.9369954302722,-3.36707838689715,0.00222759017205406,-0.0811021216513242,0.170482777919906,45.4216352033701,-0.47572031991071,0.636553720571003,0.325695094836641,0.0549483758864476,8650.52169750599,5.92729247375207,3.19763406258397e-09,-0.533913349349887,0.305259461849435,37.7737612293933,-1.74904766625459,0.088405259139298,0.531066718611592,-0.536759980088182,0.345696872223632,0.347557724918673,0.124484241239847,0.122497151521844,1.06782669869977,0.61051892369887,0.0802827803177793,70
0,0,0.00302923175975474,0.022006357482461,0.0888611483567975,-1.07013835412253,0.316256323107467,28.7262694197845,-3.38376903774629,0.00208290971521745,-0.175287193925745,0.178340254097419,42.9328266921959,-0.982880700786675,0.331172887911293,0.281298137648344,0.0549873793874546,8613.06237351349,5.11568546786433,3.193442554424e-07,-0.568706310067916,0.298443482358782,37.2327008146456,-1.90557456833395,0.0644492045868571,0.476774199010753,-0.660638421125078,0.332960128949121,0.353536215750064,0.152165057660905,0.0616703544261093,1.13741262013583,0.596886964717564,0.0567054242854404,71
0,0,0.00224443933779734,0.0470265904777268,0.121926010700745,-1.11582506472696,0.31925456774452,30.4616911726306,-3.49509506664252,0.00147531664075571,-0.273475508639593,0.183294643252361,45.110186407214,-1.49199945937902,0.142660234732576,0.24455956025401,0.0550208903334426,8782.74648750143,4.4448491976758,8.90329085143986e-06,-0.625432769148036,0.27642853491113,36.8663607389772,-2.26254778418266,0.0296466487111452,0.443626720435546,-0.807238817860526,0.328000935913766,0.330077712652163,0.176210102526834,0.0144610411359498,1.25086553829607,0.552857069822259,0.0236635800450324,72
0,0,0.00228611698930055,0.052518689966915,0.141503347588513,-1.18086400251188,0.323618311866745,32.6994295006268,-3.64894061680329,0.000908538676567677,-0.303576544809404,0.189978040341901,46.0666241729066,-1.59795597566466,0.116890322595457,0.249944029682178,0.054999064885597,9013.27222223786,4.54451416950604,5.57790740272284e-06,-0.641436857921827,0.257815725673722,37.5544068488729,-2.48796638081571,0.0174060011399908,0.431875486674771,-0.850998229168884,0.326609322291872,0.311461619102001,0.186068293357899,0.0062898963669815,1.28287371584365,0.515631451347444,0.012847587734194,73
0,0,0.00188069976905884,0.0497312573126558,0.125412262848787,-1.2651963880089,0.330594924744119,34.9010769916205,-3.82702907187146,0.000514928268021087,-0.309566249831741,0.198186036874301,46.6206270693597,-1.56199828562132,0.125051752606441,0.228351516975747,0.0550098501242897,9145.12952498993,4.15110232912484,3.33879043755621e-05,-0.577339671208705,0.246744720544479,38.1795181124485,-2.33982583268537,0.0246209961491433,0.352393892936659,-0.80228544948075,0.325864525351713,0.30560281581191,0.279513770319305,0.00865839880857324,1.15467934241741,0.493489441088958,0.019292734530682,74
0,0,0.00164062596343133,0.0510611781738426,0.133430618089824,-1.36863588344438,0.340645094395738,36.4143411897365,-4.01777658319772,0.000282193274463106,-0.318445920792795,0.200401892567385,46.926171749551,-1.5890364941824,0.118767820032704,0.214683828840535,0.0550110312735024,9267.79483826,3.90255961160181,9.5854529637643e-05,-0.599421254637101,0.244759576509796,38.9522665083241,-2.44902063970154,0.0189276492982931,0.368832295282799,-0.830010213991402,0.324873186650721,0.306183727271737,0.256244786252697,0.00671162291602413,1.1988425092742,0.489519153019593,0.0143245239522428,75
0,0,0.00173868118483249,0.0546446201294388,0.137823562321288,-1.48206642722842,0.349616754909128,37.3117691505143,-4.23911728033068,0.000141669973540057,-0.326336288389793,0.198856511045383,46.5906530051049,-1.64106413551285,0.107518706866452,0.226129106551089,0.0551053634420185,9668.28580633262,4.1035770826377,4.10150774785046e-05,-0.630104210005402,0.248731856068282,40.1452919298981,-2.5332670288619,0.0153086445894915,0.396122072978147,-0.864086347032657,0.328661948071421,0.306879631893225,0.228104151579693,0.00486684425987004,1.2602084200108,0.497463712136564,0.0113004830627642,76
0,0,0.00147588062659163,0.0699805896636992,0.138546608104722,-1.63441501591673,0.360099506885552,36.8311711907231,-4.53878715373023,5.85198526142671e-05,-0.373736681768609,0.201245008476686,45.8348306856883,-1.85712274106866,0.0697262431970535,0.213077747966679,0.0553413673222837,10029.6032534611,3.85024364732097,0.000118733658066992,-0.648715419428853,0.255738825784593,40.0083826838965,-2.53663250950898,0.0151972665930416,0.37006072741021,-0.927370111447495,0.343712228745537,0.307153497303864,0.281632813696376,0.00253409735681633,1.29743083885771,0.511477651569186,0.0111924375977421,77
0,0,0.00118472959513549,0.0821867272949737,0.100829017640572,-1.76640268353589,0.367811974613089,36.5881468668169,-4.80246105471148,2.65307359573308e-05,-0.409135901275601,0.20436926463205,44.7565562211039,-2.00194438245015,0.0513736731996081,0.19717258743036,0.0556049940160241,10600.6235093332,3.5459510592437,0.00039288628028925,-0.57415724142958,0.272001146847127,39.7353433505262,-2.1108633110002,0.0411258319582058,0.249175364105715,-0.899139118753445,0.366407133756663,0.31497105821105,0.496472468999041,0.00430812716257192,1.14831448285916,0.544002293694255,0.0347840624198288,78
0,0,0.00186666251695904,0.0681128397165363,0.0792271398911529,-1.89544443372961,0.369615120550151,35.6979757020405,-5.12815717849516,1.03645712004464e-05,-0.369864978304562,0.204933330513247,44.5651698928459,-1.80480636008916,0.0778645476936734,0.255586490085714,0.0557982201395948,11219.0956410136,4.58054915454817,4.68752742559636e-06,-0.516549615652568,0.283041944234767,38.7080256106764,-1.82499317212194,0.0757263946358719,0.22239513194989,-0.810704099355247,0.388768475019306,0.312249842741992,0.567287882170846,0.00942251114074467,1.03309923130514,0.566083888469535,0.0680020597079583,79
0,0,0.00269351813727666,0.0559060859711392,0.0732070226888816,-2.01014436616232,0.371528959008737,33.3248284633048,-5.4104648303204,5.3362730026484e-06,-0.326709894268154,0.200914718938906,44.6536717811211,-1.62611229278578,0.11096349537157,0.298039872621579,0.0558644570528117,10538.6822702774,5.33505359838771,9.74959586960848e-08,-0.482770123397424,0.28158969187925,37.2115067626862,-1.71444529867394,0.0947658325413059,0.226819675490014,-0.738720571304833,0.387765283249713,0.30632546627472,0.558587626644206,0.0158846755287262,0.965540246794847,0.563179383758499,0.0864469751771625,80
0,0,0.00343479345273669,0.0435270537725276,0.0597658173516864,-2.12000219219113,0.376367663179416,31.3888114899855,-5.63279579941094,3.35822848513848e-06,-0.285316921367627,0.197648821417717,45.790988529483,-1.44355488345984,0.155671257760148,0.321672470284277,0.0558655595096299,9619.32453403012,5.75797455727313,8.77394403986936e-09,-0.425753880371245,0.279504780593623,36.5024421915669,-1.52324364351483,0.136315195110869,0.202839554775287,-0.648668205967203,0.373103424874974,0.312844382003928,0.586678881546507,0.0381301160214302,0.85150776074249,0.559009561187247,0.127697760856546,81
0,0,0.00412689673646431,0.0230377872470624,0.0563893221743241,-2.23894571511493,0.379819480868521,29.1277911819406,-5.89476271726559,2.09167498789531e-06,-0.205660486451707,0.199562995580073,45.0379580085985,-1.03055421599536,0.30825264234736,0.332618622877339,0.0557572116866518,8587.59250862565,5.96548164471731,2.53565979475497e-09,-0.38767713578365,0.266052510755653,35.5305250534718,-1.45714518792758,0.153858263746257,0.238838350106885,-0.536515921460414,0.356003499099274,0.309760176848071,0.502292105877315,0.0832670702740486,0.775354271567299,0.532105021511306,0.145076307037162,82
0,0,0.00464377925682301,0.0244675341522076,0.0790184589142393,-2.35499880131773,0.383473970538322,26.5054266015043,-6.14122204438486,1.57801489424711e-06,-0.209567490215614,0.201998074680597,42.9145821929982,-1.03747271129681,0.30532619962624,0.32732820297727,0.0554878584118943,7458.95339655093,5.89909598866594,3.81467341765084e-09,-0.428700520760479,0.251435648666425,33.8825968329351,-1.70501089656236,0.0973464320085217,0.281967514356953,-0.575433527164006,0.336297003634066,0.308060150807238,0.401779200504312,0.0617724034938235,0.857401041520959,0.50287129733285,0.0881923921908272,83
0,0,0.00455283910079632,0.0392443855138933,0.108015894792387,-2.44678606879384,0.386672625778355,24.7011258040725,-6.32779748467729,1.34163813081866e-06,-0.264812598791548,0.20242593858995,41.8967524949426,-1.30819499040572,0.197939162568655,0.313496269135641,0.0552555307627023,7037.99823312955,5.67357266880609,1.45403960976777e-08,-0.48660260238075,0.242763239623385,33.178171940278,-2.00443280924925,0.0532414644711017,0.293111175040019,-0.680094029721482,0.32642375157902,0.304561649358381,0.369213893182022,0.0255472410887057,0.9732052047615,0.48552647924677,0.0450237177087051,84
0,0,0.00472895335033986,0.0346459277356882,0.0994274176516457,-2.52165106687872,0.391906822082584,24.1343123088223,-6.43431276209667,1.15200216790556e-06,-0.248728629613858,0.198844658377288,43.5971534464998,-1.25086905347952,0.217653710717025,0.320296735307146,0.0549164154673334,7159.40615032709,5.83244067518704,5.70008748241705e-09,-0.459116649080617,0.238478124073179,33.5707892268304,-1.9251939810619,0.0627117963903177,0.277680584456746,-0.640552713704488,0.321098770284144,0.298827262438449,0.387158200004807,0.0320685486598438,0.918233298161235,0.476956248146359,0.0542050948206555,85
0,0,0.00543576562845679,0.0362009990303255,0.086083435576155,-2.58926992720529,0.396837260959885,23.5410484081165,-6.52476514161564,1.04556868986001e-06,-0.255141814073539,0.195307236045708,45.4352085779477,-1.30636129638242,0.198004376658906,0.35816475918848,0.0548460780249154,7802.7315305078,6.53036228088676,6.97206656917216e-11,-0.436788240417283,0.243981088244256,34.02643926131,-1.7902544970207,0.0823150690742787,0.245666324367484,-0.627910156467083,0.334492756692951,0.291309626007624,0.462677948713739,0.0311248062527282,0.873576480834567,0.487962176488513,0.073413007718874,86
0,0,0.00535184874116524,0.0438153632184015,0.0593272418629099,-2.63230816373518,0.393857740614298,23.3685562942013,-6.68339832455644,7.46454639716559e-07,-0.277501117599884,0.189153866991854,46.9693304978607,-1.46706552719768,0.1490225596766,0.357734395457251,0.0548804921516742,7896.79841987231,6.51842542644431,7.54131186418917e-11,-0.360642753706416,0.245832226401881,34.1240995940346,-1.46702797670166,0.15152494843074,0.136000917055186,-0.585284590357647,0.333612414638109,0.287611010418648,0.683522251158081,0.0418522079626443,0.721285507412833,0.491664452803761,0.1423684449477,87
0,0,0.00524110542143499,0.0448658781626446,0.0541796847086255,-2.67502806336692,0.391202969528691,23.256860718282,-6.83795439127087,5.34162624686431e-07,-0.278198938294772,0.184975079771628,48.1540342837783,-1.50398063694979,0.13911732813283,0.333831093635909,0.0548185895070988,7038.70546311556,6.0897424876771,1.19042497139455e-09,-0.32331209880576,0.234080893942676,33.3030602927941,-1.38119815487776,0.17641609011694,0.0925009005646385,-0.554123297046881,0.314583454916358,0.282042421593554,0.768725439880589,0.0494512072632903,0.64662419761152,0.468161787885351,0.16721804195472,88
0,0,0.00461571837867402,0.0567331456252787,0.0653323656438274,-2.75668180869281,0.390719880707466,23.6138726907545,-7.05539171362707,2.96899699960028e-07,-0.31881531584183,0.184791221390031,49.4895370508996,-1.72527305920513,0.0907185461070437,0.31801432236423,0.054703328109792,7288.15056465278,5.81343646452299,6.37866241145887e-09,-0.364739284929752,0.237024793985886,33.8771096127108,-1.53882333909536,0.133136703093017,0.099383677170141,-0.630094892689362,0.316766499964373,0.284201821124852,0.753715267683169,0.0266184139731098,0.729478569859503,0.474049587971772,0.123847430444892,89
0,0,0.00381335499555265,0.0611238847376134,0.0782943940457812,-2.84678198053848,0.381235087003165,24.4274405207451,-7.46726121909877,9.34194740449952e-08,-0.332454281293267,0.183308363117262,50.5238741082165,-1.81363400796175,0.0756753957171254,0.306993733811852,0.0547059445014273,8226.65830631881,5.61170703859874,2.0684384694747e-08,-0.414546159755788,0.243360417264807,34.1591827381607,-1.7034247574646,0.0975717368942438,0.142851762584731,-0.686240556926844,0.334330586609583,0.276588689514281,0.669177599373667,0.0130982459140335,0.829092319511575,0.486720834529614,0.0884886078442404,90
0,0,0.00407757866506703,0.0592843557795417,0.104231126128819,-2.92355376916854,0.36420529714143,25.6244476917608,-8.02721375036248,1.84536009796486e-08,-0.320642735537078,0.179988016273545,50.3586281470785,-1.78146713417724,0.0808671331368883,0.315775737394668,0.0546561286295047,8152.72782766474,5.77749916272344,7.86055038612946e-09,-0.470540090551647,0.240580509663018,32.8753904744942,-1.95585291265171,0.0590246415845335,0.218864249783573,-0.722215931319721,0.329042362513835,0.273335101849707,0.50595120940408,0.0082360569349301,0.941080181103295,0.481161019326036,0.0504824836188722,91
0,0,0.00487493810609511,0.0524070475919143,0.142214841145658,-2.97515454974844,0.351072532782415,28.3268588325183,-8.47447257171885,2.95902092527075e-09,-0.294724521380315,0.180131633153023,48.4043839571404,-1.63616193458894,0.108292394120734,0.340974273366494,0.0547239040546121,7924.97019105965,6.23081045216029,4.87726504090653e-10,-0.549919598310732,0.236440897633727,32.6277257806858,-2.32582266356736,0.0263939975432843,0.335796598096543,-0.764042598524922,0.33648865197281,0.26027497450732,0.318306850416156,0.00332988297845256,1.09983919662146,0.472881795267454,0.0200280130771804,92
0,0,0.00450348128697294,0.057431883822461,0.155748706886156,-2.9864716516079,0.339215766542777,31.9061682565231,-8.80404729427957,4.76487742472089e-10,-0.307408373524067,0.181727000299646,46.9626022443477,-1.6915943861792,0.0973498214167481,0.335432738927447,0.054890107427852,8254.94375162868,6.11098710944121,1.0350594393299e-09,-0.57644380082046,0.231787204902574,33.5260442770584,-2.48695263857534,0.0180291854865181,0.353524591449911,-0.799363010191009,0.347196413667883,0.244093750534704,0.308570325351849,0.00105729449658659,1.15288760164092,0.463574409805149,0.0128842550365633,93
0,0,0.00405053760372885,0.0769565464392815,0.162703989480656,-2.9689778756328,0.329711590963552,35.7659997193981,-9.00477252545543,1.00404487740888e-10,-0.357933934127018,0.178856333028746,48.0367569409983,-2.00123712739593,0.0510335463650821,0.319847189744398,0.055005658027781,8313.71213257742,5.81480526208516,6.29479775722488e-09,-0.602454471293779,0.23185982264191,34.7438775153443,-2.59835647430916,0.0136496005307679,0.332822076098594,-0.872086866488965,0.345191552652486,0.242624982926407,0.334962536783703,0.000325162496046255,1.20490894258756,0.463719645283819,0.00936711947508292,94
0,0,0.00367004600904077,0.0767201159784176,0.16681431956704,-2.92209826416051,0.320190900886627,40.0438513462084,-9.12611275357625,2.49468958616523e-11,-0.357507317084504,0.179997823627003,47.4743999857542,-1.98617577635461,0.0528040809636593,0.318492946082432,0.0551246422085523,9062.32738529565,5.77768731591004,7.82347632152611e-09,-0.654249473784359,0.241957444107435,36.5188637613054,-2.70398572028995,0.0103396754072049,0.392635270840806,-0.915863676727913,0.35382861324678,0.251503207568794,0.267138484994826,0.000270992387915059,1.30849894756872,0.48391488821487,0.00685132333839959,95
0,0,0.00297840624431863,0.0945259662135543,0.142393156378287,-2.85053532746672,0.309913919161122,44.5705756774929,-9.19782930428738,7.30652798714625e-12,-0.396398496152779,0.179525796709124,46.7019641631658,-2.20803084247019,0.0321894099484444,0.288142541262739,0.0549342233756047,9209.78340701322,5.24522826676928,1.59557232524315e-07,-0.611418226573655,0.245149360972112,37.4640178819468,-2.49406412543416,0.0171640013523007,0.304635083796017,-0.918201369351293,0.348719804076532,0.261310596561059,0.382346338590632,0.000441693129041437,1.22283645314731,0.490298721944225,0.0126289726749245,96
0,0,0.00218853299348332,0.114695352412629,0.116289023390076,-2.76581788977961,0.300515137559685,47.0810691062164,-9.20358925090851,4.2771233912579e-12,-0.438945496905108,0.178201827481783,46.8321194786466,-2.463193016076,0.0175023641388403,0.23528219307253,0.0546296371242879,8457.01069988273,4.30685989250193,1.67458657248524e-05,-0.527472665916706,0.237795760016024,37.3906685768609,-2.21817523525719,0.0326951376254935,0.165838651230159,-0.889106680603253,0.328835681384338,0.267251682668338,0.614036011665457,0.000878331443895779,1.05494533183341,0.475591520032047,0.0265428865935727,97
0,0,0.00203685499967798,0.109768399927782,0.0882961272638617,-2.65750409551185,0.292097568341311,48.534512703583,-9.09800143357098,4.59905293350923e-12,-0.422210295974968,0.175714171884271,46.8241316174911,-2.40282437920286,0.020285559791678,0.216234354309593,0.0543686655919414,7750.08435008496,3.97718707927318,7.03698699899082e-05,-0.432226116766752,0.229587338224421,36.596393469289,-1.8826217513104,0.0677203888670281,0.0733670499644583,-0.791085183569046,0.314176368749793,0.26524621588328,0.815356196983999,0.00285945692592551,0.864452233533504,0.459174676448842,0.059751646491479,98
0,0,0.00308093077627348,0.0707304458364381,0.0918749960009153,-2.53006138621505,0.284517039606825,49.0482111741065,-8.89247754620021,8.4589086665384e-12,-0.329759648171398,0.176579984940439,45.8191875524929,-1.86748032786743,0.068238990319031,0.261549733314889,0.0543171864791698,7502.60346607528,4.81522976922214,1.49910180828751e-06,-0.41300902722468,0.218539430775787,35.3026879382196,-1.88986045107993,0.0670101419357429,0.143783966203677,-0.682234088245683,0.315555520877003,0.24857740996131,0.648639190743217,0.00605932117981469,0.82601805444936,0.437078861551573,0.0587766261191749,99
0,0,0.00385663655861495,0.0484340843729859,0.0900679582251498,-2.38426230392379,0.280091861277334,48.702151798691,-8.51242979017875,3.3361263428296e-11,-0.267574035571195,0.178163320938974,44.3138131841052,-1.50184692427712,0.140229512404341,0.283693569805025,0.0541917060798804,7078.58528402567,5.23499978736324,1.6973131916066e-07,-0.376889454912119,0.203906627869623,34.5146861268273,-1.84834332679515,0.0731355538027553,0.164555973543221,-0.589222936281018,0.3111431962217,0.232975607175513,0.596891907739597,0.011434938702288,0.753778909824239,0.407813255739247,0.0645526916541042,100
0,0,0.00440963902689837,0.0369708930199191,0.0969582851515331,-2.25536822954087,0.286315197961672,48.3997195567244,-7.87722148735808,3.19596104379892e-10,-0.223938678348672,0.171942096763194,44.1848370001846,-1.30240751139083,0.199525198181842,0.301853611758787,0.0541264199940085,7021.85392697909,5.57682573117159,2.54057335750684e-08,-0.390820410772186,0.19711236880914,36.614204778133,-1.98272900444218,0.0549386040859089,0.224164141902597,-0.557476679641774,0.300581750448423,0.22502596600778,0.455807792651705,0.0132347853994911,0.781640821544371,0.394224737618279,0.0473977079598041,101
0,0,0.00450785594611984,0.0294432094017846,0.142709851668677,-2.17941527562502,0.290629299623012,48.215726341502,-7.4989523714644,1.23573841780818e-09,-0.196792634970758,0.169577661797903,44.3931743881005,-1.16048678159798,0.252053530033846,0.315909431648687,0.0541858884973854,7506.20799398702,5.83010522497809,5.76873832308324e-09,-0.513023011460647,0.201624709782422,38.8919804748979,-2.54444513281265,0.0150292013862784,0.391423977961771,-0.634622044959522,0.301891832425657,0.227402038025019,0.194779083578812,0.00525862097213538,1.02604602292129,0.403249419564844,0.0109451505385742,102
0,0,0.00553103319702184,0.0146446248914107,0.214272647641214,-2.1106892056,0.288298136752631,48.2273565785949,-7.32120307600546,2.30843588770909e-09,-0.138120680417359,0.170536965960837,44.1362053800548,-0.809916369973874,0.422333567158812,0.341833190353837,0.0540562236419556,7189.88628017461,6.32366020641744,2.70730862564346e-10,-0.618696769215072,0.189827155430209,38.9532907526177,-3.2592637645173,0.00232170953409424,0.571258255595349,-0.666135282834796,0.29488558097069,0.217968858064247,0.052718452160813,0.00224234205311108,1.23739353843014,0.379654310860417,0.00111701764114747,103
0,0,0.00534896495682559,0.00881341410959815,0.226629155967995,-2.03306834274162,0.286346340315869,48.2778146927706,-7.10003257069374,5.01418002599286e-09,-0.109544091774401,0.17396309474129,44.5938437097077,-0.629697304116769,0.532105866536708,0.32936277498719,0.0541631749667124,6876.09366762841,6.08093552842147,1.25884561753796e-09,-0.611926585841203,0.18258535995043,38.3299942286886,-3.35145482642931,0.0018170146625658,0.592072357480118,-0.631780814202288,0.286889528327067,0.220064851559739,0.0390400724765822,0.00409324802401777,1.22385317168241,0.365170719900861,0.000803881531081874,104
0,0,0.00455142697910578,0.0136471270929266,0.192880210756201,-1.99750979376362,0.284312195326077,48.4476998050876,-7.0257619145485,6.40668818189267e-09,-0.142924440963923,0.1813460801424,44.8939415695914,-0.788130853733882,0.434762071193937,0.298436791490929,0.0543394599648064,6596.98258002143,5.4920823961853,4.1203966736589e-08,-0.547044547866432,0.184834507366682,36.6546943991001,-2.95964512070888,0.00537126970353867,0.484300232941144,-0.60978886279172,0.287886403994869,0.232353994068563,0.0925181303269294,0.00868028299994333,1.09408909573286,0.369669014733365,0.00307993603837541,105
0,0,0.00413669813307129,0.0152827089515297,0.205990381276791,-2.00291026572301,0.284178958190044,48.5867316017591,-7.04805971026037,5.83420572257521e-09,-0.157059835937887,0.186643614420733,45.6262975335508,-0.841495898080082,0.404459151398959,0.282050973773534,0.0544561522329165,6458.1362297524,5.17941430322075,2.29322035054957e-07,-0.555282109100067,0.184211735543134,35.0244718825528,-3.01436880480421,0.00476522142759183,0.479609775639425,-0.63095444256071,0.302486422452732,0.224901775640761,0.112839603618228,0.0050243772510921,1.11056421820013,0.368423471086269,0.00257514558767021,106
0,0,0.00437106999392257,0.0102216784839893,0.202947807213978,-2.0212598805461,0.284929728111425,48.5033998411705,-7.09388905799138,5.0024247024339e-09,-0.128269863312398,0.186672346306787,45.7198727085872,-0.687139074695043,0.49546602589545,0.293903869909702,0.0545039829731431,6623.13908341962,5.39233747475893,7.19509499341447e-08,-0.560262125327806,0.189100903674224,34.474479508406,-2.96276810127255,0.00549285140396512,0.514109683711063,-0.606414566944548,0.315444149428658,0.218529172805264,0.103144572062075,0.00552047274456458,1.12052425065561,0.378201807348449,0.00304886169081466,107
0,0,0.00456858647412961,0.0107218756079281,0.164397664834769,-2.06508552348464,0.281564809069673,48.5319158436423,-7.3343168498505,2.12764777479343e-09,-0.129347182404269,0.190803996559572,42.4020303709928,-0.677906043565941,0.501513979415369,0.321192387948332,0.0548372954839905,7474.94368923398,5.85718870913505,4.90718728946529e-09,-0.545837187504933,0.214177960506126,33.0126725536212,-2.54852173498645,0.0156534678473635,0.496493168757832,-0.595181206252034,0.349021056657528,0.226120389596733,0.15487224517525,0.00848481356937022,1.09167437500987,0.428355921012253,0.0108180545488654,108
0,0,0.00395430185422401,0.0168119919936208,0.128712247456162,-2.10618018499055,0.274740983863787,48.4006833807822,-7.66605751850539,6.70652487340607e-10,-0.159460168648843,0.191856605664027,40.3987867978681,-0.831142446708793,0.410778736509921,0.3248904221382,0.0550054767367904,8787.62258476422,5.90651043154938,3.62417037753044e-09,-0.529038089661292,0.236103279959786,33.9869018956567,-2.24070622717058,0.0316892490773378,0.447118846835985,-0.610957332486599,0.373574080377823,0.235538169913178,0.231358024864438,0.00949000902520675,1.05807617932258,0.472206559919572,0.0250451104785647,109
0,0,0.00496100233907228,0.00930558017434262,0.152775968004682,-2.14737692225653,0.267066343719262,48.1625795218393,-8.04061227765126,1.86749133597298e-10,-0.116638378730049,0.187641466903557,41.1359537851223,-0.621602360367385,0.537633251566935,0.346089499594133,0.0547066416101653,8027.26142123683,6.32627939511141,2.64595505554102e-10,-0.551650319790485,0.224005619864061,33.6320347093079,-2.46266285696428,0.0190738363077504,0.515867133462159,-0.58743350611881,0.356057898072332,0.229564778370693,0.147385244808931,0.0105003685458484,1.10330063958097,0.448011239728123,0.0137909526088415,110
0,0,0.00534863202977295,0.00610965053567406,0.15692405910076,-2.1915419102831,0.267212188624319,48.0906132735703,-8.20150428603485,1.07921868626525e-10,-0.0929750125695474,0.176458105087605,45.1618134949479,-0.526895676021164,0.600844710499824,0.354191813224914,0.0543054905339466,7910.75107632773,6.52220999649211,7.3536289438025e-11,-0.563555437455393,0.220053804662733,35.2364938256112,-2.56098929222846,0.0148743885006476,0.553180546176085,-0.573930328734701,0.339668037349372,0.226030013056411,0.103399482625367,0.0111113426622681,1.12711087491079,0.440107609325466,0.0104374573087504,111
0,0,0.00595122985798889,0.0117602985687915,0.154978091965827,-2.20931487870412,0.267884370853404,48.2311470507583,-8.24727053566383,9.01304165159021e-11,-0.122044455846996,0.164165720377729,46.4424483469054,-0.743422290391582,0.460970533436883,0.360796644115791,0.0539691426196085,7465.08761191103,6.68523950174268,2.47160548049908e-11,-0.559377189040439,0.218098014853959,35.8677172992695,-2.56479725143305,0.0146552916847692,0.519320450090223,-0.599433927990655,0.328349134470875,0.21897787635694,0.113738507630377,0.00619236006133325,1.11875437808088,0.436196029707918,0.0103236109586546,112
0,0,0.0072566238894215,0.0201295692317816,0.198223513520317,-2.23614967418517,0.26383073619928,48.522061442849,-8.47569811766028,3.90112710448029e-11,-0.154092948110543,0.157611640518421,46.5289359064029,-0.977674920479829,0.333291209529711,0.368981622665089,0.0535669846051171,6491.08740577832,6.88822836277108,6.18050367497447e-12,-0.592068402705104,0.201948237882286,34.7665645942881,-2.93178296039512,0.00592427908436103,0.524754711124104,-0.659382094286105,0.305933645959796,0.208030273145159,0.0862981883765771,0.00152625336997875,1.18413680541021,0.403896475764571,0.0033702218900523,113
0,0,0.00622487743757477,0.0358072981578233,0.230723635996082,-2.235508175004,0.258753022782896,48.6991635331781,-8.63954419144962,2.15003939573643e-11,-0.212967356487832,0.166117653233964,44.2574913707991,-1.28202723998204,0.206508340640137,0.333542388689155,0.0533382855224026,6242.82673249112,6.25333914321382,4.28352353438615e-10,-0.591755203730923,0.184261122246454,34.3880103920749,-3.2115033085462,0.00286293556246938,0.465521198309681,-0.717989209152165,0.301687623164205,0.195808035824661,0.122816946935933,0.000245603251501195,1.18351040746185,0.368522244492908,0.00132042450103596,114
0,0,0.00566299377185575,0.0395648976969158,0.190798949102873,-2.23282078194948,0.257474868400524,48.7767667712003,-8.67199504099224,1.8970506484657e-11,-0.234981744439622,0.180678389172625,41.0595139923791,-1.30055257585407,0.200664173997799,0.330707087871728,0.0535872497999081,6687.31202162745,6.17137638349739,7.16568080904252e-10,-0.535247593672335,0.189070707412914,33.9892364516835,-2.83093875828899,0.00774032926175245,0.378716899864521,-0.691778287480148,0.324334359655977,0.199150926839532,0.242938162844111,0.000513452671296105,1.07049518734467,0.378141414825828,0.00464116066127077,115
0,0,0.00595152151401449,0.0264396355557287,0.144580360422918,-2.24015892991809,0.256978414106581,48.8384223906487,-8.71730389381649,1.6053405967792e-11,-0.189387796826137,0.186155634768102,38.1117622754348,-1.01736268720558,0.315396146886297,0.358211052711463,0.0539784069470337,7355.58798489091,6.63619163609178,3.44751899549723e-11,-0.496574719459545,0.211644408398771,32.5705826599826,-2.34626902367258,0.0252032593727197,0.379969703760015,-0.613179735159075,0.35127769480292,0.212264481625118,0.279395189927627,0.00386772304214104,0.99314943891909,0.423288816797542,0.0189624151588916,116
0,0,0.00641739066346512,0.0122234703200159,0.130003092995442,-2.23696442751985,0.262579664870159,49.1010412150651,-8.51918380132745,3.0547028074489e-11,-0.125259210753064,0.183910101969805,37.4862806153391,-0.681089344258151,0.500000954640103,0.379715557089873,0.0541354258823812,7617.26683550957,7.0141788099141,2.51142984317666e-12,-0.488003244373014,0.222720738034508,32.1283282369813,-2.19109926035448,0.0358106995153914,0.434270496672543,-0.541735992073484,0.364686375091788,0.211359824944495,0.233729997223849,0.0103742694170159,0.976006488746027,0.445441476069015,0.0284446102518195,117
0,0,0.00488885227961749,0.0064695801629706,0.0947994775278477,-2.20709985608057,0.273249797160113,49.3134036168214,-8.07722413344486,1.39237534835445e-10,-0.0934595674468645,0.178566510032507,42.0680694595171,-0.523387993806066,0.603450583824752,0.357080120319351,0.0544444479688794,8755.65869565402,6.5586140302765,5.73858496933721e-11,-0.466203382811296,0.244634502953902,34.678018529818,-1.90571394133699,0.0650043785687102,0.441075080412657,-0.491331685209936,0.37101570726159,0.235179022724078,0.234506064009018,0.0366913797813694,0.932406765622593,0.489269005907805,0.056687329524408,118
0,0,0.00395656550446158,0.00261346679016366,0.0923021355044666,-2.19317874024913,0.280726446208103,49.4137469742757,-7.81251203751331,3.50384965516166e-10,-0.0643129255235616,0.184590866089453,46.3257682738908,-0.348407951520177,0.729112247424382,0.352662972705111,0.0548109148616088,10421.8673891785,6.43417417124936,1.29596676049156e-10,-0.510606274380441,0.263243197838659,36.9987918724956,-1.9396750934981,0.0600718325208476,0.521132730029065,-0.500079818731817,0.383617202867586,0.261110329605024,0.174314373733772,0.0554663602536771,1.02121254876088,0.526486395677318,0.052419188324169,119
0,0,0.00358598248238638,0.00438761931346344,0.111773552888288,-2.18653004305307,0.281872002639608,49.200041751842,-7.75717354890578,4.3842280482792e-10,-0.0862796978883033,0.185484810185263,49.0977828324711,-0.465157754978033,0.643875079573913,0.335216430852252,0.0547085246008362,10432.1123311343,6.12731623267224,9.26011552241156e-10,-0.576559450613385,0.264184918056845,37.8492077490402,-2.18240865093338,0.0353553748971685,0.574785867627875,-0.578333033598895,0.368229296502424,0.279669284210109,0.118536607732898,0.0386477725952066,1.15311890122677,0.52836983611369,0.0290793864304968,120
0,0,0.00304425039712382,0.00754508227888239,0.111144870231415,-2.12558010168863,0.282453457426618,48.72591981822,-7.52541718219489,1.05736808467537e-09,-0.115143427364052,0.187569884316662,49.5677141873903,-0.613869480079555,0.542108771847447,0.311040892784216,0.0546318247219105,10615.4663482786,5.69340113326786,1.27839279646878e-08,-0.58271368700012,0.26540947549936,38.5495356167654,-2.19552706588098,0.03421355890059,0.552978398790971,-0.612448975209268,0.361297475543324,0.290590297625015,0.125884379482029,0.035065346210482,1.16542737400024,0.53081895099872,0.0281258115680198,121
0,0,0.0025611931209652,0.0147330769584473,0.0972191571167001,-2.06039210037036,0.278702089096659,47.9961823507815,-7.39281182659444,1.84333271578875e-09,-0.160938869538755,0.188356102895492,48.8228296040451,-0.854439368115677,0.39703487802922,0.287578506682508,0.054776953950957,10733.9860448732,5.24999084359425,1.55013189279954e-07,-0.554810350362065,0.269908955827437,39.2360249625553,-2.05554628100883,0.0465242804019086,0.475189837789059,-0.634430862935071,0.356157358778458,0.30300902503788,0.182134005365623,0.0362805748213559,1.10962070072413,0.539817911654874,0.039826270292969,122
0,0,0.00291987264330972,0.022278761995066,0.088165101447396,-2.00572343764621,0.274884139189688,46.9775767826045,-7.29661392453832,2.91340679887967e-09,-0.19564385584381,0.187901439250475,47.5769074312597,-1.04120466891695,0.303042867795412,0.296635862071598,0.0546986292899267,10042.93318239,5.42309498286143,5.99346167209617e-08,-0.513044632388889,0.263613095879118,39.173811733997,-1.94620313030332,0.0588286213465906,0.392597546988772,-0.633491717789005,0.345000553611267,0.302663904897793,0.255136317494702,0.036344387165721,1.02608926477778,0.527226191758236,0.0516303440634643,123
0,0,0.00359193365468694,0.029312764586677,0.10058393273973,-1.97904316661149,0.276433657980345,45.8893215873451,-7.15919754877391,5.32914915899294e-09,-0.214337769906618,0.177384377005398,48.3491919226905,-1.20832383057103,0.232799566739243,0.295241106366576,0.0543722653819539,8179.14148144519,5.42999458074016,5.79724784712364e-08,-0.496659324375966,0.24059302658901,38.1051034757865,-2.06431304937353,0.0458439279975097,0.355116736108653,-0.638201912643279,0.314458150587319,0.2829926542277,0.258772445302866,0.0241214699158381,0.993318648751932,0.48118605317802,0.0389880445471039,124
0,0,0.0035719889063522,0.0298394873589934,0.115572503435712,-1.96202214919799,0.2758035777483,44.6533098236679,-7.11383864276242,7.19977742186018e-09,-0.207535787293556,0.166093430359594,50.7613683413748,-1.2495123187247,0.217208552603287,0.272509749934754,0.0542028803648096,7051.07258178795,5.02758798242163,5.08936146067025e-07,-0.492236190147749,0.221613171834599,37.7540596501538,-2.22115042202965,0.032415481978639,0.356847287272939,-0.62762509302256,0.289105849769302,0.264075681000661,0.217086063566559,0.0174689303062778,0.984472380295498,0.443226343669198,0.0263407748650639,125
0,0,0.00325241648527682,0.0232648062617019,0.123243518765849,-1.9587597275205,0.274574846450511,44.2001777044036,-7.13379157938833,7.10620994613538e-09,-0.175262905339461,0.157229074514662,52.1664992667277,-1.11469781196936,0.270089161374832,0.24448912764203,0.0540854064838956,6262.35875412767,4.52042692357002,6.28506542331523e-06,-0.47990118980418,0.21284914402632,36.1638561294891,-2.25465407436564,0.0303050253923737,0.374977232242671,-0.58482514736569,0.280623425814321,0.248665728865518,0.181474350489645,0.0186801743842218,0.95980237960836,0.42569828805264,0.0241550504441128,126
0,0,0.00273487861208517,0.0290354018725911,0.141067021677053,-1.97486865756413,0.274680914052762,44.3516073902661,-7.18968285209938,5.77567101568889e-09,-0.190079029519034,0.154298279416789,50.7483351749271,-1.23189338363,0.223666559002222,0.212997303412283,0.0539850621873638,5676.40761189295,3.94548593225737,8.05992143593045e-05,-0.481381158003808,0.202906906282387,34.2703307959965,-2.37242372289618,0.0234239238285912,0.361857994678678,-0.600904321328937,0.278130295511586,0.232859469945247,0.193245557159556,0.00986445230224454,0.962762316007615,0.405813812564774,0.0176718115534488,127
0,0,0.00178222153543589,0.0390082189103756,0.185241705204677,-2.01625121730178,0.274973562903547,44.9444770046414,-7.33252752014211,3.30535845776515e-09,-0.226204919610548,0.158684444344253,50.0609322802006,-1.42550153888944,0.16021801826113,0.171025160977811,0.053895080301477,5640.08153565294,3.17329819384505,0.00151527253953007,-0.527145637054579,0.191429857077259,33.3527695749017,-2.75372737097029,0.00946522698689548,0.378204267157852,-0.676087006951307,0.277677521696929,0.221541215553961,0.173189381051267,0.00227516283686628,1.05429127410916,0.382859714154519,0.00589208271378429,128
0,0,0.00156477377040562,0.0284358018956865,0.267620360372937,-2.0692234842659,0.273298205307434,45.010097960746,-7.57130286288641,1.45842312219822e-09,-0.200568798105624,0.167827467594852,48.7985237641731,-1.19508922454703,0.237828090685068,0.161470945604486,0.0538857557379287,5729.40019404812,2.99654228456577,0.0027423029680799,-0.617396948515811,0.178721032550538,32.6583875661462,-3.45452876868997,0.00154750634814041,0.507319802947328,-0.727474094084294,0.280322004516479,0.21250915633545,0.0703306601900722,0.000618748641977657,1.23479389703162,0.357442065101076,0.000551255399978778,129
0,0,0.00166352347536265,0.0278592250322776,0.323119446063418,-2.12140594683109,0.272023994722196,45.0990740613367,-7.7985986089116,6.68302982568587e-10,-0.205087518472718,0.176267972982633,47.2380289282872,-1.16349847906247,0.250470824014043,0.16989450890553,0.0541064194296187,5917.10261116992,3.14000650378516,0.00169776089431103,-0.707442088826292,0.181589773595111,31.7942039784242,-3.89582560086047,0.000472601991278799,0.606044107281336,-0.808840070371248,0.290900523698416,0.217928380332928,0.037220427797223,0.000206038826688051,1.41488417765258,0.363179547190223,9.78647917803898e-05,130
0,0,0.00179401165967017,0.032700612768996,0.34457360547011,-2.16730202126394,0.270762035337731,44.780647122956,-8.00445313007264,3.51409255033805e-10,-0.224131296799743,0.176997670467292,47.4323813082907,-1.26629517895921,0.211591129626741,0.177831488113958,0.054144115733469,6002.18952274997,3.28441023932046,0.00102781833604536,-0.756316180123971,0.186920922884912,31.1410225775248,-4.04618256988618,0.000319233689079236,0.643037878539904,-0.869594481708039,0.293343284968781,0.224128116797713,0.0283722711188734,0.000104499799528005,1.51263236024794,0.373841845769825,5.20596367030593e-05,131
0,0,0.00235319175173768,0.0212853227854827,0.312345965671492,-2.18799282664537,0.268039758507211,44.8234736210439,-8.1629413443398,2.05731991884019e-10,-0.181324883620935,0.176868043071821,48.3272334536577,-1.02519867620916,0.310373844686052,0.205654952048716,0.0541646744252425,6111.74982858209,3.79684645446468,0.000147968006176411,-0.719892749005152,0.189126874454078,31.8979815173178,-3.8064011319552,0.000603580138585995,0.644082291173954,-0.79570320683635,0.288999123611552,0.231197580057344,0.0258361890002269,0.00057815881187371,1.4397854980103,0.378253748908156,0.000141003622012281,132
0,0,0.00329587687199402,0.00601029300338434,0.287712790192632,-2.20543890146501,0.263600470271819,44.7254851661701,-8.36659699123757,1.06428497259492e-10,-0.0989281910667469,0.184155747871097,47.7260862071375,-0.537198497523918,0.593626385495166,0.239042735586737,0.0542365711782669,5874.37848877251,4.40740869847842,1.06476894502276e-05,-0.670389627027799,0.18844179167073,31.3325758229346,-3.55754220485864,0.00121535496313628,0.669720206658474,-0.671059047397124,0.278584438487366,0.24899824315195,0.016216261103493,0.00703811807126337,1.3407792540556,0.376883583341459,0.000374340970609702,133
0,0,0.00467019270389352,0.00023718202742779,0.273741616567622,-2.22823978185591,0.263004946189438,44.8841782496748,-8.47223527214936,7.30222735450654e-11,-0.0200050755082719,0.188238780181978,47.6077212034646,-0.10627499545488,0.915810728714588,0.279415155909204,0.0544008296367132,5622.39148009898,5.13622968206788,2.89754505015165e-07,-0.648104396895486,0.192245512658572,30.1528136583939,-3.37123289866598,0.00206590635363336,0.72309175378042,-0.573117040010553,0.283697252123607,0.254919838023346,0.0108089685528726,0.0245618745228412,1.29620879379097,0.384491025317144,0.000748325651525167,134
0,0,0.00620375163552162,0.000359649497090564,0.242137462445243,-2.24302413027243,0.266546871306139,45.744981032155,-8.41512083515035,7.60379729033903e-11,0.0242330356132541,0.185112056254399,47.6332870152598,0.130910088211385,0.89639777063312,0.313051142046347,0.0545065841323014,5284.15566507685,5.74336379778435,9.79970124378904e-09,-0.601844162937869,0.196167142888755,29.460765348874,-3.06801717186232,0.00459108998705831,0.714289284802932,-0.489399041072807,0.284460239161892,0.255392036342248,0.0120378159038235,0.0553312636166178,1.20368832587574,0.39233428577751,0.00215484235171585,135
0,0,0.00571234102876368,0.000244160046198638,0.164477075687652,-2.24836336650111,0.269177314070781,46.8315868193782,-8.35272234683899,7.8294752796555e-11,0.0196999700030331,0.18413954635041,46.8658332772654,0.106983917325096,0.915258405871572,0.312602829977019,0.0547751854837419,5669.12481614051,5.70701545264151,1.20800407807164e-08,-0.522146266340908,0.215533943747628,29.813021756605,-2.42257092902405,0.02170116985483,0.618377030059189,-0.425915502622628,0.302660704810599,0.265055113914114,0.0410389612869448,0.108077597666583,1.04429253268182,0.431067887495256,0.0154111169415508,136
0,0,0.00460220163193332,6.61343360710789e-05,0.108988270540633,-2.25407884508883,0.269203094668486,47.9626882668674,-8.37315353994961,6.08232258444305e-11,0.00997617458832397,0.181830831436643,45.5131937602682,0.0548651431085827,0.956486040178909,0.316104501597776,0.0550278793576812,7137.18315869987,5.74444273134891,9.60170527975906e-09,-0.472074183055898,0.238469264664042,32.0375528434481,-1.97960178944218,0.0563943249826446,0.55124210380938,-0.392906262302417,0.331743658570032,0.26985220954748,0.0965828185058784,0.145391139130255,0.944148366111796,0.476938529328083,0.0477482917669517,137
0,0,0.00410503894557581,0.000875497925520895,0.0746856773358506,-2.26354965285068,0.271720888740602,48.456637735091,-8.33042193900513,6.52252764624309e-11,0.0333476889023806,0.170278919520737,43.7697634334532,0.195841558052166,0.845640574634384,0.321874199989636,0.0550333655884257,8298.8218356582,5.84871007884226,5.14168522422191e-09,-0.434758396202643,0.259652833037277,34.7345586969866,-1.67438341079154,0.103037857598828,0.531828469579631,-0.337688322825655,0.35096463229879,0.271971476704203,0.129687965183054,0.214372594445299,0.869516792405286,0.519305666074554,0.0940552709916594,138
0,0,0.00320307313820205,0.00153826789564275,0.0542801645633621,-2.28672575691817,0.27469476331002,48.4466819115472,-8.32460629887352,6.66588084228359e-11,0.0411807728057195,0.163427086608051,41.2135813932451,0.251982542554183,0.802306939803347,0.310243184084709,0.0551764039527888,9838.69614138561,5.62275106493286,1.93069644714689e-08,-0.4175920976962,0.287194262858979,36.8361612815099,-1.45404052831393,0.154403056402509,0.519979196671529,-0.315204998720871,0.390270264595838,0.272031381625591,0.182743007837007,0.246575138000322,0.8351841953924,0.574388525717958,0.145935070203574,139
0,0,0.00284942428321205,0.000885376635971562,0.0428007112705202,-2.29299724535959,0.277084671437475,48.2344750383814,-8.27543881609855,8.17008843688918e-11,0.0303557915214776,0.158205006340458,41.5460688296884,0.19187630166489,0.848773854674888,0.29965654357334,0.0551436528503271,10333.8009501715,5.43410760956803,5.63224239030695e-08,-0.387311962284765,0.298807645335723,37.5742042350789,-1.29619160798113,0.202814710108342,0.474435931230517,-0.300187993339013,0.411496655964725,0.264612469745045,0.248930048105234,0.256608407256857,0.774623924569531,0.597615290671446,0.194909480055312,140
0,0,0.00271300637111086,0.000459053212612566,0.0543573065632928,-2.28956314291715,0.275351243440015,47.6604963935048,-8.31506375026023,7.7945210510662e-11,0.0227036075352858,0.163987673607947,41.735429838826,0.13844703712039,0.890552986178676,0.29460984107775,0.0550734276573547,10519.1252750665,5.34940085644745,9.00975888963133e-08,-0.417325946336031,0.285226388463196,37.2426443851499,-1.46313932797238,0.151818423175693,0.501196870330132,-0.333455022341929,0.404304598154531,0.253176282059239,0.215104260345398,0.187809685760433,0.834651892672061,0.570452776926393,0.143429258422071,141
0,0,0.0025744112015452,0.000266748914912028,0.0537341922230769,-2.26314278727926,0.273952197822939,47.3293680251499,-8.26108644232151,9.88521655558453e-11,-0.0178901407045304,0.167476409978964,42.7663023941618,-0.106821854533289,0.915429849470532,0.281183127185678,0.0549637918607682,10139.7612664292,5.11578837024124,3.18148789205447e-07,-0.389879248633522,0.26973733442746,36.7909109371241,-1.4454033567918,0.156809376737024,0.429133571606046,-0.350624925660998,0.388516021527311,0.246496700343665,0.269356635222426,0.154900724555509,0.779758497267044,0.539474668854919,0.148344621088985,142
0,0,0.00263219157477048,0.00607911504207932,0.0575171700053564,-2.22704994808327,0.276194645664011,47.4917384724717,-8.06333498149152,1.90434185341592e-10,-0.0862477987995351,0.1635191888903,45.485193401542,-0.527447569822499,0.600446322220136,0.270085116791183,0.0548089079739792,9201.03873717978,4.92775949704029,8.46286293557463e-07,-0.383916445137913,0.257943937180475,36.2993392548027,-1.48837165678098,0.145289847829152,0.353939144014517,-0.413893746261309,0.365063275570843,0.246999555112727,0.332281712283223,0.0937996740235618,0.767832890275826,0.51588787436095,0.136652907014057,143
0,0,0.00275483351774099,0.0165630226101398,0.0704911798093572,-2.203224826051,0.274723712153267,47.3178273348717,-8.0197839814491,2.2707242296867e-10,-0.147123670958312,0.166405416735024,46.4127312654729,-0.884127895864019,0.381184354112623,0.259289885909991,0.0545763816360235,8170.86917475393,4.75095413322245,2.05913059869372e-06,-0.397024519442285,0.24204644213998,35.4777432712786,-1.6402824017247,0.109784473207135,0.308092591978112,-0.485956446906457,0.334984450219729,0.254510907490951,0.357718016393733,0.056213894048037,0.79404903888457,0.484092884279959,0.10094646295884,144
0,0,0.00264751917991634,0.0245319147567974,0.0739086277741621,-2.19102980430924,0.270375910913187,46.9719155419742,-8.10364280201256,1.79230750047361e-10,-0.189827416357603,0.175491328092637,46.5251916054738,-1.08169114919114,0.28496467555503,0.237537237728574,0.0543134539916129,7205.40035880826,4.37345114831502,1.24018388339293e-05,-0.373752735526829,0.227801532277576,33.7298319297967,-1.64069456333337,0.110154760678059,0.238706125519831,-0.508799345533826,0.310400604412034,0.265669321441952,0.441877894416983,0.0554720597677281,0.747505471053657,0.455603064555151,0.100860834049236,145
0,0,0.00247780485198159,0.0332147024833867,0.0894526571904498,-2.20895090353299,0.263109292391017,46.3856010341842,-8.39556400102427,7.28885802030419e-11,-0.231789493029681,0.185205327237149,45.5911148924393,-1.25152713740724,0.217125828901794,0.225017194911048,0.0543640240531657,6897.05500465449,4.13908276346488,3.52849272323119e-05,-0.391968239502242,0.219541502932601,32.4472411310273,-1.78539471701884,0.0835482972937761,0.217629392802931,-0.566307086201553,0.311456660463307,0.264378926678966,0.484710184617838,0.032191222052819,0.783936479004484,0.439083005865202,0.0741973149693465,146
0,0,0.0025149706702353,0.0491397823791524,0.125904135086033,-2.2484975910967,0.255928970309719,45.8909782371133,-8.7856313741099,2.15624244586266e-11,-0.285719982300537,0.189169700567003,44.1429674940491,-1.51038977935759,0.138069741516039,0.226800226640696,0.0544097303630029,6891.3972099782,4.16837622843495,3.10533023389755e-05,-0.481566347945297,0.218038481150472,33.8660883389267,-2.20863007944436,0.0340702940232341,0.266429375062938,-0.696703320827656,0.312434330253422,0.26628647898731,0.393796181619753,0.008887081815743,0.963132695890593,0.436076962300945,0.0272003813885639,147
0,0,0.00281820863599349,0.052254035017127,0.153833524160205,-2.29224389698424,0.251686884715854,45.4724729281872,-9.10752222775575,8.1160635385267e-12,-0.292491646407095,0.191945353907147,42.115681978871,-1.52382769602534,0.135026298161683,0.238201528930649,0.0546059362741893,6733.0303462529,4.3621910946565,1.30686822726001e-05,-0.544542884908041,0.217421845806279,34.5034597168897,-2.50454540521758,0.0171429004638505,0.331864696683933,-0.757221073132149,0.311822235609279,0.269406397107462,0.287204013621911,0.00494335623627538,1.08908576981608,0.434843691612558,0.0122608866866655,148
0,0,0.00313266997207122,0.0455094871769834,0.167134496007406,-2.32105424837304,0.249584278037448,45.9481392992652,-9.29968132057095,3.93106734677313e-12,-0.272562134562611,0.197587157524606,39.910143632532,-1.37945268294407,0.175436136766275,0.260880181256933,0.0548660174111525,7194.45698255466,4.75485908339148,2.02448350862407e-06,-0.600681771927718,0.225958059889727,35.2161609947898,-2.65837727683122,0.0117311848168557,0.416161352377381,-0.785202191478054,0.321114318262626,0.280170881906163,0.194978493397225,0.00506951471208469,1.20136354385543,0.451916119779454,0.00785179411808837,149
0,0,0.00334539431853082,0.0641976828866927,0.174937419255186,-2.36227209229338,0.251353795244403,46.5111192308928,-9.39819544000294,2.53011026839789e-12,-0.311775107436475,0.192604720577767,38.1956393421218,-1.61873035355118,0.113734485797051,0.269980512570365,0.0549966976563135,7179.4135938479,4.90903134325505,9.35470620813795e-07,-0.654402504834146,0.239961403950728,35.0760994800778,-2.7271156696871,0.00990956802786969,0.438542941245503,-0.870262068422788,0.323600294780127,0.291629679013948,0.175354020146649,0.00284382110089617,1.30880500966829,0.479922807901456,0.00638906379823134,150
0,0,0.00375895430958667,0.0578237189933439,0.187495477864327,-2.39490872466106,0.252627622409694,47.0031697041229,-9.47999550412255,1.74238339378185e-12,-0.288352120607797,0.191835745214995,36.8140314313649,-1.50311987103672,0.141338903182192,0.285548548068897,0.0551789867084239,7097.57278162935,5.17495092067908,2.34222583165553e-07,-0.709080219478803,0.252392352301118,34.2037203936174,-2.80943623296807,0.00814826033119498,0.524657736029541,-0.893502702928064,0.331611361571394,0.301781288727086,0.11361614347892,0.00306878549725406,1.41816043895761,0.504784704602235,0.00496283494975331,151
0,0,0.00387094566236698,0.0432122773088854,0.203700765886927,-2.43989370571206,0.254459922976176,47.3498668442134,-9.58851860511056,1.13162414316874e-12,-0.259455723043596,0.203414007940409,36.0224489902042,-1.27550568257622,0.210294805262159,0.292124042935378,0.0553334400869617,7172.28923852742,5.27933998819299,1.33454171598953e-07,-0.773179274352162,0.262004024578223,34.0430230661002,-2.95102060205691,0.00569789767813164,0.627048164285338,-0.919310384418985,0.330645907258762,0.328587184698849,0.0579026700515091,0.00514572166266781,1.54635854870432,0.524008049156446,0.00316725790322164,152
0,0,0.00347552705454835,0.0389532950703576,0.206035882575441,-2.46728325525091,0.254840799334858,47.6184261344178,-9.68166503044485,7.85345122234733e-13,-0.249094832468361,0.204663710412131,36.5466894501238,-1.21709330866112,0.231369850144197,0.277436693858751,0.0553450967543174,7205.04659989272,5.01285046244153,5.49088447534211e-07,-0.773347066708959,0.262793812784512,33.3715690159034,-2.94279023739077,0.00587867181896083,0.637601440483803,-0.909092692934116,0.332397693660709,0.32969988232616,0.055087111187794,0.00582747948688861,1.54669413341792,0.525587625569023,0.00325268729104371,153
0,0,0.00340778716960126,0.0481813714623096,0.204295502160068,-2.45911856368328,0.25336944847465,48.0957105906659,-9.70566332479238,6.53565331055388e-13,-0.268924859308856,0.194664384089444,37.7019612443541,-1.38147951699933,0.175264301187876,0.263340838301507,0.0549689824106975,6711.90898403329,4.7907169962502,1.69756412852642e-06,-0.711897118930974,0.243116498566236,33.3963200127999,-2.92821393500377,0.00609922269019421,0.547314768737781,-0.876479469124168,0.307966421796338,0.3104676737909,0.0755370250153383,0.0047562604140759,1.42379423786195,0.486232997132471,0.00340915383261082,154
0,0,0.00325676160024965,0.0564823922578002,0.195121944357767,-2.40636689056333,0.252270970965807,48.5320918926197,-9.53881804692261,1.03839908829694e-12,-0.290724397140823,0.193183072362715,37.8322130270295,-1.50491652081693,0.140649420044372,0.24228595870752,0.0545869142075523,6029.43659880122,4.43853553960372,9.21866875347083e-06,-0.620623786897949,0.215838563765398,34.1053664986305,-2.87540732328318,0.00690583121940281,0.420863998855474,-0.820383574940424,0.280498172526429,0.29334401982663,0.133506628761427,0.00516337897717309,1.2412475737959,0.431677127530796,0.00403506582399169,155
0,0,0.0029764115215493,0.0549544785586043,0.166760089360789,-2.36517129165086,0.255864703398016,48.7345252067749,-9.24383574694032,2.69667480216713e-12,-0.285741695079428,0.188536090958463,39.5009803060803,-1.5155808822958,0.137587567031826,0.231152554415703,0.0544162548859182,6044.39103668856,4.24785856542878,2.19063895289463e-05,-0.546422027133685,0.203855956498108,35.8994280423195,-2.68043198992204,0.0110324866259246,0.340769215449111,-0.752074838818259,0.26759271688514,0.282201385780846,0.20285407044587,0.00769817148560981,1.09284405426737,0.407711912996216,0.00735272038481562,156
0,0,0.00316176758466713,0.0434548589468007,0.140273530282117,-2.33057559704679,0.263472604755967,48.8386342983597,-8.84560882223563,1.03158513821418e-11,-0.247116293246806,0.17934295105894,41.792780287473,-1.37789799815212,0.175568318674348,0.243392128167001,0.0543463339462188,6323.64226936199,4.47853811828158,7.6477111349617e-06,-0.494556715359469,0.199072340841478,37.8263930830303,-2.48430652530121,0.017525141047811,0.319927425091545,-0.669186005627393,0.263706409414066,0.268300853005206,0.225055090197879,0.0126254624097297,0.989113430718938,0.398144681682955,0.0129804022126902,157
0,0,0.00341801302350583,0.0283597607231618,0.122142478613189,-2.31063649122692,0.268064099849037,48.9143604800408,-8.61971630116892,2.2212577435835e-11,-0.202214277358811,0.178016514959538,44.2085196281008,-1.1359298737242,0.262106569873684,0.25018254182935,0.0544309355260375,6159.73067354841,4.59632999895203,4.38576875669741e-06,-0.449791790089543,0.196968713023223,37.4788157257504,-2.28356972630731,0.0281572555254294,0.313503336434085,-0.586080243745001,0.267757694972524,0.261024613978353,0.241660218092769,0.0247484676425473,0.899583580179085,0.393937426046445,0.0223968306698169,158
0,0,0.00418975922082717,0.0158005527362567,0.118764815805006,-2.30914828025875,0.270909976621658,48.9559563158734,-8.52367383827881,3.07881825403388e-11,-0.155102937420076,0.179354837786442,46.5827036830725,-0.864782569203717,0.391589789792316,0.271253115611073,0.0544765199313629,5892.75358493347,4.97926658958457,6.56428385005006e-07,-0.435587548526377,0.201697700687466,34.6061310194101,-2.15960592035368,0.0378179383018299,0.344328524143951,-0.526846572908803,0.272840611236699,0.264841007130356,0.206943942623716,0.0466687838581407,0.871175097052754,0.403395401374932,0.0308031897231413,159
0,0,0.00557145604137082,0.00753623743752085,0.111556734617211,-2.3145770862126,0.269904485233291,49.0136838000832,-8.57554139647591,2.54697446845076e-11,-0.10910475692216,0.182696710581836,46.9662625563451,-0.59719059294879,0.553248475234195,0.300078306444397,0.0546582884807606,5379.749040146,5.49007871971737,4.20169793780429e-08,-0.405602527406725,0.2066032561241,30.6945229132323,-1.96319523233019,0.0587397224668375,0.355946789574323,-0.455258265239126,0.279678940324196,0.269921659188574,0.203125276378124,0.0916743078195027,0.811205054813449,0.413206512248199,0.0496234931426465,160
0,0,0.00534782456530019,0.00315971948195579,0.113603474463369,-2.34080587182582,0.264942395302004,49.0613499497766,-8.83515025655887,1.02836388302749e-11,-0.0725031151627882,0.192287479926286,44.8526770347148,-0.377055829066888,0.70791025893673,0.3168671081612,0.0552044982153061,6127.72789953647,5.7398784230475,9.92814695422063e-09,-0.426007898825401,0.215264472509258,30.558146995956,-1.97899771318316,0.0568886735845623,0.415944610829329,-0.436071186821472,0.308615685228246,0.269623144003984,0.17773065090076,0.105805796752756,0.852015797650801,0.430528945018515,0.0478162637349974,161
0,0,0.00463667035504327,0.000941564206088425,0.120877035480123,-2.37524476300858,0.259155715561904,48.9669932661542,-9.16531884260608,3.36888976120122e-12,-0.0406594358615698,0.200246840073464,43.745391242365,-0.203046579145285,0.840040129767916,0.311190136492641,0.0555109825273176,6746.35567138305,5.60592016795056,2.15342368249285e-08,-0.444708441819831,0.215652530661467,30.9276878927376,-2.06215266964772,0.0476798662684748,0.469229765102332,-0.42018711853733,0.326353145608324,0.264667131285292,0.150491494367099,0.112375466667908,0.889416883639662,0.431305061322935,0.039193203210724,162
0,0,0.00388920843258288,0.00376979837700498,0.132507413134733,-2.39469147829287,0.253214645583057,48.7628125553437,-9.45716023960149,1.30299129036035e-12,-0.0816088960409516,0.200243246115319,43.8935627056115,-0.407548806884371,0.685585913066468,0.26957321537853,0.0552417538608009,6099.08922872497,4.87988154861638,1.088478221439e-06,-0.423938834405053,0.193492234591618,31.4271442588487,-2.19098629616745,0.0359883468231089,0.404466503489998,-0.443411165320108,0.309876986133528,0.249745953223289,0.191808208863988,0.0758238042344274,0.847877668810106,0.386984469183237,0.0284527841445422,163
0,0,0.00282030442845125,0.0125699959773622,0.118285140492768,-2.38353023057653,0.252675359273695,48.7103835597709,-9.43317242103817,1.4279195861356e-12,-0.148965451380337,0.199203884976689,43.9285316307624,-0.747803946683919,0.458563155600611,0.233744128622751,0.0549033469711841,6408.57126697058,4.25737485085255,2.09794659899387e-05,-0.389628459504023,0.177458508903093,35.9340077124403,-2.19560314077017,0.0346615795247716,0.297770713726666,-0.48148620528138,0.299731431095558,0.236855396986089,0.320486604349543,0.0420699363728097,0.779256919008046,0.354917017806186,0.0281203612507261,164
0,0,0.00252511557888543,0.0111457789740639,0.122087190911539,-2.39566217759751,0.252682868641947,48.7601773516803,-9.48090462354289,1.20342033884151e-12,-0.138310090582161,0.19325949771381,45.4410003771412,-0.71567034075075,0.477856477445855,0.229120211826295,0.0547769774987808,6911.16692224286,4.18278302835156,2.91524107353444e-05,-0.409411953128545,0.173598896587821,39.9952485201501,-2.35837877530189,0.0233306696848683,0.331109227817823,-0.487714678439266,0.304539421851397,0.218072903643338,0.276928165072528,0.0253206487463057,0.81882390625709,0.347197793175643,0.0183549536519775,165
0,0,0.00235342972542588,0.0143913137871667,0.146342473652834,-2.43035004690032,0.252809705275775,48.805994068564,-9.613357383765,7.6356486222947e-13,-0.151999073871656,0.184346253800344,46.560467285356,-0.824530310424853,0.413842485113242,0.223820321014493,0.0547145256776165,7093.64140729597,4.09069288717341,4.34846749042517e-05,-0.464185006651202,0.173492409605637,41.7575049334826,-2.67553495686834,0.01060998883163,0.380221365147342,-0.548148648155062,0.30392413523876,0.20469606179545,0.210919746097952,0.00740928279064853,0.928370013302404,0.346984819211274,0.00746100920012607,166
0,0,0.00214166500268703,0.020423430409146,0.139933214657195,-2.44685369607652,0.252064996017463,48.7936626153692,-9.70723319277145,5.58965322127427e-13,-0.177435549696886,0.183706244902945,44.744857729594,-0.965865639410503,0.339303014240277,0.216312740607974,0.0548132070943404,7256.23137742891,3.94636169045305,8.00966203755746e-05,-0.47640008365053,0.183852057362863,41.2684383356565,-2.59121431918639,0.0131631035678894,0.368790325840052,-0.584009841461007,0.30330572990837,0.219289376456394,0.224021901618906,0.00774031004623993,0.952800167301059,0.367704114725727,0.00956379101994987,167
0,0,0.00194863473146184,0.0290642338915758,0.131164376854842,-2.46383528637881,0.248168802112842,48.6617151698802,-9.92806213110749,2.75898613726407e-13,-0.211922140206982,0.185358138991673,43.6677646689712,-1.14331176046444,0.259138537724607,0.202347814834223,0.0547890168986299,6986.06265211698,3.69321857350726,0.000223123336954764,-0.467858990692054,0.188639568602747,40.7461039535461,-2.48017419758476,0.0173569604828639,0.324510777395238,-0.61120720398887,0.294532756739595,0.23685233290532,0.270556623556183,0.0098645583976597,0.935717981384108,0.377279137205494,0.0131318210649385,168
0,0,0.00193422477516143,0.0418609361001188,0.146244968554589,-2.5072451014032,0.24501311327374,48.5519924069035,-10.2331057628005,1.0368912173601e-13,-0.246814056167904,0.176842694940472,44.5846273032561,-1.39567006853738,0.169726232618233,0.185824931787528,0.0545800831485159,5981.24786121921,3.40462896111547,0.000666895754550659,-0.469258546092056,0.183546628303111,38.1578504854731,-2.55661763133626,0.014669902534141,0.291223549174651,-0.647293543009462,0.275533322456453,0.235680744483034,0.290536719766195,0.00602377079064559,0.938517092184113,0.367093256606223,0.0105695328141411,169
0,0,0.00171725604717983,0.0618864181261623,0.150093728552662,-2.53989121089861,0.247343456365677,48.5304455794276,-10.2686816470438,9.27883737435605e-14,-0.292930526572026,0.17181104899321,44.0643290962032,-1.70495744184417,0.0952441321297959,0.167677746788318,0.0545763276277347,5487.32584693394,3.0723530526284,0.0021341953328242,-0.487560723519716,0.188678108790712,37.8114110253622,-2.58408739967037,0.0137530371984571,0.266091799875215,-0.709029647164216,0.261528732171139,0.247677047870349,0.308940513198259,0.00420023651138473,0.975121447039431,0.377356217581425,0.00976370488349183,170
0,0,0.00156234175509262,0.0637909656018827,0.130467977052206,-2.55302997254966,0.252488077741918,48.5609185556704,-10.1114872249899,1.54162251325285e-13,-0.296909743903965,0.176204383228961,41.6705408355098,-1.68503040879613,0.099458884891923,0.159164100915699,0.0545804333701314,5434.52003976171,2.91613846002916,0.00355842926759866,-0.486384572254451,0.20237525581413,38.4969579513439,-2.40337965379111,0.0211638077478649,0.26076404320275,-0.712005101306152,0.264982840232044,0.267954723992692,0.325076681090938,0.00787963394902217,0.972769144508902,0.40475051162826,0.0162443128607207,171
0,0,0.001475152192899,0.0607601139044519,0.0933754804566043,-2.56480126943785,0.254068300394204,48.4861372781143,-10.0949282750284,1.65658376673662e-13,-0.294361742125929,0.183555143418624,39.7546157493894,-1.60366926605044,0.116703439501323,0.161781215082678,0.0548658585558145,5885.37139501656,2.94866824909154,0.00320401495907011,-0.432418942306791,0.21603447687309,38.9007433230046,-2.00162005882429,0.0523350823848724,0.201436691724788,-0.663401192888793,0.280349649466008,0.282719066587734,0.472437024935724,0.0189505037631094,0.864837884613582,0.432068953746181,0.0453256099917534,172
0,0,0.00100350867824546,0.0748728155226848,0.0628368543777462,-2.56222705147367,0.252858184419123,48.4030764717873,-10.1330595936996,1.49063329482701e-13,-0.332716796856163,0.190323508569373,37.7608585633699,-1.74816447719536,0.0885628332726167,0.144156774879491,0.0553097828837062,6762.52740567402,2.60635221046869,0.00917130376689929,-0.368608708635764,0.232188395699932,37.5881478796036,-1.58754147693123,0.12076766249819,0.0899187599268382,-0.647298657344689,0.311583537007598,0.287995296095622,0.772897931931456,0.0246016123223465,0.737217417271527,0.464376791399864,0.112390060818466,173
0,0,0.00106886964827302,0.0713038874460475,0.0289270467493991,-2.54381163515828,0.253162671736404,48.3750246552818,-10.0481307836999,1.98259443068204e-13,-0.321361240780967,0.193441819829464,35.9456773964329,-1.66128110800588,0.10535588910215,0.163931199672283,0.0557490178479981,8080.89745155919,2.9405217526746,0.00328588832072434,-0.261295872232247,0.2497021360041,36.7593940741905,-1.04643026452908,0.30219477088963,-0.0217673249055317,-0.544359069370026,0.352605083048052,0.281343187362417,0.950775560802569,0.053007744076788,0.522591744464494,0.4994042720082,0.295362425826597,174
0,0,0.00136123689227545,0.037878868004416,0.010544579006471,-2.50773042913402,0.254721333533944,48.4623105279164,-9.84499568348816,3.79916582533109e-13,-0.235200278075658,0.203478442406578,33.9368566892173,-1.15589777125232,0.255796014899626,0.198564377170826,0.0559866596933121,9228.01454171618,3.54663732858035,0.00039211650247107,-0.160448125580322,0.253441394211475,37.6080819689873,-0.63307782092787,0.530513908765126,-0.0512353274362659,-0.37213157859691,0.376054706321422,0.27675971586851,0.89162811913529,0.178753900912875,0.320896251160644,0.50688278842295,0.526682825021626,175
0,0,0.00115338737340504,0.0319603023568286,0.0117942543562289,-2.53531758041941,0.257370200869009,48.6848073672351,-9.85085908103937,3.54611127473865e-13,-0.216416166991,0.203776166372869,34.1629145390499,-1.06202884686231,0.295672856359096,0.18088232311159,0.0559084364583495,9064.86141363334,3.2353314556801,0.00121937504547618,-0.166317815766864,0.245934504220259,38.3191178900477,-0.6762687338004,0.502931713861669,-0.0257212077489517,-0.358356839282679,0.367528919884496,0.274094203727014,0.944206256350056,0.191069371111275,0.332635631533728,0.491869008440519,0.498870040029474,176
0,0,0.000905668213524675,0.0337047538524917,0.0157565146341693,-2.55222348970977,0.260022982003555,48.7890034310939,-9.8153765872698,3.89971111542601e-13,-0.229760531956751,0.207422009878927,35.1770861959779,-1.10769600627659,0.275509962342273,0.163394443231341,0.0559349763188035,9413.36759082872,2.92114977040606,0.00349570542359084,-0.196271816328987,0.245419655847247,39.9520979047353,-0.799739595638376,0.428591291506345,-0.00472122487684218,-0.397264857534816,0.357797818687935,0.287340498363723,0.989472034403259,0.166800485146396,0.392543632657973,0.490839311694494,0.423861686769196,177
0,0,0.00121783374174708,0.0184818520576979,0.0253404211238342,-2.55945486558548,0.266919218479669,48.6862732512958,-9.58887441737522,8.50073159905945e-13,-0.177504222497909,0.209769453972491,38.0264449964214,-0.846187179002653,0.402742027184199,0.191753802782311,0.0558990595051685,9650.76511143608,3.43035830083298,0.000605308634141781,-0.254056194336499,0.246608142604769,40.8210225512863,-1.03020197002849,0.308980787035087,0.11378889845132,-0.394323490221677,0.344633586280649,0.303568437117475,0.741268822885233,0.193957393263544,0.508112388672997,0.493216285209537,0.302915205147138,178
0,0,0.0013982485791956,0.00856446070378805,0.0370401174278664,-2.57609217791393,0.277393431775352,48.5421449392715,-9.28678145486947,2.42105733252749e-12,-0.125693120170756,0.21516575481827,39.5040091529956,-0.584168797106757,0.562428027353526,0.20730250835953,0.0559197678940538,9814.91020481389,3.70714178843316,0.000210765535710804,-0.312074923692901,0.249716190967899,40.6031924937913,-1.24971842027263,0.218558197779696,0.232122514791064,-0.392027332594739,0.341135707169751,0.317131131105214,0.496225651808148,0.216396150265092,0.624149847385803,0.499432381935798,0.211402425995966,179
0,0,0.00175931815714935,0.00525419884357957,0.0554282094955369,-2.59130824939975,0.286175336565965,48.6643905932237,-9.05496707191758,5.19691589059437e-12,-0.097393608133462,0.209877440890488,40.7694639133204,-0.46404991275018,0.645080377065968,0.22147028315542,0.0557719036325604,8947.27663657859,3.9710009651907,7.2131858097739e-05,-0.36977974472709,0.244604928411945,38.9457392517048,-1.51174282189579,0.138671934045617,0.326584623086892,-0.412974866367288,0.325313646618561,0.316524006725199,0.31542347769802,0.191988569929179,0.73955948945418,0.489209856823889,0.130599300331278,180
0,0,0.00222098656627964,0.00303597974069408,0.0496104464381278,-2.59093786966979,0.290199070277871,48.8436240179639,-8.92813980137469,7.76167291510097e-12,-0.0726805002647899,0.199588323338958,43.5457898347973,-0.364152065856868,0.717506758943036,0.243471923628694,0.0557412084163522,8571.03854734023,4.36789819499625,1.26923346918983e-05,-0.345060747346702,0.246140584597016,37.6489770425377,-1.40188481274488,0.169140763588585,0.322955678865577,-0.367165815827828,0.318504551949842,0.312070247245532,0.310594642955916,0.239375719345101,0.690121494693405,0.492281169194032,0.160949646349071,181
0,0,0.00243608645491964,0.00036118089821391,0.0458687434271997,-2.58939951550229,0.290084111383157,48.9497303537648,-8.92637484747342,7.6612734922017e-12,-0.024884605473986,0.19919754386395,43.1928538833484,-0.124924258559041,0.901163133249718,0.26124497661506,0.0557795492307743,8982.43181792323,4.6835261348962,2.86119814122451e-06,-0.343475435242274,0.255965129478407,37.4559689204268,-1.3418837008861,0.187712268174458,0.368933902917104,-0.318016967567444,0.317644979974694,0.32548870409084,0.245452367235393,0.328547092683632,0.686950870484548,0.511930258956814,0.179633707347771,182
0,0,0.0025774887271225,0.000148407289795284,0.0424750021514152,-2.58441226110863,0.288935719369735,49.0466949777835,-8.94459247456871,7.071771205607e-12,0.0160715912209492,0.204163774287537,41.7484823458535,0.0787191130112758,0.937632148897153,0.275876552742892,0.0558250258684615,9450.48520147736,4.94180788008822,7.87301644305548e-07,-0.335984592359815,0.262343693521095,36.9755104119345,-1.28070390353332,0.208273042764718,0.401301326535789,-0.270667858183841,0.323568811210761,0.335041498520724,0.214888529757872,0.419169061184266,0.67196918471963,0.524687387042191,0.200297688165819,183
0,0,0.00192673666197392,6.16926038710806e-06,0.0283088308519935,-2.55464363380651,0.282746694287478,49.0663813824705,-9.035096379267,5.16358949476622e-12,-0.00344539484627718,0.215084415955569,41.5933911453365,-0.0160188028080514,0.987295985204602,0.247565600565574,0.0561308648183529,10076.6736036548,4.41050750539351,1.04198728572643e-05,-0.277385160460586,0.268196574269893,36.7169262261331,-1.03426063966591,0.307778676065997,0.314596010546682,-0.240174310374491,0.341010803498375,0.341922913777813,0.356247122834391,0.482415786045066,0.554770320921172,0.536393148539786,0.301014332244017,184
0,0,0.00153795822992363,0.000484222308510713,0.0223346319212614,-2.52684409965928,0.276770064629746,49.0837555617457,-9.12975940168823,3.72119311816647e-12,-0.0308428920068941,0.218075743897252,41.2895663240317,-0.141432015572653,0.888216477845701,0.22585902653155,0.0563571579690249,10427.1051859168,4.00763691199061,6.17559378094924e-05,-0.248451791102256,0.269478859498804,37.2088540048927,-0.921971361925548,0.36248330305869,0.254024390306815,-0.242879191897696,0.347237449689778,0.342284135006095,0.464438292717131,0.477962423075177,0.496903582204511,0.538957718997608,0.356543513792948,185
0,0,0.0014996769121003,0.000467942734515993,0.0266794074338186,-2.53186129795973,0.273394810961624,48.9805628641694,-9.26082426017633,2.42656522717666e-12,-0.0301251123258618,0.218767348873761,40.5038551265013,-0.137703878028185,0.891156745450636,0.21846430136066,0.0564831569708834,9960.32569982009,3.8677778133626,0.000110530849457184,-0.26154516519865,0.258519812916244,37.3409582821439,-1.01170259350058,0.318191282373533,0.269754635297954,-0.253335695099346,0.345842737219123,0.329436528686115,0.43539547001949,0.441895104359051,0.5230903303973,0.517039625832488,0.311680275110942,186
0,0,0.00203059201392573,8.64053605019721e-05,0.0469809737606733,-2.54278187248198,0.269928974067871,48.8063496902175,-9.42018870431678,1.46317675403402e-12,0.0130203921202294,0.222139996985012,39.7572549129974,0.0586134523136232,0.953553619361614,0.236968684709626,0.0564383157483305,8664.19824682929,4.19871999310391,2.71112776557516e-05,-0.316988771819232,0.232999050582439,37.54559685626,-1.36047237543175,0.181792634894651,0.376470096191553,-0.257507447446912,0.331066230946947,0.311699580277255,0.255477943631168,0.408724759059212,0.633977543638465,0.465998101164878,0.173680488898346,187
0,0,0.00250137665423101,0.00234696781987457,0.0887848118440192,-2.56303548468015,0.26377878958305,48.5303563557134,-9.71660946936444,5.73408252927016e-13,0.0677800562572458,0.229777161984783,36.9881422959242,0.294981693009746,0.769657299227186,0.241097939063342,0.0561972050396551,7339.91069243837,4.29021227823008,1.80792592554145e-05,-0.400704923375894,0.210276359579017,37.2692565135063,-1.90561090261466,0.0644367058025569,0.527216158631062,-0.274193688120726,0.316372373953022,0.305067012835233,0.0956254446286466,0.368760148391248,0.801409846751788,0.420552719158033,0.0567007065520114,188
0,0,0.00241837862273366,0.00492723879335807,0.113801260064766,-2.57048812695785,0.253596891825957,48.2946192185869,-10.1361184218376,1.51413823105389e-13,0.0937062563146742,0.226628700834762,34.526979318032,0.413479210574465,0.681812554130946,0.226827940706602,0.0559770461249719,6773.25286928459,4.05215988353862,5.13145012811283e-05,-0.455303191806469,0.204781065274305,38.4951353817184,-2.2233656768832,0.0321336762311425,0.615743076026249,-0.294863307586689,0.298824105945013,0.307736501153841,0.0393456508917318,0.337977985428199,0.910606383612938,0.409562130548611,0.0261911521687491,189
0,0,0.00282332861307367,0.00631725212505692,0.132199328319018,-2.57073110348529,0.242792700182364,48.114905715858,-10.5881729621788,3.66145854546217e-14,0.0988694193719832,0.219506839205975,31.9115129284484,0.450416122475385,0.655455764368991,0.234529650949293,0.0555591019849833,6293.55105432901,4.22126424960365,2.4635496105376e-05,-0.493191874518304,0.197944696330676,40.7506761660896,-2.4915639754975,0.0168824705610713,0.664348252629456,-0.322035496407151,0.269672776387585,0.311119883975484,0.0137574563283806,0.300629260136405,0.986383749036607,0.395889392661351,0.0127182060423563,190
0,0,0.00338032789516568,0.00488944361528731,0.136594468497616,-2.53184150255212,0.231372419624548,47.8538177971606,-10.9427109188752,1.27266892359403e-14,0.0802587783013331,0.206247861199579,30.8189666723907,0.389137505885064,0.69985026839609,0.24954740041078,0.0550876532200331,6050.17843554283,4.53000601448802,6.01148795148518e-06,-0.49378432308543,0.190001634547133,42.6915216967069,-2.59884250081511,0.0127892199766204,0.646416895103026,-0.341151751067833,0.247617876262279,0.300301484783621,0.00903988396218354,0.255943653226443,0.987568646170859,0.380003269094266,0.00935386795569024,191
0,0,0.00404420138532858,0.00380520699585827,0.119927165514697,-2.4440599041445,0.222809764050343,46.8340646025425,-10.969267502982,1.5589631730743e-14,0.0650205571283209,0.188997600208269,30.9852335653146,0.344028480026574,0.733148710159554,0.255353414605555,0.0545408085661597,5398.18154410241,4.68187805275756,2.91217059214568e-06,-0.418820447202326,0.176337100363641,41.3970514013442,-2.3751124768335,0.0222555746495675,0.545227369253234,-0.292413525151419,0.225200456074297,0.278627246778394,0.0154746511100474,0.293957582012483,0.837640894404653,0.352674200727283,0.0175436033294167,192
1,0,0.00601488686771669,0.0155645676196858,0.100138787889615,-2.41298489592369,0.222791430600791,47.1614061539064,-10.830689894206,2.19031384127786e-14,0.121252960840453,0.174132422731369,30.6673038234337,0.696326157636407,0.491468930392384,0.29348160514186,0.0540260561097836,4876.49358923591,5.43222338024251,5.83600878154367e-08,-0.352628069494662,0.166860262767088,40.1329528414446,-2.11331364128845,0.0408396297457613,0.525565601851484,-0.179690537137839,0.2053331901048,0.262740333945434,0.0104800383884369,0.494032490901136,0.705256138989324,0.333720525534176,0.0345739319224879,193
1,0,0.00669265903760609,0.0275640504611796,0.0787479079949556,-2.44167013657776,0.227186681628065,47.2121943877818,-10.7474175822292,2.80503530773082e-14,0.165368593896787,0.175657273537892,31.2673994284615,0.941427534232532,0.353702964036645,0.300096375101188,0.0540213695105921,4580.10320579722,5.5551419340146,2.93088359528836e-08,-0.30347275840607,0.168696045511923,37.8589950710993,-1.79893226000144,0.0800051188197761,0.51332124724595,-0.0936242695661891,0.202669567633031,0.267998558478309,0.01131558672635,0.726829441685461,0.606945516812139,0.337392091023847,0.0720293967969243,194
0,0,0.00628393236582315,0.0222971649550191,0.0571354112432098,-2.51716172237125,0.232544423464109,47.7065105474401,-10.8244338216081,1.92418317300242e-14,0.151888514039016,0.173598372330134,33.5672525898909,0.874942040068022,0.387823068567467,0.284091836423722,0.0542610779748068,4334.8241429507,5.23564674766737,1.7219259995741e-07,-0.255433137462767,0.169195327743374,37.6115915502349,-1.50969380106166,0.139477541386567,0.444760396181877,-0.0661058787436582,0.21077919107021,0.261459697131555,0.0348516941945218,0.800396558856541,0.510866274925535,0.338390655486748,0.131121573769889,195
0,0,0.00551956535127382,0.00997655124378319,0.0495652097435371,-2.58894851931521,0.248581234706157,46.8782676936037,-10.4148992677406,8.75321878809648e-14,0.102537806203343,0.171032637611702,35.6676995508292,0.599521866909026,0.55261457217476,0.266726287818274,0.0546465394653929,4292.37517699723,4.88093647699666,1.09416129651803e-06,-0.233846694634043,0.169857854090219,36.3443228641394,-1.37671993966105,0.177021094202221,0.370659328221377,-0.0970340610467083,0.233789716748851,0.244106196932029,0.112866632419698,0.690993205736632,0.467693389268085,0.339715708180439,0.168598851496388,196
0,0,0.00397813269025881,0.000469497515961993,0.0376985913294019,-2.68897817590126,0.278810175823372,38.5743333269692,-9.64447645413324,7.91323258677688e-12,0.0219329527261604,0.169052658526005,35.8354570976257,0.129740359704468,0.89749736990015,0.243960767699749,0.0551222582661006,4904.28373274342,4.42581228298083,9.81645758395795e-06,-0.215425860401982,0.181004379123571,36.1579256449232,-1.19016932874818,0.241735728476529,0.268933705349222,-0.161918015454741,0.268209806987231,0.228533098067361,0.316006112382772,0.478628522518967,0.430851720803963,0.362008758247143,0.233979845611227,197
0,0,0.00278349282543244,0.00106862342315488,0.0210955310337184,-2.78416055702786,0.322246118544086,29.367941061391,-8.63985753996587,1.46649503861982e-09,-0.0329883558187279,0.167270757057657,36.3573533419497,-0.197215319635082,0.844757457310709,0.221842299456207,0.0556231641554259,5698.71172554172,3.98830779990007,6.73795692797445e-05,-0.173444215707738,0.199803347677383,34.9674505743672,-0.868074622992771,0.391272316784408,0.165877517284843,-0.181010914130633,0.312027301435389,0.210895069249828,0.594994619715132,0.390727677049065,0.346888431415475,0.399606695354766,0.385353482393949,198
0,0,0.00199921285700264,0.00242967676862245,0.020449153792305,-2.85097137145566,0.373660634427236,20.7069211021332,-7.62984138220972,1.91410082646504e-07,-0.0516206013184423,0.170079070505497,37.8215558829474,-0.303509427497571,0.763165044541953,0.199407416390644,0.0559037843712143,6351.43773070909,3.5669752706996,0.000363786073624328,-0.179182550481578,0.213394274922338,33.7736146322177,-0.839678339762346,0.406993537131837,0.153824672258668,-0.204540428704488,0.345905400434219,0.197797210876179,0.656535439564644,0.301093355990127,0.358365100963156,0.426788549844675,0.401088761798544,199
0,0,0.00144190722702278,0.0024619544564875,0.0101617482123614,-2.84890832568951,0.436712076558064,14.9833323433661,-6.52353914309655,9.68134576537147e-06,-0.0567259138060467,0.182029535550028,39.3485500044355,-0.311630272717235,0.756966745303061,0.180527416150632,0.0560970763058356,7172.02666361568,3.21812522218474,0.00129605313399309,-0.129735133007549,0.220239284730973,33.8003681099669,-0.589064449451074,0.559734760978853,0.0920244517940849,-0.167445814221013,0.364683452401857,0.203955883939119,0.800777786500687,0.411651760231668,0.259470266015098,0.440478569461946,0.555818040337038,200
0,0,0.00119098121456884,0.000250788487982919,0.00260905234734276,-2.75076374304311,0.509187822073988,12.3536665558933,-5.40225752422533,0.000144145113159672,-0.018854731249816,0.186532045349375,40.7302674139624,-0.101080386560395,0.919982601333176,0.167042825963614,0.056271723286863,7390.14177772848,2.96850382761623,0.00300213622442386,-0.0688198625893502,0.226812256144834,35.1946940760532,-0.303422150809189,0.763354643028801,0.060052034276227,-0.0775876909024736,0.356918496858646,0.231686928910988,0.866385511423111,0.737714397859704,0.137639725178701,0.453624512289669,0.761568166955236,201
0,0,0.00133139576808484,1.4394669807218e-05,1.14897381095719e-05,-2.58492148180402,0.568707369117127,11.1930010109984,-4.54525758267721,0.0008005716120529,-0.00464394145953958,0.188487727445794,42.1695879664901,-0.0246378982996391,0.980460011991654,0.174535816407525,0.0564830221440095,7162.2173584634,3.09005803482908,0.00200884798350954,0.00468702117875693,0.229686843051215,36.241525915282,0.0204061369667214,0.983831324966032,-0.0100179376759314,-0.000643895318417499,0.341240006987687,0.25562768199606,0.976579505264525,0.997990227091004,-0.00937404235751386,0.459373686102429,0.983719388279209,202
0,0,0.00151918484007504,0.000882002186551054,0.00353663256047891,-2.36758735566583,0.612577930750997,10.3274669913124,-3.86495699047344,0.00295337526636778,-0.0352825876872222,0.18052431164307,43.2709653624607,-0.195445075325823,0.845959419324055,0.181857399749195,0.056626253747931,6778.84025207676,3.21153860113587,0.00132642810980624,0.0837158057014407,0.230264902467719,37.2418139067659,0.363563030250244,0.718240106010247,-0.131268589442616,0.0361630219602652,0.323300384506733,0.263717821264317,0.68472297963244,0.890929846815457,-0.167431611402881,0.460529804935438,0.716184337741339,203
0,0,0.0015910644430717,0.00243952446620902,0.000944408464148726,-2.19012808737211,0.642597763463175,10.1771582534477,-3.40824106758289,0.00651394613861359,-0.0562042762707441,0.171313637547652,44.013803675431,-0.328078237525665,0.744408174875675,0.185842406554703,0.0566154448464109,6761.45998523534,3.28253901490778,0.00103399015540495,0.043256678606322,0.227721826018864,38.1704085574298,0.189954030154047,0.850351746544058,-0.105801070972172,-0.0192877137595275,0.31374868343023,0.257750875243688,0.735954088862734,0.940349306131307,-0.0865133572126441,0.455443652037728,0.849345153207989,204
0,0,0.00192969124754973,0.00251261742072492,3.95130889251893e-05,-2.01569682910541,0.656573537920566,10.7820894599163,-3.07002447203298,0.0108938465777532,-0.0581351499138233,0.173151193612044,44.7515063552647,-0.335747901594479,0.738630032122483,0.209509110808004,0.0568147376571567,7033.26733084825,3.68758388135605,0.000228099663081544,-0.00873094092465861,0.225363702621415,37.9835907726792,-0.0387415578600321,0.9692993514383,-0.048124518063617,-0.0655863999129343,0.316488921132805,0.253831640737373,0.879141574609933,0.796109453182549,0.0174618818493172,0.45072740524283,0.969096439883676,205
0,0,0.0018069951174551,0.0051838206790336,0.000383411306582816,-1.86772465026243,0.654071559646433,11.9370548659813,-2.85553564088928,0.014540069067363,-0.0869116751238094,0.173460379660593,48.1779732197782,-0.501046263670515,0.618620204905816,0.19573204844885,0.0567363883973513,6574.42918203176,3.44985033375843,0.000564420680942107,-0.0254712880869573,0.214620573540022,36.7221121238192,-0.118680551760838,0.906175294304126,-0.0577070693442732,-0.108649645518188,0.303058454423748,0.250485317094472,0.848983443480997,0.664465240996772,0.0509425761739145,0.429241147080044,0.905528445082323,206
0,0,0.0017184797406539,0.00882838799720895,0.00292371200487997,-1.76979958986829,0.631850486789082,14.5319786080783,-2.80097843852587,0.0137559418214981,-0.115212724066953,0.172186235935074,50.2656692270791,-0.669116921229382,0.506482639142719,0.187728051176563,0.0565860751735029,6393.63462603997,3.31756621396617,0.000913125113279808,-0.0697564765241017,0.213096036165372,36.5436671001811,-0.327347602420759,0.745272886611401,-0.0352320654327699,-0.174745018480973,0.291417968347603,0.256928931014572,0.903771239516337,0.496422286833431,0.139512953048203,0.426192072330743,0.743404992332612,207
0,0,0.00189231468065135,0.00652454240254685,0.00864219835264902,-1.68857058824781,0.586072076860515,21.1445239385546,-2.88116539742549,0.00889743636254649,-0.101687815989857,0.177398339317243,50.0317650902997,-0.573217406550849,0.569065100822244,0.2055162523086,0.056670838549096,6936.76699295488,3.62649040618226,0.000289361229461968,-0.123039092445459,0.217669816565309,36.6518596089673,-0.56525564447537,0.575343931096075,0.0393850727495827,-0.206693112141336,0.304299050986773,0.258538297576537,0.897018329706258,0.424019057675462,0.246078184890918,0.435339633130617,0.571899893530484,208
0,0,0.00212895113965655,0.00741225963685103,0.0229811241093829,-1.63738727507611,0.523213027294978,36.0027816885644,-3.12948491275425,0.00346358528687453,-0.117876545143764,0.193279210144103,49.8084235373122,-0.609877001545479,0.544715748237262,0.223360601506227,0.0567279796091813,7266.53277640958,3.93739743676816,8.31397682187514e-05,-0.192869184355586,0.209003918659605,36.2033297618347,-0.922801761768418,0.362220038631831,0.103261407396996,-0.282476961314176,0.322190224908067,0.24991257203233,0.748590647003315,0.258348517953925,0.385738368711173,0.418007837319209,0.356110522559586,209
0,0,0.00218677714146681,0.0104515233506791,0.0434483436798277,-1.63495544372286,0.465800767943168,49.6483662149607,-3.50998872531345,0.00096331514400603,-0.14526433916718,0.200454905378581,49.7212602669643,-0.724673406683825,0.47204897047502,0.220602389549463,0.0565352275128029,6947.4729673514,3.90203416974851,9.62886830326083e-05,-0.252591075798669,0.194940830002719,36.962861625102,-1.2957320218404,0.2031012093014,0.144348921337947,-0.360833230259391,0.308769128134213,0.252965504624434,0.640143688751086,0.153749225073958,0.505182151597338,0.389881660005439,0.19506782510821,210
0,0,0.00146869419564365,0.0169400136673282,0.0509816372563753,-1.70055325969181,0.452255831909651,48.4695085133962,-3.76015772424916,0.000457395402420131,-0.192770081529145,0.210783983521384,48.5367071492982,-0.914538563645602,0.364955036140145,0.180450187433768,0.0566037459156234,6909.62751775216,3.18795486967872,0.00143921745549292,-0.269160693812299,0.191212383727869,36.8851950353432,-1.40765304299205,0.16760599035699,0.115841400045664,-0.422479987578934,0.308104948682699,0.26315108669408,0.706931519926645,0.108391402598986,0.538321387624599,0.382424767455739,0.159233832623478,211
0,0,0.00111273060225415,0.0122854553506584,0.0681111770311402,-1.83428194768263,0.503474062075215,23.8138423562864,-3.643250141074,0.00130275883709242,-0.169105352428762,0.220150007771418,47.4370298139544,-0.768136935994772,0.446212973095193,0.152720298378703,0.0566427602557995,6525.76088182674,2.69620155672174,0.00703151747710613,-0.299332889880652,0.18749100708799,34.8733533998116,-1.59651865190619,0.119396441574869,0.174100653328368,-0.424565126432936,0.308734639479295,0.271282653393226,0.572810748599265,0.117576190331488,0.598665779761304,0.374982014175981,0.110373044843149,212
0,0,0.000756366381389294,0.00720326503140169,0.0905254662739377,-2.01858193664285,0.607597986012441,10.6591776739249,-3.32223276428292,0.00709059285009286,-0.130290242251943,0.220554585483269,48.0975047524154,-0.590739213000073,0.557461017846698,0.13074030881948,0.0568445037623281,6988.45586075916,2.29996393962937,0.0214795906721052,-0.379448480176102,0.201935817941871,35.473063150393,-1.87905486031869,0.0684731513230468,0.30477386755496,-0.454123092797245,0.322319760275425,0.277714932314715,0.344371162463194,0.10200438487664,0.758896960352204,0.403871635883742,0.0602370027868747,213
0,0,0.000549254965083695,0.00676628492264043,0.0981604774541225,-2.13960073451303,0.743332784241495,7.26173282261637,-2.87838876459122,0.0227843150019482,-0.123421626353263,0.220001464069551,46.1989983241725,-0.561003659113129,0.577506097669883,0.111575615284844,0.0569860297399941,6975.72232300387,1.95794681247179,0.0502760589368925,-0.414274672438095,0.213581329455796,34.5654962339623,-1.93965771022058,0.0606168726629131,0.351573138406839,-0.476976206469351,0.318774889520014,0.294366163908966,0.270075617960684,0.105157119234332,0.828549344876189,0.427162658911591,0.0524213022873165,214
0,0,0.000629717556235974,0.00253944564307556,0.112268325317515,-2.21980151221066,0.883738525792059,6.03030805558346,-2.51183064608521,0.0455938447400843,-0.0727738265402445,0.220017715673734,42.9726294775578,-0.330763485646589,0.742430553009239,0.11744020219098,0.0570366674273592,6728.30895407645,2.05902987478274,0.0395297789859082,-0.457642524074935,0.22482718441085,32.7626915168466,-2.03553020189337,0.0499517296466203,0.451945200543595,-0.463339847606275,0.312137090501794,0.313363018191895,0.147643310591678,0.139246152782085,0.91528504814987,0.4496543688217,0.0417975528184354,215
0,0,0.00126878561812886,0.000239567383867684,0.145197883605642,-2.26832983252985,1.01725317465641,5.4690013802942,-2.22985770803418,0.0715894574702842,0.0224939453046691,0.216547337503425,45.029158119662,0.103875418483561,0.917729498048792,0.166953416385403,0.0571318286737491,6721.9417853727,2.92224877552563,0.00348671723239816,-0.525693266113367,0.230098672113879,30.7285385509815,-2.28464276340193,0.0293991736571338,0.625237887636316,-0.426148644590419,0.325690503809668,0.305306974169126,0.0548919907679788,0.162773576019826,1.05138653222673,0.460197344227758,0.0223337832906658,216
0,0,0.00202973021534985,0.000886079331992688,0.176789385564168,-2.25423874911456,1.12723523620634,5.17591234383813,-1.9997944321729,0.1000290604013,0.0439306215152229,0.212096829928931,48.3736372560729,0.207125309369042,0.836781446828091,0.222695340880772,0.0574077847921374,7398.77756256383,3.87918366275774,0.000105716553493733,-0.608028877082242,0.237206523807119,30.5949627175905,-2.56328901635375,0.0155138681184475,0.741078076215548,-0.474979677948936,0.355131586163909,0.283962291909803,0.0369088955154357,0.0943891768443137,1.21605775416448,0.474413047614238,0.0103685697356889,217
0,0,0.00287172805708488,9.08848301026366e-06,0.189956319308267,-2.1755305593729,1.20600638065488,5.04306252071852,-1.8039129761416,0.130596076575419,-0.00428946141490957,0.208396585198498,46.6153541169893,-0.0205831655582256,0.983666022771063,0.271318583607376,0.0575114443451531,7727.8423183359,4.71764509997464,2.42779968387474e-06,-0.657484271497161,0.243271433647624,31.1489347784355,-2.70267767011856,0.0110365167051784,0.749562047380692,-0.565406495613631,0.365743490043557,0.277849537817949,0.0404210567958441,0.0418571433896365,1.31496854299432,0.486542867295248,0.00687834127215116,218
0,0,0.0042602208685518,0.00212674267288812,0.179868032817695,-2.03115442038833,1.2507710870418,4.99271649570705,-1.6239217882724,0.165405293316558,-0.063089646430535,0.205495478196422,44.2254321968075,-0.307012334209277,0.760274974275034,0.325406731700037,0.0574318354662811,7503.45730054175,5.66596433943135,1.51611815712638e-08,-0.637901275147929,0.244896049182012,30.9366396126832,-2.60478385534847,0.0140032628269524,0.668308593162153,-0.607493957133705,0.366338248900242,0.275926545205634,0.0681076684852965,0.0276899696927475,1.27580255029586,0.489792098364024,0.00919322348789571,219
0,0,0.00627387676294501,0.00310693463159005,0.150735365069998,-1.8436564014238,1.26416386233484,4.98520614474669,-1.45839986124795,0.20470271285325,-0.0765248434918155,0.208443738915885,43.2457715508942,-0.367124692206256,0.715316455197059,0.39175285161112,0.0574896183898784,7354.89038084785,6.81432339582362,1.02197337006857e-11,-0.592521794701893,0.250611293165529,31.494539794061,-2.36430604230805,0.0244025070404394,0.602842661244346,-0.582200928159439,0.358173553228456,0.295805722590433,0.0923553271523348,0.0490465447616388,1.18504358940379,0.501222586331057,0.0180638833370822,220
0,0,0.0095858582844943,0.000262584686990048,0.149723052678005,-1.60363163167017,1.24631817821393,5.00755725421456,-1.28669521130495,0.254470331586528,-0.0220230889140999,0.204052318955609,44.3496242819809,-0.107928638237583,0.914539107426867,0.455870029828603,0.0572471673766928,6551.78906219402,7.96318928461433,1.96208488747632e-15,-0.574626032802075,0.241844533208605,32.0604620064117,-2.37601414916593,0.0236430558662113,0.636825678425493,-0.512426387178656,0.329727590009454,0.302551584935295,0.0534374237293845,0.0903255923940937,1.14925206560415,0.48368906641721,0.0175007917135782,221
0,0,0.0110879806463907,0.000266011753814976,0.137830809813142,-1.30686272043547,1.20183349132305,5.04266752809148,-1.08739083231638,0.326085027335684,0.0215555076387834,0.194019245999475,46.3885198992447,0.111099842326166,0.912016484959801,0.483469363031953,0.0570058544577771,6415.111272646,8.48104756310683,2.74135706309898e-17,-0.546166398661061,0.234266875272541,33.9996446096629,-2.33138551075845,0.0257967361354884,0.647773322319813,-0.444559475002309,0.311137797007793,0.29543261840924,0.0373470411775139,0.132382058044006,1.09233279732212,0.468533750545083,0.0197330408540447,222
0,0,0.0106405380033731,0.000666709205255612,0.123952810967641,-0.94732218783032,1.13572141159081,5.12192259766746,-0.834114931850587,0.441369864683085,-0.0328552935728847,0.181421377840702,49.1595259327663,-0.181099349833697,0.857034195551046,0.474149748833641,0.0568050013568602,6478.11159394066,8.34697187761583,8.48014296445796e-17,-0.504177015014165,0.227277134527899,34.7796906895644,-2.21833584826491,0.0331575593260321,0.545218768340446,-0.463135261687884,0.305741293253458,0.275683858261641,0.074542632601748,0.0929669286090354,1.00835403002833,0.454554269055798,0.0265319416495119,223
0,0,0.0100827118444323,0.0114397316134287,0.114615235991221,-0.535727915834962,1.05455321410922,5.27485342062003,-0.508014113149798,0.631972368348425,-0.132837573500613,0.176692381761446,48.8420106329758,-0.751801363343204,0.455778204417965,0.465257440373434,0.0567085157833027,6608.63317186756,8.20436638037394,2.76219555084245e-16,-0.476938329840673,0.225392605844185,34.5887458390498,-2.11603361190288,0.0416151690917432,0.414005438780325,-0.539871220901022,0.311931754530329,0.26219337086208,0.184432339755467,0.0394887326568494,0.953876659681347,0.45078521168837,0.0343419489905352,224
0,0,0.0109407661729022,0.0167001869912114,0.0895672305462407,-0.0983134243466483,0.966803210404647,5.51828198891739,-0.101689178613195,0.922596528126124,-0.161739965331311,0.180239743547656,47.4130826195024,-0.897360161237394,0.374060931252832,0.489342388582477,0.0568532148572211,6697.15245444868,8.60711904878892,9.23195235655525e-18,-0.413003656524497,0.227203258808165,33.5874796318545,-1.81777171107043,0.078028654540727,0.311797491161953,-0.514209821887041,0.320808776415094,0.261097554050911,0.331094962678916,0.0489052865583993,0.826007313048995,0.454406517616331,0.0690990320600043,225
0,0,0.0107556115300936,0.025365984777133,0.0620117409704762,0.357227752463572,0.879072658964794,5.94787848007522,0.406368857932912,0.698688173695955,-0.207255648470542,0.191346499960225,45.0776785784475,-1.08314313830472,0.284504735867748,0.514780020449647,0.0573629497279216,7407.11183372714,8.97408558819417,3.56987447955202e-19,-0.351422691970065,0.23899107509943,32.7054187869859,-1.47044274278384,0.150997924470674,0.195674943258128,-0.507170440682001,0.355191593930512,0.259712364392148,0.58170243175338,0.0508414110250245,0.702845383940129,0.47798215019886,0.141441882260562,226
0,0,0.0083566425997463,0.0486884322676058,0.0331397888338201,0.82238325593634,0.798111976354505,6.7268431386158,1.03041087002941,0.338434304362792,-0.300441784382767,0.207731552320268,40.8707605372012,-1.44629826825519,0.155719438627819,0.511163328039059,0.0580927556836273,9187.53698605426,8.79908900901259,1.62898968067874e-18,-0.282932824974688,0.266820584996139,32.805144808402,-1.0603860454724,0.296714012512576,0.0239604047514129,-0.541905245197963,0.408318772770391,0.269612039165232,0.953206484014731,0.0444370593167442,0.565865649949376,0.533641169992277,0.288969008017896,227
0,0,0.00534504974616131,0.0810082438848949,0.00454471300224019,1.31219017737425,0.726591528658974,7.97988095513206,1.8059530363588,0.108654712293117,-0.398272188509621,0.217247715325749,38.1269375643021,-1.83326295474471,0.0745798234821791,0.468748665456539,0.0586938151153667,11869.0540084101,7.9863383311373,1.51799148955892e-15,-0.12037313098238,0.304193988234201,34.2983442404036,-0.395711735399924,0.694768502987725,-0.260256010262672,-0.501002272227431,0.457896807573902,0.290181205260066,0.569781974901766,0.0842547606042092,0.240746261964759,0.608387976468402,0.692317697127225,228
0,0,0.00376073390467298,0.10983140773403,6.95690149809362e-05,1.76472464095227,0.669450612243763,10.1102642852719,2.6360789110903,0.0246894157031923,-0.466035293460431,0.223676852190964,35.1836788322498,-2.08352043984665,0.0445330772113968,0.448508485136759,0.059269778280705,15169.3080847245,7.56723743781523,4.03112748249926e-14,0.0172878866436212,0.344930703700436,36.1055558016939,0.0501198833799246,0.960303103408752,-0.485857059539343,-0.451281286252101,0.510930810288943,0.30990372172965,0.341642272254359,0.145337797310797,-0.0345757732872423,0.689861407400872,0.960026855003542,229
0,0,0.00351347343005948,0.116388698259763,0.0011673664303776,2.18057201161305,0.627872736901982,13.5097129438795,3.4729522138074,0.00391283372581028,-0.477091706213489,0.2345793366384,31.4032558250635,-2.03381812332822,0.050491984655735,0.461247680978689,0.0597747951868999,16887.561953482,7.71642428111196,1.26290462553195e-14,0.0729268244331654,0.353968886360527,36.3186711088882,0.206026086594762,0.83792111090266,-0.560707389529271,-0.41485374066294,0.548917276866118,0.292524046054474,0.307027623839956,0.15613623481178,-0.145853648866331,0.707937772721055,0.836770534249825,230
0,0,0.00320421784220191,0.0842667872610981,0.00627029439518221,2.54860167072295,0.595373510030026,18.3240727570586,4.28067696628696,0.000434076606123238,-0.430162291892583,0.252407714220026,31.5625407684508,-1.70423591537938,0.0981642091703795,0.471421516367515,0.0601612071682743,19101.6056176904,7.83597169267103,4.89490874824375e-15,0.174910067591502,0.365068544562442,36.3798686785489,0.479115689907338,0.634723813906203,-0.630708866272445,-0.280888731089441,0.586899061360379,0.286752029566509,0.282533143744524,0.327306951974061,-0.349820135183005,0.730137089124884,0.631856328429234,231
0,0,0.00258058250563595,0.0803779713895432,0.0107979198254222,2.83960428647359,0.570192800966573,24.5634920472227,4.98007740830818,4.1109320798761e-05,-0.471587883703072,0.284683273648809,31.3959550816344,-1.65653527043824,0.107575548973956,0.457334047968581,0.0605869713543803,22022.6031991079,7.54838932769193,4.57775157471816e-14,0.238534909208859,0.378720627963789,36.3421731933893,0.629843984182626,0.532736880240251,-0.745084770249196,-0.268014951831478,0.636215171234004,0.291374137723566,0.241550255884576,0.357661103545994,-0.477069818417718,0.757441255927577,0.528796665085219,232
0,0,0.00284208590044002,0.068165978430826,0.0125107931322225,3.08701297266317,0.551184714091789,31.2089581011664,5.60068683644425,3.75365210780514e-06,-0.48169275988711,0.311663033079311,32.6543122615583,-1.54555628599215,0.131849307466419,0.481389072854227,0.0608010492012937,21993.6367989283,7.91744680688806,2.53848605513746e-15,0.248145869788991,0.370678366555434,35.3726124186552,0.669437151390602,0.507563037210834,-0.766209282108791,-0.269917542530809,0.654227490797233,0.29219129735833,0.241531881593328,0.355606099567418,-0.496291739577983,0.741356733110869,0.503216659344046,233
0,0,0.00289437577816188,0.0516567850708896,0.0143015146855067,3.25367161555713,0.538729212311246,37.3395771352137,6.03953069780324,5.36401730939933e-07,-0.455788182126783,0.336409926592886,33.6997503739678,-1.35485949164147,0.18447594223081,0.495535857103373,0.0610942864121733,22663.9304583286,8.11100163704727,5.27301696538188e-16,0.266104573007481,0.37344527675554,34.9955470516802,0.712566444324519,0.48083842612264,-0.760895608350538,-0.228686462335576,0.68520182385285,0.293231050407653,0.266796838398336,0.435458639453131,-0.532209146014962,0.746890553511079,0.47611408212845,234
0,0,0.00229141869318471,0.0454591956122168,0.0119010189273531,3.343511290102,0.531979800090907,41.3046952371392,6.28503429929228,1.65096495318142e-07,-0.460381101958011,0.355539165266863,35.2073089077307,-1.29488154030079,0.203788800831784,0.466812951539999,0.0613892714642368,25176.7745400442,7.60414548675573,2.96796501202963e-14,0.257999812835715,0.393086802549052,35.7666414575112,0.65634310580427,0.515804125593738,-0.756195856176092,-0.240196230504662,0.725227686536861,0.304550732861303,0.297086652660343,0.430292997100758,-0.515999625671429,0.786173605098104,0.511603388321043,235
0,0,0.00214924446128591,0.0388283185404994,0.00836845664518339,3.41564999844734,0.529348882713186,43.4040523696911,6.45254974552959,7.71483903830574e-08,-0.436274159745,0.368463985619258,34.704138955439,-1.18403474090358,0.244445877201469,0.472910874227551,0.0615047458196759,27448.6581852063,7.68901436669725,1.53225516755461e-14,0.228236664786415,0.411771867361177,36.4051180341068,0.554279402935078,0.582776845094215,-0.697963391823395,-0.241490062250564,0.754706130328048,0.31979795984774,0.355062255704173,0.450169054223136,-0.456473329572831,0.823543734722355,0.579387644168324,236
0,0,0.00206160700438484,0.0362594345489357,0.00540164310225432,3.48394964724938,0.529741575514412,43.7715940218989,6.57669665414925,4.89477677327198e-08,-0.424416640360101,0.374210518686382,34.1894360285667,-1.13416544743307,0.264615044209497,0.476688367225982,0.0615285314977055,29054.5302391582,7.74743611821385,9.681372945706e-15,0.190443013603346,0.425242519760551,36.9299377859256,0.447845652195322,0.656880843848946,-0.642772819158948,-0.261886791952256,0.768667686212387,0.336346992163772,0.403032958892096,0.436203073962271,-0.380886027206692,0.850485039521102,0.654264593534282,237
0,0,0.00211107612240362,0.0254145353251418,0.00568920335500453,3.54613010658148,0.534073575458979,42.6003337366205,6.63977824316427,4.47268401363453e-08,-0.355167378474954,0.373446684226717,34.6853978430689,-0.951052435263646,0.348158262835406,0.492207737591267,0.0616111478324161,30168.6989985601,7.98893958168228,1.4091811068743e-15,0.202036249995522,0.435807189664849,37.5612913029863,0.463590906223679,0.645616196966494,-0.586816010226576,-0.182743510235532,0.778961311648654,0.340297191139182,0.451250798485881,0.591259659934996,-0.404072499991044,0.871614379329698,0.642940870866835,238
0,0,0.00245900393283702,0.00949850717456256,0.00633285035403315,3.60970420190852,0.538634291132465,39.4981265866492,6.70158632923129,5.19537412743758e-08,-0.207316464582393,0.351126970787187,36.3528938164745,-0.590431615428495,0.558554215768004,0.52472300661381,0.0617107457939499,29329.8709639807,8.50294385301779,1.934868377542e-17,0.212178745026531,0.432991585832939,37.6778875391652,0.490029718749307,0.626954253270669,-0.450594173277054,-0.0262366832239913,0.739779855052622,0.357364945926217,0.542463297064489,0.941474243321656,-0.424357490053063,0.865983171665878,0.624112869265622,239
0,0,0.00307895590525503,0.00288218183614011,0.00550117826141818,3.70923779299199,0.545469686596602,35.0824476493415,6.80008052534571,6.84916646421041e-08,-0.111946426374445,0.330963529215296,39.5808658876866,-0.338243995161239,0.736966975519592,0.561414149562929,0.0617761244326533,26741.310366234,9.08788232863276,1.07787366768291e-19,0.19088389448336,0.419061169698401,37.5087237300184,0.455503655040956,0.651372968985008,-0.330808105808069,0.0509596831586515,0.686476374867031,0.374229089461925,0.629882014819146,0.891684972606046,-0.381767788966721,0.838122339396803,0.648746938647844,240
0,0,0.00407388905699826,1.56410760238972e-05,0.00469101636905046,3.86988361644862,0.562010403814233,30.4923854366669,6.88578643773252,1.10882509254292e-07,0.00834126559142904,0.321462256731124,43.0457719992166,0.025947884757139,0.979418828034452,0.609148610889794,0.0617799053362463,23766.7588855392,9.85997967420656,6.86701299949666e-23,0.167335476179663,0.400039515757653,37.1245533774202,0.418297367105694,0.678139627851037,-0.183520512190451,0.151150440168875,0.642122952074932,0.382756508343214,0.775029193820489,0.692916892406519,-0.334670952359326,0.800079031515306,0.675729714414381,241
0,0,0.00518901766392407,0.00181864289513833,0.00848111492680654,4.11171156182388,0.588684157246974,26.4026278279838,6.98457995039753,1.87525076229543e-07,0.0928739833492351,0.323374173528094,45.273024208236,0.287202847203153,0.775267485644631,0.654902876168838,0.0618625995804564,21485.8671287071,10.5864105390058,3.99603400508096e-26,0.216274357356031,0.38529885856022,36.8351682333804,0.561315852749219,0.577981475711345,-0.155099630126546,0.277449084585515,0.6113101819476,0.397040607802642,0.799714395901348,0.484681581455109,-0.432548714712061,0.770597717120441,0.574582236484166,242
0,0,0.00681700664408856,0.00816819486882593,0.00838283453779386,4.36296280898671,0.618136116133147,22.4009254675712,7.05825577104271,3.98738538537412e-07,0.204873646371515,0.330274042895031,46.7234872698323,0.620314102118611,0.538064990888986,0.712250976939484,0.0617532622020824,19381.2531776096,11.5338194540833,1.12214412602489e-30,0.202999083916615,0.365501245881855,36.489135548816,0.555399157195301,0.582011031501636,-0.0278789415287201,0.378119226304509,0.589294090977383,0.399765133246947,0.962266918124844,0.344223344341212,-0.405998167833229,0.73100249176371,0.578621668942047,243
0,0,0.00874509345881717,0.0245471330074441,0.00729812033833817,4.62841913606561,0.650763586158167,19.1546825061253,7.11228967710047,8.76096266881136e-07,0.366990682021078,0.337049224797969,47.1117160311911,1.08883407828947,0.281765691303489,0.779065184026851,0.0615974400654923,18131.8935370236,12.6476876831006,1.64339916842827e-36,0.181616462555166,0.352956268827158,36.0144220213006,0.514557973877788,0.610005479849393,0.158754758737971,0.521987683848304,0.578713203750381,0.40188754869833,0.783835857685898,0.193998792808783,-0.363232925110333,0.705912537654317,0.606861938946333,244
0,0,0.00980099698103521,0.0374792393908111,0.0136324892979583,4.92726090987563,0.686550001466545,16.7617478297702,7.17684203532221,1.68151938954043e-06,0.451962389719612,0.336066922039677,46.4485747750873,1.34485830077097,0.185201335721303,0.840093225373391,0.0616243129553879,18775.9972739642,13.6324964139002,4.07271569843967e-42,0.253824994286838,0.360251640144083,35.9186851322901,0.704576929019174,0.485617206383815,0.160934355729609,0.668584344303285,0.585919263979587,0.403725751612422,0.783569897555932,0.0977145459312875,-0.507649988573676,0.720503280288166,0.48107356016549,245
0,0,0.00997726351376649,0.0526534988425106,0.0201364866468354,5.23927317688974,0.724941514759913,15.0461219552842,7.22716670271655,2.88758257879877e-06,0.52818507838015,0.33097318890631,45.8213886899259,1.59585457699918,0.117396076781415,0.895599945698801,0.0617060569942747,20902.885954693,14.5139713882853,1.68273588649406e-47,0.330845536400982,0.380951513277503,36.7022797579747,0.868471511123725,0.390779918670865,0.148847628639731,0.810538701441695,0.602840000065041,0.410223993857785,0.804977358070159,0.0481724249641963,-0.661691072801965,0.761903026555005,0.385136261660533,246
0,0,0.0107794260108606,0.0762199135622374,0.0192373141234396,5.54876064132017,0.758840576501822,13.6484040701192,7.3121559562608,4.45006351302618e-06,0.639646045256115,0.329963282047137,45.5458019040782,1.9385370435391,0.0587696848858016,0.957235051886245,0.0617439391392502,22056.9787330455,15.5033038907253,6.3463502261722e-54,0.336651913014531,0.393793965030564,37.2600607520292,0.854893530398318,0.398073817961001,0.253651180334049,0.926955006363111,0.609760927611367,0.42172900822925,0.677421242447186,0.0279500105996678,-0.673303826029061,0.787587930061128,0.392610092535119,247
0,0,0.0108692054275479,0.0921839442113443,0.0156244148135683,5.82382678638142,0.78741764789268,12.3986669775323,7.39610904323442,6.88553016269849e-06,0.713933250170009,0.333785498274016,45.0529115647257,2.13889834597882,0.0378994543098955,0.995094452523813,0.0617369696087329,23642.5284346851,16.1182911767515,3.87559863811746e-58,0.312028948402128,0.404321942466947,37.5225397109534,0.771733897246094,0.445105384087184,0.356170329081083,0.980228225885339,0.630839839322452,0.420901395362232,0.572347854155478,0.0198655012606242,-0.624057896804256,0.808643884933895,0.440272049832335,248
0,0,0.0106187978204895,0.109192576342334,0.0150306887808037,6.10753367906509,0.812815715527275,11.578882264098,7.51404477348611,8.75491841331576e-06,0.777206286004611,0.335050930355583,43.8976899893944,2.31966610323922,0.0250730348127675,1.01050684602904,0.0617462680417592,24954.3001935791,16.365472409533,6.92376853012526e-60,0.310977717418538,0.411735681168128,37.3822424869749,0.755284838409605,0.454810809478635,0.420648674453001,1.04260410929008,0.655055398876905,0.407165005636825,0.520770987034845,0.0104478738816385,-0.621955434837077,0.823471362336256,0.450078093831299,249
0,0,0.0105549097198964,0.125428572603039,0.0119098327041042,6.37599149617731,0.835676698527903,11.0279831273094,7.62973468975385,1.00686781164769e-05,0.837986698152828,0.335397347134218,43.5265061638625,2.49848934499022,0.0163242585955118,1.02704932712539,0.0617814091741983,25906.2265919258,16.6239219994082,9.77437640365751e-62,0.278657406889843,0.415551981662513,37.3062317566842,0.670571719511503,0.506623808263984,0.518486573621126,1.07580138740081,0.675541475152906,0.388957273760663,0.442776822592965,0.00567728924068364,-0.557314813779687,0.831103963325025,0.502493403522249,250
0,0,0.0102572399702621,0.140624653249613,0.00689864642207868,6.65188447665465,0.850303200934504,10.6996248225543,7.82295594012121,9.55278440850087e-06,0.89972330213046,0.337152000531452,43.5198992488568,2.66859843842607,0.0106605611499356,1.02310757163837,0.0616950304976007,26535.9138456973,16.5833060359401,1.87695298282488e-61,0.214498121105601,0.419505426180969,37.6358307335756,0.51131191092882,0.612119523072219,0.653786267224558,1.08278250943576,0.679542176131464,0.393631729892201,0.33600030575356,0.00594589887349569,-0.428996242211201,0.839010852361939,0.609132665976779,251
0,0,0.0106941245183662,0.175401716644415,0.00347370844041018,6.91182318043499,0.861491404319779,10.7231569591551,8.02309012693221,7.45705086256516e-06,1.04215500822816,0.345177485192636,42.8536981337814,3.01918593458248,0.00425793545181775,1.0636844421785,0.0615398891218048,27637.4231029494,17.2844712162736,1.38013165319999e-66,0.155399553398304,0.427458039468389,37.9147285485618,0.363543410229381,0.718218294882649,0.863978597211183,1.17477770400779,0.687282996557114,0.410023570969784,0.208719986254706,0.00416816023362215,-0.310799106796607,0.854916078936778,0.716198991160423,252
0,0,0.0117331044980813,0.213946588109894,0.00211737783440647,7.14313832427654,0.871320237301943,11.0261012364662,8.19806314426413,5.09425701787552e-06,1.16475764121461,0.344714416663217,41.9468096101541,3.37890608837683,0.00158193790669742,1.12160985368291,0.0614854630436462,28028.5121948638,18.2418704871218,6.4347334126097e-74,0.123460574818535,0.433256307697169,38.26906909478,0.284959670811831,0.77721154710016,1.02320149357964,1.27012264321671,0.681753302847735,0.426280761263637,0.133397380150086,0.00288676974415905,-0.246921149637069,0.866512615394339,0.775675039489841,253
0,0,0.0120855300407676,0.242595922231031,0.00240048113095374,7.37395411120775,0.872498771177835,11.3713857794928,8.45153523970382,3.08485470333571e-06,1.24915495621236,0.34344606760009,41.3009153482103,3.6371211495916,0.000758169420432004,1.13807898095272,0.0615636048815061,27935.1086571469,18.4862303489736,7.56228455723683e-76,0.131675542670424,0.434467681383447,38.1727295799411,0.303073274060657,0.763479608046153,1.09817977579086,1.36153086113171,0.676490345506961,0.432790606793304,0.104514867761104,0.00165557130512961,-0.263351085340847,0.868935362766894,0.761834021080997,254
0,0,0.0119867774468275,0.242817967162022,0.00627627771910723,7.63631957408612,0.869332736117923,11.8542929595526,8.78411597403629,1.55756159189592e-06,1.28517248369663,0.353758281350094,41.1556141998428,3.63291137324577,0.000769871269718847,1.1273949961435,0.0616062783795641,27603.3996060283,18.300001652388,2.28011983528599e-74,0.209119155429749,0.428847115003344,37.6483677432134,0.487631018406451,0.628638890330993,1.0454028075646,1.4636411184241,0.680264691153458,0.433307187708201,0.124352365470563,0.000730583310904102,-0.418238310859497,0.857694230006687,0.625811220582941,255
0,0,0.0124956909696187,0.231087540581742,0.0119997952197689,7.87072919230898,0.858206136117785,12.3554089911585,9.17114066314338,7.22701864162091e-07,1.32112335664589,0.377654656199247,40.7190298273791,3.49823134697134,0.0011479031119613,1.11835726429176,0.0615661033997836,26076.9332038409,18.1651461199296,2.76087636133038e-73,0.272124515806539,0.408183208679242,36.5938638469135,0.666672489265426,0.509163182894421,1.00911364673465,1.55336267834773,0.686986446757535,0.426473580435143,0.141860208802771,0.000270168695310319,-0.544249031613079,0.816366417358485,0.504981355065945,256
0,0,0.0123709181420541,0.235129664221982,0.0242232163938427,8.07943205691397,0.839937257650593,12.9102586980129,9.61908997764086,2.98532509348324e-07,1.37489892771408,0.393027010238504,39.8086220791821,3.49823012642245,0.00116788268536693,1.07903549085693,0.0615502692767233,24535.9840606407,17.530962959816,2.173043053509e-68,0.371310236891443,0.393473791830391,35.8724382231194,0.943672093544412,0.351649950564707,0.949165880633766,1.69178635441665,0.683336275575333,0.431440747180115,0.164827501857535,8.80913833315895e-05,-0.742620473782887,0.786947583660782,0.345337238821812,257
0,0,0.0121448501696393,0.235400123941276,0.0509947274295553,8.3058751197422,0.82075190339572,13.4905519431233,10.119836561302,1.12625441870699e-07,1.37969665826455,0.398065039065885,39.019948164238,3.46600812144216,0.00129986083762557,1.02212015918891,0.0616028667786039,22392.53019252,16.5920875543396,1.85160575916873e-61,0.523490499729495,0.379386125530656,35.4321961051841,1.37983564632807,0.176282976250765,0.779478341007132,1.82645934046612,0.658068979410296,0.446920016638762,0.236217820497455,4.37420267392061e-05,-1.04698099945899,0.758772251061313,0.167637254501359,258
0,0,0.013545328602859,0.25143028017807,0.0684105409577918,8.49164291406089,0.796407260047797,14.1708513517985,10.6624378506435,3.73127775457714e-08,1.46668868375952,0.414140376983097,37.3418138541319,3.54152544710554,0.00108679723435981,1.02760547125301,0.0615949174326339,20269.855352118,16.6832835254126,4.50036055952947e-62,0.574118616341899,0.357110793890517,35.1964487135795,1.60767645829802,0.116841200549287,0.808421704731334,1.95665893741513,0.659135461665493,0.43984595475313,0.220015105120175,8.64681987355588e-06,-1.1482372326838,0.714221587781033,0.107906057112545,259
0,0,0.0132425711003271,0.284745835925895,0.0654730480213085,8.65583228669836,0.771885677310753,14.9892302524342,11.2138786106969,1.09322108521642e-08,1.58608759928197,0.431318695802159,33.9672811312751,3.67729851434377,0.000808600319004949,1.03638220385764,0.0617734625087087,20973.6538083323,16.7771428339724,9.20658753307991e-63,0.571554231922912,0.360023621323569,35.9734565152105,1.58754647770523,0.121140905711808,0.930760865590729,2.07386932943655,0.684111658298337,0.444288249682507,0.173659293371821,3.04373229984813e-06,-1.14310846384582,0.720047242647138,0.112388929194876,260
0,0,0.0109735477981757,0.293285420068818,0.0679596318926455,8.79882386671712,0.748628790702786,15.992531644407,11.753253382704,2.79324807331114e-09,1.58023635791168,0.440487044204899,31.0121159071302,3.58747522475738,0.00113206791843671,0.993489285245239,0.0619792383721802,23157.6642236051,16.0293884103483,1.62518652111438e-57,0.624221968726675,0.37948124910596,37.1091631049319,1.64493494789878,0.108429152407256,0.86452239584773,2.11296633330108,0.708002722317285,0.459498329424908,0.222058708892082,4.25707009346367e-06,-1.24844393745335,0.75896249821192,0.0999832269458818,261
0,0,0.00935388467820356,0.287681919283324,0.0801991524613037,8.91847799276143,0.722007998758254,16.8641388874691,12.3523257472215,7.12553067607187e-10,1.51792560907048,0.437378283610197,29.8227676447654,3.47050977597985,0.00160551421065572,0.932137250712637,0.0620578667912737,23894.204244446,15.0204526663445,9.19983553536472e-51,0.708842755128077,0.390824838894235,37.7276297589455,1.81370958185159,0.0776826119040192,0.705188021849825,2.12287353210598,0.717248716946008,0.459874093290325,0.325516504262352,3.90819089656623e-06,-1.41768551025615,0.781649677788471,0.0697224491195133,262
0,0,0.00820798724418004,0.310455177485711,0.0701023498844993,8.99005887984738,0.696074477259734,17.932740827198,12.9153692220392,1.60979127689124e-10,1.59906492403496,0.446168263909371,28.5297809912937,3.58399521746301,0.00124204444654337,0.908139018560882,0.0621355031943209,25811.2457358602,14.6154609180647,3.48818923174031e-48,0.696109005357267,0.408513350835445,38.5163007700463,1.7040055213218,0.0964363067046533,0.800927467788528,2.19314547850306,0.748352280121091,0.463933208745726,0.284504725264642,2.27539422363774e-06,-1.39221801071453,0.81702670167089,0.0883800557413996,263
0,0,0.00727004604719559,0.330855854828595,0.0701072113476226,9.04242224511371,0.670684404229222,19.2565134740116,13.4823803686111,2.92128246523804e-11,1.69623019899189,0.452223906006403,28.4540051831636,3.75086362410897,0.000800883028460136,0.8493055480203,0.0621753787386218,25479.15424146,13.6598371453543,2.48694029889911e-42,0.694902536785178,0.406565029445618,38.7487717592839,1.7092039070176,0.095412003115775,0.899476042989761,2.28928111656012,0.750377425297337,0.46877934908398,0.230645331715396,1.04222347518266e-06,-1.38980507357036,0.813130058891237,0.0874131854138313,264
0,0,0.00650974316744349,0.328156561074978,0.0670125816457457,9.05449201224025,0.642581361400143,20.4433818911169,14.0908102166411,5.41435922348306e-12,1.70984924138166,0.449359532151366,29.6424919840208,3.80508060704875,0.000659830162090881,0.788345016845256,0.0621168046283254,24581.8292450309,12.6913324270671,8.61772314013351e-37,0.671782466306842,0.403142670763098,38.6597667554452,1.66636408156756,0.103724311964112,0.939603856416542,2.28316878903023,0.732570423203724,0.479765564565931,0.199627928711703,1.9462582748044e-06,-1.34356493261368,0.806285341526196,0.095640920326901,265
0,0,0.0060669780462084,0.311566965516944,0.0596723653020582,9.04196116392495,0.617445102441117,21.5155631382778,14.6441539955161,1.14893595494284e-12,1.6832620012358,0.436127146580431,32.9145177471451,3.85956713411182,0.000501849680716474,0.745999292570114,0.062155272208455,23599.6510756349,12.0021884880207,4.32021369663391e-33,0.627610984323489,0.400787775551628,38.6418655662184,1.56594343093342,0.125515458913171,0.963662296756791,2.21888426540377,0.703652307004509,0.487256999969901,0.170838390301502,5.26785886250953e-06,-1.25522196864698,0.801575551103256,0.117361861057665,266
0,0,0.00585573993465171,0.306045789877345,0.0604349356998127,8.96760893129918,0.59602307035959,22.258138024311,15.0457413097934,3.78362379147387e-13,1.68268509303464,0.430438483210491,34.6519688519544,3.90923478886942,0.000410389872476151,0.711675444739029,0.0621325487004261,22273.7455371888,11.4541485843498,2.72517882288876e-30,0.611964083074686,0.389733682669571,38.3314087324547,1.57021091654921,0.124585176089762,0.981025650590377,2.20495381673975,0.685517748308275,0.482344649480674,0.152409415756129,4.84651557616367e-06,-1.22392816614937,0.779467365339142,0.116366050708495,267
0,0,0.00510618767945771,0.295410162749446,0.0618060380505292,8.85450190240258,0.576244799164538,23.442167263676,15.3658686642208,9.81108409165e-14,1.65342948273075,0.424801600829772,36.1334981360336,3.89223929359276,0.000410667962499759,0.653539675797074,0.0620428814053231,21619.2167018753,10.5336770471302,6.98163973839439e-26,0.607070235144395,0.382917540666094,38.1530345961508,1.58538110865431,0.121134474055035,0.957381177778286,2.17152164806708,0.663267166376267,0.487438533333142,0.148898761976472,8.39068479421944e-06,-1.21414047028879,0.765835081332189,0.112879770735765,268
0,0,0.00379943486568451,0.285236187137054,0.0686855379232764,8.71851273641992,0.556885651870185,25.23571528442,15.6558401300888,1.66416771957643e-14,1.62146990890812,0.416985496483847,37.8908041264666,3.88855229397871,0.000393720532717481,0.552463054242503,0.0619286871920695,20866.5433964864,8.92095536482245,4.99575355208451e-19,0.628053493987259,0.376248469118705,37.7811203417143,1.66925195857504,0.103334517756384,0.901362836280314,2.15746982425483,0.638998267116623,0.49091964322215,0.158366340376077,1.10899557641993e-05,-1.25610698797452,0.75249693823741,0.0950674567741708,269
0,0,0.00245867735693057,0.291784806469923,0.0551517846746971,8.53804276440772,0.533479504393812,26.539555512474,16.0044438335254,3.73527694918546e-15,1.64525881177635,0.412714814319041,38.5718882993094,3.98643022904555,0.000288878686116438,0.45266612669213,0.0618230216868881,21751.2836484368,7.32196703332822,2.52864199057162e-13,0.56019789825856,0.378821271552876,37.4642214458576,1.47879208567718,0.147555411213251,1.00295290556097,2.12334870207809,0.647476221097216,0.47960282586574,0.121377176106186,9.54171091603194e-06,-1.12039579651712,0.757642543105751,0.139195891730353,270
0,0,0.00153755422248211,0.294491440017986,0.0458748064549108,8.36449013054903,0.514228963260225,28.257184143449,16.2660813142806,7.00465631328393e-16,1.63379426394246,0.397913288048253,40.3875455646832,4.10590526382304,0.000190719216809427,0.354818733614613,0.06169773031962,21477.1179262183,5.75092036249152,8.99634416340226e-09,0.503084127783959,0.378002430165857,36.8403006637153,1.33090183458138,0.191400059222237,1.0569732733544,2.06314152892232,0.632858486793713,0.471128748234048,0.0948882295599997,1.1914534425233e-05,-1.00616825556792,0.756004860331715,0.183221313523446,271
0,0,0.000903880799448619,0.29412492488409,0.0439322845667283,8.1754315005941,0.503559027153857,29.9981685962879,16.2352992593581,2.103823983296e-16,1.63224819585368,0.391970893295975,41.616042160115,4.16420765870791,0.000153602755012571,0.25963556526833,0.0615672817838445,19657.3294555403,4.2171029440585,2.48567985796101e-05,0.462529957109931,0.363718495271204,35.1928004009665,1.27167016009194,0.211830279020645,1.10192538640227,2.02698530062213,0.616691853823192,0.45905051133667,0.0739644758197939,1.00728309837253e-05,-0.925059914219862,0.727436990542407,0.20349033707891,272
0,0,0.000347461319377182,0.28561766919163,0.0474664298964969,7.99941962822556,0.494818963906949,31.3943387054831,16.1663562064486,8.96512603931977e-17,1.6143468058692,0.392995941803653,42.2049295494853,4.10779510460124,0.0001796663148492,0.156914010049301,0.0614279237007568,18773.0302087145,2.55444105214593,0.0106436653880766,0.459325055103555,0.352543351192908,34.0650426338577,1.30288956960705,0.201351383687106,1.08769863977853,2.00634874998564,0.61968649553695,0.442394321220495,0.0792182327602007,5.75476777108184e-06,-0.918650110207109,0.705086702385817,0.192612465387951,273
0,0,5.41379494271716e-05,0.275448011899367,0.0413687813970043,7.8461170152385,0.483540358057835,32.0150796931271,16.2263953452672,5.2865747978176e-17,1.56834253445346,0.388463668806552,42.8756717392216,4.03729527466947,0.000219213281200218,0.0633823918478937,0.0613630260134542,19705.996333599,1.03290851129142,0.301659391326307,0.429524873426484,0.354359816978993,34.0460348714605,1.21211506735807,0.233813304662814,1.07586235213598,1.93491209898895,0.639916372823164,0.415643567633974,0.0927134701530566,3.2363551636795e-06,-0.859049746852969,0.708719633957986,0.225468336834283,274
0,0,2.33269246280629e-06,0.266933682140252,0.0429274420637454,7.67576301497777,0.473336706092456,32.2237589402952,16.2162851859591,4.67278063987917e-17,1.51248534595565,0.38160696261534,43.1409455230756,3.9634637051427,0.000273198578172373,-0.0133894820740185,0.0612568187193344,20481.4254888933,-0.218579455380572,0.826979835866918,0.448105787926758,0.35686451662221,35.1531481571799,1.25567482070833,0.217516254263891,0.998700851066652,1.89491242692017,0.641758844348725,0.405995241431988,0.119662120297684,3.05143944670126e-06,-0.896211575853516,0.71372903324442,0.209233891867941,275
0,0,3.93479480745025e-05,0.272330786744213,0.0387327111253611,7.48350713172564,0.464499874523864,32.4123645284626,16.1108916108893,4.96912718766889e-17,1.49609714973227,0.373189863170614,42.9434739328731,4.00894369697358,0.000238780851021243,-0.0534431944580189,0.0609950009396013,19509.994879907,-0.876189747270265,0.380937676816601,0.417151858009168,0.347896223688391,35.6824940766219,1.19906980761829,0.238403185120949,1.01780349132882,1.85210720734716,0.619086252433393,0.405265109306175,0.100167630302886,4.87462091358503e-06,-0.834303716018335,0.695792447376782,0.230500802869491,276
0,0,0.000110365155929061,0.275185618632462,0.0241468826944584,7.29297847534946,0.456238084013504,32.5206390601886,15.9850278415898,5.80239661356248e-17,1.46343471536912,0.362016350583179,43.0418968373091,4.04245474827764,0.000214805896978963,-0.0898568928339916,0.0608025144669543,19786.9929815687,-1.47784830317878,0.139464302591878,0.333394777209532,0.349203679442952,36.8369227683648,0.954728706585685,0.345938530217205,1.08117438349582,1.74796393791488,0.604881554360548,0.405471488034766,0.0738704336803288,1.62560779174133e-05,-0.666789554419064,0.698407358885905,0.339714908885205,277
0,0,0.000146111115911439,0.280187057908126,0.00726314207800003,7.1226719232567,0.453152054228615,33.1347337024677,15.7180616457347,6.35916508950601e-17,1.45213508085073,0.357213730075777,42.4550471812998,4.06517151662306,0.00020346824201121,-0.10729381388286,0.0606479220193337,21417.599744919,-1.76912597019657,0.0768870836956548,0.190650628815663,0.362921898237359,37.7189629192755,0.525321370084352,0.602434441781665,1.23354085675127,1.6148421143826,0.607055380546818,0.416047324128818,0.0421529349455651,0.000103860931958553,-0.381301257631327,0.725843796474719,0.599359804060675,278
0,0,0.000197121744551069,0.286707380712709,0.00529602621703889,7.02477344219164,0.451916030520607,33.1483307427248,15.5444219008985,8.7292972592728e-17,1.41341910212164,0.350347917640665,40.4922294304015,4.03432996445355,0.000236321366009475,-0.12216756753686,0.0604657202239937,20704.9049769308,-2.02044343612039,0.0433502610481504,0.162443275679745,0.362815153256071,37.6509872823118,0.447730129852362,0.656913578431437,1.2271665729379,1.55205312429739,0.579126802737325,0.434911219032902,0.034090922551177,0.000358802720275471,-0.32488655135949,0.725630306512142,0.654347974129083,279
0,0,0.000325118141979238,0.280991947659447,0.0117322624911305,6.94859168411182,0.44884791170144,32.0213982267189,15.4809491209882,2.01153715587134e-16,1.31022226670964,0.338122505594257,38.4221509677829,3.87499277638113,0.000403594986631287,-0.149875366853388,0.0602433695561965,19030.9112514826,-2.48783173911912,0.0128609440766616,0.236732894754369,0.355336688411785,37.3878044823315,0.666221368281647,0.509359858170274,1.03879151523971,1.51225730474845,0.53964808684852,0.445168042074034,0.0542365573070193,0.000681169627463994,-0.473465789508737,0.71067337682357,0.50526961667957,280
0,0,0.000457424280735044,0.277828305221596,0.0129155788940645,6.85522738944653,0.442051700929291,31.0364627699619,15.5077502813253,3.63021681445975e-16,1.23301476882865,0.339367277708521,34.3131509187994,3.63327536218052,0.000905468032538251,-0.17409945855244,0.0601293431950413,18319.0945772047,-2.89541593673682,0.00379103877760441,0.251278696065698,0.358175165142772,37.6149787576999,0.701552537752126,0.487276407899233,0.944906243090116,1.44746363522151,0.513301373674918,0.473023914207915,0.0656448542537019,0.00221320653424041,-0.502557392131397,0.716350330285543,0.482958259458943,281
0,0,0.000511859752769201,0.267531130768847,0.0152789449697145,6.79620054499045,0.438988165306936,31.0742637432082,15.4815119907358,3.71095818782739e-16,1.19279189952035,0.340785119638748,33.5415371935742,3.50012905723342,0.0013359536101433,-0.181710322910039,0.0599215483519985,17956.4222434257,-3.03247042020032,0.00242906959114533,0.272787449186417,0.355092500828208,38.0351931212431,0.768215179284765,0.447102967956967,0.880022090318041,1.42559698869088,0.501692214154782,0.480053572744637,0.0794120837540395,0.00298127298584219,-0.545574898372835,0.710185001656416,0.442359356898887,282
0,0,0.000499368963494794,0.242106924502173,0.016671844739018,6.75252843980797,0.438857892371426,31.2326674633278,15.3865945154132,3.96842515552913e-16,1.12366926123272,0.339534384460225,34.2854778078281,3.30944173156153,0.00220566150308931,-0.178348822806473,0.0597586265376262,17827.9252889413,-2.98448664468849,0.00284439714367657,0.283889078407281,0.352097210135009,38.3430820792321,0.80628039710518,0.42505390748398,0.798170660938305,1.36594881775287,0.497733067795436,0.477804221065942,0.10879963029504,0.00425240878292779,-0.567778156814562,0.704194420270018,0.420081190861686,283
0,0,0.000620690976132644,0.212098960094936,0.0192867422012425,6.69623286552903,0.443513628988136,31.604551164305,15.0981445165649,5.29779587878413e-16,1.04138188461121,0.339483900360539,34.9554425912141,3.06754424438167,0.00415040169981096,-0.18848619658335,0.0596891503162651,16055.4776665466,-3.15779661101975,0.00159260745857723,0.289199325900294,0.336115023887386,37.644529455902,0.860417730083941,0.395005789559561,0.709794715725532,1.28819336752612,0.485445094517313,0.467392317778282,0.143699448949677,0.00584899829221683,-0.578398651800589,0.672230047774772,0.389558815799978,284
0,0,0.000658241206570268,0.192629570704021,0.0194130479360434,6.65923451944211,0.447019130658911,31.0253535951049,14.8969788152608,1.10235344617241e-15,1.01854035868732,0.351551799984839,35.1825824973604,2.89726964484679,0.00643666623634704,-0.189113533305459,0.0597177467838396,15225.3526675069,-3.16678949709863,0.00154435949196383,0.279995597047566,0.325800534445025,37.3070752004515,0.859408034810367,0.395604247659278,0.697505905939438,1.25749710003457,0.487771653924132,0.468682777144836,0.152721467005627,0.00729551179543854,-0.559991194095132,0.65160106889005,0.390115438375839,285
0,0,0.000844504539126468,0.180779812336264,0.0146657843643483,6.59601524278467,0.450334786243678,30.416015817298,14.6469147937764,2.54509502386185e-15,1.0234555617639,0.368963020690642,34.8676769144598,2.77387029152175,0.00883749298740205,-0.205644569584413,0.0595951174070255,14087.8339838823,-3.45069493159804,0.000560784067141845,0.232069009747822,0.309524038864025,37.7679836617648,0.749760860576554,0.458043915878987,0.757372279277568,1.22151029877321,0.482582274480197,0.477120529467347,0.116551068979345,0.0104620572392655,-0.464138019495644,0.61904807772805,0.453398745332953,286
0,0,0.000746666778697325,0.1950415903955,0.0121768115514961,6.50942233222866,0.456735598795017,29.4882487479346,14.2520581916587,9.2412235730479e-15,1.09981774049369,0.375644982429664,35.3779341576544,2.92781160919572,0.0059347262176936,-0.176938075308729,0.0592762257260389,11924.2284567397,-2.98497539513558,0.00284176444018339,0.192001354941788,0.279410053139109,38.3062962387349,0.687166953317163,0.496117024125993,0.879674814817193,1.26367752470077,0.465443377048431,0.467060395828691,0.0587617438664418,0.00681815923898254,-0.384002709883577,0.558820106278219,0.491977526559902,287
0,0,0.0007187878023702,0.206487880289615,0.0232847816068772,6.45726069407283,0.461151622367147,27.3829032310468,14.0024676936556,5.28469630110047e-14,1.15239535858746,0.374468948794751,36.3940490516515,3.07741232563209,0.00395395842289348,-0.164067799521994,0.0590793424231435,10721.6697200089,-2.77707558670665,0.0054945665439306,0.251030065110747,0.259515577707088,39.2482592160108,0.967302492315438,0.339315952816155,0.864571905555075,1.36663203577657,0.452311814372493,0.455276469873953,0.0559466379238519,0.00268421113445105,-0.502060130221493,0.519031155414176,0.333392838155443,288
0,0,0.0004928186885432,0.213640175837819,0.0283790723579635,6.4043471260887,0.469860499020205,25.8804615825329,13.6303161032766,2.55362168868813e-13,1.20571322460012,0.382490253405064,36.5751143857904,3.1522717608264,0.00322860187807122,-0.134056659505513,0.0591216988581979,10427.5366892161,-2.26746967855313,0.0233819251281895,0.275571349116925,0.254708853885278,40.0754775881776,1.08190722432069,0.28576110692326,0.889751480238403,1.44089417847225,0.454097269808346,0.460916920862083,0.0500676899056596,0.00177112826373063,-0.551142698233849,0.509417707770557,0.279293754450943,289
0,0,0.000369689411308732,0.218477818533731,0.0341290752855951,6.36679283334519,0.483165273258314,25.4186656188603,13.1772566981264,7.28624335986495e-13,1.24940689456499,0.389279792621166,36.8483489989482,3.2095344229205,0.00275400920717507,-0.114276446428486,0.0592580053832341,10055.9197853108,-1.92845583798233,0.0538265691823347,0.297846981536068,0.247213207938279,41.0806812885236,1.20481823774735,0.235168606796479,0.907904586213341,1.50359854928548,0.464878342317107,0.455838273599369,0.0508203130555034,0.00097190725403929,-0.595693963072135,0.494426415876558,0.228273477812914,290
0,0,0.000406025161304021,0.215724747637637,0.0407348911160493,6.31206600353748,0.492477720504567,24.4734116762934,12.8169574799657,2.36945851930369e-12,1.23410452507403,0.382857699551101,37.7744074099425,3.2234026546182,0.0026115123068302,-0.116716178169852,0.059228030245017,9560.44747368301,-1.97062400500263,0.0487957047429385,0.316602420250808,0.240284254508317,40.8836746367455,1.31761617463723,0.194968456856579,0.871097799983971,1.50430264048559,0.465785783633536,0.43902700955108,0.0614604524171129,0.000611533806646064,-0.633204840501616,0.480568509016633,0.187632168259234,291
0,0,0.000410319462192483,0.202178923240747,0.0532405743444279,6.25410414358824,0.502985208453727,23.0548692340276,12.4339722887966,1.04878001374583e-11,1.20423472776187,0.383161528460493,38.9787696328558,3.14289049999453,0.00319243092052541,-0.120799569523668,0.0592943309021503,10111.2319941058,-2.03728700005091,0.0416472750789685,0.371515594025531,0.247093247920718,40.200295438179,1.50354409580927,0.140515003628376,0.778266224424901,1.52129741247596,0.489754209972561,0.426342204393425,0.112038827490276,0.000359367602719599,-0.743031188051062,0.494186495841436,0.132698794828421,292
0,0,0.000441548247708349,0.212530400958256,0.0567711612037973,6.1730701298081,0.514634826450545,21.9862458044536,11.9950493292185,4.0402018090088e-11,1.24445092299259,0.384473459188609,38.818214270045,3.23676678650036,0.00247559232837403,-0.130732594480575,0.0593795691875549,10972.9577156023,-2.20164269073165,0.0277112942337737,0.399807835915248,0.255864178623811,40.5670026192953,1.56257838852492,0.12592012175738,0.78604339387147,1.58565906570197,0.497401867129942,0.430621322533929,0.114038537333902,0.00023117673954498,-0.799615671830495,0.511728357247623,0.118151794805144,293
0,0,0.000303542423069276,0.222241293008661,0.0437414437734658,6.08118202036738,0.527033410386298,21.2634875576091,11.5385133096402,1.28282155941563e-10,1.28206149081096,0.386542866724326,38.4983849905046,3.31673819691854,0.00199521831350117,-0.114287332047027,0.0596654880428201,12083.6615028015,-1.91546798318329,0.0554564247474322,0.367716469780187,0.268129508588777,41.116786046126,1.37141365646608,0.177684424250954,0.860448948017254,1.59588188757763,0.503604762940194,0.441096515344234,0.0875288046139491,0.00029690218941563,-0.735432939560375,0.536259017177554,0.170246042694763,294
0,0,0.000179456912091013,0.231812037600015,0.0253192290540033,5.99246233237851,0.542175184852574,20.7354475950931,11.0526311417369,3.7832870752551e-10,1.33570049299895,0.384322246049043,40.0275158292093,3.47547014707159,0.00124121945602669,-0.0941396170227297,0.0598965675790675,13762.6748198198,-1.57170303454299,0.116042425810399,0.293908183299715,0.281053455229444,42.0976079689502,1.0457376624663,0.301649755951525,0.998714291149067,1.5865306577485,0.520394955139544,0.436918046943983,0.0549657633571806,0.000282121854296878,-0.587816366599431,0.562106910458887,0.29568216910863,295
0,0,0.000101055707822553,0.243593453826586,0.0191987643756071,5.90550648207415,0.551455329878914,19.8619216177354,10.708948054543,1.0658965981361e-09,1.42098622265263,0.392218624920524,40.7580102699222,3.62294427741814,0.000799156186142285,-0.0733334924086769,0.0599647974605703,14798.1442214132,-1.22294238476995,0.221370933475557,0.262214824406213,0.286727673523789,42.7250899749345,0.914508255110777,0.365582325905581,1.12033866410787,1.6447683129203,0.543053294319516,0.434921793384784,0.0391091785637232,0.000155725660040515,-0.524429648812426,0.573455347047579,0.3604498421786,296
0,0,0.000165679033691185,0.249754135544362,0.0183738428602738,5.84953435292677,0.557360332043395,19.280614266107,10.4950675830862,2.05901298609752e-09,1.45129679659937,0.396902679254493,40.1638497838537,3.6565558068929,0.000733682748439162,-0.0936403058600056,0.059930307114613,14733.0657932376,-1.56248666773765,0.118194862222343,0.252522565432759,0.280819429787731,43.2008412395254,0.899234663440626,0.373512789369397,1.16176208800027,1.66680721886578,0.555967482880782,0.423458107641465,0.0366517356208046,8.27889804965235e-05,-0.505045130865518,0.561638859575462,0.368527680496374,297
0,0,0.000257720570999219,0.252062251399905,0.012454497995938,5.79077822461474,0.565512044179764,18.825800941106,10.2398848693203,3.93973692581517e-09,1.42934955111166,0.391751125118367,39.5015407960457,3.64861632670432,0.000761880049202943,-0.115064185186424,0.0597618173615639,14380.4247881146,-1.92537961973741,0.054201580475554,0.203313447736891,0.275080881063027,43.315395576706,0.739104247998637,0.463830290719777,1.19623652319712,1.6028634186709,0.559003285187383,0.405296767324496,0.0323591774140499,7.66020508944865e-05,-0.406626895473782,0.550161762126053,0.459843697551813,298
0,0,0.000401952420456666,0.248511295501255,0.012649566448978,5.71639457499286,0.573817653344344,18.3415545188744,9.96204027825979,7.89328683390029e-09,1.39608045868643,0.381876686056982,40.4157767616247,3.65584103366319,0.000731209481776423,-0.138212480419658,0.0595791965364533,13383.0773717373,-2.31981108263341,0.0203660674296943,0.195436446177917,0.262958509095736,43.115391758345,0.74322160880051,0.461378330511602,1.17199896166539,1.56287185402122,0.551759421438218,0.38183327020476,0.0336607560572343,4.25691678233834e-05,-0.390872892355833,0.525917018191473,0.457347522797437,299
0,0,0.00064707268765988,0.240775762803461,0.0186643355364869,5.62833699635558,0.578147447831052,17.8893346750002,9.73512382951884,1.42777207639981e-08,1.34519527791185,0.364449694305697,42.9588635795466,3.69103143432331,0.000625133161460486,-0.171502081531244,0.0596036372189162,12786.7179459608,-2.87737610544369,0.00401661063309877,0.230249990280454,0.253895899443276,43.240719988047,0.906867699656939,0.369502920527267,1.08119762793332,1.54169760849423,0.535252737633194,0.358427099219849,0.0433858879040223,1.69809410541774e-05,-0.460499980560907,0.507791798886553,0.36447676388739,300
0,0,0.000591840653663639,0.249012842629142,0.0277107199047902,5.53207290790964,0.581012340233252,17.3964144096431,9.52143788493156,2.57113357755194e-08,1.38699182803524,0.368796226813188,42.6565404807833,3.76086230605016,0.000510615892797507,-0.164155069087128,0.0597040897798939,12765.5205841212,-2.74947779444097,0.00597742793638026,0.282811846212164,0.254723973019635,43.2517060567459,1.1102678827578,0.273018202310109,1.06272834947805,1.62835204190238,0.52887873979656,0.37389416031992,0.0444948485025358,1.32997116494145e-05,-0.565623692424328,0.509447946039269,0.266883608594343,301
0,0,0.000484682956013243,0.250434509930101,0.0214874349606089,5.41818313667085,0.583367827816645,17.4033909947867,9.28776473147198,3.69015917002652e-08,1.41458898273135,0.37828067215848,41.8550290304269,3.73952223004064,0.000553738877286029,-0.144408721939943,0.059758690985353,12042.4930203592,-2.41653087707925,0.0156839679388186,0.238556354999722,0.245927137099266,42.8500076963777,0.970028593889706,0.337476064810758,1.14106750709238,1.61818021709182,0.527326861807483,0.381915287375015,0.0304742215674206,2.26512551783034e-05,-0.477112709999444,0.491854274198532,0.332032239548704,302
0,0,0.000541002045854695,0.24968050561727,0.0159903757696742,5.28121104479211,0.584051077903014,17.5012844790651,9.04237873124701,5.20048385933858e-08,1.40589017240871,0.375429194611363,42.1413361800971,3.74475451719747,0.000541793577298099,-0.14881160388466,0.0598091334259677,11436.8032493301,-2.48810834333289,0.0128565861623265,0.198430921465737,0.240751100613462,41.8044787140394,0.824216051183614,0.414494767710375,1.17837530091525,1.57523714384672,0.519734042385272,0.379115095896251,0.0233739837785692,3.25235308426729e-05,-0.396861842931473,0.481502201226924,0.40981680830466,303
0,0,0.000652861906826022,0.252427985510436,0.0065290293656434,5.12397376123701,0.581642518056725,17.2961120500376,8.80948968166267,8.3502603931775e-08,1.4183292749427,0.375759938719124,42.1938072897334,3.77456223720241,0.000495068421890603,-0.164058364167118,0.0598589463271799,11498.3006990445,-2.7407492819937,0.00613939170486621,0.127322419450333,0.242796045677461,41.8439916197113,0.524400712932006,0.602766983969414,1.27234525347314,1.5269900923738,0.513363889330266,0.388262645956167,0.0131955669164835,8.39344167713691e-05,-0.254644838900665,0.485592091354923,0.599999860767219,304
0,0,0.00066654472775823,0.25885205508519,0.000901183466610321,4.97817500859996,0.577596669418393,16.9477886703306,8.61877374329859,1.33611128224991e-07,1.43978837770594,0.378549771210136,41.4194800127937,3.80343216983929,0.000462205476177711,-0.167628017852928,0.059964519721394,11716.1690475036,-2.79545335528006,0.005191131472032,0.0479296008743221,0.24481555228826,42.4937292973605,0.195778415326682,0.84571681784602,1.38483375217124,1.48069295391988,0.513942746950132,0.394533687526851,0.0070488144585247,0.000174716672856596,-0.0958592017486442,0.48963110457652,0.844783605203266,305
0,0,0.000860971006568677,0.266069932779592,0.000298062512440014,4.86605436980541,0.576216846609288,16.7373790930572,8.44483183447239,1.94901594829991e-07,1.42980461304748,0.368908747216923,41.4356696605153,3.87576771717678,0.000371961593810374,-0.193561998213347,0.0601321874326942,12024.4047358347,-3.21894157650593,0.00129006136819689,0.0281980294814432,0.25294847724888,41.6808491218056,0.111477364039234,0.911772922541827,1.39747360835098,1.45386966731386,0.515811464290465,0.385440279818058,0.00674310134073748,0.000161962899077984,-0.0563960589628864,0.505896954497759,0.911237814586301,306
0,0,0.00119500346512724,0.251188880314076,0.000182178174116337,4.74298325890804,0.573006886950047,16.6203813407147,8.27735820795034,2.69737529089132e-07,1.38542465681321,0.368921954853199,42.0405798774955,3.75533263495932,0.000526119975276953,-0.231699275268622,0.0602232341833545,12371.7957852739,-3.84734029001489,0.000120006653978381,0.0224454666650059,0.258563233049697,41.3569276671023,0.0868084236117662,0.93124273692992,1.35968936603202,1.40458029936203,0.531052959938183,0.376306937417842,0.0104562305337856,0.000189559376711244,-0.0448909333300118,0.517126466099394,0.930823791829375,307
0,0,0.00113516073082452,0.254998752241564,0.000156074061068045,4.61337376970145,0.572317463310693,16.9593501008211,8.06086493152665,3.34730805302236e-07,1.38919915551956,0.364520106068309,42.4331224017035,3.81103574917546,0.000441385791274428,-0.233799392308182,0.0604182210877651,13176.5057197581,-3.8696834845329,0.00010950184329709,-0.021440346806067,0.263552303337365,42.3966421406112,-0.081351392245743,0.935545342884745,1.41378200637932,1.37090131276718,0.538958208109161,0.366231323829726,0.00871143673508911,0.000181643660382619,0.042880693612134,0.527104606674729,0.935162504289432,308
0,0,0.000929636088643578,0.252883074267436,0.00121156695957796,4.46430044658951,0.569460197864432,17.3739125272788,7.83953024870106,4.14974640468659e-07,1.36919960998236,0.364227482996217,41.7500424174357,3.75918807312126,0.00052345681143227,-0.223416663611024,0.0605957956573623,14609.2943993969,-3.68699942277066,0.000227735601107887,-0.0635497993696309,0.276538161578043,43.5355773062396,-0.229804808880586,0.819319776841441,1.44206388098516,1.3149642822459,0.549544800767323,0.370333879301887,0.00868767093276905,0.000384130147720191,0.127099598739262,0.553076323156087,0.818243447778698,309
0,0,0.000959301752394243,0.229656745597341,0.000412560472641706,4.30399785385702,0.564749201417967,17.3367332285162,7.62107824685823,6.18916374249706e-07,1.28796128900058,0.364781487359754,41.8162533392762,3.53077481624054,0.00102391093193937,-0.233201236550629,0.0608086029654122,15316.5018891462,-3.83500401552183,0.000126065216058102,-0.0381974633392028,0.285380136341885,43.4064968898405,-0.133847659577267,0.894141702154748,1.33175734104127,1.25536241436287,0.552427608255803,0.379430593449422,0.0159203503869462,0.000937827993257502,0.0763949266784055,0.570760272683771,0.893523039343043,310
0,0,0.0009346700370278,0.213753904299445,3.8582721120727e-05,4.15471312791013,0.563689315812952,17.6437713172106,7.3705727807138,8.71744301168979e-07,1.19903862778939,0.353323935470193,42.3608510129741,3.39359581227844,0.0015069893680526,-0.233624695977419,0.0611060098951075,15624.4670995082,-3.82326871576872,0.000132205298246703,-0.0118540623102134,0.292980521452695,42.4274866821857,-0.0404602403307803,0.967916004510634,1.21263013582282,1.18892201120239,0.544868630573489,0.37853989780394,0.0260446147341854,0.0016848112130294,0.0237081246204267,0.585961042905389,0.967726204688001,311
0,0,0.00066576248852652,0.231028172980609,6.69952428844241e-06,3.99429886753702,0.566746993489206,18.3035730653972,7.04776366425153,1.28972539915751e-06,1.22204285096957,0.34766298533191,41.1245770490051,3.51502145045122,0.00108546535232658,-0.205658230510291,0.0615026355277671,16784.0274523827,-3.34389296890279,0.000827923913789494,-0.00518094550678385,0.309306994544123,41.8785552879573,-0.0167501724764416,0.9867154693375,1.22798316582818,1.21762127481461,0.549335658736329,0.386673336969901,0.0253913109488776,0.00163849135982283,0.0103618910135677,0.618613989088247,0.98663592091596,312
0,0,0.000537877442134984,0.245495759863335,0.00035277664532697,3.83365741020241,0.569365885949722,18.6527940223259,6.73320531631033,2.15924623330066e-06,1.28438094756546,0.355391628529884,40.1412610169081,3.61398762508403,0.000830898499688078,-0.18947077146003,0.0617405721662661,17499.5207912813,-3.06882111409316,0.00215233900407527,-0.0384905249498914,0.313618515598013,42.6826344075567,-0.122730397076515,0.902896667895764,1.32851301515354,1.25153196525375,0.566121737562404,0.386835333960002,0.0189409349899486,0.00121511011137511,0.0769810498997828,0.627237031196027,0.902320592438821,313
0,0,0.000496470892817724,0.23636706796204,0.00114687074736118,3.65100499090226,0.567021261311582,18.4225454192049,6.43892079541619,4.15419929178636e-06,1.28358758979343,0.367973662652456,39.3111029667941,3.48825940568945,0.00121328115808176,-0.185850514125506,0.0618947934993669,18151.3878727302,-3.00268412927829,0.00267974376358068,-0.0708999209968021,0.31814258088866,43.2548750351912,-0.222855805088269,0.824696785651811,1.36487928715255,1.22307944515894,0.582404008673711,0.395570981607203,0.0191023999793404,0.00198856925453227,0.141799841993604,0.636285161777319,0.82364773378992,314
0,0,0.000561538395611323,0.239943372686866,0.00306672653479571,3.4598627405722,0.56603838089598,18.528001312582,6.11241720940477,7.89828429034859e-06,1.29090406438006,0.380957267776653,36.3724537924934,3.38857970058964,0.00170188678440103,-0.196016440099198,0.0618752791072213,17861.883602083,-3.16792817628393,0.00153787968348576,-0.116452287402531,0.316168105358161,44.1012575802907,-0.368323956240343,0.714393844115297,1.4244247223894,1.19152014758434,0.573013683290763,0.423528158592547,0.0129243279025487,0.00490328621661762,0.232904574805062,0.632336210716321,0.712631691683195,315
0,0,0.000554100932228964,0.251811574756692,0.00639855132160769,3.32076490223585,0.568961742135082,19.1561430023637,5.83653461439141,1.23184762060373e-05,1.31869702906251,0.385849963637378,34.7047103773182,3.41764196795889,0.0016283976010784,-0.199636536021107,0.061886115088768,18769.9890595194,-3.22586957889912,0.00125805720066191,-0.174273078624388,0.327089647286157,44.0816221826618,-0.53279912730446,0.596848504647434,1.51851325122748,1.16996709397871,0.571440042081139,0.446376802295306,0.00787588338800555,0.00876644874028861,0.348546157248776,0.654179294572314,0.594172638016818,316
0,0,0.00056594513148159,0.254472875908196,0.00623141140462991,3.23373968813656,0.572846723912831,19.5236797892504,5.64503479403441,1.73838918869369e-05,1.3198626597893,0.377644511054482,35.7859937817801,3.49498700803012,0.00128298602286727,-0.205360986118821,0.0619934661860172,19378.6651639766,-3.31262306744739,0.000925946242814614,-0.177206463097263,0.336047471054247,44.3462287192423,-0.527325685687594,0.600595838927469,1.52304221155259,1.16862928535806,0.563954916743469,0.452536514781052,0.00692050945909283,0.00981164269112296,0.354412926194525,0.672094942108493,0.597967440152817,317
0,0,0.000875428776988506,0.230586783312777,0.00360842521522394,3.1591727802263,0.569421237918177,19.3770229955349,5.5480417129792,2.21228296575377e-05,1.24962316294438,0.387525727319572,34.6962297145878,3.22461987643438,0.00274813018805612,-0.252479410968207,0.0619768602671631,18940.5076638641,-4.0737689821628,4.64466627142522e-05,-0.1345601814605,0.335113452754982,44.520675073846,-0.401536197231937,0.689946392806386,1.4039057826439,1.1347854197229,0.554996058224409,0.47367655202797,0.0114199808779177,0.0165888043386073,0.269120362921,0.670226905509963,0.688025393645269,318
0,0,0.000954506815408399,0.202791369923707,0.000794677127135046,3.07983676905263,0.566086444102191,19.2674273094297,5.44057679024133,2.86013460077316e-05,1.17644326531986,0.410107852756566,32.349556253852,2.86861921178129,0.00720405524792075,-0.26133770806992,0.0619615593845237,18619.4011643727,-4.21773936398372,2.47929967074111e-05,-0.0629562100399588,0.335959367755327,44.1537573404695,-0.187392333961673,0.852211515683378,1.24862694481474,1.12271452473482,0.553298523687589,0.508092678494563,0.024027034071831,0.0271284319701105,0.125912420079918,0.671918735510654,0.851353032754189,319
0,0,0.000819709190308542,0.219581420472126,0.000518373139759138,3.01236712978776,0.565464223162842,19.7314808733597,5.32724619240899,3.4008867069234e-05,1.23218172141935,0.424030382323324,30.011491757525,2.90588074059233,0.00681823343696307,-0.236212895463936,0.0618736031594067,17765.62316309,-3.81766833354402,0.00013517615087756,0.0501738656734242,0.335433913054414,43.1393417082583,0.149578989245744,0.881793914123791,1.17465388998714,1.27500162133399,0.531843375898312,0.543270644332472,0.0271992541402917,0.0189303584217784,-0.100347731346848,0.670867826108829,0.881096785819433,320
0,0,0.000816640715205317,0.213634063068248,0.00387069296086047,2.94385219563719,0.561705023221163,20.1510868361431,5.24092196782454,3.86791894020933e-05,1.20931862069532,0.41751301085293,30.8813050163619,2.89648128144515,0.00687621372684267,-0.229743452905884,0.0618103804871424,16903.5381366188,-3.71690727504379,0.000202326984561419,0.132382074921343,0.324500532287536,42.8306372018281,0.407956418401313,0.685337888166153,1.0575333518406,1.32229750168328,0.527811863204645,0.525775806204753,0.0451109957539286,0.0119050783148223,-0.264764149842686,0.649001064575071,0.683305671211024,321
0,0,0.000912165321803969,0.181203998979047,0.0100835081440468,2.87682993993047,0.556696047704905,19.9952918254307,5.16768522390414,4.68358507265883e-05,1.11820811810604,0.418063437522141,32.327255996271,2.67473310924689,0.0116369282936147,-0.238970612903155,0.0617716059819414,16392.3539562921,-3.86861583253989,0.000109878297290485,0.208319672336281,0.314504710708072,43.0718141460107,0.66237377452081,0.511260586508917,0.879355105021926,1.29599444969449,0.53774084115686,0.508394678173495,0.101991041339518,0.0107973566731195,-0.416639344672562,0.629009421416143,0.507731706787959,322
0,0,0.000953597385731331,0.158262946048839,0.019376596906007,2.80610401178923,0.547293935140289,19.2107235904025,5.12723388953678,5.79248820948046e-05,1.05361482534694,0.426532261985572,32.453173675309,2.4701878831913,0.0189400222974156,-0.239702053559325,0.0616552768505875,15835.202210537,-3.88777839957167,0.000101578644188938,0.285061961937968,0.309477035418062,42.9384568875861,0.921108610055307,0.362140219396801,0.726771432397269,1.29689535627321,0.536386243786388,0.516401189540651,0.175436522471831,0.012024978256765,-0.570123923875936,0.618954070836123,0.35699372544025,323
0,0,0.000881158358140192,0.134702385573894,0.0220965217767066,2.73019743871015,0.545741277599908,19.2458592958357,5.00273215674132,7.61701309393223e-05,0.953288522352847,0.41965054518098,33.1484605571018,2.27162464888906,0.0297261095529549,-0.232463411017081,0.0615701666557556,16163.3634253036,-3.77558521673012,0.000160203692796553,0.308379657652031,0.313844882965793,42.7280835210142,0.982586221377526,0.331342412317187,0.599709767269489,1.21646908257355,0.5321641029856,0.514312911947133,0.259773607922787,0.0180188053255748,-0.616759315304062,0.627689765931587,0.325811128528032,324
0,0,0.000631465059969051,0.126189356107562,0.0131417878474448,2.62259966912285,0.547258593933823,19.1068795625516,4.79224940127664,0.00012482842749248,0.888167772873595,0.413927207427002,31.8813483587548,2.14571005949211,0.0396132240999566,-0.193619326125873,0.0615645902969477,15653.5111707614,-3.14497871571919,0.00166409655491743,0.232594975736255,0.306901805679053,43.1322465370059,0.757880766526005,0.452643434177675,0.621481433749801,1.08667138522231,0.526057850863514,0.503635929568593,0.237446357389407,0.0309548499200118,-0.465189951472511,0.613803611358105,0.448522365420831,325
0,0,0.000583501690514621,0.127489803265231,0.00550982536369117,2.48105236811774,0.541836035399282,18.3362791253731,4.57897261537696,0.000222814302112147,0.864216047075175,0.40467961431152,31.2116736825393,2.13555616965155,0.0406675124450158,-0.175591474999467,0.0616626322770087,13888.8769305514,-2.84761562254839,0.00441127284925043,0.139335018610349,0.290981750105555,41.3858347661104,0.478844527396665,0.634569578692559,0.704458744032332,0.98312878125303,0.511047388506487,0.485577158018156,0.168061091685156,0.0429022605997868,-0.278670037220698,0.58196350021111,0.632049236929439,326
0,0,0.000509730330926305,0.128512668401092,0.000338767816974914,2.32989750666661,0.534709977982024,17.5481311988339,4.3573106966501,0.000400674910806395,0.852600229344942,0.386263253527166,33.0399391521424,2.20730349459705,0.0343476807834909,-0.155672412117902,0.0617597512401608,12458.0573960774,-2.52061268045834,0.0117274567346972,0.0323192852999934,0.276686706907531,40.2622102386801,0.116808232897125,0.907592749515752,0.815543917821145,0.880182488421132,0.495612811971996,0.456169692008218,0.0998613231534344,0.0536679860323052,-0.0646385705999868,0.553373413815062,0.907012019508913,327
0,0,0.000318230498663429,0.128666808188306,0.00188470824412744,2.17570311825787,0.531827339233424,16.9875507799523,4.09099524931142,0.00076243661503687,0.831568070671143,0.360230489131372,36.0871351373866,2.30843333854475,0.0268144396383653,-0.123475557236465,0.0619447368461374,12481.6826933219,-1.99331797216546,0.0462483691999869,-0.0766072886920446,0.276782146930451,40.5695896977149,-0.27677828769532,0.78335567181651,0.919403662591439,0.76618908520735,0.49039065337525,0.422037227659703,0.0608148366532389,0.0694542009571254,0.153214577384089,0.553564293860902,0.78195035402024,328
0,0,0.000297206517048716,0.109348772236115,0.00252638575572473,2.05290304084299,0.527991763936526,16.1759550007975,3.88813459046642,0.00128246411971864,0.768853656367725,0.354817583781307,38.244664864165,2.16689840501707,0.0365370181563056,-0.120098876703234,0.0620642937503595,12595.251176588,-1.93507199463683,0.0530038211865803,-0.089294601788787,0.279255589438968,40.3690391878703,-0.319759407387986,0.750799772430964,0.871236136381272,0.692646932803697,0.498667025574552,0.40941240681533,0.0806147850302416,0.0906827053211861,0.178589203577574,0.558511178877936,0.749150721461256,329
0,0,0.000298938038643348,0.100324643612492,0.00316634753007977,1.97021561777324,0.525475868666407,15.6556578624322,3.74939314106546,0.00180931662431993,0.746612345312629,0.355014706229541,39.6621127614265,2.10304624628675,0.0418546533946997,-0.120731662126142,0.0621313947235159,12627.2601063448,-1.94316677846034,0.0520182039704228,-0.100832362063717,0.279553612501525,40.9575316246537,-0.360690606576109,0.720184437555079,0.862223671046808,0.660558946919373,0.502246956973144,0.406792024495416,0.0860280601767385,0.104413221787524,0.201664724127435,0.559107225003049,0.718330747553356,330
0,0,0.000328327015075973,0.0979292803186811,0.00577843373317557,1.88837143857699,0.5254941480215,15.037730586669,3.59351563797002,0.00265141538375924,0.724037427861639,0.349306148742547,39.5765193224949,2.07278752597993,0.0447485712014438,-0.125159924204354,0.0621224666068722,12359.0180902643,-2.01472882582722,0.0439546862409069,-0.136606087858687,0.278168446998621,41.4951576397615,-0.491091241054254,0.625949329172656,0.880665821737036,0.607453646019662,0.494378879748231,0.403713370726659,0.0748539686487322,0.132410055618125,0.273212175717374,0.556336893997241,0.623361916230711,331
0,0,0.000304946447255659,0.0903021025961936,0.00919483856889735,1.78383029335532,0.524606313389783,14.3371193008329,3.40032181814391,0.00418311782106895,0.665259306411195,0.335768062772655,39.5459921397464,1.98130608646253,0.0545399842503581,-0.122570064234041,0.0622674179625946,12702.5548276438,-1.9684462315054,0.049038428126994,-0.177315500392291,0.285362094483243,41.6049483811456,-0.621370195342127,0.537745984911068,0.868563877027304,0.513932876242722,0.487914360546554,0.398060798010739,0.0750503667042977,0.196671982985748,0.354631000784582,0.570724188966485,0.534356077625453,332
0,0,0.00033360600884867,0.0812136098240485,0.0169616113798967,1.65197503876159,0.525987292693757,13.9217183358473,3.14071283034476,0.00726589360291343,0.601519215130487,0.318182803817416,40.4325693432914,1.8904831056667,0.0658753610582058,-0.135083413550046,0.0624085590398274,14039.0257655963,-2.16450140218491,0.0304426893734486,-0.257800215376586,0.3013718417182,42.409639096692,-0.855422370938171,0.397124501853343,0.897105116960397,0.381504686207226,0.488805180073777,0.392145949175795,0.0664609572237665,0.330620887154002,0.515600430753171,0.602743683436399,0.392317363310582,333
0,0,0.000407249303520133,0.0782419836301254,0.0253034929567402,1.51306949837932,0.52613281141855,13.5330352967748,2.87583185374775,0.0125612554868553,0.571251140682243,0.312967142892241,39.2494649774286,1.82527512442075,0.0755762171424602,-0.158461213697866,0.0625124662123815,15771.5885235894,-2.5348738147605,0.0112583660066701,-0.342446120165115,0.323371725130154,43.1985675989073,-1.05898597048732,0.295491841114234,0.963889467649105,0.278997227318875,0.497984186377273,0.405898918912472,0.0529188575707523,0.491858153749237,0.68489224033023,0.646743450260307,0.28960616910945,334
0,0,0.000474313373985747,0.0805311774866686,0.0370751310726194,1.38717414212248,0.520787664719884,12.8877702391563,2.66360790797263,0.0196196373117681,0.576594706990417,0.317577389572832,37.6370097956344,1.81560377382655,0.0774048008542315,-0.170355879112945,0.0624563000840215,15677.9882634986,-2.72760120089995,0.00638676884203272,-0.419735351076762,0.324870051353643,43.3552255528004,-1.29200998777155,0.203198455969288,1.05785052012729,0.218379817973762,0.496574351263514,0.415362689484389,0.0331471560182767,0.599057093900021,0.839470702153523,0.649740102707285,0.196353685756652,335
0,0,0.000695832514099671,0.061618548000756,0.0531532320271041,1.25456647341511,0.515912044565658,12.3028285245053,2.43174488099288,0.0311818103638913,0.506282309121402,0.322896108085835,37.4393101822892,1.56794181299584,0.125308933747042,-0.204242591914414,0.0624082703375304,15381.5929604247,-3.27268470684708,0.00106766146348989,-0.501626413844484,0.320041249084448,43.7621755444139,-1.56738050260553,0.124229054907105,1.08143192915307,0.0781791014641038,0.50155583542683,0.411645310075564,0.0310715940932572,0.849372916125793,1.00325282768897,0.640082498168895,0.117025778554655,336
0,0,0.000864817040778309,0.0530773855436988,0.055687080095795,1.14667251707084,0.514976473225446,11.972037866633,2.22665029702989,0.0459355965921525,0.481786838420116,0.334190558730866,37.0788688238203,1.44165305043256,0.157793540192746,-0.220278125070554,0.0623607025410769,14415.2028378219,-3.53232269834447,0.000413213845992568,-0.497457898180496,0.30822748646911,44.1704086031488,-1.61393100881141,0.113664722444649,1.05215696492021,0.0572411685592151,0.5021231237656,0.411466668635248,0.0361340041307233,0.889359307937768,0.994915796360991,0.616454972938219,0.106542391750468,337
0,0,0.000821654445879073,0.0478743442851518,0.0538710137251425,1.07860253078945,0.512386399770392,11.7726016444163,2.10505690875635,0.0574652904493419,0.453753041994484,0.329119691457243,37.8026977401507,1.37868700588956,0.176095649621377,-0.199559366812864,0.0622229448317538,12508.2604621297,-3.20716686348513,0.00134386581831757,-0.453238942130406,0.284832387307816,44.4703855449714,-1.59124791395508,0.118638349971184,0.973423055684544,0.0669451714237319,0.489340899464079,0.386249280679632,0.0466732387078608,0.862398996091214,0.906477884260812,0.569664774615631,0.111553793688741,338
0,0,0.000727189120946927,0.0509334205714609,0.0571464102527169,1.00440307874399,0.509601760382185,11.7501251421229,1.97095684675563,0.0727449331987793,0.456479925408845,0.31727859532186,38.5705343383242,1.43873533273107,0.158291427866194,-0.173746317142558,0.0619802110814477,10798.4596896132,-2.80325468582609,0.00506799253912861,-0.433041265765018,0.264126051203675,44.3497722797948,-1.63952500630499,0.108179303028845,0.952991896447114,0.0869093649170775,0.473069701864598,0.35789868184437,0.0439586208480312,0.808135302082869,0.866082531530036,0.52825210240735,0.10110396715128,339
0,0,0.000715267398833554,0.0506928848909991,0.060234560484418,0.923094127174163,0.505597564409859,11.7980514303132,1.8257487617679,0.0932882388503692,0.445484356531968,0.312677338489825,38.0129725240683,1.42474142412615,0.162390851884906,-0.168907810698887,0.0620437588885202,10354.3796395021,-2.72239809007026,0.00649185037061648,-0.437788488506159,0.261893970249083,43.5964774634932,-1.67162492549861,0.1017620864045,0.947439349070734,0.0718623720584168,0.466824863055442,0.35411885140755,0.0424034026925178,0.839187464222715,0.875576977012317,0.523787940498167,0.0945983065189316,340
0,0,0.000729997642635431,0.0466926499758661,0.0668026953952692,0.847843875129579,0.505838991424048,12.0325468401128,1.67611411833381,0.119483831358488,0.414122134981815,0.301109981254038,38.6181090021907,1.37531852400612,0.176958891282212,-0.168033903953945,0.0619901406082172,10057.9618684063,-2.71065531236544,0.00672643255543894,-0.455042722514906,0.260501317718736,42.6249602480621,-1.74679624080142,0.0878755814258545,0.93586030850982,0.0257748634800082,0.449053591928197,0.351978437034924,0.0371535595790348,0.941624263797772,0.910085445029812,0.521002635437473,0.0806726889100885,341
0,0,0.000866301238407285,0.0280252409619627,0.0454750798942223,0.789574689083491,0.506876424239197,12.4470053542582,1.55772620568931,0.144350355641841,0.310813870034263,0.288359142177786,40.2938683954119,1.07787069862565,0.287502211143312,-0.190263371227108,0.0620677536279366,10837.5968600649,-3.0654141660682,0.00217903503096248,-0.392151912462933,0.279070692987175,41.4470870704628,-1.40520635923943,0.167411353818447,0.760443349708499,-0.0238604752173672,0.450827923797191,0.355937441445837,0.0916474441725537,0.946553372812712,0.784303824925866,0.558141385974349,0.159959923699115,342
0,0,0.00102389600553848,0.0166832028957507,0.024480045380961,0.726939581698062,0.505978032175429,12.7257525603325,1.43670186346356,0.174930305218003,0.238426464845402,0.281833653558324,42.1829787359975,0.845982947157377,0.402335830676679,-0.221285047884205,0.0622960385619369,12310.6938115915,-3.55215280124426,0.000383521142424522,-0.305356819703992,0.299496348570241,41.4243900785558,-1.01956775487157,0.313851396788215,0.58853932569104,-0.0221743137169443,0.469975175731991,0.356719709575956,0.21046877423606,0.950434039799393,0.610713639407984,0.598992697140481,0.307933504198685,343
0,0,0.00102570637783234,0.0112963123223514,0.0151699189550444,0.682871716553415,0.504220691402839,13.0216436796354,1.35431117404868,0.198672712592085,0.19539063077203,0.277774399031928,43.306441504523,0.703414826755042,0.485562077905402,-0.232340920945099,0.0625170978951255,13451.9440051106,-3.71643804283525,0.000202870009226546,-0.246414059314449,0.308680649592364,41.3704457322314,-0.798281523768523,0.429265968518064,0.47792151166999,-0.014906606958909,0.488607077557353,0.345726136011532,0.328009757756027,0.965608421991495,0.492828118628899,0.617361299184727,0.424707137490271,344
0,0,0.000831255080442036,0.00844596321213889,0.0144235147968418,0.641137036040481,0.502354390701411,13.3680760023582,1.27626442190601,0.22359001375653,0.169271670948285,0.280033513084386,42.8958962897009,0.60446933327325,0.548715749285346,-0.212790482296051,0.0626307870516123,13875.0062349072,-3.39753805298178,0.000681861203962456,-0.238776686229912,0.307188917049783,41.2849710472358,-0.77729590156801,0.441415631858979,0.443045771687986,-0.0345076007718378,0.50313360352541,0.330807034714546,0.378549079908698,0.916920658090346,0.477553372459824,0.614377834099567,0.436984212510157,345
0,0,0.000583962364461647,0.0131819818432368,0.00775568426127309,0.585602297256979,0.501153668195584,13.4302506079046,1.16850845243826,0.262925777794969,0.212599872851023,0.283239051380037,42.177040242573,0.750602262700584,0.457059390575363,-0.175297016453221,0.0627160974646541,13370.6478953326,-2.79508808009006,0.00519595208497364,-0.169238582848928,0.298361743658496,41.1633760160949,-0.567226148948367,0.573641126398726,0.406643694974066,0.0681665292762094,0.506676247630162,0.317484469125482,0.422222698902323,0.829994803504253,0.338477165697857,0.596723487316991,0.570560544432041,346
0,0,0.000319161462391189,0.0176193031492875,0.00479739217397228,0.541470777245583,0.497916981265868,13.5534399346741,1.08747200360387,0.295789540202595,0.24296497567794,0.277410295560833,42.7694128411598,0.875832582877806,0.38601359897496,-0.128363178176992,0.0626660519458981,13142.172868421,-2.04836868114513,0.0405437116067901,-0.13160408949157,0.292833088477177,41.8991060237424,-0.449416731476459,0.655447348344557,0.393858230053409,0.13065005107027,0.503666114404967,0.302953662315883,0.434224691698054,0.666283519908934,0.263208178983139,0.585666176954354,0.653131063808426,347
0,0,0.000282741882777167,0.0163348746280922,0.00640139523205736,0.501071109078283,0.492194182388716,13.7323289545489,1.01803541571029,0.326262607487701,0.223711808256446,0.261545791413446,44.0568875797865,0.855344706743177,0.396988205992281,-0.119451999353304,0.0624534383603599,12934.8436496387,-1.91265689270875,0.0558140513130741,-0.152989841455362,0.290793589086093,42.9627294567141,-0.526111465992696,0.601516263181999,0.399125316702667,0.0931456337919428,0.491978703233409,0.28895701266678,0.417213255212688,0.747186665088814,0.305979682910724,0.581587178172186,0.598810762526164,348
0,0,0.000335157494953214,0.0106621008902922,0.00537752150904944,0.451691952382646,0.486719802696802,13.6355161553586,0.928032822745089,0.36952750256114,0.171526524823636,0.248413195110203,44.2399996018403,0.690488783204702,0.493493791759744,-0.131922737063677,0.0624088192766163,13327.6278385625,-2.11384766757006,0.0345468066259107,-0.144870244407093,0.299995998357043,43.1323952337496,-0.482907256098376,0.631603717734983,0.337630349751935,0.0478898609377498,0.492490141649478,0.284111076283096,0.492992139075956,0.86614247453277,0.289740488814185,0.599991996714086,0.629161589452251,349
0,0,0.000256156178716681,0.0106759397295211,0.00523322894275913,0.391465305378522,0.487013953499406,13.7425681148569,0.803807165206816,0.435192504455852,0.168972946288979,0.24155241694955,45.3465275890048,0.699529106033619,0.487794472761711,-0.117373704654373,0.0625101511919853,13760.1899399329,-1.87767430435237,0.0604468677518829,-0.147042741766033,0.307799221984508,43.3814120107118,-0.477722915665569,0.63524582693185,0.337567690746291,0.0434822072142254,0.499242224721459,0.279224694652396,0.498938979126842,0.876249955174343,0.294085483532066,0.615598443969016,0.632847431925259,350
0,0,0.000182412612495136,0.0123840786002625,0.00728887430366439,0.335806129932604,0.486583897206768,13.9135280737103,0.690129969076858,0.50146273631158,0.172487667348937,0.227425867377745,45.8733821952682,0.758434690555415,0.452069984298381,-0.0948528546130741,0.062351766624368,12684.3785334351,-1.52125368290695,0.128221115046252,-0.168408061011558,0.298662385994971,43.3039107318272,-0.563874357497409,0.575748438099614,0.365579238342438,0.028763116319323,0.483012775860654,0.262331754875644,0.449126064734713,0.912691673570481,0.336816122023115,0.597324771989943,0.572839642428031,351
0,0,0.000121543730962744,0.0151769152385046,0.0162091542235844,0.27821713206871,0.48310199475732,13.5868194630746,0.575897295163247,0.574100441219239,0.18489118915556,0.218666723591759,46.3918559720341,0.845538754679214,0.402150150842217,-0.0721524195428512,0.0620206178126541,11133.8218942966,-1.16336183171864,0.244707660076072,-0.234768891271517,0.280712758836136,42.4521036270301,-0.836331388159532,0.407651559698568,0.454070073846291,-0.0154677086967432,0.461870572322481,0.243148177371051,0.325552775205574,0.94927732017352,0.469537782543034,0.561425517672271,0.402968499778234,352
0,0,4.82853445520753e-06,0.0253835748551568,0.0380798259884835,0.217027056599572,0.481675508866476,12.9887383868152,0.450566932726765,0.659730898528261,0.241933880697721,0.214775193277211,48.7198662518535,1.12645169586907,0.265492369509456,-0.012877990220114,0.0616350124621481,9041.1520661013,-0.208939524884866,0.834500155693178,-0.321241170283846,0.248242534815698,42.3013358501555,-1.2940617550588,0.202664806587676,0.61025925577369,-0.0322230847940026,0.431857592861481,0.216399007140264,0.157625444194341,0.881627900630541,0.642482340567693,0.496485069631395,0.195644090550746,353
0,0,4.12228140054066e-05,0.0416944389984532,0.0534305449721919,0.175110940685226,0.480086802053946,12.4752067097263,0.364748499513113,0.721407575961341,0.310266149645087,0.209600727516035,50.3627103733295,1.48027229352699,0.145029632860628,0.0349881840861208,0.0612716056251736,7909.85906162801,0.571034229136404,0.567992663280662,-0.34949985865161,0.222193908720926,43.8321317938114,-1.57294977465192,0.122921810987941,0.710992079055405,0.0119923617521852,0.397997361903363,0.207357069853718,0.0740306163634525,0.953880575082848,0.69899971730322,0.444387817441853,0.115730448393349,354
0,0,6.12587584517275e-05,0.0386613024112232,0.0461072821829469,0.165137091896997,0.478262005003409,12.1856997993391,0.345285826951318,0.735766645911759,0.302719636904599,0.212814733200607,50.3127145961331,1.42245620099641,0.161064446448809,0.0428465101158272,0.0612292953185745,7993.14313265297,0.699771406691811,0.484090438449858,-0.323712060674717,0.21980283250312,44.8725966311212,-1.47273834912988,0.147801741661426,0.673878059902741,0.0264539385533076,0.39021936606666,0.219373129836941,0.0841818330338148,0.904016754581572,0.647424121349433,0.439605665006241,0.140821601741088,355
0,0,1.43374535795229e-06,0.0131367664424894,0.045248320645807,0.152164082344291,0.473490893209321,12.1718712150573,0.321366439199966,0.753384095675494,0.179352466591007,0.218818600700284,50.4678408910825,0.819639948418584,0.416275560025166,0.00685675581534018,0.0615393210920435,8658.83209173991,0.111420725702915,0.911285308170717,-0.343206146543499,0.232881854607067,45.8275645397584,-1.47373502810074,0.147389317574829,0.572862216733917,-0.113550076353081,0.403314330749052,0.234555175722246,0.155495200896659,0.628309104977836,0.686412293086999,0.465763709214134,0.140552947756637,356
0,0,5.68500441552225e-06,0.00561719486174573,0.0592989784133926,0.137730634350799,0.466942270311864,12.3237185246263,0.294962874658596,0.772932457055218,0.118886461206568,0.22344412292275,50.1142278742361,0.53206349601627,0.597033074665983,0.014087677616878,0.0618039635070025,9139.29885872328,0.227941329608769,0.819696951134099,-0.40939061720856,0.242829095250116,45.0898437587063,-1.68592077809656,0.0987200692759551,0.588281316488316,-0.230499917928804,0.411013676654942,0.248987094475818,0.152346037501886,0.354575676397995,0.81878123441712,0.485658190500233,0.0918110592864979,357
0,0,3.14486397927701e-05,0.00573357609533809,0.0625921195544269,0.135270648259193,0.460285124410768,12.5730697614495,0.293884466573538,0.773641391369648,0.121849540083844,0.228684003618725,49.2326720960152,0.532829310995441,0.596548738730856,0.0341399897317968,0.0620474050613384,9626.40216805259,0.550224295408436,0.582178307986327,-0.431123044258309,0.248538744804422,45.0633231291732,-1.73463113204971,0.0896422950963779,0.616162136567123,-0.246083951949494,0.419135113615445,0.256704955671972,0.141540095640469,0.337747371987145,0.862246088516618,0.497077489608844,0.0828061615767586,358
0,0,4.1260333632069e-05,0.00507519726414795,0.060379400717381,0.134039946201897,0.453114410705951,12.8054130844012,0.295819208206296,0.772110650409302,0.114586039054112,0.22930155272999,48.953838835209,0.499717676090232,0.619512643911435,0.0404048099378753,0.0622660961128429,10204.9811340622,0.648905463169731,0.516414085697473,-0.437295392396905,0.25699286168173,45.0579483664778,-1.70158575430966,0.0957248159255717,0.615975662561167,-0.258615122232643,0.432917657838661,0.254842214202119,0.154780465026033,0.310198847768261,0.87459078479381,0.51398572336346,0.0888330498668221,359
0,0,8.18152603655343e-05,0.00641138917481121,0.0693926958936076,0.108317391836308,0.448879056450488,12.9431287982857,0.24130640599013,0.813098278458378,0.127766648383367,0.227608972644244,48.8326972322646,0.561342757708716,0.577131047698494,0.0583816319691722,0.0623446031280903,10717.2875258555,0.936434415168608,0.34907066577394,-0.485362479594598,0.265182267529561,44.9258329943091,-1.83029764439469,0.0738443511684773,0.684268535070312,-0.286456424118883,0.437825359770332,0.260218791948186,0.118080802919604,0.270971034805547,0.970724959189195,0.530364535059122,0.067205443441267,360
0,0,0.000165352642835369,0.00921665080651224,0.0701403763654072,0.0693248820824211,0.447195129877132,13.1680663695348,0.155021549768371,0.879155341356419,0.151294685150745,0.225982228814551,48.1841646535867,0.669498154542512,0.506373372795582,0.0870382077980885,0.0624126347478192,11759.5820884648,1.39456070312958,0.163174695151302,-0.518046287866189,0.282769507358692,44.4960315995664,-1.83204438379931,0.0736431923188819,0.745270834336199,-0.290821741396179,0.446423822850897,0.277878315334927,0.0950332961516099,0.295293572347753,1.03609257573238,0.565539014717384,0.0669448083173077,361
0,0,0.00013884595980989,0.013996086099932,0.0573934507596779,0.0398258807566202,0.443093501441771,13.2172866547934,0.0898814372745971,0.929729212363645,0.183573209126594,0.224099695013799,47.2724490647353,0.819158674514442,0.416806649753167,0.0863315102377881,0.0624505941028303,13761.6965370368,1.38239694078227,0.166872288858925,-0.517240345283757,0.314354641130905,44.4644728797265,-1.64540387704461,0.106938483231963,0.776625289010153,-0.25785540155736,0.472051311454219,0.300682431746774,0.0999257473840082,0.39113147393278,1.03448069056751,0.628709282261809,0.0998865505624839,362
0,0,9.38511282127577e-05,0.0192831915914153,0.0522175402911322,0.0218104741005539,0.439487197859514,13.2954111765268,0.0496270976874412,0.961157362771534,0.218024368466981,0.227829215809436,46.5753305854526,0.956964047356172,0.343526576984752,0.0729513253615188,0.0623298799977556,14594.6448994177,1.17040695993873,0.241856346848582,-0.503922215979788,0.322121401317093,44.4201588628251,-1.56438601694686,0.124824030440982,0.795806285541519,-0.212038146418056,0.485308732592153,0.303875643814203,0.101048032860142,0.485315200897947,1.00784443195958,0.644242802634186,0.117726942519266,363
0,0,9.78672866170169e-05,0.0235594474076853,0.0564445647270023,0.0120747053153347,0.437831045514964,13.5468917278351,0.0275784584922086,0.978400508977077,0.23729844514123,0.224214094906373,46.4242260634402,1.05835650180833,0.295368932594781,0.072622499434798,0.062082553663044,13980.5155087719,1.16977307069165,0.242112245156603,-0.512532988935119,0.316060401118788,43.9590973446601,-1.62162987555815,0.112034308731632,0.824953213119854,-0.200112764750385,0.477952787898308,0.296920501964793,0.084344890393659,0.500336266520166,1.02506597787024,0.632120802237577,0.104882621807694,364
0,0,9.76108119359353e-05,0.0212433373466338,0.0660242735515777,0.00126491658252437,0.433976183067245,13.4859398401959,0.00291471429050375,0.997717073939153,0.222890503408475,0.220122416510224,47.2396392132045,1.01257521583733,0.316421537272048,0.0702323554916602,0.0619881438173832,13149.7315064121,1.13299658880841,0.257236342984016,-0.538786513588634,0.306938829736641,43.5874763313049,-1.75535468761291,0.0862250408174546,0.840646765870287,-0.236926261306981,0.4693825251871,0.285191147307144,0.0732992222863846,0.406107512248071,1.07757302717727,0.613877659473283,0.0791986575939365,365
0,0,0.000209384886089815,0.030066510881073,0.08362424868901,0.000446596514614742,0.428949688100138,13.6126921072564,0.00104113961847778,0.999184394459698,0.264829372006058,0.218336418644155,47.4612157422737,1.2129418154361,0.231154774105159,0.097230962322799,0.0619438377922357,11764.5867354668,1.56966319473002,0.116520381473192,-0.575396011122662,0.286997494625896,44.0472543609174,-2.00488165192068,0.051145651501202,0.924560973116554,-0.226231049128771,0.441756055310354,0.280157443406454,0.0363561167243186,0.419370429680046,1.15079202224532,0.573994989251793,0.0449757006760354,366
0,0,0.000341985547522143,0.0421809893305177,0.0938680774757847,0.0132452124767581,0.431310141835705,14.1166446603769,0.0307092534860993,0.975931365737994,0.308877016618618,0.211310799390123,48.5170618817196,1.46171902955308,0.150265448919875,0.117609484135635,0.0619214225834875,10544.9989000083,1.89933433743491,0.0575477927592227,-0.594187402169768,0.275189250783003,45.0046569200489,-2.1591955371771,0.0362028924989261,0.990154256320545,-0.198220548018991,0.409227798531303,0.287220963878452,0.015538979103576,0.490110809485892,1.18837480433954,0.550378501566005,0.0308350001530213,367
0,0,0.000294430469042817,0.049092090340689,0.0916800690925796,0.0244021567808377,0.434073622242787,14.4489069315048,0.0562166313049749,0.95593923647106,0.330444134729106,0.206607599570337,49.5484925977594,1.59938034910768,0.116094077029614,0.109603621021455,0.0622032966691702,10541.7414701318,1.76202270442972,0.078094440434543,-0.615198798092094,0.287124043925556,45.4836956056108,-2.14262375829312,0.0375294547749405,1.03581240322763,-0.194585192956559,0.407406008301624,0.30270377079053,0.0110076032013008,0.520338427890969,1.23039759618419,0.574248087851113,0.032143321848284,368
0,0,0.000192739626514404,0.0485783328459614,0.0933621358474262,0.0314583460902975,0.433568184477524,14.5050966713078,0.0725568600662123,0.943149786205201,0.327892056289691,0.205401678943096,49.909617744411,1.59634555071251,0.116724856933169,0.0889683589960121,0.0623849482258415,10550.1053269894,1.42611898424497,0.153863588172195,-0.644791123495743,0.296819256732195,45.8265357380408,-2.17233588748423,0.0350400440496909,1.06718998686745,-0.222392260124036,0.40548126164275,0.318733117379656,0.00849064750561425,0.485340956433146,1.28958224699149,0.593638513464389,0.0298303370035991,369
0,0,7.02705196372471e-05,0.0409178302178216,0.0980001848394489,0.0244660501903664,0.433238523542365,14.4352710183383,0.0564724715390504,0.955739667722218,0.286251957838738,0.194781227992419,50.6227756233923,1.46960752218833,0.14785594343679,0.0502394021839499,0.0622105424899571,9280.19847663915,0.80757055272521,0.419358542421394,-0.643138135327876,0.288220439416868,45.8288042670428,-2.23141057112078,0.030587175790261,1.02365462235708,-0.262621648298669,0.380815703628858,0.316269653672018,0.00718689552985799,0.406328163602711,1.28627627065575,0.576440878833736,0.0256539452654683,370
0,0,6.6443736686132e-06,0.0280431090584936,0.0869356986389557,0.0183700410050981,0.434022629515662,14.5494176052207,0.0423250765187008,0.966814933163189,0.226217529975797,0.186992976121292,50.7250830663428,1.20976485142983,0.231977039616293,0.0152758195601575,0.062412237903442,9015.97284385759,0.244756798879584,0.806650316089815,-0.61997950073374,0.295629712106859,46.1914625914595,-2.09714881604878,0.0414827421422153,0.937067207012507,-0.302891794454973,0.380310537877268,0.320171645786857,0.0137414213471821,0.344133583848843,1.23995900146748,0.591259424213718,0.0359804037937318,371
0,0,5.55305160307841e-06,0.0164614487249867,0.061302481105211,0.0233926546780002,0.432492987688616,14.4777840144619,0.0540879397906964,0.957604400189392,0.172547881984294,0.18896613837814,49.8166618920353,0.913115352122023,0.365580035636365,-0.0146560163716036,0.0627281397844342,9830.43972533424,-0.233643408237022,0.81526669038844,-0.532883309980394,0.306568803976133,46.2653588692834,-1.73821766294877,0.0888246326905792,0.783535710371377,-0.28223090958941,0.396156771934805,0.325406652524047,0.0479464744039713,0.385768028270349,1.06576661996079,0.613137607952267,0.0821724679657645,372
0,0,2.18253049935883e-05,0.0105083926118372,0.0549465261730235,0.0320348194345285,0.430762884597767,14.4209221153306,0.0743676407136183,0.941739619936552,0.138375694821631,0.190902820686229,49.473286686169,0.724848875067526,0.47195922026279,-0.0301337771768518,0.0627654463610803,10560.7825796231,-0.480101376217364,0.631165253205381,-0.523994634047111,0.319705160020447,46.2030376812408,-1.63899335879846,0.108007326704949,0.739172037185418,-0.308817230908804,0.401186814872767,0.343845551067108,0.06540739022324,0.369117446582108,1.04798926809422,0.639410320040895,0.101214642820075,373
0,0,1.21792924239734e-05,0.00675791664257679,0.0580655145550934,0.0194655180200797,0.431370380886189,14.9711736956753,0.0451248367588209,0.964604203721187,0.113940575257771,0.195807074830694,49.7671004155681,0.581902239008937,0.563259348731709,-0.023089694996604,0.0627922151958308,11101.9031914654,-0.367715885235039,0.71309210431373,-0.548615708300089,0.32524227743864,46.1556539167701,-1.6867908828476,0.0983921558104439,0.742966694025961,-0.354264722574217,0.406351565026694,0.352886625436474,0.0674919431085278,0.315424304044721,1.09723141660018,0.650484554877281,0.0916435691739544,374
0,0,8.47274929605772e-06,0.00187378605345625,0.0433588753859888,0.0273055667401269,0.426905224871696,15.420292742032,0.063961659753247,0.949822556620345,0.0596671442355975,0.192743577164965,51.0476947158481,0.309567483976546,0.758150037591212,-0.0188183510627032,0.0627160360005266,10626.197784711,-0.300056449080187,0.764139967341018,-0.462850066825259,0.318676305482073,46.5427619513928,-1.45241443704165,0.153095101450756,0.590356981770172,-0.335343151880346,0.409018426883109,0.337072078634718,0.148921739452635,0.3197991302742,0.925700133650517,0.637352610964145,0.146386404425308,375
0,0,2.05285378243803e-06,0.00350930719998638,0.0326780012280249,0.0385861541791068,0.419835555368772,15.6963957909155,0.0919077807624315,0.92793406643128,0.0798370682815469,0.186092254126577,52.2642145214827,0.429018760916523,0.669672862259351,0.00901694178623009,0.0625971262850353,10107.664797778,0.144047216243946,0.885466056948565,-0.399531094899467,0.317126459255548,46.9841953392829,-1.2598478721623,0.213946366876843,0.537927294554013,-0.261134895244921,0.408792920942671,0.328142684445389,0.188210326906783,0.426150157278904,0.799062189798934,0.634252918511095,0.207724246452443,376
0,0,7.17375481393711e-05,0.0109465618844374,0.0265861907508916,0.0374877331754063,0.411145555842276,15.8971574195573,0.0911787386309179,0.928489594309555,0.134844896700537,0.173983351884587,54.2744789976236,0.775044826070415,0.441676923644504,0.0501772879286398,0.0623827898733656,9017.93490443884,0.804345045011573,0.421218932981633,-0.354051512042145,0.313380440258344,46.7337381479815,-1.12978178137178,0.264333712710302,0.540789613730149,-0.167313410354141,0.404043869677202,0.314505926127285,0.180752130334427,0.594734236858869,0.70810302408429,0.626760880516688,0.258568186841374,377
0,0,0.000181827331307652,0.00853352186943799,0.0261497334624753,0.0415736431224646,0.405674380062058,15.9872441328627,0.10248032699552,0.919649840896463,0.109744919681376,0.162966504432376,52.689233280743,0.673420099815148,0.503623437915498,0.0726975071164631,0.0621428005580838,7525.22095045156,1.16984600731848,0.242099994555664,-0.334602992662481,0.301479198554103,45.874343120679,-1.10987091072034,0.27283878222532,0.493390554719543,-0.175815430605419,0.395812217367246,0.291289332633565,0.212571039830136,0.546125161314238,0.669205985324961,0.602958397108206,0.267054657148678,378
0,0,0.00025633989493502,0.00362452988200293,0.0265784212187084,0.0462646834257132,0.401722064446586,15.9275366693584,0.115165900806189,0.909753031824259,0.0675202284690914,0.162812532689958,47.2784776963393,0.414711492742819,0.680228921081066,0.0840103893997337,0.0620881140586783,7140.38313762529,1.35308328612361,0.176071861807824,-0.326948294505518,0.293057533925478,45.585231075921,-1.11564541653674,0.270420755112892,0.442389218946832,-0.211507370064204,0.390377846314293,0.281772732187331,0.257116246282179,0.452874711545275,0.653896589011036,0.586115067850955,0.264573943469075,379
0,0,0.000160671391394068,0.000161661286677426,0.0199898355249508,0.0679051807145195,0.396578893510319,15.7299214386789,0.171227419879703,0.866228222078122,0.0148547955457135,0.173200415860916,45.4945371819818,0.0857665120021551,0.932028376964619,0.0710488931214302,0.0623280034871646,8086.11405099808,1.13991928421165,0.25435369405207,-0.280096429227491,0.291134284603075,45.3784649031466,-0.962086720941737,0.341104911919463,0.336004859410498,-0.224187999044485,0.397668586942512,0.281585052539041,0.398146075799544,0.42593647697051,0.560192858454983,0.582268569206151,0.336006043890509,380
0,0,0.000125208737396063,0.000153476982461276,0.0220547786105702,0.0631784655772335,0.391642564922636,15.8799222508473,0.161316647463264,0.873878530217488,-0.0158745123265984,0.188480963216332,46.2121195898583,-0.0842234253035844,0.933242602361136,0.067525187275798,0.0624774470607882,9328.16087279967,1.08079299735309,0.279817145234529,-0.298289014257963,0.296028598528695,45.0214010486731,-1.0076358018803,0.319014456880676,0.326134617326763,-0.270443411189164,0.41030561573936,0.293659156314308,0.426696226733128,0.35708006827545,0.596578028515927,0.59205719705739,0.313629334916409,381
0,0,7.95592053956616e-05,0.00273842850458817,0.0280859613396154,0.0589720701700269,0.385941583147019,16.0483089711183,0.152800508535931,0.880460275691572,-0.0704506454904874,0.19782226862374,46.1877997890908,-0.356131015889243,0.723364070156109,0.0564658703445733,0.062492273572806,10261.1116261118,0.903565626857668,0.366246986026557,-0.339199418281113,0.299674705991629,44.3351909496168,-1.13189205328056,0.263764920495244,0.318465111644718,-0.359933724917508,0.422427157986844,0.297866164713565,0.450913141217477,0.226903441182116,0.678398836562226,0.599349411983257,0.257679820044563,382
0,0,4.39057274806964e-05,0.00244168284332503,0.0391374914154029,0.0638440134631946,0.381287847919122,16.534646811399,0.167443084828492,0.869052248176304,-0.0678188478856168,0.202282703154873,45.9232230192924,-0.335267656739256,0.738949950158285,0.0441888692207894,0.0628199710219257,11269.121651139,0.703420719588782,0.481808130292614,-0.408163375994272,0.307853635861609,43.1566529638038,-1.32583581432105,0.191869301871335,0.40016888987081,-0.416157862117735,0.444813359005859,0.293032216868769,0.368315453963134,0.155555912034629,0.816326751988544,0.615707271723219,0.184894087226856,383
0,0,8.64932224929251e-06,0.00587191384513632,0.0467194603580116,0.0586180594670836,0.375837707155917,17.4207470399569,0.155966414095768,0.877852585075134,-0.104562451771812,0.206921952648742,43.2315740892567,-0.505323144467473,0.615898566256834,0.0202106495366938,0.0630276470572131,11888.1019089353,0.320663240345109,0.748471243515773,-0.454761961932855,0.31580024838752,42.3122614964963,-1.44003041243595,0.157217286768345,0.416853810194861,-0.492670113670849,0.467698609506239,0.286521293785048,0.372775083882296,0.08552543192956,0.90952392386571,0.63160049677504,0.149858794972798,384
0,0,3.45901968634484e-06,0.0106467317192256,0.0336752662463797,0.100925763368783,0.370115770082093,18.5634713545348,0.27268701181362,0.788104051163475,-0.140600492558713,0.210733675038881,41.3657482353986,-0.667195181466712,0.508352482851096,-0.0129472647926628,0.0629684158216194,12222.3858424542,-0.205615221912848,0.837094910567385,-0.386263342837361,0.318952108002474,42.0850738333103,-1.21103868933942,0.232637488904378,0.302277331921131,-0.470249353753592,0.480941193712953,0.280954785927984,0.529668560327143,0.0941788463516694,0.772526685674723,0.637904216004947,0.225880577121745,385
0,0,2.65309267847521e-05,0.00730181827649254,0.0177677907702077,0.167490138258284,0.368980193250356,20.1143780409551,0.453927179079341,0.654741075055684,-0.115255926292895,0.206330029494006,42.4216793017152,-0.558599863410782,0.579371633055116,-0.0349494147072863,0.0629178278239803,11629.69779329,-0.555477134478661,0.578579030487526,-0.269285582724116,0.308589673147261,42.0963234564229,-0.872633163571911,0.387813472574113,0.193498749117397,-0.345072416330836,0.460888440686995,0.280517666021723,0.674603378078624,0.218649468843836,0.538571165448233,0.617179346294522,0.382863058308313,386
0,0,0.000140627433469194,0.0181312250999062,0.00922404593394614,0.162948070343202,0.366367619291899,21.1551920841527,0.444766572597604,0.661005603754649,-0.179719378363731,0.20181998845467,42.9425431480791,-0.890493452803346,0.378163070142133,-0.0772149749925956,0.0627566718329013,10763.4657760383,-1.23038671008864,0.218579216331226,-0.183630091213446,0.294692861361879,41.7063774578582,-0.623123649364382,0.536596120795757,0.030825310418422,-0.33643487200847,0.435219408017469,0.279804843989916,0.943535396428153,0.2292120110625,0.367260182426892,0.589385722723758,0.533203269836353,387
0,0,0.000260063274880071,0.0301463171673019,0.00458113945913514,0.145075219232429,0.359043669367109,21.7244225540018,0.404060095219488,0.690118670871152,-0.233252541490545,0.203505560291827,42.264152494927,-1.14617281786336,0.258171812921874,-0.102891178367395,0.062515740821797,10413.231709223,-1.64584434279823,0.0998259891670278,-0.124490459688137,0.285122902659825,41.4228795801848,-0.436620343461725,0.664654243313718,-0.0905155591246244,-0.339496478500898,0.427718904444741,0.27354911178289,0.83240043207648,0.214575998768082,0.248980919376274,0.57024580531965,0.662386706591356,388
0,0,0.000117928905495967,0.0198796544717078,0.00669801167776435,0.138557672160768,0.350361951179887,22.4964188199759,0.395470089415127,0.696221268202958,-0.19615949539253,0.212352287504917,42.070275570685,-0.923745619589751,0.360886873676488,-0.0688794541906604,0.0623960135585604,10332.2336787689,-1.10390793036826,0.269658786563943,-0.145078176228067,0.274722749149761,41.3571241566686,-0.528089416246268,0.600259600948793,-0.0298172621497467,-0.319973614605881,0.417992689110256,0.278264072244537,0.943131609207361,0.250188379890235,0.290156352456134,0.549445498299522,0.597437276331709,389
0,0,0.00011083126236419,0.0116025817973942,0.0128713490021118,0.104891576607698,0.343706158579447,22.9733719066798,0.305178053955214,0.762978397050254,-0.15561088643842,0.215055034483785,44.6023446201624,-0.723586345290387,0.473097771316268,-0.0647599510446037,0.0622361755652216,9768.2510589143,-1.04055158364828,0.298109465216408,-0.192657279506574,0.263989488832631,40.8457869422731,-0.729791479041496,0.469682496179095,0.0652841024345026,-0.320030456578646,0.395722508119275,0.288210170205209,0.868964093808072,0.266823883249423,0.385314559013148,0.527978977665262,0.46551765374329,390
0,0,0.000143496076456024,0.00710510570706312,0.0170233741521836,0.06264007001136,0.341228279220505,23.4980970981993,0.183572329217419,0.855923823617147,-0.123888885801099,0.21418520094291,46.7539715164087,-0.578419448475905,0.565756964127418,-0.0739031712883045,0.0623039798662851,9803.74982821728,-1.18617095483969,0.235583539762858,-0.22750693257141,0.270085926472151,40.9715983744067,-0.842350194040447,0.40448237098388,0.136963657469448,-0.318050207673373,0.386437962242429,0.305575923295348,0.72301965961344,0.297958070342128,0.455013865142821,0.540171852944302,0.399591962871303,391
0,0,8.73528420588625e-05,0.00685942445884485,0.0377524041168431,0.00369160955272517,0.340033818455929,23.8007263924705,0.010856595292458,0.991428350934887,-0.120570544273564,0.213723079112496,46.0789575996401,-0.564143773214589,0.575392073389924,-0.0578278971567929,0.0623577424544442,9844.16884468,-0.92735713129832,0.353763875964845,-0.354898074091658,0.277021102324228,41.8334613874517,-1.2811228859969,0.207207064323725,0.286344815105957,-0.423451333077359,0.378883102505606,0.322198201918496,0.449792910749717,0.188759637645914,0.709796148183316,0.554042204648455,0.200150506424944,392
0,0,0.000200564169625822,0.00949980325843521,0.0331397465850219,-0.0169479288930946,0.338779152811045,23.7735848941529,-0.0500264811233747,0.960519227050692,-0.139657623198172,0.20944853940929,46.3569202819974,-0.666787286232932,0.508213376685581,-0.0834640534106107,0.0621954207813171,8977.21572203947,-1.34196460707414,0.179641411265706,-0.321019370851415,0.264085981624721,43.1108222266115,-1.21558656342312,0.230757420851922,0.228413443380945,-0.413625298321885,0.353964897004311,0.319846966153725,0.518732984281488,0.195942758689972,0.64203874170283,0.528171963249441,0.224142455193041,393
0,0,0.000280197309368468,0.0112272000813953,0.0221701156068989,-0.0348494846387009,0.336694152631144,23.8867579402631,-0.103504870418344,0.918426401880638,-0.151218283797314,0.209701444359595,45.7963446213126,-0.721112266341881,0.474505815376315,-0.0972765882859013,0.062376185716681,8677.47491028142,-1.55951485600196,0.118911038636374,-0.264654166061214,0.265265575584935,43.902679820697,-0.997695104152234,0.323894651723664,0.152226149846677,-0.377082182275751,0.348720092274129,0.326030656395588,0.662453552614586,0.247441934071189,0.529308332122428,0.53053115116987,0.318427227978556,394
0,0,8.24790398990535e-05,0.00363409402828788,0.0359417738819309,-0.0525229898750466,0.336228393489458,24.2690561279801,-0.156212238145478,0.877157902717921,-0.0854770263930852,0.211160261099619,44.9259353992026,-0.404796934555597,0.687547773902709,-0.0541247596893496,0.0626761555477624,9040.82045033227,-0.863562214630471,0.387851337294841,-0.353829499394296,0.27717531103228,43.7101952045504,-1.27655489255711,0.208500206499255,0.320213137673348,-0.387445861115245,0.360386942457763,0.335016287946777,0.374257922436843,0.247477280272404,0.707658998788593,0.554350622064559,0.201759435494832,395
0,0,8.11786467009227e-06,0.000574056324409901,0.0613553175861041,-0.0890947443963293,0.331011081679734,23.7617304366593,-0.269159400779615,0.790130419545815,-0.035925592211834,0.223782772976405,44.8694434584692,-0.160537791779092,0.873178054811654,-0.018247515160586,0.0630432492858043,10320.1249607992,-0.28944439519387,0.772247140065657,-0.495575598697408,0.294744216193801,43.2492181764374,-1.68137514315652,0.0998987783670322,0.532286346835195,-0.458864850559622,0.392049448897146,0.34818091353751,0.174558240900894,0.187539794463949,0.991151197394817,0.589488432387602,0.0926900705370658,396
0,0,4.49922529412587e-06,0.000721865241300441,0.0689700907616011,-0.136279121307558,0.328789525507307,23.8444855798532,-0.414487417436081,0.682222426114626,0.0428620122715543,0.235840673715155,45.7233406249023,0.18174139174705,0.856588999569721,0.0142843643264906,0.0631617691727353,11367.7252907685,0.226155228290481,0.821084757111331,-0.546321480572899,0.302989651558529,43.887798609441,-1.80310277186931,0.078240430312219,0.669257639165429,-0.423385321980369,0.412688319301886,0.356296302385657,0.104867084015925,0.234716977733574,1.0926429611458,0.605979303117058,0.0713720759279118,397
0,0,1.92996497379004e-05,0.000398666208173131,0.0778912963672142,-0.177950333169865,0.332384979895539,24.7227748738284,-0.535374171317219,0.597174674418841,0.0332631215573249,0.247856147403969,45.1589689261926,0.134203334900994,0.893838122273249,0.0292396429956061,0.0632238117122775,11082.1741702137,0.462478332193439,0.643747416960152,-0.561178166520488,0.291622629697516,43.8381559355888,-1.92432997090304,0.0608196024093543,0.676692973607323,-0.445663359433653,0.409667311049306,0.356927741693429,0.0985730841410132,0.211807945871926,1.12235633304098,0.583245259395032,0.0543132361445259,398
0,0,9.0124104176672e-06,7.71702908305042e-05,0.0816503079207694,-0.203302163705996,0.334722058779885,26.0713467397016,-0.607376055366846,0.548855461472007,0.0151335822100796,0.256066776088461,45.2577918136848,0.0591001395856661,0.953132539576821,0.0194687648074803,0.0630889571452957,10566.3556672873,0.308592274914976,0.757637781573066,-0.550422277336543,0.27908917283017,43.7478069021247,-1.97220935428936,0.0549280720657846,0.6462310581999,-0.454613496473187,0.399902990662686,0.3581750414279,0.106100895595786,0.204352087220961,1.10084455467309,0.558178345660341,0.0485857122599059,399
0,0,7.11743191443973e-07,1.19335218753683e-05,0.0674564214985521,-0.206859619413436,0.333769893005228,26.9952767141372,-0.619767162193374,0.540607553336077,0.00590555961418215,0.253711978797442,45.4010978196417,0.0232766290427974,0.981531618830003,-0.00547558568967071,0.0629417216864005,10633.1096540674,-0.0869945330849408,0.930677495689507,-0.499431973602086,0.280823871701386,43.7250663204778,-1.77845270267179,0.0822831563302816,0.578539101072707,-0.420324846131465,0.400828786702343,0.356793319567875,0.148919884208841,0.238771672586794,0.998863947204172,0.561647743402772,0.0753295334276072,400
0,0,5.97796451607263e-05,5.15524780160251e-05,0.0636065000457796,-0.206617795221381,0.336055316391816,28.9618240240292,-0.614832693140553,0.543466066998836,-0.011986981848907,0.248664682870573,45.0733195476964,-0.0482054054099275,0.961765512341975,-0.0509019111640496,0.0629606949031115,10933.2645385216,-0.80847124134162,0.418836946010034,-0.49205394842365,0.288451200887881,42.8388329259703,-1.70584815354923,0.0952778799418512,0.552187139888396,-0.431920756958903,0.40785248398399,0.355052068475606,0.175771677499072,0.223794601479193,0.9841078968473,0.576902401775763,0.0880363549304512,401
0,0,0.000155090641880746,0.000308367335398422,0.0783510937262117,-0.224122824585949,0.336068064552459,30.1652145006117,-0.666897120630646,0.509907264766057,-0.029012930968734,0.247152699608381,44.6735207975181,-0.117388687296176,0.907078241987849,-0.0802673226187342,0.0629893564717963,10468.6398096066,-1.27429977244924,0.202585483382464,-0.528737201380361,0.286068886355709,40.1845337865472,-1.84828629256419,0.0719294509686606,0.57722109514617,-0.480253307614551,0.411594013703723,0.346606444479218,0.160794636711191,0.165873117021711,1.05747440276072,0.572137772711418,0.0645609376394774,402
0,0,0.000293571420327391,0.00298191682228135,0.0823180074663004,-0.240068734704448,0.33028890110442,30.086144661626,-0.726844692333608,0.472939034480961,-0.0881479539486525,0.241975103005596,44.3701212623022,-0.364285221304829,0.71737539740872,-0.103745100333413,0.0628495455916856,9278.75306082859,-1.65068974416162,0.0988357864770632,-0.496841105400455,0.270136447138895,37.7108248135989,-1.83922277301958,0.0737659053736395,0.481514976671619,-0.51216723412929,0.40791212806276,0.32068471931385,0.23782605578914,0.110242258325213,0.993682210800909,0.54027289427779,0.0658824264487476,403
0,0,0.00044269801604926,0.0078506546491331,0.0652588495991711,-0.249420818938071,0.325038647784022,30.3566328782725,-0.76735742238198,0.448796628341058,-0.141207650321141,0.23898539275979,44.1209562262176,-0.590863101256872,0.557627031675901,-0.125350544933263,0.0627078968497557,9022.10968055659,-1.99895948087041,0.0456426829545025,-0.424547385603113,0.266253445157705,36.4178093625174,-1.59452353884716,0.119461983599814,0.345565495541887,-0.503529275664338,0.406086004455443,0.312860709558895,0.394788085826112,0.107521048063189,0.849094771206225,0.53250689031541,0.110818822865204,404
0,0,0.000391731936915149,0.0157059558008155,0.0561634985509146,-0.259978881248777,0.323391714264621,30.7396445861817,-0.803913241376509,0.427620499477514,-0.202213174082331,0.24486294156616,42.7398756201873,-0.825821877287603,0.413491281882073,-0.122255157995729,0.0627499622531472,9686.08563653031,-1.94829054243131,0.0514090491728856,-0.405966312516521,0.2715983024195,37.5464177053401,-1.49473066989013,0.143342669728554,0.263255477378919,-0.548677147654123,0.41409455518336,0.320718087105347,0.524947466941599,0.0871222750313644,0.811932625033041,0.543196604838999,0.134984746604303,405
0,0,0.00023182370589826,0.0209082838874192,0.0402507803577348,-0.256287622413104,0.321013697648477,31.9613044114003,-0.798369740264945,0.430548562243806,-0.237411227627769,0.248423765301256,42.7682239299255,-0.955670353598692,0.344609762821991,-0.099753051207222,0.0627360219770535,10903.3483478336,-1.59004425310403,0.111853822590091,-0.362568237773185,0.283546139297774,38.9866121593767,-1.27869220392531,0.208565033633905,0.178298508613211,-0.546837966933159,0.431499313261112,0.326022430913059,0.679455007697651,0.0934835067183701,0.725136475546369,0.567092278595548,0.201005466119946,406
0,0,5.51515390090574e-05,0.0146650042523712,0.0295714876852974,-0.213221839436135,0.317176164616313,34.516808437989,-0.672250513193729,0.505899624368709,-0.201061306620491,0.248409976478721,44.0170211297449,-0.809393042383358,0.422642946856722,-0.0505805666108674,0.0627188271607768,11792.066904043,-0.806465441090065,0.419990790756321,-0.320849288757882,0.292503780068431,39.4847661762964,-1.09690646966279,0.279327177394772,0.166814748992757,-0.474883828523008,0.444867464746871,0.326137992140231,0.707678104247037,0.145369809899984,0.641698577515764,0.585007560136861,0.27268228029139,407
0,0,2.6060470986933e-06,0.0167766555223754,0.0325253454547031,-0.207150718397749,0.312685976604663,36.6753126327836,-0.662488035591231,0.511800525840211,-0.210075896091528,0.242952357920421,43.8184495765617,-0.864679387719047,0.39192392729043,-0.0108060917928284,0.0627588831469649,11376.3645382293,-0.172184259039845,0.863295735308759,-0.335978991189665,0.293295784059446,39.0328516788474,-1.14552956247598,0.25896491118008,0.175147417091633,-0.496810565287698,0.4344993276267,0.330554923699764,0.686873410934595,0.132849564197873,0.671957982379331,0.586591568118892,0.251989856622561,408
0,0,8.81843302296076e-07,0.0145506807545697,0.0593100012621333,-0.249551291670728,0.308880957813245,38.7763186121773,-0.807920609407108,0.4240650921878,-0.187296108447952,0.231194475584554,44.4481392457004,-0.810123632817746,0.422185351484828,0.00607320481664706,0.0627348091415031,10627.3966381909,0.0968075762045995,0.92288103272113,-0.461097164376196,0.295155691929461,38.7080390682495,-1.56221674520982,0.126376655896892,0.341383904345129,-0.580810424407263,0.414408344658608,0.337794261365694,0.41006101055579,0.0855378069811494,0.922194328752392,0.590311383858923,0.118236937106085,409
0,0,1.59248599095218e-05,0.0178751950488778,0.0764232002863398,-0.296791433574382,0.30621075832308,39.6604622784632,-0.969239079644744,0.338299896076266,-0.202593559575931,0.220806143989852,46.253526852719,-0.91751776429392,0.363631053446453,-0.0240887180594579,0.0625309905726986,9318.676242966,-0.385228473734992,0.700076941574278,-0.504606392906269,0.283437010913711,38.3036510862205,-1.78031228624511,0.0829585016300762,0.375972813995395,-0.633239971817144,0.386144484882893,0.333441314092197,0.3302261884602,0.0575507092906082,1.00921278581254,0.566874021827422,0.0750248675219283,410
0,0,0.000272626511598348,0.0260241247471502,0.0845687451835507,-0.333601411486142,0.302952212940647,39.9943134532242,-1.10116842602995,0.277406679891837,-0.237769138678009,0.213533830033592,46.4033844544868,-1.11349634219835,0.27123008000598,-0.0881121303009452,0.062190803242935,7360.92796417624,-1.41680322019245,0.156582787217997,-0.472197136105152,0.256928450619243,36.56269090869,-1.8378546049185,0.0742201679499034,0.303637764777275,-0.64075650743303,0.347297752117289,0.32004872614614,0.381962204497994,0.0452783612747427,0.944394272210305,0.513856901238487,0.0660838328068114,411
0,0,0.000978907410672372,0.0391132148986857,0.0798426375132183,-0.359609897288807,0.301296559485573,41.0426839987568,-1.19354133317286,0.239510947034806,-0.291963573855281,0.211463877640708,46.8310252207938,-1.38067823740255,0.17393222572664,-0.159453276675885,0.0621354445717025,6720.80226022822,-2.56622090298043,0.0103028061015612,-0.430311801645995,0.246776380564671,35.0418127256736,-1.74373171638777,0.089974280407481,0.201418876472715,-0.659204726819275,0.338838868274448,0.310625893427914,0.552218848987713,0.0338224447861951,0.86062360329199,0.493552761129341,0.0812058821660278,412
0,0,0.00151417394745115,0.0389172024407455,0.082385357887717,-0.388889406188672,0.297370195617016,41.3600275662491,-1.30776188037864,0.198176696746608,-0.283422871939095,0.203634389650879,47.8395111101931,-1.39182223800709,0.170413856741783,-0.1992930388343,0.0620140893762996,6810.35344760955,-3.21367355126343,0.00131659248132368,-0.439092183108795,0.246499958880687,35.3417468110979,-1.78130732801188,0.0834584432707409,0.22002689725945,-0.65815746895814,0.346179143170714,0.294692961099815,0.525045768841468,0.025524767152707,0.87818436621759,0.492999917761375,0.0748622580147271,413
0,0,0.00158676825577614,0.0298592364807627,0.0780034228637257,-0.419409602702344,0.294379936760983,41.7545347764746,-1.42472210340502,0.161669486311252,-0.243513465414007,0.195463904706866,50.4276670369552,-1.2458231906254,0.21858654762923,-0.203147522735528,0.0617176033898569,6817.13319375579,-3.29156531649955,0.00100138263740872,-0.429587311968756,0.243231072797336,36.8706190529146,-1.76616954005171,0.0856468082670885,0.249038307040814,-0.610136316896698,0.34814744998995,0.278219803998993,0.474408719020633,0.0283073048399936,0.859174623937513,0.486462145594672,0.0773674096204286,414
0,0,0.0013025699436636,0.0296109506819402,0.0698330497125281,-0.45812649868336,0.294899278065674,42.008650243149,-1.55350159447096,0.127805611347047,-0.24551663186529,0.194778070083964,52.0685225028434,-1.2604942217543,0.213110676467373,-0.191236265194735,0.0618736924359756,7324.21894018058,-3.09075242911386,0.00200399304101399,-0.426783349535599,0.250570691340241,38.6415277460025,-1.70324528879591,0.0965536760977004,0.243820202373551,-0.609746496697646,0.35499911189319,0.282027683032483,0.492196675568236,0.0306174530371177,0.853566699071197,0.501141382680481,0.0885221745338446,415
0,0,0.00120451782798019,0.0276132164888339,0.0708277056795866,-0.502594852290771,0.29425188977882,42.2694536382683,-1.70804290388264,0.0949637291102718,-0.2383412561971,0.194580810034156,52.8348505778152,-1.22489600159061,0.22604744539557,-0.191542491936029,0.0620221177560125,7908.61475943316,-3.08829331964338,0.00202007256824215,-0.451963363968584,0.259291803514694,39.8585931430065,-1.74306845739908,0.0890323250496865,0.279866218290787,-0.62406050964638,0.368745151205391,0.28211739121323,0.447870971997826,0.0269625407160481,0.903926727937167,0.518583607029388,0.081321657588179,416
0,0,0.00146762290625143,0.0231406809442881,0.0636024460642426,-0.528844652387257,0.292191423443078,42.3192130583843,-1.8099253090852,0.0774126157085407,-0.218788043111071,0.194607660140726,53.3559915753888,-1.12425195880193,0.265938735104979,-0.213905666778562,0.0620254665451882,8091.93099442997,-3.44867485394443,0.000566214910880926,-0.430524447007577,0.259598739988504,40.4927178118402,-1.6584227143269,0.10495998077948,0.274838219933999,-0.586210674081155,0.369953793511603,0.281452905223183,0.457542967535235,0.0372692751577533,0.861048894015153,0.519197479977008,0.0972321750414447,417
0,0,0.00143025364062476,0.0114210849943818,0.0557748546590752,-0.555053552868068,0.293514235737653,42.5704427756383,-1.89106177924597,0.0654338589312108,-0.153466050403414,0.194581142937689,53.8427350070844,-0.788699501331219,0.433746727394954,-0.221142905943366,0.0622252421027415,8818.164100479,-3.5539099322142,0.000381534423007256,-0.419480902108251,0.269335169937289,41.0653346262541,-1.55746797644705,0.127033654880661,0.327498019269561,-0.511463784946942,0.381151821542973,0.285880094804813,0.390212275279843,0.0736011300185538,0.838961804216503,0.538670339874578,0.119359417950317,418
0,0,0.00120636378285647,0.00521939319472928,0.0551788509598073,-0.585062689394816,0.28913844975939,41.9951730284066,-2.02346899861185,0.0494195057051388,-0.104985135609135,0.201022890840939,51.9842633326783,-0.522254630654004,0.603711584614079,-0.210596825631167,0.0624697289598129,9409.39876798216,-3.37118199707006,0.000751476771486403,-0.425577092673425,0.278451852154848,39.9975341843774,-1.52836869060135,0.134291604703039,0.382968641125572,-0.468185544221278,0.395101378597258,0.294341273316782,0.332399474640196,0.111694793207264,0.85115418534685,0.556903704309696,0.126421023882944,419
0,0,0.000819048916963021,0.000904537103146367,0.0661385925300241,-0.645309525715974,0.28766889306714,41.3648207872662,-2.2432370731352,0.0302982954293198,-0.0432702413329552,0.203324718408092,50.0240531056236,-0.212813482156694,0.83233732268161,-0.171729953625921,0.0622912710282154,9271.97016694987,-2.75688633080123,0.0058468772119574,-0.468494942598693,0.279916930121181,39.5529573150222,-1.6736927716229,0.102082713485772,0.493891839422095,-0.443098045775291,0.391691902917571,0.302742995936847,0.207337961228618,0.143300205020338,0.936989885197385,0.559833860242363,0.0941909951282014,420
0,0,0.000450418811225054,1.3324016281129e-05,0.0812452541776231,-0.705936797491142,0.288914017779426,40.6076043678295,-2.44341483641716,0.0189861861282865,0.00520745785431225,0.208264271336385,46.9224892873994,0.0250040864949959,0.980157740732995,-0.12688217514529,0.0622023976356963,9233.67961160585,-2.03982772317568,0.0413958878949903,-0.52233271946628,0.282173903042362,38.7491665389144,-1.85110215308559,0.0717878844719045,0.604098299404527,-0.440567139528032,0.390319559395903,0.313311092354718,0.121694099425967,0.159675089715738,1.04466543893256,0.564347806084724,0.0641548584154486,421
0,0,0.000119529573350635,0.00179587715016893,0.0958100511433817,-0.729032618799002,0.285033775701098,40.4067706501044,-2.55770607187095,0.0143897705616244,0.061367224953273,0.221003654834562,42.85650909301,0.277675158807718,0.782596897531423,-0.0660073729267992,0.0624298704599639,9351.316272102,-1.05730433910045,0.290400025504635,-0.572871537236366,0.284987946113581,38.133802279903,-2.01016058766236,0.0515265125238135,0.718204340932183,-0.427538733540549,0.391372588476536,0.331382565557842,0.0664921973249134,0.196992803667874,1.14574307447273,0.569975892227162,0.0444141952515451,422
0,0,3.23380651263373e-07,0.0055777792557661,0.0908820526065222,-0.706852950071097,0.279198291923145,40.3462316487888,-2.53172376235623,0.0153455415178792,0.10810252636426,0.224428940583095,41.3640891820426,0.481678192141336,0.63257329057884,-0.00337449814367525,0.062515605222997,9010.05278644416,-0.0539784927561401,0.956953496285375,-0.548983294111334,0.281938512244536,37.9272674827546,-1.94717383496434,0.0589464184549476,0.737550107866133,-0.360416480356535,0.389839432319993,0.332289735265769,0.0584999010392262,0.278078808944352,1.09796658822267,0.563877024489072,0.0515138974406105,423
0,0,7.40137851758805e-05,0.00823575927369193,0.0928489277953672,-0.693699359458843,0.276399044805705,41.3115831276284,-2.50977480745811,0.0160909649476016,0.131869598719678,0.225121557986714,41.3199701502717,0.58577063831204,0.56121573277709,0.050323150297216,0.0623472814324667,8801.48267376279,0.807142655477689,0.419606110014555,-0.548931492373999,0.275128208344357,38.8927614140528,-1.99518433852098,0.0530626637308535,0.761257785921883,-0.336605198826115,0.38053636246934,0.331388974960214,0.0454477760690367,0.309752982664177,1.097862984748,0.550256416688714,0.0460227785314253,424
0,0,6.49050148141799e-05,0.00453400173185606,0.105220758976462,-0.722199582862589,0.271444879640573,42.1294181406797,-2.6605754502309,0.0109895835794511,0.0997185328272941,0.227835788786386,42.0583876487226,0.437677211988798,0.663859791980349,0.0470038243914372,0.0622406951385659,8786.40219367811,0.755194399529005,0.450152590945678,-0.576210900399192,0.264534165552067,40.3472433576164,-2.17820975674985,0.0352916153222828,0.760384461247573,-0.39203733955081,0.377512306136587,0.322352310942401,0.0439887692650893,0.223917653235573,1.15242180079838,0.529068331104134,0.029390424020389,425
0,0,7.38532667069064e-06,0.000686596611151771,0.103310516017152,-0.734710119322251,0.261700594750838,41.8901446737668,-2.80744535571943,0.00754919826890851,0.0395536329476999,0.232285840381559,42.2014468745179,0.170280000204611,0.865603671241144,0.015516543858448,0.0622475711206569,8413.41379235317,0.249271474839904,0.803156879804907,-0.541475238229736,0.251188285438598,40.3325782265422,-2.15565481998601,0.0371307043852735,0.660392705470983,-0.422557770988488,0.379884396752577,0.307241662603724,0.0821395825688473,0.169030072440528,1.08295047645947,0.502376570877196,0.0311106285133198,426
0,0,9.33432065913368e-06,6.60129486185733e-05,0.101183655866329,-0.731578315017609,0.255711228462233,41.9258382660221,-2.86095498980272,0.00656023662542265,0.0126118076713464,0.244346287349905,40.3538882623486,0.0516144845421211,0.959090532637669,0.017407515804512,0.0625160749677711,8306.21981100662,0.278448636026592,0.780674920133839,-0.526667980407676,0.247955185933743,40.0763382551632,-2.12404503025159,0.0398871573780357,0.616473327826925,-0.436862632988427,0.385524303235407,0.313778421338232,0.109809095129747,0.163842243933157,1.05333596081535,0.495910371867486,0.0336663783494374,427
0,0,1.0176393645224e-06,0.000100616799978047,0.104488440868233,-0.729070200108827,0.255366708058387,42.7076954699172,-2.85499314163588,0.00661633626289916,0.0154606426535944,0.243356785823428,40.1101201350193,0.0635307645163103,0.949659422204423,0.00583505195036422,0.0627606446104559,8494.15776108877,0.0929731041894381,0.925927121061246,-0.549757792366721,0.255667337792294,39.6273687618272,-2.15028559030621,0.037689908597117,0.645796240346415,-0.453719344387027,0.390995771933787,0.317934156119778,0.0986017091830838,0.153555142473427,1.09951558473344,0.511334675584588,0.0315326314995052,428
0,0,2.15148674057212e-06,0.000542087903331119,0.107444155428032,-0.723342392016959,0.254987638658465,43.8929828734669,-2.83677434648436,0.00687079818880714,0.0352209118131889,0.238013657068031,40.3731122813065,0.147978533026455,0.883096308253096,-0.00876991760784616,0.0629761602088121,9013.61623867805,-0.139257737829164,0.889249595909355,-0.583633626741361,0.266649124911704,39.7972340211007,-2.18877008103672,0.0345421340246771,0.704397512952192,-0.46286974053053,0.401185737118691,0.316824355211253,0.0791244395913116,0.144024660088337,1.16726725348272,0.533298249823408,0.0286135553559963,429
0,0,3.07114324871315e-07,0.00361709509371167,0.0937758249325563,-0.70216502509851,0.255359915486182,44.4575800998634,-2.74970730532101,0.00859262016131549,0.090268871974982,0.230462651096675,42.2611455564685,0.391685470706123,0.697258772041144,-0.00350949768778491,0.0632117858572872,10036.7612529336,-0.055519673114572,0.95572556232636,-0.576576052344617,0.282130400578217,40.3606526124635,-2.04365091873454,0.0475524296491535,0.751353472532272,-0.401798632156963,0.416601152252741,0.315158448861718,0.0713047183964722,0.202341128254199,1.15315210468923,0.564260801156434,0.0409880451765391,430
0,0,2.98626445673993e-06,0.00436489085728157,0.0808355917582859,-0.706695535351909,0.258411531447837,44.97992216383,-2.73476779999875,0.00889881108848143,0.0989441147793596,0.223567223638658,44.6776664567197,0.442569859610901,0.66021219619967,-0.0113212819005217,0.0632495512973496,10728.6912913101,-0.178993869020477,0.857945895675556,-0.537263763005986,0.287138567131271,39.809123796388,-1.87109578616921,0.0686945817227036,0.714954437643811,-0.35957308836816,0.437271534944604,0.292562238928185,0.102041627553205,0.219053740973085,1.07452752601197,0.574277134262541,0.0613318055633429,431
0,0,4.89105981964576e-06,0.00171539832999349,0.0716177977664819,-0.721735798294322,0.263068076645513,44.8263690510368,-2.74353242513294,0.00870806197449249,0.0616746189698691,0.222089643188575,44.8792640692098,0.277701463627016,0.782516841719818,-0.014202938877567,0.0630312616122295,10381.0035056399,-0.225331661056446,0.821725706457702,-0.484275719658698,0.281744275967732,38.2984353032546,-1.71884847702873,0.0937166640160081,0.616930459701203,-0.351620979616192,0.433940748926389,0.285247396236098,0.15511543693874,0.217692272726175,0.968551439317395,0.563488551935463,0.0856419658500606,432
0,0,7.85141643895599e-06,0.00103105300990236,0.0555000293260309,-0.723569990664228,0.270748604928839,45.892208012343,-2.67247910974242,0.0103886702845087,0.0479523300890598,0.219888804189831,46.0769993861673,0.218075359797138,0.828333339840342,-0.016845496317127,0.0626973558293368,9194.28048556407,-0.268679533519416,0.788182330904503,-0.389122038432321,0.264482537517019,36.837180903485,-1.471257959355,0.149713114778947,0.494107848166866,-0.284136228697775,0.407672129281821,0.282898157385068,0.225503716425096,0.3151972280509,0.778244076864642,0.528965075034038,0.14122136805627,433
0,0,0.000119324653549108,1.83955506402456e-05,0.0366617057653927,-0.736011098741789,0.274284107217266,46.3608664519345,-2.68338951975362,0.0100705779982289,-0.00633244903811378,0.216991122827862,46.2954906474751,-0.0291829866382934,0.976844094034871,-0.0611627493445085,0.0623833724958613,8054.79130513718,-0.9804335177385,0.326901617832886,-0.284612442281442,0.24516982284514,35.4111388729232,-1.16087876957522,0.253457469281716,0.319995538317843,-0.249229346245041,0.385244311445925,0.272506295974587,0.406182599744472,0.360411125187291,0.569224884562884,0.49033964569028,0.245691203759892,434
0,0,0.000110828870482333,0.000371351032084039,0.0413998806094416,-0.755187835334814,0.276202591624967,45.7697218490588,-2.73418084490757,0.00886302551758905,-0.0283591152360034,0.221390448194996,44.1694157642995,-0.128095477773392,0.89865487285794,-0.0575596279614628,0.0623220992552997,7695.74673760109,-0.923582944882398,0.355732453074709,-0.289656555212815,0.238758834703245,34.0789505069297,-1.21317628130004,0.233404659804451,0.303752298900935,-0.275560811524695,0.380768356618632,0.273642752349033,0.42502420622684,0.313930278660656,0.57931311042563,0.477517669406491,0.225062430404789,435
0,0,1.43180169622784e-05,2.36062112770616e-05,0.0634205860949634,-0.766305889697415,0.275997392171928,45.3883150930347,-2.77649684899942,0.00795706931767041,-0.00721092391250019,0.224928939418302,43.536610373734,-0.0320586756472896,0.974571782514133,-0.0201695666376792,0.06228342232733,7324.18165684305,-0.323835233903465,0.746072026016587,-0.354121764440737,0.233834416750854,33.8690277380947,-1.51441250334867,0.139198706341823,0.398814342384936,-0.309429186496539,0.358365475357974,0.293237291437007,0.265764079392762,0.291325761058658,0.708243528881475,0.467668833501708,0.129921250039439,436
0,0,2.08797516525748e-05,0.000401708392086628,0.0889049856982024,-0.834984440415612,0.275997427019646,45.7432318872742,-3.02533414688745,0.00406622461011496,-0.0301170114123927,0.227419525600106,43.6398097988787,-0.132429312447649,0.895253464904423,-0.023464455822293,0.0620481404821732,6849.02947455019,-0.378165334850518,0.705319495188651,-0.417977370463889,0.227538240883637,34.58074140096,-1.83695438991129,0.0748238041825858,0.449123154514499,-0.38683158641328,0.329472129341996,0.312710570558748,0.172832160680538,0.216076860220714,0.835954740927779,0.455076481767275,0.066216628886438,437
0,0,0.000102452376457643,0.00221843413515006,0.100756248708865,-0.893959357428974,0.274094968578885,45.5171764139342,-3.26149495579555,0.00210366028051194,-0.0709106270345517,0.230159616789509,42.6926719911082,-0.308093261640258,0.759509586285805,-0.0524237143902133,0.062057949851159,6964.56820905652,-0.844754209830446,0.398277102726877,-0.461558355351855,0.229657264724732,36.0494212946132,-2.00977032407435,0.0519855987528568,0.458298173332492,-0.464818537371218,0.32463157368749,0.322467533353888,0.158023994448205,0.149459597028062,0.92311671070371,0.459314529449465,0.0444555030157376,438
0,0,0.000186628488175019,0.00184119001040674,0.100169904902182,-0.92090060832541,0.269425580601635,44.3476223636497,-3.41801474926401,0.00136233265985518,-0.0646934654388143,0.23025461516372,42.796196999597,-0.280964902235791,0.780091259400361,-0.0710607056672023,0.0620292618449097,7030.83342150662,-1.14559973073473,0.2519998001222,-0.47109116277872,0.232832647878736,36.7743845422149,-2.02330372080841,0.0503560305759646,0.475445362570466,-0.466736962986973,0.323587806546851,0.327218397423058,0.141753281418136,0.1537594018804,0.94218232555744,0.465665295757472,0.0430418435199683,439
0,0,6.03915803247711e-05,0.000368443586474279,0.116325412785521,-0.950827218786795,0.264404072566457,43.2512881415786,-3.5961141201704,0.000823702109779888,0.028405227842747,0.228247133888787,42.0198836119565,0.124449439337045,0.901552880680946,-0.0406813594837346,0.0620953859829276,7106.72696508748,-0.655143032606634,0.512396872747545,-0.533341926493274,0.238732718374202,37.9144995138833,-2.23405459513633,0.031454828744615,0.639918892002915,-0.426764960983634,0.332705524850667,0.32520957137773,0.0544324424151564,0.189426772283164,1.06668385298655,0.477465436748404,0.0254794810418736,440
0,0,1.26335723539993e-05,0.0028714634554952,0.144505659295681,-0.964231523628744,0.254606297575021,42.292841883421,-3.78714718690188,0.000475707138451861,0.0773095166965814,0.22177113397969,42.1991530027348,0.348600448170415,0.729122577887023,-0.0176483477559998,0.0619140275433406,6431.29357877055,-0.285046030055882,0.775618055647737,-0.570028364377132,0.226303561786536,37.5614578125975,-2.51886607474089,0.0161548833247148,0.730886736975144,-0.409169991779121,0.330066903445507,0.303502466056377,0.0268040682252975,0.177606813318263,1.14005672875426,0.452607123573071,0.0117733427850143,441
0,0,5.65424327368486e-05,0.00174165293501377,0.14212424680423,-0.977410676963709,0.245097193317893,41.7211940270063,-3.98784932512874,0.000263014742773767,0.0603025438054905,0.219766050026238,43.1550272398732,0.274394265166484,0.785090930639576,-0.0376710136548243,0.0617712892588436,6577.21796495753,-0.609846647314893,0.541984465176008,-0.564888670299822,0.221119466847455,39.3938102554414,-2.55467634014117,0.0146030614115688,0.707986746862355,-0.421790593737289,0.336631068368778,0.288709163382398,0.0354523698526748,0.144028268531137,1.12977734059964,0.44223893369491,0.0106286577258316,442
0,0,0.000182202119727666,0.00102991971781069,0.132647177838691,-1.00546086852444,0.239402333502479,41.9071559224685,-4.19987914827083,0.000136321034063007,0.0478298848330736,0.224254547338179,44.123023253661,0.213283901712572,0.832087973209844,-0.071209558035291,0.0618653353919624,7270.24883334246,-1.1510413316945,0.249753086126701,-0.583471576332129,0.232329255554625,41.2410190946054,-2.51139950041695,0.0160342764408661,0.716820683891637,-0.450122468772621,0.351768128150043,0.296225059170374,0.0415734674260512,0.128629478299923,1.16694315266426,0.464658511109251,0.0120253521201523,443
0,0,0.000135792385250835,0.00164218536655788,0.115426233426873,-1.02915106592875,0.232823034363567,42.548659350124,-4.42031463399652,6.6873102383226e-05,0.0615432885367999,0.229922329659883,43.5575194374226,0.267669906736936,0.790216869351051,-0.0648982346236594,0.0620863030821967,8045.25419139844,-1.0452906905689,0.29592004364213,-0.575627699043989,0.244490148556298,42.4805538601712,-2.3544003815411,0.0232479796881238,0.721540535985365,-0.429714862102613,0.367865093402738,0.30580145366843,0.049829229943172,0.159959228883214,1.15125539808798,0.488980297112596,0.0185526157834024,444
0,0,3.71996741217954e-05,0.00159209640604977,0.0882820378724741,-1.02641925326745,0.227992005520924,43.0388631587821,-4.50199668590242,5.06763131725161e-05,0.0631712878895754,0.244795797350055,41.7609332324523,0.258057076851043,0.797630389113903,-0.034941757368278,0.0623827224364403,8433.4553210358,-0.560119148436958,0.575413047676906,-0.509922873514307,0.248704596343025,43.4139723311487,-2.0503154385253,0.0464022677299967,0.647833376752653,-0.372012370275961,0.37335009601643,0.326117156223415,0.0827071459362395,0.253981345230531,1.01984574702861,0.497409192686049,0.0403336589974981,445
0,0,2.23447981961947e-08,0.00353046635491222,0.0736259454737711,-1.03293241800217,0.226213512445395,43.3790516491753,-4.56618354419258,4.07378797975002e-05,0.0963386375000779,0.251934557469642,41.2721849957867,0.38239548582646,0.704130198456971,-0.000871355727599661,0.0625886956443121,8674.06619815432,-0.0139219346022407,0.988892582321898,-0.472792546528434,0.252563807411923,44.0914629608032,-1.87197267642282,0.0678527790627182,0.638428220473947,-0.30715687258292,0.377070395292565,0.337285895223078,0.0904312185913683,0.362468140462593,0.945585093056867,0.505127614823846,0.06121038376941,446
0,0,9.66500591095393e-06,0.00460782940802687,0.069294184967564,-1.04837743156699,0.231371124182235,42.6051852719319,-4.53115070116204,4.69227585117807e-05,0.109210583374667,0.252933709089284,40.272988387332,0.43177551844668,0.668207452963029,0.0184140960977384,0.0626060644028911,8950.79646773679,0.29412639611456,0.76866814148699,-0.46586811627295,0.258118069992203,43.7526936191331,-1.80486440289524,0.0779810171140218,0.64336082479781,-0.288375407748089,0.373887629752703,0.348227196102725,0.0852992648511502,0.407600101352709,0.9317362325459,0.516236139984406,0.0710959033575503,447
0,0,0.000108073945776204,0.00919170833680743,0.077595890197373,-1.09478315394549,0.238255540628394,41.8771179014968,-4.59499557096561,3.93905283424498e-05,0.153084629171475,0.254511178383858,38.9980459500247,0.601484894076401,0.550997805633082,0.0648011604361978,0.0627676664521112,9861.10661059344,1.03239715762953,0.301911421702725,-0.522713513432533,0.27398028702826,43.2684494728189,-1.90785081329087,0.0630609369106663,0.752412077524992,-0.293014949340074,0.377650506789089,0.367368880768618,0.0463326430352311,0.425100233362074,1.04542702686507,0.54796057405652,0.0564105010837467,448
0,0,0.00011948616084759,0.00408287349077679,0.0688377220597065,-1.13427494675485,0.240099220629966,42.4232289156589,-4.72419253914596,2.5461681394137e-05,0.0992408025651185,0.2514291554133,38.0020075599566,0.394706820702581,0.695265910159417,0.0698580422734393,0.0628362288093421,10342.9182932322,1.11174784988136,0.266272421037058,-0.500769503927422,0.278079209368224,43.8669651831552,-1.80081605189088,0.0786092559905089,0.67340791569604,-0.328131092158804,0.374362078297541,0.371406759338178,0.0720480369018728,0.376976040925388,1.00153900785484,0.556158418736447,0.0717318779789049,449
0,0,1.11157336189071e-05,5.19881304794579e-05,0.0585493722024689,-1.14629147208892,0.235439403799771,44.6102626406992,-4.86873247888351,1.44642214627631e-05,0.0105817258783859,0.243984561131439,36.1794152192737,0.0433704732353346,0.965644701029074,0.0214284342078122,0.0629266057771584,10432.0414540352,0.340530590251388,0.733463847019901,-0.464277568131146,0.280604355600342,44.0191743781191,-1.65456294196803,0.105127354174962,0.542908293080729,-0.385646843181563,0.368857479171875,0.370084772672144,0.141057424900907,0.297388490875808,0.928555136262293,0.561208711200685,0.0980131858361507,450
0,0,3.80907761730956e-05,0.0025262722175912,0.0459611539894397,-1.13458152830932,0.237371197227662,47.1805158460825,-4.77977758700497,1.75197652233134e-05,-0.0696195053342634,0.229486203504173,36.3387532969136,-0.303371201715825,0.763337130345849,-0.038609391162402,0.0629577288310704,9873.05225988563,-0.613258957704774,0.539719253353814,-0.405054013151763,0.281892145659455,42.8583120057696,-1.43691131302784,0.158003849280209,0.394803131366771,-0.415304894936756,0.361141787437616,0.361133644191669,0.274302436474055,0.250142497983532,0.810108026303526,0.563784291318909,0.150743194980059,451
0,0,0.00016983342013438,0.00586252875699167,0.0357926866673192,-1.12542348601124,0.24413040397125,47.8644052085247,-4.60992759485942,3.01423303957494e-05,-0.101311995800603,0.21574046454461,37.3955547477025,-0.469601268424328,0.641366742797659,-0.0809003471453401,0.0629440251755483,9725.11682121131,-1.2852744469346,0.198727003224937,-0.356777246700647,0.287808581227141,41.3964352667474,-1.2396338051473,0.222092544417032,0.307757965853049,-0.405796527548244,0.371467710698519,0.346214664783243,0.4073920162239,0.24115885912393,0.713554493401293,0.575617162454282,0.215110871063329,452
0,0,0.000133254375400737,0.0053489959624129,0.037440343115115,-1.10241743525314,0.247589714378943,47.7123264154428,-4.45259787151682,5.09555609130616e-05,-0.094910195170079,0.206019484605075,39.464590020209,-0.46068552861403,0.64755291406242,-0.0705581558312167,0.062792973356241,9473.99154050587,-1.12366323905259,0.26118438846777,-0.362939853811946,0.290385068980493,40.1613766538492,-1.24985714687805,0.218586226701871,0.321225624741123,-0.404654082882769,0.379374460961969,0.332921596976,0.397148737679313,0.224189323534206,0.725879707623892,0.580770137960987,0.211351735977101,453
0,0,0.000116584579218137,0.00564471009389857,0.0420946248939785,-1.06490338908819,0.245664338178414,47.5721649661212,-4.33479029550802,7.52065815282351e-05,-0.098476264797364,0.199217013759516,43.0437628409113,-0.494316539230125,0.623596107851705,-0.0643473861329949,0.0627497289998959,9018.75037351127,-1.02546078140197,0.305173324496721,-0.368837660308934,0.284212268727765,38.3248832448009,-1.29775418197104,0.202128671376508,0.324421801024626,-0.413253519593242,0.380786535853499,0.314921182769032,0.394226230142709,0.189437727039969,0.737675320617868,0.568424537455531,0.19437181859529,454
0,0,3.04071464063336e-05,0.000647999491061196,0.0381694868775706,-1.00149090942954,0.240555658893276,47.4843585975989,-4.16323986738493,0.000131176224116129,-0.0338433540602795,0.197317638015542,45.3689575014637,-0.171517125385485,0.864579906735727,-0.0329334062291768,0.0627580248273272,9056.19776665047,-0.524768048704369,0.5997572905795,-0.342283659035286,0.283590234388492,36.7089546753567,-1.20696560575633,0.235165624461411,0.358608699906374,-0.325958618164198,0.39555738724953,0.297864492736001,0.364623212930594,0.273815324207065,0.684567318070572,0.567180468776983,0.227445389952413,455
0,0,2.87798104370818e-06,0.00081997249991096,0.0387630990662672,-0.926412686850142,0.230539861988435,47.0407276175578,-4.01844903896323,0.000210035973393856,0.0378163014758594,0.195335584488244,45.6709270704261,0.193596581876946,0.847350244105172,0.00971152691802907,0.0625730458352312,8369.72650168966,0.155203039717799,0.876664994542052,-0.320117611802949,0.269535990255679,34.9782077850056,-1.1876618461946,0.24296929918462,0.404853438501486,-0.235381785104412,0.390500326513139,0.277589262747564,0.299849727088057,0.396465877729451,0.640235223605898,0.539071980511358,0.234966661198925,456
0,0,3.76571351393476e-05,0.0020896627835393,0.0408170519032176,-0.82268391295632,0.2226748492148,46.6042382260273,-3.69455246453419,0.000577682894500121,0.0588672925570141,0.189050579866857,46.3028165940334,0.311383824363156,0.756906536243214,0.0322633843062694,0.0621054301498892,7166.33428831669,0.519493774190163,0.603432497307714,-0.302720185365933,0.254198150441148,33.3271214807043,-1.19088272216213,0.242112713177338,0.40595706850153,-0.199483302230336,0.360311385915189,0.275684262993827,0.259876115499753,0.469315418908618,0.605440370731867,0.508396300882297,0.233699628251003,457
0,0,4.30523648853284e-05,0.00184466721305081,0.0324369914757271,-0.756634494409043,0.212506006926675,46.2278719431912,-3.5605322661308,0.000870220967155121,0.0545840967752503,0.187057259549658,46.0747751176563,0.291804214958895,0.771746164332452,0.0326754340791099,0.0617192298109983,6510.07550126825,0.529420638902516,0.596531736139581,-0.264214297741337,0.247829307773529,33.9036138319411,-1.06611401256377,0.293905641335278,0.357524190755183,-0.170904404727492,0.334712369367468,0.287192974052318,0.285451273601816,0.551786250334364,0.528428595482675,0.495658615547058,0.286372106012824,458
0,0,2.1093737365839e-05,3.24015741211655e-06,0.0311183532400662,-0.768655005348885,0.207237109877849,45.7594281782145,-3.70906063012531,0.000561235038072735,0.00236708824079673,0.194831904365856,45.5555430673489,0.0121493871781482,0.990359481717482,0.0230136778230799,0.061686217955072,6598.31545263114,0.37307649238346,0.709103498167888,-0.257740755517017,0.243459154037132,34.895393507123,-1.05866118091294,0.297027649990089,0.297884815200536,-0.217596695833497,0.329191087848245,0.294487028776224,0.365518689242937,0.459967247498179,0.515481511034034,0.486918308074264,0.289754112909882,459
1,0,1.39193398498656e-05,0.00035739737680444,0.0370079324776032,-0.864782540303495,0.207294757494309,46.6147328850444,-4.17175306677611,0.000130467305705419,-0.0260343723465638,0.204053030193327,45.5304059866161,-0.127586305980842,0.899038219369477,0.0193739696733266,0.0617616322162346,7069.27730127587,0.313689405187612,0.753766203637216,-0.287070205438046,0.245427882728878,35.6005186652319,-1.16967233814737,0.249904465959968,0.303111611643213,-0.27102879923288,0.330358943292937,0.306933318899461,0.35886914895596,0.377224515151694,0.574140410876093,0.490855765457757,0.242132854122493,460
1,0,2.68988957915917e-07,0.00317484968688806,0.0477944270258732,-1.00580880096267,0.208735444484144,46.9032396752663,-4.81858173846978,1.55502856818542e-05,-0.0812427671380733,0.212731989624325,45.793056167469,-0.381901975727977,0.70430061743295,-0.0028014940910218,0.062036858220613,7581.32756473564,-0.0451585423791005,0.963982128254906,-0.335393240690409,0.249552898462063,35.9862700208802,-1.3439765386712,0.18736850587308,0.303308942302178,-0.367477539078641,0.338401859525164,0.316226553338035,0.370093575858945,0.245206841792152,0.670786481380819,0.499105796924127,0.178955973702893,461
1,0,1.35375554280146e-05,0.00378019788365813,0.0561301716623195,-1.15369106831258,0.211269028452587,46.9620581324733,-5.4607676135146,1.74826829539455e-06,-0.0924871847673315,0.221343588449849,46.0118677233976,-0.417844426464093,0.678004468465926,0.0213136890414259,0.0626180243512177,8558.00234489189,0.340376261663571,0.733581547365496,-0.392423279130619,0.267034480872999,36.3153782107018,-1.46956032736931,0.150291667613792,0.357453435691164,-0.427393122570074,0.363919173816381,0.32953679099388,0.325985054829931,0.19464799275587,0.784846558261238,0.534068961745998,0.141680871700145,462
0,0,4.85558961582916e-05,0.00995381525433042,0.0516979040451399,-1.27469309590916,0.221407917560071,46.7211414861675,-5.75721550501155,6.37493491316878e-07,-0.150981533016453,0.222950949693441,45.6136564105408,-0.677196186982176,0.501701798708129,0.0407845515992855,0.0627187887376813,8708.2922775718,0.650276454953,0.515530817434445,-0.383873719755223,0.275144304925737,35.7050364222276,-1.39517232551418,0.17158218780117,0.289156422170669,-0.478591017339778,0.365278884210174,0.341477987396228,0.428591300388825,0.161056191029011,0.767747439510447,0.550288609851474,0.162963880240014,463
0,0,0.000176984548949896,0.0167140820321098,0.0652394559686253,-1.4120429584515,0.236331312102836,47.1530817821392,-5.97484499995953,2.90638814753616e-07,-0.191463872541654,0.225524357091352,42.4017772940327,-0.848972035708313,0.400664614948482,0.0761236635187759,0.0625430285313547,8368.91821213185,1.21714066789415,0.223585020180542,-0.431274626399001,0.279853173975823,34.0280751612534,-1.54107462949932,0.132547758163626,0.303022523423105,-0.559526729374897,0.350361112254295,0.361977097057983,0.387101201840949,0.122164535130726,0.862549252798001,0.559706347951647,0.123298623712657,464
0,0,0.000281268528752348,0.0217981488178618,0.0638594776401774,-1.53750535273839,0.250851722255886,45.7006779775019,-6.12914011078635,1.89802915511018e-07,-0.219607481465605,0.236426033180857,38.7179664038817,-0.928863368009958,0.358714932506559,0.0929011514336708,0.0623301924278513,7895.90557576577,1.49046790672444,0.13614119325548,-0.416624091512597,0.277368821383474,33.0741856754164,-1.50205812403333,0.14257038885115,0.258081055892393,-0.5751671271328,0.332931919418659,0.382509510043415,0.438235273259576,0.132666995750861,0.833248183025194,0.554737642766948,0.133082098444698,465
0,0,0.000339286859616502,0.0216668625742349,0.0466668443269527,-1.61413962645158,0.269434152089267,41.3031941456537,-5.99085013512611,4.34330519599257e-07,-0.225323652904063,0.243429887644163,38.6862384655403,-0.925620329880913,0.360381729546143,0.0997756272942549,0.0621507745910865,7593.49002966333,1.60538027000816,0.10845172674014,-0.350425213920697,0.273817773025548,33.4582860198644,-1.27977526823287,0.209427310299848,0.176463260770083,-0.524387167071311,0.320969995994131,0.393264863817328,0.582469473625807,0.182394069092941,0.700850427841394,0.547635546051096,0.200624184284583,466
0,0,0.000371826091966318,0.0121007952635096,0.0446017490485172,-1.71088334921539,0.292149986438967,34.5073422573681,-5.85618151165928,1.25597430549204e-06,-0.174205725446556,0.248610666301193,40.0852001656892,-0.700717020867901,0.487527358227744,0.102034194847655,0.061944543692492,7294.30625311171,1.64718615660772,0.0995628623829486,-0.330817505384468,0.26214610932619,34.1132175566203,-1.26195847893676,0.215524047910657,0.205099584781165,-0.456535425987771,0.314801583036947,0.389031438489264,0.514710753218273,0.240588111634678,0.661635010768936,0.524292218652381,0.206963727445752,467
0,0,0.000540871016253704,0.00478946208283972,0.0477665728177837,-1.81324080704012,0.309039099974025,27.8842233229823,-5.86735078892127,2.65778595999916e-06,-0.110674282933722,0.253641382145257,39.562291455189,-0.436341585894452,0.664960967472604,0.125314543423784,0.0619374455919648,7564.28182759254,2.02324364891215,0.043083133995662,-0.352885539074927,0.268357333793772,34.471495663602,-1.31498377214506,0.197196430036763,0.293933564882956,-0.411837513266898,0.321274753389155,0.397884831999406,0.36024528543036,0.300637559371143,0.705771078149854,0.536714667587545,0.18851535640386,468
0,0,0.000504128700539962,0.0017778858925485,0.0491123617243912,-1.89669371179685,0.319728497560057,22.2218402845107,-5.93220099638001,5.48270452603288e-06,-0.0670573282264576,0.255239932404401,38.7541800499083,-0.262722715817885,0.794155981812408,0.122280366186823,0.0618237419218309,7756.0833548837,1.97788685035325,0.0479768102631404,-0.366520778388159,0.273050390369934,34.8859038391151,-1.3423191883798,0.1881631768838,0.353184271110485,-0.379857285665832,0.324799209982124,0.402955709429203,0.276863321532573,0.345845879200534,0.733041556776317,0.546100780739869,0.179492524394725,469
0,0,0.000228734586838906,0.00221463554192577,0.0478369859726257,-1.97048733815891,0.329177783976839,17.851710054092,-5.98608847277967,1.2004901388699e-05,-0.073744381401195,0.256206473032434,37.3260936943047,-0.287831843311232,0.775067618496809,0.0824046285584701,0.0618654507220432,7754.89034164447,1.33199754623478,0.182900139038807,-0.369198057123619,0.278850538101623,34.8917971631955,-1.32399980160365,0.194111835805659,0.349566904469233,-0.388829209778005,0.330077121056847,0.407586470769774,0.289578762238967,0.34009392966217,0.738396114247239,0.557701076203245,0.185503110603564,470
0,0,0.000141361613764104,0.00147785450093071,0.0573093430516961,-2.04476968018104,0.333230159061731,14.8947073127502,-6.13620833701986,1.96441841452747e-05,-0.0604887823671481,0.26074417198066,36.361893211269,-0.231985174999941,0.81785020092805,0.0638264340030295,0.0618948528837233,7521.4089172631,1.03120745957559,0.302476700738715,-0.3993706051926,0.275278869224522,34.621845518015,-1.45078554818847,0.155840244677067,0.397417431278837,-0.401323779106363,0.335402555085966,0.405219044150913,0.236058232689422,0.321984869766496,0.798741210385199,0.550557738449043,0.146839585095609,471
0,0,0.000205881791345545,0.000998566706025375,0.075635919895767,-2.09196773451005,0.33373107880775,13.1751191111225,-6.26842349230277,2.71627546548912e-05,-0.0493443426555318,0.267582856752326,34.0210092630239,-0.184407713014308,0.854788473270967,0.0766449539547977,0.061770656743352,7476.44834165307,1.24079875454856,0.214719034355825,-0.458204258899579,0.274965935856471,33.9371541810256,-1.66640372187323,0.104838016087866,0.476018752527665,-0.440389765271492,0.336736968005284,0.411756425002254,0.157472947594956,0.284826635219751,0.916408517799157,0.549931871712943,0.0956330300012013,472
0,0,6.15421758000801e-05,0.000960301913968428,0.0870560054342448,-2.09059085962996,0.331801392771815,12.852680613281,-6.30072960865383,2.8875928328456e-05,-0.0478639960132396,0.257452751823752,35.9581866370223,-0.18591370911431,0.853557258934472,0.0418713040965841,0.0618073418996919,7456.81325078164,0.677448710940162,0.498142318366064,-0.482465772753107,0.265230959518231,34.7000407999328,-1.8190401815439,0.0775438532830839,0.505316614534242,-0.459614930971972,0.341542086601859,0.385828769495565,0.139002745485548,0.233559108541236,0.964931545506214,0.530461919036463,0.0689053000502093,473
0,0,3.23961820877715e-07,0.00151590499631224,0.0937995153762856,-2.00293388952494,0.325920897187806,13.3384428698942,-6.14546016167469,3.13933378780423e-05,-0.0581513447632744,0.245437710823182,36.9748233944584,-0.236929135984192,0.814019568917767,0.002900087628053,0.0618228068276162,6792.51853023349,0.0469096726090012,0.962586598006579,-0.479585118715493,0.257187290345032,33.5935644529941,-1.86473102178611,0.0709754091142899,0.49172639530241,-0.467443842128576,0.329693849159332,0.370231409935318,0.135839804969404,0.206743006246181,0.959170237430986,0.514374580690064,0.062219116171312,474
0,0,5.1770773298639e-05,0.00174892266240031,0.101827477474101,-1.8545271440028,0.317717762540364,14.1080114244847,-5.83702695491316,4.1842212942729e-05,-0.0594312587110065,0.24321124019954,34.0825244055012,-0.244360658093955,0.808416643979867,-0.0349091130487988,0.0618168695520113,6159.65624895182,-0.564718228240708,0.572285997817776,-0.475486505469114,0.255860474415896,30.4624458145172,-1.85838202072674,0.0728019515404454,0.485747135813352,-0.465225875124876,0.317196383438933,0.374204743224202,0.125676330973695,0.213779829933041,0.950973010938228,0.511720948831792,0.0631147836380951,475
0,0,0.00014935115259968,0.000222356475417245,0.070830287827913,-1.65989846812313,0.310720495467127,15.5882631067219,-5.34209520240269,7.21755564934464e-05,-0.0215662586345491,0.246574254789705,34.3959888572694,-0.0874635458310207,0.930810286836144,-0.0584568319787229,0.0617849622395747,5992.82414539041,-0.946133652264012,0.344118567310427,-0.367398316614101,0.245359690897045,29.4133120625255,-1.49738661338738,0.144948155798493,0.399681499395964,-0.335115133832238,0.321421142808729,0.363194997260532,0.213690162316381,0.356170584456559,0.734796633228202,0.49071938179409,0.134292689468487,476
0,0,8.53566753216184e-05,0.000840392917164553,0.0341482604210471,-1.46167545655723,0.302685504883716,17.7443852484231,-4.82902363335426,0.00013984954654477,0.0443842050911261,0.245647767956416,38.813582741829,0.180682305645867,0.857557097803495,-0.0441768271658893,0.0616796798672745,6009.3881735996,-0.71622983875648,0.473877272336196,-0.236772527787331,0.22848279203317,30.3736866810619,-1.03628166340403,0.308250988340421,0.315860398593648,-0.157684656981014,0.335323726175458,0.332669915783363,0.34621485779421,0.635501800218407,0.473545055574662,0.45696558406634,0.300070758101603,477
0,0,4.20635278968513e-05,0.00230695480888311,0.0247670419238888,-1.25968393388157,0.296057549253453,20.0227309774069,-4.25486172218213,0.00038682624105947,0.0755856947768046,0.243511413224653,41.6675949957505,0.310398982026655,0.757804910493155,-0.0310620674263063,0.0617524000569578,6014.90912736371,-0.503009881359364,0.614975742406345,-0.19468412196996,0.220948882489624,30.5711430714249,-0.881127434437705,0.385123989229001,0.298804599696624,-0.0905636442432964,0.350616885922883,0.308640265233206,0.394089027155756,0.769195153490796,0.38936824393992,0.441897764979247,0.378248849824842,478
0,0,4.00103127668391e-05,0.00749744785756676,0.038268644724518,-1.04961784690353,0.290928037723996,22.4990893673229,-3.60782637216736,0.00152042141692694,0.134330790298618,0.235654066476684,43.014951835511,0.570033830975323,0.571620241862717,0.0307964488608849,0.0618958085649302,6187.13336653222,0.497553058517341,0.618816778344926,-0.247628521686827,0.226824302363075,29.9524847584207,-1.0917195340491,0.283660438176044,0.418254136889648,-0.0770029064840072,0.359413476838139,0.297544888689473,0.244540337606452,0.795793994166151,0.495257043373655,0.45364860472615,0.274956396456441,479
0,0,6.50204990937464e-05,0.0071734291184266,0.0451360531578364,-0.848629694663126,0.287574385120557,25.4661782551948,-2.9509919470309,0.00671240820543043,0.132842526018673,0.231147853391301,45.7131450227114,0.574708023759103,0.568306543949029,0.0399803018559395,0.0619352037524724,6408.23542545346,0.645518209897606,0.518614533037028,-0.271871742798569,0.229390186371905,29.716413265419,-1.18519343437731,0.245332734433738,0.444562414071502,-0.0991810715256352,0.369251081627624,0.285527865931725,0.228606209774206,0.728320585313122,0.543743485597138,0.458780372743811,0.235940975275183,480
0,0,1.19108310366419e-05,0.00452033564032548,0.0691959281768858,-0.673775681162444,0.286638048178134,28.0663773144758,-2.35061494956776,0.0259991336441472,0.104353193440289,0.224728424091445,47.4850812174401,0.464352446123267,0.644517273777138,0.0160544290288638,0.061623771671991,5698.30828092166,0.260523310944319,0.794469549932337,-0.311655315597391,0.216384910769798,27.9044114559557,-1.44028210880632,0.160914118028364,0.461687718496341,-0.161622912698441,0.354539810445769,0.27285821628331,0.19284226342831,0.553627654323439,0.623310631194782,0.432769821539595,0.149787601075384,481
0,0,5.83060841434497e-07,0.000891552154270854,0.0937306457536772,-0.515256901922305,0.28577790556964,30.3909714284942,-1.80299768414653,0.0813128699218256,0.0442839560412199,0.217515073269042,46.4493866428018,0.203590286299127,0.839563005402979,-0.00332372362840257,0.0615891123539823,4994.91142111899,-0.0539660907807784,0.956964338698146,-0.351777870551751,0.218277373346003,25.1128081315982,-1.61160941768403,0.119545646544484,0.447621784750764,-0.255933956352738,0.330223186903302,0.287550180592941,0.175254206208601,0.373439191830271,0.703555741103503,0.436554746692005,0.107046960037698,482
0,0,8.68997840744627e-08,0.00391775542434952,0.0720571756709312,-0.372485245279094,0.284666100390513,32.6760723616196,-1.30849878074034,0.19983352080569,0.0886401922536283,0.206216160335919,46.9757653374613,0.429841153618789,0.669276586485352,-0.00132263355000643,0.0617376200175216,5281.53993271158,-0.0214234618961834,0.982908667251851,-0.327777094276147,0.229405924023821,26.2900811514488,-1.42880832598775,0.164833917268239,0.464459459391456,-0.191094729160838,0.328439386366915,0.289330233062489,0.157320634746289,0.508950512208962,0.655554188552295,0.458811848047642,0.153059331863252,483
0,0,3.71884352095749e-05,0.00388088916200963,0.0599347677737183,-0.238317031436467,0.282494420585893,34.6827281257383,-0.843616772827576,0.404664696741982,0.0864255290127525,0.200371747263286,47.7519548511437,0.431325923904784,0.668172475016265,-0.0271953026100992,0.061542966742511,5250.5751587345,-0.441891316742681,0.658586053095133,-0.294916826620534,0.221718262927892,27.7507888745179,-1.33014223874038,0.194300456993745,0.4245682106785,-0.165265442562568,0.318040351117801,0.2804485948436,0.181892460508607,0.555667014737206,0.589833653241068,0.443436525855785,0.183471410994109,484
0,0,0.000268765715635823,0.000213455519659785,0.0351214659648493,-0.138532708856431,0.28050736427295,35.7711399012266,-0.493864783962072,0.624420684730341,0.0199870826904358,0.19828643128022,47.5896733091173,0.100799043895192,0.920133461074454,-0.0713815926405778,0.0611753746799545,5064.40680555568,-1.16683539764191,0.243331787878168,-0.213343244441806,0.208851234030009,28.6670965407649,-1.02150818228419,0.315557370079525,0.264599971068099,-0.162086517815513,0.299182717112074,0.276421070130433,0.376475315888896,0.55762326641322,0.426686488883611,0.417702468060018,0.30701373448749,485
0,0,0.000383285254896103,0.000784551334241677,0.0426222498709896,-0.109606142817156,0.27922572974337,36.762834847722,-0.392535970513509,0.696929009124161,-0.0378725844613692,0.198357890020357,46.42893270451,-0.190930567256399,0.849412461963879,-0.0854139798608721,0.0610266513386256,5108.93331369213,-1.3996176750208,0.161688553385771,-0.230524516875439,0.204464790548586,28.5524997491315,-1.12745336865548,0.268936682700918,0.226439829378142,-0.234609204372737,0.294125438990264,0.274948946473391,0.441374030751852,0.393502501099039,0.461049033750879,0.408929581097171,0.259550845652653,486
0,0,0.000371358694279203,0.00398139005008715,0.0455548097982549,-0.0911120885639468,0.275173521948721,37.0513139285871,-0.331107760364115,0.742428497042366,-0.0836037902422262,0.203288876565346,42.31140321349,-0.41125609848777,0.682960444075693,-0.0874018233865001,0.0611295794585512,5502.79412362367,-1.42977956270356,0.152837067131909,-0.266028198832027,0.224843142372946,29.3300505510222,-1.18317239309335,0.246242752766419,0.22141606767017,-0.310640329993883,0.289168432650651,0.310058676549483,0.443855241191976,0.316403511201863,0.532056397664053,0.449686284745892,0.236740831725062,487
0,0,0.000371724361515324,0.00532396675295217,0.0351987311141575,-0.117838213860799,0.271304619487275,37.6721702477092,-0.434339135409843,0.666519882171505,-0.0969600395151425,0.211105727099312,39.4123068770282,-0.459296111230222,0.648544881002655,-0.0886314961115794,0.0612305511618482,5634.52527250301,-1.44750446353657,0.14781132143058,-0.252310945885512,0.240627879064338,30.1363849928127,-1.04855242404414,0.3027209667178,0.192332032534462,-0.312289859236562,0.289874017970233,0.337673671078673,0.50700900653351,0.355055701790968,0.504621891771024,0.481255758128675,0.29438416229269,488
0,0,0.000208846650222659,0.00116758757465396,0.0381307921766891,-0.154031787556132,0.266528066270713,38.8619656482723,-0.577919577894214,0.566652292234104,-0.0461806630028737,0.214849437901841,39.523468101078,-0.21494430450394,0.830916014412724,-0.0671658580797558,0.0615391060575834,5702.64772387436,-1.09143376273466,0.275128173009955,-0.273459056685089,0.250718985506273,30.0089205032823,-1.09069943838875,0.28408573073668,0.267359190971818,-0.279558922398361,0.311526696392077,0.339963915305699,0.390769665927915,0.41089513904132,0.546918113370179,0.501437971012545,0.275405157823847,489
0,0,0.0001376871186907,0.000211053430597252,0.0468494910406625,-0.215379200502477,0.258351258461567,39.3323305197346,-0.833668091206598,0.409502436233438,-0.0195640167496222,0.216871430285506,38.5502571802345,-0.0902102076048773,0.92858725993464,-0.0560250264626734,0.0617358351093806,5980.48455981448,-0.907496049310922,0.364181102050046,-0.315681330412847,0.25918739557241,30.1805151093657,-1.21796559479936,0.232673680477805,0.342386614690472,-0.288976046135222,0.328028847573193,0.341486187379305,0.296591892933996,0.397424139242457,0.631362660825694,0.51837479114482,0.223237047396263,490
0,0,0.000106761984850452,0.000491583373896314,0.0562294108173679,-0.257135534086675,0.245258852239174,39.3195381491772,-1.04842508940684,0.300844750380467,0.0308029926556559,0.224263117565289,38.3583028676795,0.137352021991259,0.891470999138323,-0.0469052323086131,0.0616499867528003,5421.42681273415,-0.760831182278924,0.446790996001841,-0.316887690936887,0.244380269318716,28.2215828446066,-1.29669916405407,0.205237270895291,0.394136800455433,-0.23963858141834,0.325240830856967,0.333060460704609,0.225577221373583,0.471829980467117,0.633775381873773,0.488760538637432,0.194734717097565,491
0,0,0.000101367204996145,0.00468652430711264,0.073532333058829,-0.304954949048088,0.237887917062155,41.3416752663788,-1.28192702182688,0.207010909077722,0.0975032985926321,0.226033900349542,39.5185015468152,0.431365819206109,0.668546565594882,-0.0444395292679549,0.0616559262413116,5124.45577904184,-0.72076655038845,0.471086036676936,-0.339764620430972,0.228748656168819,27.7965647549448,-1.48531854185068,0.148713421819906,0.487067099357042,-0.192462141504902,0.330610073596874,0.311569421446831,0.140687054788567,0.536761029506002,0.679529240861944,0.457497312337638,0.137459462408322,492
0,0,9.17731249580832e-05,0.0143929939287965,0.073048758459937,-0.394705702372352,0.233545503587434,42.2357904385038,-1.69005909473476,0.0983857744216899,0.167828773840516,0.217625798117513,40.7253409893773,0.77118050935254,0.445051461057728,-0.0445617991240446,0.0617450924976692,5674.99082321311,-0.721705925466493,0.470505031756236,-0.357491266884518,0.229887597892018,30.6862515348253,-1.55506982613494,0.130183846223592,0.577717409364034,-0.137265124405003,0.335428116410492,0.298448625944583,0.0850100251819996,0.645567312853856,0.714982533769037,0.459775195784036,0.119929440292826,493
0,0,7.92750166769231e-05,0.0179862746155292,0.0568189939575722,-0.442421151555211,0.227388730942403,40.9943608519983,-1.94565997057821,0.0585741158795288,0.187063939035098,0.21299662074235,42.1125036448544,0.878248389026695,0.384792406344822,-0.0431538385163406,0.0617993522088549,6150.35588413901,-0.698289496150371,0.48502256704332,-0.319171406748211,0.226401914866207,32.9905283244002,-1.4097557740924,0.167970000934324,0.553016186065531,-0.0853266274308901,0.342669910667007,0.281468455504688,0.106561010409258,0.76177699936884,0.638342813496421,0.452803829732413,0.158611809619382,494
0,0,6.11239134248449e-05,0.0206529270002708,0.0457598747527449,-0.47321374216344,0.224042664351437,39.1646428787228,-2.11215905476445,0.0411019078962211,0.207536233377586,0.220943918373086,41.8387573177193,0.939316342833843,0.352959873121231,-0.0410024390258199,0.0619951016086358,7155.94398100219,-0.66138191505292,0.508388714719908,-0.301694182585859,0.227215273729829,36.7647549410022,-1.32779006284846,0.192433002667131,0.553449625677173,-0.0499387394945455,0.365592335602743,0.271634912748439,0.130065505797876,0.854134998101461,0.603388365171719,0.454430547459658,0.184247470654518,495
0,0,0.000114654639124512,0.0212584131882871,0.0324265263818439,-0.497567911522893,0.224575200874212,37.899456294038,-2.2155959766973,0.0328013124500053,0.217157841343339,0.228009132270487,41.7622362796692,0.952408524960855,0.346369917687623,-0.0581245778867689,0.062005028769152,7663.45071641627,-0.93741715858515,0.34857355919829,-0.260519104229149,0.226035376488668,39.6378278349889,-1.15255898557193,0.255995151244265,0.515861138603995,-0.00517706985430277,0.372474590770838,0.273175332075466,0.166065741885399,0.984879832206764,0.521038208458298,0.452070752977335,0.249091445858838,496
0,0,0.000245804236634825,0.0133921029809734,0.0137791617082051,-0.495720583729065,0.226208428823542,36.0892064601595,-2.19143285821485,0.0349572079473206,0.176732091654324,0.233739957685509,42.1173191582807,0.756105603014236,0.453794389984839,-0.0850433927387998,0.0618528916049187,7688.91414647518,-1.3749299431627,0.169193227975829,-0.165439665196179,0.217252591441726,41.505029968193,-0.761508362677254,0.45065891564846,0.366420190106908,0.0355408597145494,0.370689998102026,0.271260884480326,0.322916910542851,0.895758731843207,0.330879330392358,0.434505182883452,0.446353485841378,497
0,0,0.000655813867268168,0.00265107041535223,0.00169367873957404,-0.489247989816069,0.22316154101046,34.7811295830769,-2.19234903828316,0.0351374051409769,0.078167746696373,0.234971298640897,41.6343140935992,0.332669339398067,0.741053195131052,-0.142260732330725,0.0619525878403226,8034.99610119587,-2.29628393728103,0.0216852653132443,-0.0594400576832,0.22199768070837,42.2565809901036,-0.267750804844147,0.790193781335165,0.146319912626279,0.027439797259879,0.379222981752456,0.270894424639887,0.699614158671599,0.919317614046187,0.1188801153664,0.44399536141674,0.788891140449229,498
0,0,0.000711278639422348,0.00304315704410121,0.000194057899527031,-0.533098279403206,0.22119433379454,33.9280410064538,-2.41009012418186,0.0215189006114881,0.0837720019375685,0.240119480117254,39.8744763791565,0.348876325638642,0.729017717482357,-0.15358551410301,0.062132662895959,8584.43658146529,-2.47189653468078,0.0134590881163791,-0.0207497810551328,0.232837036093578,40.9173312298108,-0.0891171842901888,0.929423560174481,0.10756307106835,0.0660635089580841,0.406568968472502,0.264708824621648,0.791346192631859,0.802919528268426,0.0414995621102655,0.465674072187157,0.928988780643648,499
0,0,0.000216126252481069,0.0141466844253511,0.00132962166803254,-0.598141068837067,0.21866512839814,34.4640053518964,-2.73542047247692,0.00977423448142942,0.182858239692065,0.245349235155514,38.7094756127094,0.74529777757881,0.460593386296953,-0.0889007114241854,0.0622364216712943,9438.86659305978,-1.42843545687315,0.153199647782198,-0.0566690862537956,0.245218769940955,40.112440446861,-0.231096038314851,0.818414933995564,0.247833293889505,0.134495121381913,0.438069031684672,0.254555982946673,0.571570353180273,0.597255158872152,0.113338172507591,0.490437539881911,0.817240192795674,500
0,0,9.133847622369e-05,0.00761034709105652,0.00155707082274998,-0.651671030541828,0.211984094102765,36.2628501399558,-3.07415060219524,0.00399624973451069,0.137099553458948,0.25864165493758,36.6397838224847,0.53007530241807,0.599257612853323,-0.0598792202339167,0.0623579214409423,10094.2854002998,-0.960250419678067,0.336952196430941,-0.0628783606379196,0.253603132799815,39.4192240586586,-0.247939999572299,0.805467876047396,0.209193973192446,0.083437251916607,0.464346620576477,0.25685110089677,0.65234091777498,0.745297040939904,0.125756721275839,0.507206265599629,0.80418083076578,501
0,0,0.000102886472175232,0.00185863205489681,5.49652464414012e-05,-0.700340265670805,0.208478303445278,37.3919276620808,-3.35929568735498,0.0018089582675168,0.068498453517169,0.264981092196251,35.886441336466,0.2585031745074,0.797495511827418,-0.063412719832373,0.0623394812570078,10055.9575680461,-1.01721603314183,0.309075142866617,-0.0117592531112472,0.252470702927282,39.4662122446887,-0.0465767036527568,0.963085492846088,0.0819812562008548,0.0584627499783603,0.469058972340363,0.259827999538882,0.861253963231195,0.821974932627085,0.0235185062224945,0.504941405854565,0.962850599666491,502
0,0,0.000102671117526744,0.00151197530219383,1.74783753953755e-05,-0.749851731029109,0.205756119940229,37.7651594217146,-3.64437145902118,0.000802812268193023,0.0592778654685461,0.259352653165715,34.4986330059417,0.228560860068279,0.820559704091677,-0.0632379206610463,0.0622622575256419,10046.4483299936,-1.01567021778808,0.309810913819985,0.00677479781220533,0.258737877968028,39.2250946023851,0.0261840201574293,0.979243322561716,0.051510087935425,0.0650596835598356,0.468420130495043,0.261298728960087,0.912436678256276,0.803371734491993,-0.0135495956244107,0.517475755936055,0.97911056158054,503
0,0,0.000245335934673469,0.000374569246628828,7.77526374850187e-05,-0.813837685609071,0.201383023521326,37.5045203368027,-4.04124275908932,0.000253888890181692,0.0287414566317495,0.252138981102387,34.6770976087019,0.113990532150514,0.909902734651635,-0.0980731846185689,0.0621956457496342,10132.4126296012,-1.57684968837462,0.11486133360712,-0.0147599782392014,0.263755985036198,40.273362315603,-0.0559607329372101,0.955649801339995,0.0456647996648464,0.0161448431864435,0.468286966261353,0.257699466796985,0.922317768403371,0.950045301129966,0.0295199564784029,0.527511970072396,0.955373088692476,504
0,0,0.000436113211127547,0.000722247674591888,0.00260617354531801,-0.855338523672214,0.20358075539184,38.9576293770722,-4.20147042890134,0.000149455896694568,-0.0390372400453316,0.243524428350159,35.5527510323265,-0.160301125886232,0.873551217193358,-0.130536975236001,0.0622239941652165,10087.0142493113,-2.09785593141772,0.0359426900408087,-0.0863662203632775,0.264308874791318,40.8627584169975,-0.3267624684622,0.7455154628826,0.0599876467121478,-0.112744794014407,0.46358036415943,0.250447169528133,0.897040554419749,0.652585011126173,0.172732440726555,0.528617749582635,0.743847548304468,505
0,0,0.000447028446241292,0.0061135186863624,0.00675919558536197,-0.911069922187306,0.205643623285603,40.1673446139594,-4.4303339322221,7.07634358503578e-05,-0.108514079591358,0.230911999177042,35.9025023290101,-0.469936945581418,0.641242103396575,-0.131130939294652,0.0623428195108641,9892.5469325674,-2.10338480555568,0.0354573311942747,-0.140959278070947,0.263664905021927,41.9993161360076,-0.534615246042033,0.595735023788221,0.0531055500471604,-0.228813006094734,0.43844198027739,0.26188502851926,0.903593355276405,0.382273213000087,0.281918556141894,0.527329810043855,0.592915938905245,506
0,0,0.000579032511099386,0.0137769877154294,0.0105294006669969,-0.961215881866601,0.206983679356713,39.8938462772758,-4.64392112872849,3.6723058602373e-05,-0.155982245409927,0.218665500300127,36.4259309767356,-0.713337244310763,0.480182639668794,-0.14329386707508,0.06227684109444,9137.92444849485,-2.30091739652918,0.0214187042591786,-0.172003839877708,0.255305205401957,42.653648705126,-0.673718499420733,0.50412499811433,0.0412321364872788,-0.302775543268138,0.408310175433859,0.265642344452898,0.91956444118245,0.254375282542794,0.344007679755416,0.510610410803913,0.500490298323259,507
0,0,0.000697610172663425,0.0189931303286926,0.0147441933918535,-0.986011369036587,0.20990364767523,39.5518214995762,-4.69744751916926,3.15379045819239e-05,-0.183042415180741,0.216394123552148,36.9562630517274,-0.845875165998351,0.403066206171148,-0.151419613584619,0.0621360870544279,8506.68961647832,-2.43690294581929,0.0148340158407867,-0.193874265653042,0.24469545507965,41.948507176589,-0.792308404706308,0.432638922296577,0.0392479330680165,-0.348500598238067,0.393825138653711,0.261602407267026,0.920615629112821,0.182802173034738,0.387748531306083,0.4893909101593,0.428180872226068,508
0,0,0.000959402565787991,0.0322659651990405,0.0238514828614501,-1.00522179288497,0.209816004410241,38.4730036148777,-4.7909681423516,2.48296804129406e-05,-0.245537495621324,0.222738101623267,36.4466797102302,-1.10235964943537,0.277531646321641,-0.173273148659924,0.0621403831698289,8096.49295003221,-2.78841455139359,0.00530903315206383,-0.235290346391044,0.238581521338034,39.8047705975716,-0.986205239498299,0.329989459871269,0.0242392736815051,-0.446341419100584,0.395875802148957,0.258933543011699,0.95117644373547,0.0847496893075014,0.470580692782089,0.477163042676068,0.324032408704851,509
0,0,0.00111515464945517,0.0418129306086852,0.0313257798487085,-1.04077651903027,0.215499050915503,37.2197213581744,-4.82961068556333,2.3561279370669e-05,-0.270466637425343,0.215500377592284,36.0969934461734,-1.25506340381942,0.217520617058421,-0.177013222902972,0.0621393128021138,7268.73526105372,-2.84865111828128,0.00440283070341513,-0.254730217601864,0.230343605312706,37.8167727104448,-1.10587058518969,0.275768332498627,0.0215992981410353,-0.487861137062693,0.380259859665792,0.252866886879489,0.954703386660045,0.0536911508754333,0.509460435203728,0.460687210625411,0.268782538045142,510
0,0,0.00067007244261551,0.0310046678508471,0.0527469183240562,-1.1065907097104,0.21942372922449,35.4879952484123,-5.04316790905625,1.36223491367096e-05,-0.229519885512258,0.213225730742217,36.212292204127,-1.07641739443604,0.288859916158381,-0.132278294813071,0.0622695916171339,6729.95680575603,-2.12428396232927,0.0336827633869278,-0.320340697865212,0.224813761670168,36.4625791659332,-1.42491587474612,0.162685387850734,0.137773035220932,-0.502908360509492,0.36898054152226,0.253445873174126,0.70885942965723,0.0472242901509013,0.640681395730424,0.449627523340336,0.154181520224623,511
0,0,0.00057948861510699,0.041081051334365,0.0801225594333469,-1.16665552195619,0.215644302218254,35.1887645768146,-5.41009203561251,4.55948656092186e-06,-0.273248305506092,0.218138617504126,36.6260592202028,-1.25263609274008,0.21827737668801,-0.122276875596418,0.0624988855624704,6601.573605266,-1.95646489526916,0.0504525145051346,-0.392938700941716,0.220587292758229,36.430386847083,-1.78132972225372,0.0831976729770752,0.177283281956188,-0.608594119927245,0.366667733201661,0.256875024894208,0.628741857569268,0.0178255202943437,0.785877401883433,0.441174585516457,0.0748586016673352,512
0,0,0.00035923944053135,0.0487234109851558,0.0739923686108068,-1.20142714736945,0.208783044135159,35.8795253371726,-5.75442872933534,1.49647925132455e-06,-0.305771965922935,0.228649933806333,34.9158239848253,-1.33729304370551,0.189774152294407,-0.096509677680364,0.0626801680621882,6596.9223282356,-1.53971631959589,0.123677478775773,-0.378598071537744,0.218721572838669,37.4974029881034,-1.73095898417392,0.0916814191927533,0.128317091152046,-0.628879051923443,0.364651535436135,0.271800061609105,0.724921042128313,0.0206811044019847,0.757196143075489,0.437443145677337,0.0834590801583859,513
0,0,0.000340279571045853,0.0599812533563225,0.055981668100769,-1.2260629068279,0.203729762644799,36.9792154829105,-6.01808440215744,5.94688478300179e-07,-0.351441779848014,0.241484737374042,33.1931435005817,-1.45533744148665,0.154968982272353,-0.0990807226974963,0.0629646442273664,7274.46636954238,-1.57359298878453,0.115625062992863,-0.348765601561986,0.229064694672614,39.0917908729138,-1.52256375457795,0.135917040404456,0.0484422726705628,-0.64908893045341,0.379985344728071,0.289494699620249,0.898556875743551,0.0249520387881685,0.697531203123972,0.458129389345228,0.127867883616054,514
0,0,0.000226058733571839,0.0578070930499749,0.0747996183411534,-1.28265180780748,0.20303866547052,38.0383331353373,-6.31727855792921,2.08280293334019e-07,-0.347227548627788,0.244652533512905,32.8312647708695,-1.41926814998412,0.165246044340195,-0.0833497224649506,0.0628926971737876,7767.62764523761,-1.32526869112697,0.185121028328565,-0.419350760892023,0.233022975021949,40.058419180638,-1.7996112222519,0.0794574707415357,0.133587305076892,-0.705114216707155,0.389210467548825,0.290402586713253,0.731428150240003,0.015179930914409,0.838701521784047,0.466045950043897,0.0719220478385332,515
0,0,0.000138225772158745,0.0372312672591108,0.0908081486687809,-1.33235348548717,0.204875903950167,38.3822521326955,-6.50322199828462,1.11394474037803e-07,-0.284129223537297,0.24927540811946,33.5959631182383,-1.13982051290488,0.262422545416872,-0.0654834887906492,0.0625667476044517,7923.68860823627,-1.04661807266437,0.29530768814103,-0.456354483427697,0.227774364824618,40.1907090108265,-2.00353750861771,0.051893500740351,0.239112975236872,-0.673595991618522,0.389860634003257,0.289502109458278,0.539658580302947,0.0199791344949985,0.912708966855394,0.455548729649237,0.045119625771416,516
0,0,0.000114961707097535,0.0185227253471555,0.0856901316386295,-1.35151371505758,0.202836315719504,37.0171794222971,-6.6630756443365,7.98433700954957e-08,-0.208646344283185,0.25996004341653,34.133727661914,-0.802609283877039,0.427753842218308,-0.0600005666785052,0.062469483131334,8023.64572648483,-0.960478039371028,0.336843620484938,-0.434305939529497,0.222337661198792,40.7125278723498,-1.95336200438479,0.0576725688037059,0.289315663306248,-0.579296215752746,0.394576841872031,0.293890736330519,0.463418028593821,0.0487092537238699,0.868611879058994,0.444675322397583,0.050776715128995,517
0,0,5.19812845417394e-05,0.012862801332963,0.0677414266869198,-1.33572169186649,0.197187226880439,34.5057688503945,-6.77387533157193,8.04999720266864e-08,-0.177718544975885,0.256059615247873,36.9679422071362,-0.694051441121818,0.49198863338429,-0.0396274797370817,0.0624432194647982,7747.34237663777,-0.634616217368826,0.525697487793819,-0.378292340363363,0.219483141005896,40.8822518347266,-1.72355989908674,0.092343545799565,0.256019970014541,-0.500564710712185,0.390292979120978,0.288463053638734,0.511844276820884,0.0826908892166888,0.756584680726726,0.438966282011792,0.0847873230545676,518
0,0,3.16831987077505e-06,0.0105292334131154,0.0510186565748408,-1.32544581429561,0.194675990270035,31.943258365864,-6.80847089801408,1.07845802111138e-07,-0.159504517010142,0.247649916826197,38.9830499376378,-0.644072564426033,0.523300099521973,-0.00959748844592873,0.0623530682469035,7477.71899741584,-0.153921670829813,0.8776756505041,-0.324907015326221,0.218888944426536,40.9825690575723,-1.48434639390966,0.145368345595379,0.213024004720441,-0.436790025932,0.37859020221522,0.286487033405437,0.573654838796734,0.127348535484673,0.649814030652441,0.437777888853072,0.137717048232289,519
0,0,4.33851528278956e-05,0.00630438397895399,0.0397272380991774,-1.35168555366221,0.195017017896517,30.3465711395411,-6.93111590076441,1.00478554847734e-07,-0.118198654024611,0.240435617653217,38.092385608976,-0.491602097801876,0.625821590550233,0.0352111744970622,0.0622146799961083,7382.70144220546,0.565962478618627,0.571436488929833,-0.288645418953718,0.22067739836456,41.3542229696835,-1.30799719904652,0.198098598707368,0.212753421969101,-0.364537415938335,0.371803551557983,0.284719437717553,0.56717295112407,0.200425917744877,0.577290837907436,0.441354796729121,0.190874259315814,520
0,0,0.000136233974590649,0.00387883633649695,0.028370427153132,-1.36418086565716,0.195547589863974,29.7517663459727,-6.97620904765997,9.90155705461707e-08,-0.0884471663075228,0.234283416419902,36.6012115861819,-0.377522095499071,0.707966021437837,0.0620434169849987,0.0621026637512145,7325.31596769905,0.999045986715591,0.317805414129197,-0.243655668778461,0.224505634964126,40.3397681469179,-1.08529867776992,0.28423283347577,0.190921027728488,-0.296390309828434,0.378324430166155,0.274296839947961,0.613805420234956,0.279899184641477,0.487311337556922,0.449011269928251,0.277789391336784,521
0,0,0.000323077193563982,0.00202281929335033,0.051974061490557,-1.42093904029946,0.196731936710565,29.3357385865209,-7.22271667761789,5.55457071144942e-08,-0.0647301379636258,0.235585482684678,37.2459914878943,-0.274762847124432,0.785016827438939,0.0988925773975209,0.062150319679529,7834.18860982699,1.59118372853831,0.111608581032993,-0.337556691818265,0.230910592772365,38.9797721132286,-1.46185018090977,0.151798038250007,0.322302118871662,-0.352811264764869,0.415660365991617,0.243350714338805,0.438104655273172,0.147112695795489,0.67511338363653,0.46182118554473,0.143782269472131,522
0,0,0.000387678087501163,0.000378602440372475,0.0693061629657313,-1.45572346883497,0.202456618831563,28.6412698156368,-7.19029823394454,6.96504333423866e-08,-0.0292753769177675,0.247737324938556,36.8700934133769,-0.118171038316606,0.906573596386291,0.115499191803144,0.0623015680503166,8861.76608670442,1.8538729508359,0.0637905449110712,-0.415261593079919,0.241232530504814,39.7930079757062,-1.72141622944021,0.0929422606117939,0.446850961093823,-0.383672225066014,0.451451541917407,0.233842699713604,0.32226730970688,0.100853925410112,0.830523186159837,0.482465061009629,0.0851753213264686,523
0,0,0.000350708072151272,5.65367278294657e-05,0.0529099085722426,-1.45391559091928,0.205954139331019,28.3764749788904,-7.05941427369165,1.03374156915302e-07,-0.0113382286057405,0.249052128991051,36.6568107666328,-0.0455255237193651,0.963935542945291,0.112675949162951,0.0624212404463448,9287.51571124222,1.805089875774,0.0710929921416376,-0.370792135099748,0.246083298968044,40.6397501067549,-1.506774887425,0.139602832384194,0.413800778686382,-0.327783491513114,0.456218653596658,0.237982858748533,0.364394673032194,0.168406918957999,0.741584270199496,0.492166597936088,0.131868368582226,524
0,0,0.000233315024195648,0.000703158496111689,0.0237629458080246,-1.41231361106638,0.205714250932496,27.0698262220059,-6.86541454791976,2.21070211770142e-07,-0.0405409237795001,0.25540645265765,35.8067444401557,-0.158731008389368,0.874772704528794,0.0934328170674011,0.062578298530977,9552.28650850371,1.49305460935712,0.135455919730627,-0.246683063313634,0.244872218369208,41.6921838879103,-1.00739506080554,0.319556102317374,0.242298388938731,-0.251067737688537,0.452886481908022,0.251927012306509,0.592643564951357,0.318963954118357,0.493366126627269,0.489744436738415,0.313744963935226,525
0,0,0.000131316582893456,0.000658534685162756,0.00560485462495202,-1.36563979631466,0.206127576821381,26.7675954671719,-6.62521637023878,4.32969170467464e-07,-0.0391942080421748,0.266324375446093,32.8667836559949,-0.147167182787999,0.883899135883813,0.071220730308212,0.0627631921075203,9804.51672102147,1.13475315573821,0.256506499652219,-0.121001426254328,0.247629975125706,42.3612916228017,-0.488638042276195,0.627618185587626,0.0995423544926732,-0.142460498015983,0.454257904230538,0.273487793990975,0.826547375984135,0.602434636695814,0.242002852508656,0.495259950251412,0.625097975175204,526
0,0,0.00012166927925617,0.000544311367042571,0.00691669089000834,-1.35766114712485,0.20847446666299,27.3208708943517,-6.51236177195541,5.24417102871802e-07,-0.0355872455683421,0.273698346874332,31.0427753511821,-0.130023604361344,0.897386650279109,0.0686461560989842,0.0629861740369896,9761.31236444008,1.08986070591731,0.275801411639134,-0.13498060989944,0.248805753714061,42.2580301860513,-0.542514021016435,0.590314324665472,0.119177424617814,-0.150783795181066,0.45528694401439,0.28642858223287,0.79350391524652,0.598591424514928,0.26996121979888,0.497611507428122,0.587464451169597,527
0,0,0.000145165227492718,0.00111856966069376,0.00796978320585043,-1.36653505175542,0.215193605312935,28.8819187220265,-6.35025864159952,6.23478776178383e-07,-0.0492258245431029,0.266825969124672,30.3934997895869,-0.184486632633957,0.854857186791409,0.0723330868469843,0.0629828791391531,9084.54814744777,1.14845633981217,0.250810465645867,-0.140120093441588,0.242178728401302,41.6684398937818,-0.578581341006143,0.565986109749569,0.111431621471525,-0.168808565411652,0.437055812367692,0.286560784679371,0.798754220806675,0.555804476235753,0.280240186883176,0.484357456802605,0.562871697895249,528
0,0,0.000233871927086203,0.000709124619281519,0.0101533185330749,-1.39199981181425,0.220154301299406,30.9497062932321,-6.32283722642855,4.94841502731658e-07,-0.0373286140617661,0.25547990883662,30.0842774209426,-0.146111740182426,0.884807843116432,0.0850176307410661,0.0626537410823907,7871.2608411177,1.35694420272952,0.174837850912212,-0.146741466860572,0.221875295170311,42.642998589529,-0.661369111635136,0.511933524788415,0.130920697733671,-0.162562235987473,0.39647985020415,0.284381079478856,0.741243032333925,0.567569141363961,0.293482933721144,0.443750590340621,0.508375629719371,529
0,0,0.000108972655446794,0.0034035046951937,0.00356969861602269,-1.40930792320468,0.221447087996282,30.8766692317466,-6.36408424222918,4.45168871736382e-07,-0.07981184670206,0.242436970331266,31.7343805020385,-0.329206583439007,0.744162486716489,0.0548981078738288,0.0621361167374269,7162.45116099429,0.883513659307286,0.376988459454229,-0.0809448733896774,0.202811904244906,44.4638624316588,-0.399113028848308,0.691720429294319,0.0129970881719672,-0.148892658607388,0.36503370991839,0.27120098271561,0.971597183962946,0.582997050995324,0.161889746779355,0.405623808489812,0.689809922578207,530
0,0,6.70377721467008e-05,0.00450308531467808,0.00337604047590203,-1.42110339759881,0.22093659302497,30.457542251597,-6.43217756796944,3.91290881553943e-07,-0.0908305247341306,0.238404949198445,32.0894930113709,-0.380992613783888,0.705719533672891,0.0422446810474618,0.0618787316242568,6952.04503382694,0.682701146881647,0.494818452514942,-0.0752405630435713,0.193535724924082,44.6175239506054,-0.3887683427599,0.699296644972758,-0.00456197895756179,-0.155043105044704,0.360045574145594,0.258040291222428,0.989890626503061,0.547940940899554,0.150481126087143,0.387071449848165,0.697447521029758,531
0,0,6.27748825588638e-05,0.00806806314897106,0.00524685205600011,-1.41796677083862,0.222641481272588,31.2466814947917,-6.36883460680243,4.16548292947252e-07,-0.119170536011806,0.229646664006952,33.1077820891387,-0.518929968032099,0.607261214167678,0.0411033412732453,0.0620089156110172,6998.94866395824,0.662861797666115,0.507440899100656,-0.0956369437867805,0.197467801687355,44.4708365373983,-0.484316647927239,0.630537961892043,-0.00951611917519571,-0.200790006748757,0.356352018524609,0.253037475154032,0.978695610385583,0.427475590249183,0.191273887573561,0.39493560337471,0.628161162753065,532
0,0,0.000177019310848722,0.0111566920224264,0.0110628944706037,-1.44333718857256,0.222362772681256,32.3091939391495,-6.49091199560414,2.52606601775726e-07,-0.140434873136872,0.226081740368815,34.1988097552796,-0.621168577824003,0.538607296127002,0.0700999714010617,0.062158644735916,7183.48314196887,1.12775900598999,0.259459376171113,-0.145695354747833,0.203534792281687,45.8051169594426,-0.715825304924741,0.477732706996251,0.0266149982631896,-0.264775711232476,0.349028429100653,0.263043353972101,0.939216601531948,0.314133849543645,0.291390709495666,0.407069584563375,0.474099225215274,533
0,0,0.000370703107132387,0.018828600760987,0.0258532737485865,-1.48124686051003,0.220060400992615,33.0678819914968,-6.73109225389321,1.12936690807058e-07,-0.182012786309464,0.218466138391724,36.1711540400212,-0.833139577828319,0.410233793786673,0.100594322749092,0.0621918428867192,7054.9321211322,1.61748419213629,0.105818511281125,-0.225582538704974,0.207761757327073,44.4210244625937,-1.085775080107,0.283435803606027,0.076633305365782,-0.374531772044167,0.347847778407337,0.25858502956855,0.825632058019373,0.147508224945579,0.451165077409949,0.415523514654147,0.27757851408176,534
0,0,0.000455100824451329,0.0217597913245187,0.0379903830819538,-1.4933272908156,0.219436195346498,31.9653730176906,-6.80529157214735,1.08434315325053e-07,-0.196669727259834,0.215445384032685,37.4620403409238,-0.912851895819671,0.367158060769866,0.109869058392151,0.0622978259769113,6831.24257906978,1.76360983179206,0.0778423867607786,-0.276277030757298,0.213119889855638,42.5546805148787,-1.29634559657684,0.201842759020048,0.120101130250872,-0.432452931263723,0.351261105363606,0.258172161270575,0.7324155263084,0.0939231661459521,0.552554061514595,0.426239779711276,0.194856446170293,535
0,0,0.000430439105300599,0.021925769103384,0.0420881450559732,-1.50988746718202,0.217542127121582,30.4295664722137,-6.94066702003956,9.64523598464573e-08,-0.199170844816508,0.220658256037521,36.3436171277392,-0.902621313125217,0.372670574088901,0.107094742925563,0.0626440722082997,6786.99680563947,1.70957505076393,0.0873901937610358,-0.299151774543591,0.224555869684413,40.3924416258897,-1.33219307499739,0.190264628133178,0.14382749959262,-0.454476049494562,0.363723374318819,0.269312753219933,0.692524830657741,0.091499561035698,0.598303549087182,0.449111739368825,0.18279675154987,536
0,0,0.000334935356211788,0.0216019821484082,0.0370754242973369,-1.50689611766588,0.220734892923867,30.2195908633107,-6.82672366704444,1.36704322379478e-07,-0.195327447478525,0.217456470437908,36.5429700160967,-0.89823699927245,0.374939660218723,0.0939009007800366,0.0629806997778523,6634.65086154294,1.49094724433433,0.136022886206557,-0.291809249313785,0.240572441571342,38.2131198119908,-1.21297870781783,0.232583235004934,0.139252180372936,-0.444366318254635,0.368489682796484,0.283196947022561,0.705505025092023,0.11662300380251,0.583618498627571,0.481144883142683,0.225137961219981,537
0,0,0.00017607389243222,0.0232904165620813,0.0384759725442968,-1.48472850708657,0.218713730056164,31.1672170518141,-6.78845588114335,1.29485866801694e-07,-0.194901643625493,0.20758720768375,36.96732466883,-0.93889043453206,0.353881424181945,0.0635716944166185,0.0628686616442621,5806.14268167797,1.01118256304444,0.311971196354196,-0.291140512263832,0.239442432633834,36.9465240963219,-1.21591026728774,0.23173108110421,0.138911230622955,-0.44336979390471,0.348639561384676,0.287320535797039,0.690307391742603,0.122801892017263,0.582281024527665,0.478884865267669,0.224019106451018,538
0,0,8.31478739326346e-05,0.0197826257014479,0.0434052614728429,-1.46773016863846,0.211599836746641,32.1470870813237,-6.93634830350009,7.26150748967499e-08,-0.18092149782489,0.209749310768867,36.8652960915307,-0.862560630886918,0.393955787507287,0.0440169651906647,0.0628442372543122,5899.59246561987,0.700413707187518,0.483696598607647,-0.307854969444278,0.240986975414665,35.965889531903,-1.27747555200671,0.209619383242781,0.172055665685545,-0.44365427320301,0.353790059710462,0.287577318200325,0.626739331732561,0.122896200946951,0.615709938888555,0.481973950829331,0.201434406323264,539
0,0,0.000222162695123362,0.00960635578145354,0.039150029198942,-1.45030573715431,0.207408322297767,33.6559306216251,-6.99251467389129,4.82685034246519e-08,-0.130597208040797,0.218936762265819,36.6842445550637,-0.596506528594017,0.55450041817135,0.0754765568628101,0.0630319404521634,6452.6064155042,1.19743349675378,0.231181620223068,-0.295735871622319,0.249755898358637,34.4112141110803,-1.18409964916087,0.244488479305376,0.208484565763171,-0.382987177481466,0.378352926766741,0.289015903222489,0.581611746002832,0.18512398298956,0.591471743244637,0.499511796717274,0.236373619002232,540
0,0,0.000286329480005116,0.00580094624040206,0.0313480744787533,-1.39696082771213,0.199286892865204,35.3766222366418,-7.00979782276511,3.50210592548408e-08,-0.101724809117697,0.221468203665098,36.1580920254201,-0.459320152664103,0.648753897859506,0.0862902871406224,0.0630004923713186,6550.06345565134,1.369676392877,0.170834893221618,-0.254640190928691,0.245590547166112,33.2190711845391,-1.03684850197617,0.307295423540053,0.190237904597839,-0.319042477259542,0.392567182283206,0.27165543965463,0.627960388298989,0.24021962317884,0.509280381857381,0.491181094332223,0.299806467404963,541
0,0,0.000209618966770167,0.00580073567609324,0.0239729349451518,-1.36357022315087,0.192360363170164,36.9438214997886,-7.08862366798843,2.178661354338e-08,-0.101446316272659,0.220434829652934,36.2996545619206,-0.460210015052439,0.648110455271775,0.0755812706213908,0.0628605764598406,6895.25031497608,1.20236362562913,0.2292639635685,-0.225924207800742,0.244847223281069,34.6637723355652,-0.922715008866552,0.36253408592423,0.157591522816965,-0.294256892784519,0.401687330996909,0.258816805894417,0.694818938741558,0.255567062416612,0.451848415601484,0.489694446562137,0.35615574217661,542
0,0,0.000236102161072024,0.00664651982239432,0.0229737168253589,-1.36181759886295,0.190043532308477,38.8059757589383,-7.16581923268223,1.30601041138814e-08,-0.106631793112911,0.213706952256377,37.2087976402273,-0.498962677568808,0.620742944370458,0.0800020015556032,0.0626191721756674,6911.69474373209,1.27759596264178,0.201434835095977,-0.224046150903472,0.243953072614528,35.8704952352599,-0.918398561257265,0.364544740703211,0.150252722943772,-0.297839578863171,0.388022038335055,0.263016640243259,0.6985879474384,0.257467047093775,0.448092301806943,0.487906145229056,0.358410243673764,543
0,0,0.000236868547484976,0.00642755847780533,0.0303824947632263,-1.37481137348446,0.193109119908005,41.029961200194,-7.11934979631934,1.11427287635785e-08,-0.101256588367586,0.201929479578152,38.8687549826859,-0.501445299513075,0.618886187692209,0.0816428832099507,0.0625579997296298,7188.87081347995,1.30507502737946,0.191909071902781,-0.268433893461886,0.247580137048741,37.5163102754678,-1.08423032906327,0.285181486088935,0.206521565986323,-0.330346220937449,0.372729336770351,0.268963844216471,0.579524656817897,0.219365162749293,0.536867786923772,0.495160274097482,0.278262687396811,544
0,0,0.000427441405178617,0.0011097509073691,0.0452694595732023,-1.37641507751057,0.197489100988145,41.8889390355795,-6.96957488096109,1.62867601097802e-08,-0.0398112505385111,0.192253480783835,38.5971716474715,-0.207076877756372,0.837038454983483,0.10904605347792,0.0626157928090773,7092.34532982862,1.7415103855734,0.081637510804348,-0.330398541835579,0.248232282837726,37.3624396680544,-1.3310055326348,0.191252763844449,0.339013688801035,-0.321783394870123,0.367720276520834,0.262680534842719,0.356563196828307,0.220575593885136,0.660797083671158,0.496464565675452,0.183187190472473,545
0,0,0.000516003616817952,2.17689108450501e-05,0.0476281169290159,-1.32620251859833,0.200021988426333,41.4387242874984,-6.6302836454741,5.2353873209296e-08,0.00546690642245749,0.192119717994285,37.1957435105873,0.0284557279155496,0.977450809759372,0.121130387255111,0.062819168676288,7201.86440965439,1.92823925893234,0.0538646381655514,-0.342850236815965,0.250645516477903,37.413831054071,-1.36786901929758,0.179513415639779,0.398568581274858,-0.287131892357072,0.380862072231654,0.252277109663648,0.295334579239546,0.255053384621134,0.68570047363193,0.501291032955806,0.17135307873872,546
0,0,0.000525058662442659,0.00252323241591883,0.046633682965607,-1.29250963889506,0.199430296174748,40.6347725297876,-6.48100947391923,9.30858372081801e-08,0.0585778641143977,0.195621288322592,35.4470721167155,0.299445242471765,0.766349170264865,0.123056791872198,0.0629022966843083,7285.21300585581,1.95631635661557,0.0504660518279518,-0.337331725821526,0.250588772507223,37.0468465956532,-1.34615658333935,0.186431855493785,0.445352181766314,-0.229311269876738,0.392620009705679,0.243298370412618,0.256665199658843,0.345931335539347,0.674663451643052,0.501177545014447,0.178252023635685,547
0,0,0.000681114356563536,0.00664087896724317,0.0525287839819083,-1.27074518835705,0.194997488643398,38.7716711293045,-6.51672591887031,1.02032791530747e-07,0.0939182516622093,0.195563868065116,34.4987595913463,0.480243373131368,0.634085594337162,0.137122060755797,0.0627503245561331,7005.94575990716,2.18520082128236,0.0289071339049584,-0.345933704763048,0.246038198506332,35.6573740489741,-1.40601624814021,0.168374120550596,0.490555337268905,-0.20131207225719,0.390402899100338,0.237885930897834,0.208921665013822,0.397410707705379,0.691867409526095,0.492076397012664,0.159719300027561,548
0,0,0.000709566708081702,0.0108721231374081,0.0545713365676103,-1.23753344726522,0.195300294821282,36.9151576872404,-6.33656722534743,2.22326895178862e-07,0.125296399168078,0.200713511630263,35.4537388265061,0.624254930076098,0.536456794133548,0.141006581903646,0.0626360038268404,7137.22166681293,2.25120654717157,0.0244027551552323,-0.348096850097424,0.245412530323297,34.8554661009258,-1.41841514627984,0.164949428433564,0.524413681556289,-0.17178001863856,0.392804325382474,0.241297674884678,0.181859760001915,0.476526178891195,0.696193700194849,0.490825060646594,0.156069596139067,549
0,0,0.000749606310882593,0.0102345882103732,0.0453919685245267,-1.20556621547962,0.194747262297448,35.1347439782675,-6.19041418738047,4.27027945755214e-07,0.131406737867652,0.216460715556409,35.6401061075819,0.607069682505085,0.54765299675996,0.147446919781907,0.0624336863719047,7434.88997173502,2.36165647665902,0.0182191285353051,-0.312088536644378,0.243988831769076,34.4081882100212,-1.27910992639104,0.209417643488461,0.489237981026435,-0.134939092262321,0.403109581893385,0.24977849807995,0.224877579335163,0.589034963479547,0.624177073288756,0.487977663538153,0.200858348568171,550
