singular,convergence_false,effectsize_valence,effectsize_pe,effectsize_interaction,coef_intercept,se_intercept,df_intercept,t_intercept,prob_intercept,coef_pe,se_pe,df_pe,t_pe,prob_pe,coef_valence,se_valence,df_valence,t_valence,prob_valence,coef_interaction_pe_valence,se_interaction_pe_valence,df_interaction_pe_valence,t_interaction_pe_valence,prob_interaction_pe_valence,coef_neg,coef_pos,se_neg,se_pos,pvalue_neg,pvalue_pos,coeff_diff,se_diff,pvalue_diff,convergence_false_message,time
0,0,7.90569363249195e-06,0.00799941072971176,0.438368339774466,-0.584331029288991,0.349510846852471,22.5671400952548,-1.67185377664584,0.108363400591148,-0.104460774259446,0.216785338624118,28.7939071973166,-0.481862726153126,0.633545908770499,0.0228741054380874,0.0494778114680073,27034.843561905,0.462310372253995,0.643862483017965,-1.65955522916251,0.347186208884056,29.2732465287361,-4.78001483554528,4.57667723262875e-05,1.79674898827234,-1.52236147005268,0.340857079426129,0.448741470677863,1.35484526086289e-07,0.00069254534606812,3.31911045832502,0.694372417768112,1.75282259743012e-06,,1
0,0,1.05756855120733e-05,0.018538570671661,0.442943680655349,-0.524769459325066,0.34545179943881,23.2155350932103,-1.51908156268851,0.142244464837847,-0.159983195786037,0.216406730469543,28.9337149438658,-0.73927088791979,0.465698281431294,0.0268352874663203,0.049426115272796,27873.174112266,0.542937419180309,0.587177232463934,-1.70582541903524,0.356687192036631,28.7636985566687,-4.78241287357483,4.72950748565647e-05,1.79423434567013,-1.61741649240036,0.342358622218442,0.460157458658742,1.5987869267534e-07,0.000439887063604175,3.41165083807048,0.713374384073262,1.73203467019177e-06,,2
0,0,2.17765264987825e-05,0.0153019105477335,0.415446195252112,-0.459033563539782,0.338660542003243,23.5503483778938,-1.35543857818366,0.188135867653802,-0.151142184970912,0.22026415291676,30.2998991114634,-0.686186031496599,0.497813433639931,0.0395155804581288,0.0492993535195587,29502.3232756548,0.801543582969129,0.422823479160387,-1.61184229641931,0.341040957842547,31.4298076174969,-4.72624257982373,4.56537506468259e-05,1.69540697215508,-1.52827762068355,0.328469084424202,0.45053308317953,2.44923934761476e-07,0.000693454413233764,3.22368459283863,0.682081915685094,2.28712406651572e-06,,3
0,0,1.2404080530032e-05,0.0262499422899389,0.420530749175182,-0.388075340775633,0.332719233007953,23.7344387175026,-1.16637483582549,0.255049592205983,-0.19463555705561,0.222706930386007,28.3332272065421,-0.873953750421046,0.389491148877574,0.0299899630113917,0.0491188461619135,30052.8444394202,0.610559191731295,0.541496062872074,-1.58298059283443,0.330772118696286,31.5592031740792,-4.78571349687402,3.81399648331118e-05,1.61884922736699,-1.54711195830187,0.320738352549489,0.443648248177012,4.48195845786218e-07,0.000488016566926659,3.16596118566886,0.661544237392572,1.7038096115e-06,,4
0,0,6.89283554498976e-06,0.0583762777718946,0.441251843559642,-0.30867649830333,0.328835407771151,25.4921819706863,-0.938696049782298,0.356696440343829,-0.282076463927998,0.221866650804327,26.0729779761902,-1.2713783838418,0.214819311636205,-0.0222111594443999,0.0489360082044248,29887.1476074611,-0.453881717356578,0.649917258918077,-1.54134528097022,0.315865594829199,30.1526021403944,-4.87975045779736,3.23244988812062e-05,1.48371032286771,-1.59898023907273,0.306552558339507,0.431667733180997,1.2984778057586e-06,0.000212065450621807,3.08269056194044,0.631731189658398,1.06220153353172e-06,,5
0,0,2.0855576040702e-05,0.0676417802299094,0.453814670482873,-0.217217960056133,0.326923290037958,26.0010131397401,-0.664430974100721,0.512264517386926,-0.29601462414414,0.210823283734046,27.1742121945978,-1.40408886011643,0.171618826984266,-0.0380730117666039,0.0488273944512643,29152.5211431296,-0.779746947271689,0.435546169422132,-1.47853517192667,0.298359577096336,29.5559452985399,-4.95554788727052,2.73922481962928e-05,1.39781602018589,-1.55925432366746,0.29555215402875,0.405661047283526,2.25065549705153e-06,0.000121174929746463,2.95707034385335,0.596719154192672,7.2126755023535e-07,,6
0,0,2.88742087136238e-06,0.0574720008785642,0.441903235511854,-0.114517216824928,0.324879187229287,26.2413953375429,-0.352491699457823,0.727284980766258,-0.264438379226983,0.2025051317686,27.9650016803087,-1.30583544682291,0.202249016201084,-0.0142638546752215,0.0488577632698733,29518.569256969,-0.291946534605625,0.770329554714873,-1.37063868904636,0.281197220340933,30.0058718194258,-4.87429672094393,3.32024140022288e-05,1.30578453997876,-1.43549283811396,0.293701960632397,0.377326543181714,8.75038736747604e-06,0.000142160896445686,2.74127737809272,0.562394440681866,1.09196759692644e-06,,7
0,0,1.28613053987821e-05,0.0501580950450818,0.443350762886906,-0.0557672086964398,0.322383980865726,26.0993988952072,-0.172983808149162,0.863998708260227,-0.228395124653158,0.184127449946787,29.1371368077614,-1.24041865957066,0.224716603615459,-0.0287450057592217,0.0487683705965919,27012.0579193181,-0.589419031384052,0.555585142467947,-1.27617494899447,0.258270764604554,30.6551956409855,-4.94122883381115,2.61061063313248e-05,1.23360880814227,-1.31874108984668,0.278314414446854,0.339707094842497,9.31775043842301e-06,0.000103603201048692,2.55234989798895,0.516541529209109,7.76317294670102e-07,,8
0,0,1.46500281199537e-05,0.03471551468065,0.442978682867332,-0.047753595859039,0.321492336027206,26.5565661906023,-0.148537276033224,0.883040932562168,-0.191036741374725,0.177846673259982,32.0829303875012,-1.0741653913057,0.290761282090223,-0.0301852799960547,0.0486888653532543,26235.3153553255,-0.61996269120363,0.53528773459705,-1.23674385691545,0.244380821627954,32.2043301939926,-5.06072386808763,1.63919138313271e-05,1.22579437891613,-1.24769333491477,0.266384435420489,0.323029268199936,4.19259589039357e-06,0.000112242828060558,2.4734877138309,0.488761643255908,4.17667736544993e-07,,9
0,0,2.31809651434191e-05,0.0347113613149997,0.43963116764366,-0.0389495534349423,0.320937940355026,27.4361404577646,-0.121361635809888,0.904289103161366,-0.182247489825559,0.166120931687613,33.4703260198278,-1.09707721943356,0.280438152929649,-0.0367815435577931,0.0485645619095068,24744.5391137096,-0.757374145088148,0.448832953297004,-1.21356950882643,0.240095235701184,32.5647482836714,-5.05453390310837,1.62341132173615e-05,1.20803477204051,-1.21910424561235,0.265840025905105,0.30655324409239,5.51398251085665e-06,6.98456986356426e-05,2.42713901765286,0.480190471402368,4.31443116020231e-07,,10
0,0,4.16826435742167e-05,0.0525457888569811,0.455958029184375,-0.0262740088298043,0.320779839331149,28.5071881792716,-0.0819066712066059,0.935293319723402,-0.219268610440888,0.168402088065264,30.568793525668,-1.30205398852246,0.20262407364389,-0.0483756837872722,0.0485220796314732,23845.260069574,-0.996982902519578,0.318782925787712,-1.18305142310565,0.235173375014648,30.1952394741634,-5.0305500060624,2.10232346616512e-05,1.13605170409945,-1.23005114211186,0.25485753412083,0.309151689318575,8.28842563733823e-06,6.92654812611234e-05,2.36610284621131,0.470346750029296,4.89074803917179e-07,,11
0,0,8.23636099277286e-05,0.0898527118246887,0.454643062756016,-0.0426434353206835,0.320814842987863,29.2210385073069,-0.132922264205515,0.895166007435745,-0.299693822812341,0.172120160301701,30.7094889827763,-1.74118954041771,0.0916616356952048,-0.0673988780725296,0.0485112768113907,23434.1269989091,-1.38934455043459,0.164741203419416,-1.13119031466409,0.230875806454462,28.7955102386108,-4.89956194213535,3.41089598319427e-05,0.996213678022133,-1.26616695130605,0.242031255963184,0.314826475205134,3.85414328128355e-05,5.77567762440946e-05,2.26238062932818,0.461751612908924,9.60505659942281e-07,,12
0,0,0.000112751326602756,0.122711543963215,0.463054195640963,-0.0652027553222581,0.32188388225044,29.4538249562661,-0.202566077140599,0.840866983862355,-0.365126159322022,0.176028972492472,30.7591680026882,-2.07423899686534,0.0465171798979243,-0.0768791135760053,0.0482926761284601,22474.1647003022,-1.59194146481972,0.1114119216123,-1.11881984244591,0.232267763285739,26.905500433473,-4.81693983968634,5.02290554959791e-05,0.916609554918645,-1.32103012997318,0.231817708000673,0.325887169285711,7.68521684244626e-05,5.04262259503166e-05,2.23763968489182,0.464535526571478,1.45776616257275e-06,,13
0,0,0.000131882235274222,0.0898142356335388,0.42631354099748,-0.0701015735772384,0.321752145878842,28.6321797562576,-0.217874455462484,0.829072253391023,-0.304774049312217,0.166024980952659,34.1502551515653,-1.83571199685379,0.0751206560342129,-0.0822751317504095,0.0481494696104676,22136.5827354823,-1.70874430011422,0.0875123421999775,-1.08292907118031,0.227661541810624,30.4485174337292,-4.75675014131778,4.47920273887804e-05,0.935844693636455,-1.23001344872417,0.235948802078751,0.308491939040281,7.29957283736209e-05,6.68627869312026e-05,2.16585814236062,0.455323083621249,1.96734421822522e-06,,14
0,0,0.000334422073698945,0.103428579406729,0.387272208692524,-0.0843101342183331,0.324557185246089,28.6271696046743,-0.259769735661241,0.796900570148284,-0.35872510231914,0.185126145839583,32.5486026414979,-1.93773332606398,0.0613724409563342,-0.136718018830332,0.0482363299698385,24013.9056863259,-2.83433708401572,0.00459591804166898,-1.07764494859965,0.248047964146013,29.8628537778369,-4.34450229136045,0.00014819641349228,0.875840075638003,-1.2794498215613,0.240732168328902,0.348924296864103,0.000274513442343269,0.000245565643388613,2.1552898971993,0.496095928292027,1.39591786600744e-05,,15
0,0,0.000705119609687718,0.145606209447093,0.355370774309614,-0.0564292009570999,0.330824358402092,29.8139792177694,-0.170571481585145,0.865713028248638,-0.450819525208209,0.187764984226768,33.8262934138984,-2.40097762138516,0.0219979271605102,-0.200760287507836,0.0482684079914112,24516.6167234769,-4.15924816794371,3.20383022570132e-05,-1.05285413010393,0.253924894126841,31.1856020639878,-4.14632103608561,0.000240705014541705,0.75534494313893,-1.35036331706894,0.241807080221588,0.35793877628224,0.00178561910301234,0.000161548867152057,2.10570826020787,0.507849788253683,3.37860027828736e-05,,16
0,0,0.000583210777786363,0.11333268433019,0.346937642181138,-0.00085461922057903,0.332693778582274,30.9579304254331,-0.00256878630018531,0.997966889329821,-0.35481474164759,0.165293627996263,36.0492813312971,-2.14657241146411,0.0386295218956183,-0.178001293746501,0.0482762385426168,23297.0305021073,-3.6871409024414,0.000227302649905774,-1.01410502081967,0.23688874628629,34.496913218513,-4.28093371558511,0.000140561469217743,0.806958203256343,-1.22125183838299,0.245895678347737,0.313838259867736,0.00103179815547715,9.96915118283489e-05,2.02821004163933,0.47377749257258,1.86110790441153e-05,,17
0,0,0.000412198765070316,0.0794072691392969,0.319005604311115,0.0258326327218851,0.338342099884582,30.7855839036007,0.0763506307098567,0.939634182321378,-0.278713064486993,0.160163522330893,35.107080169164,-1.7401781656074,0.0905882645510559,-0.150120737329971,0.0483955610515418,23333.7521625091,-3.10195261854885,0.00192478061837405,-1.00194246931629,0.246415368588642,35.293539472126,-4.06607134552919,0.000254968529963172,0.869126290712198,-1.13475864792039,0.261247078856822,0.31247564543423,0.000878379272636008,0.000281766979483964,2.00388493863259,0.492830737177285,4.78123040543309e-05,,18
0,0,0.000279509026836835,0.0559560230142667,0.281883937657812,0.0554132614522722,0.344477664674276,29.8106878567389,0.160861696228314,0.873287517002959,-0.237510377664113,0.169331476681669,33.1921339653565,-1.40263571970506,0.170010142210219,-0.127176277052417,0.0485999144098172,24491.9836869972,-2.61680043260996,0.00888127274978793,-0.943110919076032,0.252658118459267,35.4963209128983,-3.73275525372868,0.000661696835072699,0.842930727873868,-1.0432911102782,0.262973396001474,0.327968925741211,0.00134882380744407,0.00146733715317073,1.88622183815206,0.505316236918534,0.000189396606202368,,19
0,0,0.000131541457198072,0.0384734331852158,0.232458968225694,0.0582030707126619,0.350804048499108,29.1436257779713,0.165913338120469,0.869370802532652,-0.200041850065458,0.170187295871286,34.5293016670394,-1.17542175543321,0.247867608916731,-0.0870410565620493,0.0486812951553588,24299.888460904,-1.7879774209842,0.0737921065856174,-0.832056622915399,0.245779571146819,37.8416003839838,-3.38537747068637,0.00166811261970277,0.753173895134114,-0.910939350696685,0.258583332258275,0.322366128944884,0.00358326544222121,0.00471640057370272,1.6641132458308,0.491559142293639,0.000710804353628757,,20
0,0,7.21928222565487e-05,0.0348797811313133,0.227088765666761,0.028927419524463,0.356837073119967,28.7088920475561,0.0810661831505879,0.935951836717873,-0.196718402668169,0.171904345855102,36.2346382101171,-1.14434804826855,0.259982638801228,-0.0668351792703765,0.0487548586688359,26028.4949568035,-1.37084141140373,0.170436218664676,-0.856800242368411,0.249309253943218,40.1991003090987,-3.43669650771789,0.00138196698620801,0.784843980255643,-0.92875650448118,0.272996423274436,0.319714642615364,0.00404124708144155,0.00367306437399379,1.71360048473682,0.498618507886436,0.000588855021223207,,21
0,0,4.32368581220643e-05,0.0343445121203955,0.233381878112431,-0.0227018544524502,0.363826664147985,29.3698462949396,-0.0623974455132741,0.950669048631974,-0.200163755649116,0.172608758755399,37.8102966382825,-1.15963846268523,0.253466830140169,-0.0522855584010111,0.0487008909533739,26657.3382454979,-1.07360578785035,0.283009120563435,-0.869305953312577,0.249527951550024,39.8674864890256,-3.48380190641009,0.00121569239107089,0.795725345251082,-0.942886561374072,0.278185832281611,0.31732373138526,0.00423094541936284,0.00296473309066407,1.73861190662515,0.499055903100047,0.000494345227170219,,22
0,0,4.17785745566195e-05,0.0339404303093273,0.239458350517985,-0.0869925211341537,0.369844157695718,30.9569983000101,-0.235213993040077,0.81559167410018,-0.203927148237052,0.180407757442222,36.3685711404181,-1.13036795716704,0.265721005002265,-0.0521547332772661,0.0488066667349662,27331.1180423369,-1.06859854946622,0.285260040271947,-0.866622174367094,0.253300678118978,37.1774762748418,-3.42131801936998,0.00152880605078154,0.788887377836128,-0.94435697089806,0.276530537699225,0.330797838846729,0.00433353635905767,0.00430658646570874,1.73324434873419,0.506601356237956,0.000623184148979225,,23
0,0,6.95201808042936e-05,0.0399078467980995,0.273090253449493,-0.205114498244109,0.371656400206146,32.8334827789238,-0.551892818555898,0.58475900132165,-0.221062114220111,0.191498563766916,32.05916599425,-1.15438001137794,0.256877222506045,-0.068336848995695,0.0489510856338694,28031.3592334697,-1.39602315476355,0.162718578314477,-0.975519336520377,0.273879470346472,33.7696918316799,-3.56185637165974,0.00112059028612867,0.896506529197093,-1.05453214384366,0.285674023966487,0.36239813594756,0.00169980101390589,0.00361576948481793,1.95103867304075,0.547758940692944,0.000368241831214834,,24
0,0,0.000120806295369444,0.0341419689831242,0.262415427661615,-0.324003591558927,0.372024157885131,33.7246786580293,-0.870920838584275,0.389954964321961,-0.19539178891939,0.185012509124917,31.552600880413,-1.05610042176913,0.298941894982877,-0.0910064718178419,0.0489459163416431,28613.4083728315,-1.85932716393775,0.0629910359615119,-0.973208553687139,0.285634414118724,32.6297113623328,-3.40718241774125,0.00175988836738562,0.919529589252017,-1.02688751812226,0.30346772636563,0.361233500358855,0.0024449403515346,0.00447296403151072,1.94641710737428,0.571268828237448,0.000656372433137089,,25
0,0,0.000121816380724685,0.0295713655726081,0.232442574286166,-0.4365475867082,0.369893178613274,34.1145328565152,-1.18019907354013,0.246085214131441,-0.180214715442907,0.1894855204461,29.6838798859904,-0.95107380774337,0.349247167754059,-0.0913453362293539,0.0489200576388387,28618.0631592939,-1.86723688887956,0.0618787297355581,-0.898099192232782,0.291627357991823,31.3175144061565,-3.07961227786442,0.0042906856948807,0.848660324079912,-0.947538060385652,0.306855717963705,0.371191922997921,0.00568067422831364,0.0106894465022142,1.79619838446556,0.583254715983646,0.00207270228802453,,26
0,0,3.2151973492579e-05,0.020742239045222,0.233017130953694,-0.565053674086394,0.371844371620652,34.4615361849847,-1.51959722187983,0.137734762209389,-0.147446769136195,0.190825531522384,28.1863569237097,-0.772678414465197,0.446144039599911,-0.0465110976768507,0.0488727841929537,28168.0911929321,-0.951676857475955,0.341269055341119,-0.931233352162277,0.296629658253051,32.4403636636096,-3.13938045725642,0.00359575626708608,0.919387229042695,-0.943079475281859,0.31276288961025,0.375461983551721,0.00328672016406522,0.0120122522032979,1.86246670432455,0.593259316506101,0.00169305476984513,,27
0,0,3.37647674175859e-07,0.00901131503927668,0.214707567405321,-0.643979668458647,0.371795200808567,34.7509975171488,-1.73208171342218,0.0921280109532002,-0.0951767620598587,0.179601689827753,30.8831462050131,-0.529932441900398,0.599948347352136,-0.00480104464797994,0.0489320602101891,28511.5335594638,-0.0981165441912092,0.921840440264439,-0.887484488555687,0.289468869914318,34.3796833266467,-3.06590649563934,0.00420752474904505,0.921537923952183,-0.853431053159191,0.322098115284807,0.34945932541212,0.00422244129423448,0.014600199106052,1.77496897711137,0.578937739828636,0.00217011168448678,,28
0,0,1.14780857808569e-06,0.00746153216823748,0.177176801742699,-0.712516252625562,0.372861418936757,35.5848988682194,-1.9109412141845,0.0640943833339485,-0.0899735405349512,0.179443786871491,33.4419891694344,-0.501402372874499,0.619372818543976,0.00895002919285625,0.0489787101790148,29091.3751605091,0.182733051975937,0.855008754000186,-0.814533797636987,0.304179057783348,33.3011527747652,-2.6778102462831,0.0114184192398826,0.843167810091281,-0.785899785182693,0.33438395504229,0.361842342152979,0.0116837134388198,0.0298602037542303,1.62906759527397,0.608358115566696,0.00741051874012082,,29
0,0,9.62261773622225e-06,0.00158976123476555,0.164235595256649,-0.772896629127368,0.371512391840112,36.4199940840079,-2.08040605401933,0.0445814219358973,-0.0423776173118425,0.189155054267587,31.5220383000966,-0.224036399534391,0.82417474847307,0.0259786160060123,0.0490209133533287,29185.8140479219,0.529949652687331,0.596150870200904,-0.777424999656155,0.316150281288052,30.7713422635277,-2.45903624215923,0.0197595167826887,0.848251373522314,-0.706598625789996,0.334057125434328,0.387338975737336,0.011109343417275,0.0681160415433889,1.55484999931231,0.632300562576103,0.0139310553609116,,30
0,0,3.9952080541444e-06,0.000578932418882647,0.172090865214357,-0.834317145312875,0.367821183664075,37.0211794714472,-2.2682683389841,0.0292366431974294,-0.0254141728408181,0.196815290864088,28.7842498667839,-0.129127024273576,0.898155210282587,0.0168179070130274,0.049116107002797,29346.4034958144,0.342411238172229,0.732043884484366,-0.780720281137634,0.310714857411338,30.3732831229924,-2.51265835062429,0.0175162068508976,0.868989938708085,-0.692450623567182,0.324076989063804,0.392771438014121,0.00733081295149609,0.0779028177917238,1.56144056227527,0.621429714822675,0.0119825315590791,,31
0,0,2.47914748314299e-07,0.00069240695473268,0.164896948233759,-0.874566082069103,0.366353904378605,37.4864340994917,-2.38721649098433,0.0221289616729882,-0.028433468342036,0.200524312647241,29.0177256546021,-0.141795615537432,0.888221340608876,-0.00427826542026005,0.0491367402093266,30578.7898730665,-0.0870685642155805,0.930617582689708,-0.776483936817916,0.313074481580067,31.1527983618473,-2.48018916424951,0.0187388391563885,0.861117427696735,-0.691850445939098,0.328821731107985,0.396291645196551,0.00882403898621113,0.0808437407750786,1.55296787363583,0.626148963160135,0.013131269842339,,32
0,0,6.02853347541333e-06,1.34314873026815e-05,0.151179222394723,-0.893142324287839,0.360408111010594,37.2024408479646,-2.47814157617997,0.0178675875745081,0.00392299059131519,0.188732392409215,32.1670847787506,0.0207859951396645,0.983544772931026,-0.0210127622953275,0.0491268053131052,30346.9433530871,-0.427724989675281,0.668854388933665,-0.723511353991627,0.297601946150894,33.1850947853793,-2.43113784486068,0.0206147917165721,0.832787752269442,-0.614234955713812,0.327390032870517,0.365497910803124,0.010967975297256,0.0928517152560638,1.44702270798325,0.595203892301788,0.0150514870010168,,33
0,0,1.02518883248245e-05,0.000203960735259549,0.146818022529511,-0.870646981877398,0.348500090008619,36.4738360953804,-2.49826903016257,0.0171204056959542,0.0150679434432399,0.179990829277236,34.3535838251413,0.0837150620603627,0.933768913139149,-0.0275480765493916,0.0492035280940336,30576.076338843,-0.559880106498544,0.575565320279775,-0.674876331249935,0.275114202273073,34.9691177623118,-2.4530770337333,0.0192935070032629,0.788215740471674,-0.561536922028196,0.328629269744081,0.324573463631984,0.01646259028318,0.0836166081989862,1.34975266249987,0.550228404546147,0.0141640002564502,,34
0,0,2.24159486737855e-05,0.00127694226068816,0.143834263130922,-0.83612329245769,0.343962194580568,36.2910828298516,-2.4308581164778,0.0201295563283437,0.0366345022701262,0.165495736206486,38.3248786887135,0.221362212162481,0.825985644789483,-0.0392021516925697,0.0490751363862234,28466.2277993332,-0.798819006513748,0.424402032628626,-0.637002853817253,0.256883390227858,36.6021164591664,-2.47973546772419,0.0178798189346992,0.766393911994102,-0.507611795640404,0.313992670145115,0.295037385305123,0.0146546903815808,0.0853416095453442,1.27400570763451,0.513766780455716,0.0131479885895164,,35
0,0,4.48484481902098e-05,0.000108177188218671,0.133063243992435,-0.803500632036569,0.343013498620767,36.2718500160528,-2.34247525321128,0.0247593114468199,-0.0103412420004221,0.164538865711928,36.5111685109496,-0.0628498437477222,0.950228896997559,-0.0549689334013621,0.0490864038079454,27960.5229831711,-1.11984030479056,0.262791439571854,-0.624982369159532,0.260685890788555,37.4481000768261,-2.39745376042029,0.0216074191983655,0.705647331791112,-0.544317406527952,0.308729703265734,0.303813960727892,0.0222748780521054,0.0731947867318419,1.24996473831906,0.521371781577109,0.0165094645741357,,36
0,0,7.06782684542182e-05,2.40488426823897e-05,0.121390385607289,-0.713290077787264,0.338328179767107,34.7577961742378,-2.10827864908642,0.042288313264607,-0.00472864790093917,0.165410106431134,33.9817113549497,-0.0285874182839479,0.977360881786715,-0.0685084186269691,0.0491069724913961,27534.9928460825,-1.39508536468976,0.163001351184624,-0.583399658632978,0.252894894523504,38.5180132287706,-2.3068858694526,0.0265289480744254,0.663622189094385,-0.503177128171572,0.299153054470795,0.300514642022185,0.0265318860225538,0.0940550116116074,1.16679931726596,0.505789789047009,0.0210611834818751,,37
0,0,7.78703822931006e-05,0.000606574653590907,0.0904689208470414,-0.580304071154341,0.331611494983844,33.9959611398708,-1.74995161486369,0.0891491007334751,0.0231987269735723,0.158591201562403,35.2551330085572,0.146280037890021,0.884533567570824,-0.0699566670524609,0.0489809710910254,26193.727872255,-1.42824173335507,0.153234215221149,-0.485488784023143,0.242649198380515,40.245637786745,-2.00078461937391,0.052192211841906,0.579381491828156,-0.391596076218131,0.290601240860135,0.285547919956435,0.0461811627014852,0.170255034214,0.970977568046287,0.485298396761031,0.0454156056302521,,38
0,0,5.66959955373146e-05,0.00189512967430649,0.0749012683417099,-0.445847719867234,0.320077276572487,34.9583097716681,-1.3929377450394,0.1724342279108,0.0414947382711394,0.161217986268816,34.889626290961,0.257382809644767,0.798395248062486,-0.0583733133204087,0.0489101763767519,25121.9428308536,-1.19347991859123,0.232692742562867,-0.433833540495255,0.240222281250236,40.2827016744238,-1.80596711611167,0.0783995377893181,0.5385005311543,-0.32916654983621,0.279187295064328,0.29300506989308,0.0537538825368392,0.261260906539306,0.867667080990511,0.480444562500472,0.0709234762276753,,39
0,0,2.98028077132025e-05,0.00672968775882121,0.079585303914545,-0.311165906934797,0.305229425297573,35.9517959672759,-1.01944924422485,0.314801249063697,0.0780335129619116,0.158935984348029,35.5787254384295,0.490974484362449,0.626459407637227,-0.0410327483636164,0.0488604410512285,23663.3552544231,-0.83979488274768,0.401031887473964,-0.450803317367077,0.241975163176679,40.1405472444897,-1.86301482949273,0.0697889912949288,0.594480120401738,-0.307126514332416,0.275262365379759,0.296046944415462,0.0307970297435438,0.299537811737062,0.901606634734154,0.483950326353358,0.0624601798540602,,40
0,0,2.63496767930413e-05,0.000583137176543772,0.0793669646010466,-0.158194473958479,0.289160870906832,38.3088648930281,-0.547081192079581,0.587496001451194,0.0235215577611281,0.161858802381516,36.1939063669595,0.145321461761997,0.885263356716914,-0.0393166641201939,0.0489256964485968,24507.1357044557,-0.803599477863366,0.421636118859673,-0.471123918765084,0.253516569955281,40.0593954335139,-1.85835552622138,0.0704776188784796,0.563247731363934,-0.379000106166233,0.288306919738574,0.305892008125619,0.0507438884467319,0.21534560932845,0.942247837530167,0.507033139910561,0.0631185434869746,,41
0,0,8.92141324161629e-06,0.000423175681849136,0.0570033902960434,0.021227998418087,0.277371689716241,39.4645332630168,0.0765326787308535,0.93938200199422,0.0211013004068321,0.166874839768679,37.7687135830521,0.126449861681262,0.900046616239808,-0.0236482190095688,0.048983716833746,26124.9744814397,-0.482777145920398,0.629258025006393,-0.406169950467622,0.26197091807664,39.7666366304712,-1.55043908480252,0.128959034664998,0.486415296293424,-0.32592460464182,0.299765254855702,0.314436432861365,0.104663385370062,0.299952268728674,0.812339900935244,0.523941836153281,0.121036163605271,,42
0,0,2.0580239237918e-05,0.00245009804346582,0.0415723689649511,0.188823075343196,0.26976704072591,40.1545762411407,0.699948647674291,0.487994984131849,0.0533674441390494,0.181986109565934,35.0128524277351,0.293250096209756,0.771062144151573,-0.0375026326040004,0.0490592254382251,28393.7516511351,-0.764435888846702,0.444613881187741,-0.3473798441275,0.264392239341032,39.7984701448454,-1.3138806380751,0.196409801694284,0.451330669078098,-0.243429019176902,0.30409939607224,0.329088918535613,0.137767778782998,0.459478459003749,0.694759688255,0.528784478682065,0.188886375389486,,43
0,0,2.17351971865893e-05,5.91011831079541e-05,0.0542112125522139,0.350445973145929,0.263743218980955,41.0110507410912,1.32873927337345,0.191280152976275,-0.0085710428999873,0.19224070014431,33.6321642852992,-0.0445849546612827,0.964701808070885,-0.0400056152546655,0.0492502808095822,30356.4835117352,-0.812292124979761,0.416630397937931,-0.387953518580791,0.257002100194526,39.7549384306791,-1.50953442904609,0.13906993077145,0.435873952947831,-0.34003308421375,0.300377930133274,0.331801955145931,0.146756151859633,0.305454095049651,0.775907037161581,0.514004200389053,0.131162263773486,,44
0,0,7.40787916947964e-07,0.00220527682105421,0.0861001248158149,0.488631921749765,0.257887544974395,40.9857046071659,1.89474804530897,0.0651954572208736,-0.0512024148429807,0.187591246655228,33.7080662546204,-0.272946716629509,0.786559465196108,-0.00731183913618863,0.0492349605392595,29772.2636537253,-0.148509088990906,0.881942019299738,-0.461464219160944,0.238486598785668,39.7413798679758,-1.93496918279953,0.0601337153423408,0.477457471318592,-0.445470967003296,0.286510216730981,0.312093936598542,0.0956220681188518,0.153475632101707,0.922928438321887,0.476973197571335,0.052994077478641,,45
0,0,1.82879825490428e-05,4.92750728907083e-06,0.104022286469793,0.598381908255067,0.254734616172742,41.5086968298516,2.34904041408054,0.0236595413828233,-0.00236668523419178,0.180070303906952,35.0564061631475,-0.0131431178980778,0.989588125787018,0.0361437539286102,0.0492526285139737,29446.5179518002,0.733844162618767,0.463049564049185,-0.503978726709392,0.232183844059926,40.5817926226193,-2.17060204490075,0.0358669659244529,0.574998417469726,-0.432959035949058,0.280100481570524,0.300357627750872,0.0400891559034578,0.149449572230755,1.00795745341878,0.464367688119852,0.0299612673857625,,46
0,0,1.79725110218304e-05,0.000114053096037268,0.0909984786892418,0.698319715210812,0.254585480918887,42.8878644172546,2.74296755922739,0.0088495996258696,0.0117396483959298,0.185115119030337,35.2589832213246,0.0634180960335598,0.949791750497797,0.0366101950563243,0.0493695796724976,30596.2824951772,0.741553711803604,0.458363469194455,-0.480246350257912,0.235339250464938,41.5977549702856,-2.04065556131896,0.0476653853311737,0.561916607551047,-0.398576092964778,0.278585033561861,0.310778395270851,0.0436915446621591,0.19966414529852,0.960492700515825,0.470678500929876,0.0412850753552757,,47
0,0,3.17298878179475e-05,0.000389253193700932,0.0942634380485762,0.75919321297221,0.259394089901206,41.9443324515887,2.92679456675886,0.00551018644252042,0.021643237028412,0.186658755317936,34.5260132131951,0.115950826906282,0.908363316677835,0.0483596769670878,0.0493631071547529,30246.8037443366,0.97967246704063,0.327255656676559,-0.495287136521057,0.238970869581163,41.2745924148282,-2.07258373118503,0.0444951357281379,0.589051132025343,-0.401523141016772,0.275310984692531,0.319187951498492,0.0323883555066849,0.208409094470411,0.990574273042114,0.477941739162326,0.0382110363900241,,48
0,0,3.25296722807744e-05,0.000706809993349458,0.124370946493511,0.738536188426854,0.264486297772585,41.6484148938449,2.79234196495833,0.00786829944338706,0.0278673493528801,0.178990923289193,34.2704300391942,0.155691410719499,0.877189734466317,0.0472364455088735,0.0491775030742278,28361.3993984526,0.960529562421572,0.336796948486397,-0.583185501459494,0.244100813208909,40.1861321547431,-2.38911740519433,0.0216713950281503,0.695972844884547,-0.470398158034442,0.274871038463456,0.318435690010385,0.0113414726124352,0.13961786252873,1.16637100291899,0.488201626417817,0.0168889043054044,,49
0,0,4.44014662981588e-05,0.000127802675422095,0.143597660256958,0.715846104284086,0.269828838197458,43.4280742162932,2.65296366787984,0.0111005334098762,0.0114837373173621,0.177309867009638,32.8174806907303,0.0647664876807896,0.948752847602427,0.0554782607023934,0.0491100362265624,28740.1194653179,1.12967256726206,0.258623648887049,-0.629388072826269,0.242805219779741,40.0729635041185,-2.59215215141262,0.0132464663022546,0.732519547063948,-0.52625659858859,0.275417971797059,0.314727213063583,0.00782184010499272,0.0945038368602942,1.25877614565254,0.485610439559482,0.00953775791668964,,50
0,0,8.30906431545072e-05,0.00212486976535047,0.111352357046954,0.693599344078971,0.271756716521735,43.7725382198053,2.55228041078976,0.0142690232106173,0.047825702424797,0.185636313530194,31.1702816005816,0.257631179564542,0.798384866048082,0.0784150039771216,0.0493171104828231,30423.8999011118,1.59001618727101,0.111841546704447,-0.552856813230458,0.243277734734645,41.2145710857216,-2.27253354621,0.0283364540618359,0.68118622705548,-0.424527399405437,0.277832524857386,0.322064111881196,0.014214870040787,0.187454904411753,1.10571362646092,0.486555469469289,0.023054304219091,,51
0,0,5.58477388234151e-05,0.00320636069253282,0.080295133347891,0.660123758261021,0.273120004290853,44.0201789752132,2.41697330071084,0.0198612810244943,0.0594720423553059,0.190042443773219,30.4450979421309,0.312940841922002,0.756459336299816,0.064869485032361,0.0494175450768355,30852.3832371942,1.31268125382393,0.189300141320437,-0.488183966233935,0.254013559303004,42.3070246852244,-1.92188152307097,0.0613728058266329,0.618742445777691,-0.357625486690178,0.284231066731131,0.336237682751716,0.0294880723379697,0.287505781147888,0.976367932467869,0.508027118606007,0.0546206672543805,,52
0,0,2.48102693185692e-05,3.81331452069449e-05,0.106013635020706,0.591118852044998,0.268289974201902,44.8166363251876,2.20328342049841,0.0327572964425031,0.00615752281773719,0.176693314807328,31.845834563067,0.0348486462232685,0.972417950913686,0.0417492429347567,0.0492481727692084,28965.0786412825,0.847731815968199,0.396594348109977,-0.554898033402503,0.246502489312342,42.731970667671,-2.2510849077041,0.0295794270121727,0.641856497926219,-0.467939568878788,0.281631464056932,0.314932029849634,0.0226631836924201,0.137320639211479,1.10979606680501,0.493004978624684,0.0243801601259165,,53
0,0,1.86910653495737e-05,0.000481622582821576,0.124720771213532,0.528140668041638,0.267486570198232,44.3856534904587,1.97445676487697,0.0545717503693302,-0.02223090684014,0.172276330913034,34.5578783293128,-0.129042142483068,0.898072425991451,0.0360977637222016,0.0492028786193349,28796.3470214927,0.733651459734239,0.463167162062483,-0.599765617730659,0.245057223477323,42.0374098422147,-2.44745129002966,0.018645788688446,0.664869002595159,-0.534662232866159,0.28058119459567,0.309382668235083,0.0178066859861597,0.0839598435940281,1.19953123546132,0.490114446954645,0.0143870570562597,,54
0,0,6.75449012869408e-06,0.00390717384879534,0.118483476304342,0.497291083367613,0.269363607901785,43.8547314288982,1.84617026494884,0.0716237870681502,-0.0644239783047834,0.176919488541897,33.8049895575296,-0.36414291515164,0.718019125231208,0.0220456769555844,0.0491169994489759,29825.4989554668,0.448840059509052,0.653550299304716,-0.581045755026888,0.246702555930979,41.2710993013477,-2.35524821716662,0.0233435805359996,0.60123019368216,-0.560861316371616,0.283894874926241,0.313904118887066,0.0341927173889499,0.0739814417881258,1.16209151005378,0.493405111861959,0.0185103365164786,,55
0,0,3.51679811551492e-06,0.0123534627569444,0.151457167826322,0.45363934918987,0.274116409967254,43.6810262625596,1.65491496566755,0.105110495306616,-0.11612776740004,0.17938152797062,33.5065374534064,-0.647378627631382,0.521798007282535,0.0161106007911335,0.0491215773892238,30586.5080800156,0.327974011572923,0.742933557437656,-0.661904653972615,0.243936250652729,41.2498257653446,-2.71343292438692,0.00967290838757382,0.642159494080869,-0.681649813864363,0.284283914844582,0.312383025477738,0.0238916723723236,0.029102433365249,1.32380930794523,0.487872501305459,0.00665900476554252,,56
0,0,7.37805673621574e-06,0.0122317899603295,0.167627446594626,0.381570728202968,0.276553477897225,43.0449765275255,1.37973577878768,0.174793428899751,-0.120081057088755,0.179839043788687,36.0036113776189,-0.667714054517836,0.508573914133273,0.0237397017230525,0.0490741673138468,31717.5360812011,0.483751493351454,0.628565583448697,-0.679262587559772,0.239233754854975,40.0316138380806,-2.8393258634073,0.00707018833869211,0.658091696729722,-0.700433478389823,0.289788496536481,0.302705881753582,0.0231507339748685,0.0206727842510118,1.35852517511954,0.47846750970995,0.00452089629573799,,57
0,0,2.656634920043e-05,0.00659134518991832,0.157396308541837,0.336029586330167,0.279527193382228,42.7931353264091,1.20213558568048,0.235921126200167,-0.0886171608511019,0.183502988042148,35.1482143188409,-0.482919443419352,0.632147381317663,0.0457596296414054,0.0489705328998389,32866.3841297655,0.934431931443327,0.350087997852676,-0.624224165289223,0.234702206214316,37.8682839960435,-2.65964336406458,0.0114028367144088,0.626502803945148,-0.621945526633297,0.297419470929587,0.294861381871147,0.035164243418342,0.0349203290730654,1.24844833057845,0.469404412428633,0.0078223431254413,,58
0,0,4.10644349666348e-05,0.00478077317702209,0.145698682377327,0.287057395471616,0.292002269300324,41.8408848210871,0.98306563219335,0.331225795657638,-0.0775909175484167,0.189513666846283,34.8948490744731,-0.409421224546048,0.684732959618048,0.0574077433636143,0.0490455500060676,33362.4585268266,1.17049851324967,0.241808772831791,-0.605948885112006,0.235751458542003,38.7363464927124,-2.57028689815739,0.0141232252740863,0.616592629781653,-0.595305140442359,0.29559187325676,0.304153259778756,0.0369823060344648,0.05031762978271,1.21189777022401,0.471502917084005,0.0101614322770957,,59
0,0,4.47076114603022e-05,0.00320543688853647,0.121536241051489,0.231837847293763,0.301518631393205,38.9651996944765,0.768900569170556,0.446588082739784,-0.0632144589178979,0.193131307901874,33.3154678718674,-0.327313368322529,0.745478753512809,0.0599672134277702,0.0492133082934597,33209.4536241969,1.21851620033721,0.223036528279866,-0.574631427252119,0.240347518578954,41.3159280663105,-2.39083569761655,0.0214476113694769,0.595091369144618,-0.554171485359621,0.292074234823343,0.316554329921055,0.0416033499286224,0.0800085867788577,1.14926285450424,0.480695037157908,0.0168100736800656,,60
0,0,5.49900135726705e-05,0.00687831622720164,0.112418066233767,0.161198568728138,0.303109803365359,36.9266350680689,0.531815754351681,0.598038816102083,-0.0880409303255887,0.190595992821994,30.8078960975959,-0.461924351199839,0.647381032259181,0.065031914472492,0.0492404579418686,31717.6646365436,1.32070084622824,0.186610660750807,-0.574592780288508,0.251578859738949,41.1855039295658,-2.28394699333932,0.0275999228222553,0.570220623233,-0.578964937344015,0.294924380300416,0.326651869841313,0.0531811707638587,0.0763245442538325,1.14918556057702,0.503157719477899,0.0223746463484693,,61
0,0,2.65613507035703e-05,0.0212756750849941,0.121277972921128,0.0793050570568859,0.30235073146116,36.8464818279472,0.262294907221263,0.794555017285441,-0.147326511749567,0.187545745758252,28.3873211480416,-0.785549739632439,0.438639155807227,0.0431003285621221,0.0492724274668385,28806.5701640741,0.874735237900133,0.381725274882945,-0.632133472486801,0.268300343101137,40.2202441548045,-2.35606658262273,0.0234291728326598,0.576854466380049,-0.687412478593553,0.293481548394962,0.346663485972808,0.049349901992743,0.0473742654599911,1.2642669449736,0.536600686202275,0.0184696068437639,,62
0,0,1.33124203826717e-05,0.0289685007985901,0.139976541452475,0.0127553889027573,0.299295466809719,37.760641805038,0.0426180491095332,0.9662305707893,-0.178468096804512,0.195207723179682,28.0178296799568,-0.91424711019368,0.368388318084845,0.0303638772832174,0.0493095706185038,28483.2281508221,0.615780606124831,0.538044249340987,-0.699585633024605,0.277687942973237,38.9962419333438,-2.51932304130334,0.0159670359027148,0.622987023134202,-0.776184242915008,0.289400824585678,0.368547989217087,0.0313439298438802,0.0351991255686218,1.39917126604921,0.555375885946474,0.0117580726307982,,63
0,0,3.26421347741245e-05,0.017835597584892,0.137874747397989,-0.0531383386720692,0.295739389211713,39.7578603807657,-0.179679611882977,0.858316749433923,-0.139443395492489,0.195034059809995,28.1495528906915,-0.71496945522406,0.480516055534334,0.046563016621107,0.049307029064229,27319.4414789816,0.944348453046167,0.344999964779384,-0.702292090263558,0.282428269672784,38.6638288869465,-2.48662108462874,0.0173246241983629,0.665112279844534,-0.739471900682581,0.289722508009149,0.374309215712987,0.0216937675760541,0.0482041523093146,1.40458418052712,0.564856539345569,0.0128962675002916,,64
0,0,2.0244951047483e-05,0.00450744891157885,0.110232846689033,-0.107650468224579,0.297009231632232,41.1855124956459,-0.362448223016435,0.718870455589679,-0.0713754937286606,0.199062541913499,28.3939858528098,-0.35855813475785,0.722577971195557,0.0365484106548452,0.0494243064303988,27010.3555726909,0.739482519725676,0.459620476886321,-0.623520303340155,0.286191494771244,38.3136122680065,-2.17868215768796,0.0355739351292198,0.642938116939973,-0.604102489740337,0.291625157291276,0.381720592471165,0.0274770475233575,0.113517754065661,1.24704060668031,0.572382989542487,0.0293552881218546,,65
0,0,6.98681815270248e-06,0.000593089923167407,0.0931569397460197,-0.173375102792859,0.297919057788824,42.397536197667,-0.581953716152507,0.563679722299009,0.0264973707208278,0.196729327646625,30.5695574198984,0.134689479386743,0.893740309173632,0.021310745550665,0.0494322510535724,26600.7595344831,0.43111015777067,0.666391768497179,-0.567157067294145,0.287912285239287,37.7748913227862,-1.96989533399999,0.0562147129538293,0.67624046711219,-0.458073667476099,0.293907663793589,0.380512569340671,0.0213995303480315,0.228654051227937,1.13431413458829,0.575824570478573,0.0488503673139414,,66
0,0,1.17850585187065e-05,4.43271889121146e-06,0.0929510974641559,-0.264515204282083,0.300961944500035,42.9194498671207,-0.878899173520101,0.38435019295439,-0.00237911485023599,0.202425116418269,31.1623287220813,-0.0117530615386682,0.99069755268445,0.0282541995151757,0.0495637960547246,27574.0164943121,0.570057214422792,0.568643537579953,-0.570954386665303,0.286131075465582,38.8551825719162,-1.99542949236208,0.0530417181045219,0.651714243908436,-0.49019452942217,0.299566741438027,0.380140652160459,0.0295909694940215,0.197221429686801,1.14190877333061,0.572262150931164,0.0459960569976776,,67
0,0,9.6069057522393e-06,0.0195284671889993,0.10419845712283,-0.349285100118328,0.299125416061903,39.6569489556501,-1.16768780372058,0.24990550432847,-0.173703502535286,0.220773129417116,31.0807547287265,-0.78679639589246,0.437359592982293,0.026096631778417,0.0497767048909094,28610.7291068227,0.524273991932779,0.600092045081732,-0.639946072154072,0.296997404862483,39.9146168148602,-2.15471940722978,0.0372729801075008,0.559427699423677,-0.720464444884467,0.290497390891839,0.415790042655965,0.0541345872770081,0.0831382964299226,1.27989214430814,0.593994809724966,0.0311837981777926,,68
0,0,1.65047376341909e-05,0.034913515858579,0.115767595587029,-0.429687145413961,0.298347484659593,36.8325318003022,-1.44022379107443,0.158250722279487,-0.250487700498991,0.23334492887983,31.8528814853541,-1.07346537034876,0.291127670853272,0.0351006469523641,0.0500199012839871,29835.1886845859,0.701733631041789,0.482850769179167,-0.682424893427418,0.30010515258971,39.4950101897705,-2.27395260474051,0.0284797431442941,0.5313078353047,-0.833541951550136,0.287988054670687,0.432552515856237,0.0650527569780896,0.0539758115507602,1.36484978685484,0.60021030517942,0.0229688363178848,,69
0,0,9.47613828070985e-06,0.044042127633274,0.0979345180444217,-0.446216067366484,0.298183797964288,35.558714337816,-1.49644638780785,0.14336139152303,-0.281844587879682,0.23707566178985,30.6772142256076,-1.18883813611165,0.243624861555572,0.0275085850141807,0.0502958783302081,31567.2104047933,0.546935174957644,0.584427134959856,-0.603152569620213,0.289049342082494,40.106306513449,-2.08667684650213,0.0433188163375807,0.409135461176457,-0.797169678063969,0.297707346251753,0.418078824222581,0.169352469829413,0.0565536258347496,1.20630513924043,0.578098684164987,0.0369173555806239,,70
0,0,4.57748099232253e-07,0.0595060731323949,0.0929083656752721,-0.457717493594951,0.298875116761699,34.5735008345131,-1.53146738528889,0.134753906308195,-0.324720192807149,0.247321965285243,27.245069397646,-1.3129452227692,0.200153286468648,0.0061896776252098,0.0504651973852775,32864.3736699039,0.122652400979523,0.902383107660424,-0.582298375526218,0.287487013281049,40.0544743019488,-2.02547714723016,0.0495172162435381,0.342368998804467,-0.82222775224797,0.316839664782546,0.416109151265584,0.279886239011605,0.0481558470791287,1.16459675105244,0.574974026562097,0.0428183927458187,,71
0,0,4.17106573301732e-06,0.0494892645448291,0.108671216981459,-0.520215664349063,0.300280811657382,33.2837820500432,-1.73243059214395,0.0924556626804248,-0.28385869192702,0.243945530430551,26.0054689663197,-1.163615055484,0.255145646755096,0.0186385543823652,0.0504786175734967,32685.9189539769,0.369236624898207,0.711953750695748,-0.623748108195529,0.285027328060932,39.279764931563,-2.18838001408127,0.0346524294540473,0.430715895181192,-0.816780321209866,0.321523469543131,0.406958036257466,0.180372332726739,0.0447455965527495,1.24749621639106,0.570054656121864,0.0286419328596673,,72
0,0,1.64830603739461e-05,0.0279208368030016,0.0980040976386201,-0.597207354505155,0.299799722878639,33.3282519082342,-1.992021035813,0.0546134313719079,-0.202573416904505,0.237245942532677,25.3828582014539,-0.853854083833717,0.401172454765757,0.0368909794514573,0.0505756297860891,32278.4569094081,0.729422047881333,0.465748827914158,-0.56674700181492,0.27286472503345,39.7048904757605,-2.07702553617161,0.0443136125943782,0.446699902718553,-0.686794100911288,0.316999204531065,0.388003261149672,0.158790377071363,0.0767149788008969,1.13349400362984,0.545729450066899,0.0377992023999266,,73
0,0,2.26681184013723e-05,0.0207562687933546,0.0931256229283199,-0.675151463789656,0.296546622286122,34.4022423042918,-2.27671270906683,0.0291394422155282,-0.172644710076181,0.239484155204586,24.5185337998323,-0.720902432683673,0.477787513260637,0.0426593213138061,0.0505847935662553,31373.4733792705,0.843323028647562,0.399054236335232,-0.553787304688359,0.271947466143157,40.3825647783377,-2.03637604182286,0.0483068506977729,0.461781798628203,-0.645792810748515,0.312471132355754,0.392021821619685,0.139451071434701,0.0994883989417431,1.10757460937672,0.543894932286313,0.0417126093195066,,74
0,0,1.1029920507949e-05,0.00459899394518304,0.0799277392207093,-0.737308971535176,0.294188620392016,33.3471158103274,-2.50624572273628,0.0172528814251637,-0.0772133247604311,0.225005233036527,25.4879265316437,-0.343162351019172,0.734290714157922,0.0285852909893673,0.0503730316416473,29195.2288619473,0.567472118667038,0.57039782750807,-0.520645046052917,0.27805918936356,40.3583483508743,-1.87242524602263,0.0684055018719424,0.519244947296682,-0.522045144809151,0.307450646799471,0.387305160744009,0.0912438633158719,0.177693439560508,1.04129009210583,0.55611837872712,0.0611477950064483,,75
0,0,1.10055750472888e-05,0.00181658761021403,0.0721360483141855,-0.79327927614743,0.295401801425625,32.8308472618774,-2.68542463965697,0.0112694967706091,0.0440040371384761,0.188401292130464,29.9758351543031,0.233565474211314,0.816910071428379,0.0269238085251211,0.0501097265725379,26230.7918600263,0.53729705521635,0.591066996875741,-0.49754237697682,0.277534358885276,41.3388694092123,-1.79272353511548,0.080336779233021,0.613995567254026,-0.381089186699614,0.299963899168394,0.355641292606493,0.0406680802282766,0.283919978067856,0.995084753953639,0.555068717770552,0.0730171413588228,,76
0,0,9.69926056278768e-06,0.00246331354619478,0.0791223768967655,-0.862322591704673,0.297027696914957,33.1937403530581,-2.90317233261774,0.0065200461918818,0.0496069033928841,0.172781454632211,33.3809863805552,0.287107800420359,0.775804518468189,0.0251983872243812,0.0501137171921227,26066.90184044,0.502824149479418,0.615092161323614,-0.498082873119797,0.262701666928372,41.838890052017,-1.89600195135269,0.0648802761007171,0.62021763347574,-0.375948112763855,0.296065656484498,0.323530249711617,0.0361829793299824,0.245227978854447,0.996165746239594,0.525403333856744,0.0579597864958072,,77
0,0,1.89809059441767e-06,0.00119799752747138,0.100643766603324,-0.920882741014414,0.303161615690553,32.2967715951128,-3.03759675814101,0.00469299994483487,-0.0346139143346722,0.17255994237294,33.5463240288756,-0.200590669298347,0.842229848494315,0.0111732242936116,0.0502325996575975,26065.6142302301,0.222429744225305,0.823981101901102,-0.573459327804922,0.264304309648849,42.0670076519453,-2.16969344376871,0.0357277474727881,0.622349140150615,-0.524569515459228,0.296629504329302,0.325164991846762,0.0358990586916204,0.106692146521614,1.14691865560984,0.528608619297698,0.0300300770606269,,78
0,0,1.67002271984946e-06,0.00640180438903002,0.100958888834826,-0.955832017140506,0.308142543083704,32.5807772413608,-3.10191513179296,0.00395352797313324,-0.0800621825618535,0.178559616681933,31.2030289971894,-0.448377881010283,0.656978689946803,-0.0105035998358422,0.0502808296776442,26130.5385123287,-0.208898697638482,0.834528949185886,-0.583236633435161,0.269994522952677,41.5541755241383,-2.16017949940928,0.036575951007511,0.588101890478779,-0.578371376391544,0.299078928479078,0.336922660203102,0.0492550919873865,0.0860468896035878,1.16647326687032,0.539989045905355,0.0307587765457651,,79
0,0,9.54197644389669e-08,0.00718257579844755,0.0930458644648543,-0.989947315211159,0.313148237271526,33.8827946240848,-3.16127379108569,0.00330271022536871,-0.0859109764872403,0.183475734578993,30.3060414670872,-0.468241627070595,0.64296209565775,0.00254498831948686,0.0503656079904335,26758.7020285723,0.0505302809006149,0.959700196703015,-0.558361695751857,0.270589579986048,41.5047066154069,-2.06350036014191,0.0453559767491376,0.553756018821466,-0.562967372682248,0.30447595020222,0.338739416490267,0.0689544001498289,0.0965231556842276,1.11672339150371,0.541179159972096,0.0390651136208703,,80
0,0,1.5326732766335e-05,0.000341019594457792,0.097922867476953,-1.0479748975547,0.314676083647728,34.7869138267052,-3.33032903360994,0.00206267295374701,-0.0187901434174044,0.192677162567468,27.8786823661851,-0.0975213832662959,0.923010108706257,0.0325102968482968,0.0503928592365547,27154.8637183826,0.645136976564211,0.518843873841855,-0.574284078659494,0.271860091331456,41.1076061211186,-2.11242509280009,0.0407691061086478,0.639117757222332,-0.509450400096656,0.306076857836038,0.3481889158608,0.036789206842928,0.143428076927363,1.14856815731899,0.543720182662912,0.0346500046253477,,81
0,0,4.77050904614208e-05,0.00380010958593624,0.125524837815031,-1.11104616328682,0.312026302750947,35.6883720734428,-3.56074521119342,0.00107011707249101,0.0652075462082435,0.202643646767469,27.1443908234261,0.321784310776189,0.750081075546903,0.0572072509173485,0.0503236029832201,27087.770394624,1.13678766078064,0.255637119080396,-0.63373298561995,0.269224607645201,38.6012109966405,-2.35391924669501,0.0237642379480592,0.791220949032502,-0.476245022207398,0.296772891085642,0.360361156383695,0.0076740906176006,0.186309040640253,1.2674659712399,0.538449215290401,0.0185766462400329,,82
0,0,7.2803207427907e-05,0.0115142128402334,0.121999040164328,-1.10675269505969,0.308476028198574,34.1859763615994,-3.58780778371292,0.00103127935834446,0.121196659227921,0.210132771999835,28.5581384221103,0.576762292118893,0.5686188899417,0.0725380281679186,0.0503894773407539,28462.2777175427,1.43954714349163,0.150006560697476,-0.630630982440477,0.275451403213844,37.7223904195333,-2.28944552499118,0.0277415532937557,0.84365636367289,-0.417605601208065,0.301720243658606,0.372618006560026,0.00517147000548196,0.262401182562488,1.26126196488095,0.550902806427689,0.0220534796021748,,83
0,0,0.000129604719962289,0.0192117755944458,0.107654274172936,-1.084870420655,0.309779218788605,34.8980813176398,-3.50207617185361,0.00128459687917057,0.153179051876989,0.204150594848588,28.7412195715257,0.750323808708942,0.459158591104254,0.0964117725288801,0.0504490912560803,28175.8048903944,1.91107054911044,0.0560056515640408,-0.598734110805649,0.276009014107876,39.0052747634947,-2.16925564094671,0.0362198514687705,0.839097252501706,-0.358370969109593,0.298141922220794,0.369653682550347,0.00488650001147687,0.33230694559416,1.1974682216113,0.552018028215752,0.0300632809630846,,84
0,0,0.000156149175397335,0.0159158000585493,0.104519852555093,-1.08758140047679,0.308517926111105,35.9669976830765,-3.52518057600686,0.00117432023331089,0.131970703564271,0.192022440664102,29.2048431098635,0.68726708767921,0.497336331036237,0.10610952443804,0.0504424036460752,28334.1164785198,2.10357787829756,0.0354240767255026,-0.583419910691732,0.269071227563571,40.2795997501608,-2.16827312223077,0.0361008976268394,0.800344741602343,-0.366495079781121,0.303073818201451,0.345806673560475,0.00827206767015698,0.289223534252492,1.16683982138346,0.538142455127142,0.0301379121681159,,85
0,0,0.000174741396669977,0.0103770896261528,0.101109750128731,-1.06327785026065,0.311366977563944,35.2403544975422,-3.41487031983759,0.00162132616921593,0.108871933725359,0.193169773957373,30.2933779559544,0.563607501810213,0.57716999825342,0.111707575128173,0.0504763827130528,28023.1596864741,2.2130661732083,0.0269011105734096,-0.59985668715626,0.282334503497324,40.1310692136432,-2.12463117233543,0.0398265962095895,0.796076173572794,-0.403637200739727,0.305739291166298,0.362823043347421,0.00922033963479762,0.265927298508547,1.19971337431252,0.564669006994648,0.0336174006668279,,86
0,0,0.000106930002046792,0.00461969686632428,0.0789812683248268,-1.0054522697119,0.310368910506744,35.3925377357173,-3.23953925691296,0.00260580497601979,0.0779743570347634,0.208157421375076,30.2339833472262,0.374593211808972,0.710577710364516,0.0908492876156604,0.0506484410471484,30086.0290772476,1.79372327632136,0.0728673865656,-0.505967079473544,0.274169511850877,39.714633850788,-1.84545347897305,0.072436613709325,0.657617344571999,-0.354316814375089,0.292155785198096,0.374745139938874,0.0243910287639581,0.344410091857223,1.01193415894709,0.548339023701754,0.0649715998336593,,87
0,0,2.28326538319191e-05,0.00085569704321313,0.0550774891323793,-0.958180488866641,0.308872681924782,38.1712761389159,-3.10218593271379,0.00360527223833717,0.0335339729147461,0.21538172914641,28.3048257067633,0.155695532056717,0.877378105876311,0.0427118467709206,0.0507518031578382,31018.9746121472,0.841582842644758,0.40002798423752,-0.4081615263816,0.27315349437937,38.3065174781746,-1.49425701951564,0.143301016287233,0.501129546120334,-0.315193506642867,0.291070282702386,0.38117918036427,0.085127712863955,0.408299033870059,0.8163230527632,0.54630698875874,0.135108454384848,,88
0,0,2.62448254342428e-06,0.00230918763772375,0.0458587807222894,-0.958550056839058,0.30714890240636,41.1432160730218,-3.12079922581292,0.003292817751344,0.053309728205921,0.212821388181864,27.1093523544632,0.250490463676357,0.804096791319227,0.0143512204165534,0.0508476692225185,30352.2395043423,0.282239493687506,0.777761801561965,-0.382847289124469,0.281883247919303,38.3798058137447,-1.35817680529234,0.182338456880558,0.491904955922198,-0.273789622326739,0.305000519979338,0.38140603357246,0.106787882549102,0.472854143609791,0.765694578248937,0.563766495838607,0.174407588652046,,89
0,0,3.26457158774182e-06,0.00822300725693782,0.0579824062744596,-1.01476017740137,0.305125886844794,42.5707584547435,-3.3257098828771,0.001823095503488,0.0984800199716486,0.219367663181062,24.3071697486158,0.448926785942763,0.657461387604879,0.0159828353312403,0.0508912093587584,30213.0446760975,0.314058862672511,0.753478501078475,-0.435691937035079,0.284400962447845,38.1293763254218,-1.5319636518986,0.133787257140389,0.59761481801359,-0.273769056056568,0.306015003583065,0.390363646757179,0.0508321747872956,0.483104576438395,0.871383874070157,0.568801924895691,0.125531404583079,,90
0,0,1.79877629911533e-05,0.0111261387407633,0.0709345651477371,-1.06661052500565,0.30085938654447,42.1621006711897,-3.54521272298079,0.000975586988091852,0.105313972131324,0.208026134952498,22.7788929026695,0.506253563550429,0.617543540359071,0.0357636415549626,0.0507318614584632,27627.2019733364,0.704954254127737,0.480844648000039,-0.48342071897058,0.284889755773906,37.7124933083841,-1.69686943518682,0.0979614049207066,0.659127532636217,-0.307713905304943,0.303663129733116,0.381400426854476,0.0299623331845979,0.419781657331561,0.96684143794116,0.569779511547812,0.0897213477268556,,91
0,0,1.41610477712172e-05,0.0121765395895043,0.0824332531808513,-1.07484281108734,0.300341367540508,41.6784662830291,-3.57873715462246,0.000892718741648861,0.101608853987205,0.181927817429964,25.3058155775883,0.558511916553499,0.581403637291843,0.027556939900883,0.0503621295669184,21142.3018109248,0.547175827111657,0.584263717049675,-0.528813639548333,0.287099101988858,37.7639014043057,-1.84192021460539,0.0733503317616157,0.707425181399593,-0.350202097697073,0.296613629780645,0.364711496049221,0.0170788592842635,0.336946124287883,1.05762727909667,0.574198203977717,0.0654868212657436,,92
0,0,1.3773352471196e-05,0.00915516883345537,0.0955711384561375,-1.10436813639682,0.302408468290752,41.7994291620141,-3.65190876644043,0.000718575750935125,0.0874348755333098,0.16978331812286,28.7024288502218,0.514979189357341,0.610511030219168,0.0247065995371429,0.0501159372482726,17645.281655288,0.492988875270302,0.622026582609636,-0.554247568475078,0.277598093598776,37.7243953730735,-1.99658276211419,0.0531241763789539,0.722388668891601,-0.386106468058555,0.280249039039942,0.351326110415837,0.0099469835443294,0.271769217162206,1.10849513695016,0.555196187197552,0.0458705269652231,,93
0,0,6.97750714674643e-05,0.00885405018134554,0.100342184003919,-1.13312761997956,0.304265535389476,41.3710667515096,-3.72414055548257,0.000585780704652321,0.0876366351723426,0.161627734914084,32.9105580849935,0.542212852385311,0.591324711180199,0.0545253835058699,0.0500570855131792,17003.3989143341,1.08926404617613,0.276052900322892,-0.548714459955286,0.26506490631619,38.4221933479347,-2.07011357173302,0.0452113888772455,0.716251621752696,-0.381177298157875,0.271515354224774,0.332691257619769,0.00834019102750557,0.251903224732374,1.09742891991057,0.530129812632381,0.038441710249457,,94
0,0,0.000256472235164802,0.00338689707915741,0.107891712064072,-1.17446462662479,0.2999841374548,40.1190034384129,-3.91508909967533,0.000341992779529085,0.0562805068521076,0.165011776840229,34.2303004865328,0.341069637148388,0.73513588602462,0.104803495594527,0.0500872217698156,17066.5561952897,2.09241982069139,0.0364157112911965,-0.574060122273645,0.262390428728182,39.577491971024,-2.18780892678189,0.0346508647190817,0.713931839912968,-0.434188404634322,0.265808039964214,0.335394964702525,0.00723363426024838,0.19547257407541,1.14812024454729,0.524780857456364,0.0286835233723026,,95
0,0,0.000281791899101574,3.84112062774091e-05,0.10648824847154,-1.18689668618948,0.299200033271929,39.9654645565116,-3.96690024800487,0.000294034948317834,-0.00612007805701406,0.175262787607521,31.7438694486067,-0.0349194380653081,0.972362641100113,0.113883640123722,0.0503147345231061,18175.29244978,2.26342524119696,0.0236212291282843,-0.600286693969589,0.281579282091345,38.1341985978185,-2.13185675278074,0.0395204608396822,0.681576783630953,-0.518996604308224,0.277020084511965,0.363148409009175,0.0138787033597412,0.15295870725587,1.20057338793918,0.563158564182691,0.0330186244155328,,96
0,0,0.000321055778935322,9.90042421153677e-05,0.100379218779906,-1.19166516969748,0.298120665348148,39.7320221363622,-3.99725784962219,0.000270205100058314,-0.00949609404204463,0.172965488810927,30.4420779732315,-0.0549016691556605,0.956575542813363,0.121636660221955,0.0504258813487638,18117.6569641698,2.41218709457296,0.015867014650672,-0.578054837599179,0.285240870983828,36.8069846430182,-2.02654982648665,0.0500001451903278,0.652731640961927,-0.503378034236431,0.280353532154844,0.364199118399176,0.019899110910571,0.16692546103064,1.15610967519836,0.570481741967656,0.0427084721501581,,97
0,0,0.000470279102354752,0.000442988049533341,0.107024619942665,-1.18136561159891,0.289498966309327,39.7948037153725,-4.08072480071185,0.000209667871396871,-0.0180471195660005,0.176976162514073,23.4639866765504,-0.101974860962224,0.919643089171635,0.141676859833696,0.050485507072203,16738.0334496932,2.80628774573014,0.00501737962074864,-0.570149079740275,0.27914691138555,34.807031989991,-2.04246959749736,0.0487374348535717,0.635123668276806,-0.505174491203745,0.269181927661476,0.365776817464533,0.0183016129323373,0.167248107511133,1.14029815948055,0.558293822771101,0.0411049721996818,,98
0,0,0.000330040353063397,0.0109831695500746,0.104303210969821,-1.16712415248848,0.282814995278452,40.3421520407387,-4.12681142079954,0.000179195454617006,-0.100410945927246,0.209609340058879,20.6641168867102,-0.479038509920601,0.63694150494769,0.13461868426364,0.0507137281911941,21342.6923612463,2.65448211096054,0.00794891620776431,-0.585252409396543,0.291133570023394,34.7028535647921,-2.01025395095974,0.0522275171066803,0.570062428346338,-0.600442390446748,0.268449523915601,0.40962313787962,0.0337088997140208,0.14269160819842,1.17050481879309,0.582267140046788,0.0444043179404139,,99
0,0,0.000242544034265677,0.0123135809096273,0.105238154215344,-1.17625850154647,0.283618882732204,41.6028368611709,-4.14732083497101,0.00016188298215277,-0.118528734820213,0.227275602520604,21.8160628317592,-0.521519835414219,0.607259181250993,0.12368523786337,0.0509664655603013,24275.6438824086,2.42679645338622,0.015240028894048,-0.597858486202096,0.291602001677273,35.7396281016435,-2.05025508317247,0.0477298010484517,0.566386337969206,-0.629330634434987,0.269811634363563,0.425658295353533,0.0358000071601961,0.139277236436489,1.19571697240419,0.583204003354547,0.0403395452730443,,100
0,0,0.000227487519115181,0.0124201428525191,0.0838711814253405,-1.18233029791377,0.280499925856966,42.8302930784788,-4.21508239013463,0.00012639578641879,-0.121446484466264,0.228191452196847,22.5225097440277,-0.532213118839788,0.599789916742981,0.121663842050435,0.050944829179095,25064.9273994927,2.38814898412417,0.0169408334443565,-0.53400982536056,0.289459219975949,37.1764147799977,-1.84485339732806,0.0730371502244513,0.490322666341535,-0.577696984379585,0.272845094448809,0.422561223951192,0.072323965158096,0.171583924930726,1.06801965072112,0.578918439951899,0.0650588673934537,,101
0,0,0.000222769353063646,0.0121794013582614,0.0733317791801801,-1.1936237220152,0.278118646763654,43.7534592068969,-4.29177883577705,9.65429129945582e-05,-0.115852783659964,0.212752580001054,24.0500183200955,-0.544542320753005,0.59108222136383,0.116907546302238,0.0508694493084177,23703.8459876656,2.29818777068798,0.0215597670399603,-0.472390460903785,0.273213512102014,37.7772149969195,-1.72901573304106,0.0919718130207949,0.425324358392969,-0.519456563414601,0.26304296114604,0.393663333404068,0.105891501534741,0.186986908310739,0.94478092180757,0.546427024204028,0.0838062793038394,,102
0,0,0.000249579888945273,0.00411814187881289,0.0590131556230423,-1.17909764885448,0.276435668591981,43.1038117384724,-4.26536001978393,0.00010706224770541,-0.0651451308475599,0.205437220101886,24.3171222445689,-0.317104810974619,0.753870657508541,0.121326107929233,0.0507660320609255,22879.372049046,2.38990724710622,0.0168606711605965,-0.411444975920532,0.266612489607972,37.9749543032925,-1.54323218888028,0.131067678761693,0.40621200823333,-0.416677943607734,0.257144715071556,0.381875986200154,0.114175138501335,0.275213841906118,0.822889951841064,0.533224979215944,0.122774449921649,,103
0,0,0.000220602847781035,0.00120421356100225,0.0436729223994663,-1.16448593413266,0.275860423344564,43.1391782005228,-4.22128669279303,0.000122816610653096,0.0320558619386646,0.177527321058536,27.0431767654503,0.180568611904501,0.858052581212509,0.112697542579411,0.0507158044934043,22378.7241332261,2.22213851688122,0.0262839050670971,-0.332089085088731,0.247862388119952,39.3081081760119,-1.3398123354158,0.188000924292242,0.412501778715754,-0.251676391461707,0.263391788340755,0.32902983524162,0.117321743173671,0.444328432479117,0.664178170177462,0.495724776239904,0.180306364254204,,104
0,0,0.000202376155246588,2.46985083321077e-05,0.0446490717663672,-1.13164077648991,0.276326584552227,43.7595444447593,-4.09530186291586,0.000178893726525259,0.00464941436199467,0.184576453551065,25.6899027269451,0.0251896396996726,0.980098351376744,0.111107951082003,0.0507404074118726,23688.3677826662,2.18973312886734,0.0285533154234076,-0.324899876337638,0.242836161404433,38.3021249794279,-1.3379386103725,0.188806228425645,0.376859272692658,-0.272940479982619,0.259655910303798,0.331601629722927,0.146674206936681,0.410452537407065,0.649799752675277,0.485672322808866,0.180916449520096,,105
0,0,0.000162488814026861,0.00628723104729605,0.0552094466573968,-1.12627389013035,0.269696107369547,43.1981946461738,-4.17608508003821,0.000141232460857273,-0.07538200484836,0.189218048106171,25.0848611291865,-0.39838696996844,0.693715660924116,0.100330781492054,0.0508686934833952,23937.190765386,1.97234830740846,0.0485813502398344,-0.364702322619315,0.254449034161457,35.1558491837092,-1.43330205131727,0.160605627873652,0.342426094573416,-0.386978550665213,0.266042151937709,0.346919017155917,0.198055190159889,0.264648086276479,0.729404645238629,0.508898068322915,0.151771536024147,,106
0,0,0.000216750653698713,0.00418330306470125,0.0439156373689711,-1.15921868141957,0.264225577614453,42.9823548398323,-4.38723113744518,7.31576246847695e-05,-0.0591560984678202,0.180393604497295,25.5986373958779,-0.327927914255448,0.745633276327393,0.112076359975374,0.0507595676092489,22487.3172673711,2.20798492292423,0.0272553783664702,-0.320445986431284,0.25031377649175,35.6793712667395,-1.28017718769804,0.20874366033522,0.307951321075388,-0.33294065178718,0.264717636271722,0.334090164736912,0.24469969339678,0.318978482716459,0.640891972862568,0.500627552983499,0.200482826972557,,107
0,0,0.000206764803068391,0.000121121108239575,0.0189241419669488,-1.18729220448199,0.266122224307176,41.6945040803841,-4.46145453493409,6.05679045223398e-05,-0.0102332135781076,0.181515884840818,26.2374945494237,-0.0563764079770854,0.955469087578074,0.111532592767045,0.0508838997552307,23231.4545069071,2.19190339780472,0.0283963712672096,-0.222109974433732,0.259535884605519,37.9688713812777,-0.855796780361712,0.397478815827071,0.244219090466151,-0.200000858401314,0.272904171335455,0.342165691256646,0.370846134688321,0.558874113482426,0.444219948867464,0.519071769211038,0.392110196423378,,108
0,0,0.000158727990605701,0.000598190733502666,0.0122108759324041,-1.23385410183417,0.267519727131218,39.624025309605,-4.6121985659359,4.1051429586043e-05,0.0248890711625905,0.186071517140094,29.8922104876973,0.133760779431123,0.89448824193427,0.101756252030012,0.0510208685635436,25055.556364178,1.99440454258986,0.0461186789735707,-0.187141008671275,0.263231527138189,40.8864634123125,-0.710936910581503,0.481159536372574,0.239280437236876,-0.135001580105675,0.278338682279735,0.347948188561151,0.389968951286817,0.698020961622083,0.374282017342551,0.526463054276379,0.477123331940229,,109
0,0,8.42668726143095e-05,8.14806831369395e-05,0.00970669442772256,-1.27911304905646,0.267276344320956,37.7236673376784,-4.7857323561731,2.62496043829008e-05,-0.0102072567488203,0.19417957181304,33.9094659662179,-0.0525660688893065,0.958386111736627,0.0750105477616154,0.0510214688147034,25647.5145760403,1.47017617297601,0.141526313103306,-0.169194325526547,0.264747138193998,41.6678914082252,-0.639078959193762,0.526269372332655,0.183624137231593,-0.154764513821502,0.267779685047839,0.363480833361975,0.492884389019225,0.670264864480656,0.338388651053095,0.529494276387996,0.522771567038854,,110
0,0,1.17783942014201e-05,0.00404943248102458,0.0111315579715005,-1.30633406321066,0.264847346314809,34.9942183014816,-4.93240382200355,1.96810015759829e-05,-0.0730428919859181,0.193574075546488,35.0191139452638,-0.377338193555656,0.708199526193864,0.0281587682327394,0.0511325116456098,25747.9023898803,0.550701839719956,0.581842861125085,-0.189975072867925,0.275031270161733,42.384948079648,-0.690739902979794,0.493494679380444,0.144595217808389,-0.235354927927461,0.275499139388117,0.371572855459518,0.599688745649248,0.526471267987293,0.37995014573585,0.550062540323466,0.489729008305859,,111
0,0,1.53190980875932e-06,0.00247524681784327,0.0169403313706237,-1.3394949405269,0.265871310412376,33.4008522082574,-5.0381326907717,1.60068765637907e-05,-0.0566632069994707,0.192846879899595,34.7922278478323,-0.293824857467086,0.770637481668031,0.0101773817344447,0.0512517532215798,25740.7273114597,0.19857626509759,0.84259578981443,-0.239705795273873,0.275840501016129,43.8226846398997,-0.869001449717701,0.389580984108334,0.217947116358142,-0.261464474189604,0.279352859766139,0.369787609278633,0.43528155731254,0.47952507980586,0.479411590547746,0.551681002032258,0.384846337826364,,112
0,0,5.79796461728711e-06,0.00373271118085485,0.0263887995956494,-1.38121414886983,0.266314515763677,31.5099065580064,-5.18640204387317,1.20431153563827e-05,-0.06919959574322,0.195259709259879,33.522262420038,-0.354397719865082,0.725260570881307,0.0201391628318268,0.0513785888394134,26499.6662562331,0.391975787711353,0.695079255936293,-0.299510397704967,0.278202973259123,42.7628064734805,-1.07658949218346,0.287700065175799,0.273923719522295,-0.325097075887639,0.286750064175047,0.370798162334534,0.339441199677883,0.380622754335443,0.599020795409933,0.556405946518246,0.281663700651213,,113
0,0,1.08216925602718e-05,0.0126422531430009,0.0290865650097567,-1.41145403833673,0.265881724344956,29.2775271780867,-5.30857862387526,1.04638462602253e-05,-0.126584179702334,0.191637397865461,34.0759826660707,-0.660540067399592,0.513348250834011,0.0279867433937291,0.0514945639316998,27294.9353895479,0.543489278418778,0.586797409446789,-0.319323753741273,0.284574033847108,42.0300577017575,-1.12211135156778,0.268184813369025,0.239237594320562,-0.399409913161983,0.302035597216168,0.366687024810693,0.42831164021496,0.276048378594391,0.638647507482545,0.569148067694217,0.261815097959833,,114
0,0,4.34976370056176e-05,0.0170418442080114,0.0379943030807483,-1.44774030661603,0.265579287621658,28.179208527945,-5.45125457478622,7.92772245240779e-06,-0.142335013186603,0.181765153618155,35.3688285549867,-0.783070959165333,0.438797616230303,0.0542950580468654,0.0514213374522595,25630.0415962949,1.05588576137822,0.291030362637093,-0.351238319778152,0.276204839070801,40.9449529921482,-1.27165882017048,0.210670354905832,0.260048535611876,-0.442428103944427,0.295410306838303,0.350651012231349,0.378698934703921,0.207044723839816,0.702476639556303,0.552409678141602,0.203494367910611,,115
0,0,0.000108126260782835,0.0168409146060447,0.0384158027923939,-1.46197625595556,0.269494552988122,27.5522805481784,-5.42488239463598,9.14310634795254e-06,-0.144065749830834,0.19286592974425,32.5738116424995,-0.746973558377432,0.460437659104401,0.0845421055392211,0.0513923182477499,25024.8542467461,1.64503389653808,0.0999753805949025,-0.355141092947036,0.285455372583617,38.7438536333519,-1.24412124295544,0.220929408604587,0.262788870685683,-0.447493315208389,0.291538760583692,0.375218948139022,0.367383280270863,0.233018549733563,0.710282185894072,0.570910745167234,0.213454943844905,,116
0,0,0.000136284413238494,0.0264753262091639,0.0430659867887411,-1.48306626308478,0.272480591382121,27.0503820670133,-5.44283266401519,9.23463940387875e-06,-0.185489057829682,0.201546720795738,31.1451739498288,-0.920327838117846,0.36447530924636,0.0938456768201777,0.0513407201881642,24513.1570892426,1.82789950114125,0.0675767841267212,-0.374437441591347,0.283737771628492,38.6965119152593,-1.31966018990807,0.194703052350962,0.243471730519703,-0.505403152662991,0.27782073292249,0.388485409719234,0.380832883437432,0.193272874543975,0.748874883182694,0.567475543256983,0.186948497216375,,117
0,0,0.000122129226432342,0.0215588699784796,0.0612018513648174,-1.50958095928013,0.272912156747378,27.0106411344621,-5.53138041658394,7.32386487827499e-06,-0.168293551330999,0.198423437292099,32.648085562754,-0.848153593283712,0.402528107862022,0.0868373889301563,0.0512447770363997,23509.4055289432,1.69456077189047,0.0901720183938046,-0.447863799002894,0.280847309866035,39.0084817494762,-1.59468787226955,0.118853386695031,0.344785502614422,-0.550942095391366,0.271372072122377,0.385477273380013,0.203897026693658,0.152933358515759,0.895727598005788,0.561694619732069,0.110782051390588,,118
0,0,3.43531836611721e-05,0.0172530633061112,0.0720098502626362,-1.53491180169527,0.267003595119347,27.3762579985007,-5.74865593479813,3.91198064029971e-06,-0.154128957153751,0.212453093836032,29.9790483866491,-0.725472876722167,0.473787522192642,0.0465542819963026,0.0512206351718628,24046.2542931889,0.908897006842985,0.363413603145427,-0.49094415636119,0.282481668652463,38.9255814576487,-1.73796819702732,0.0901227637649894,0.408303558817928,-0.573584753904451,0.262162017467525,0.404838487462553,0.119364294039635,0.156534485789384,0.981888312722379,0.564963337304925,0.0822164177385568,,119
0,0,2.09316073993735e-05,0.0096651987701871,0.0651569961205138,-1.54060071695064,0.260945052244439,29.3338955593972,-5.90392768017496,1.98571938734054e-06,-0.1152147349904,0.213788288974512,29.7590784552362,-0.538919767509507,0.593951312323888,0.0362834208171703,0.0512333334658071,23960.7028273349,0.708199493624317,0.478828269676202,-0.468631230248512,0.280889249318323,39.936485894186,-1.66838435926548,0.103062488862133,0.421655779662721,-0.515606680834304,0.259570729097316,0.405417136382241,0.104283000425787,0.203446672622408,0.937262460497025,0.561778498636646,0.095239451130238,,120
0,0,8.30671741836898e-05,0.00167955888041563,0.0578583510018731,-1.52437468868685,0.260329911031875,30.5028820194323,-5.85554953191762,1.96510540062565e-06,-0.0461827790838798,0.203074847809972,30.7413251123131,-0.227417524040671,0.821604814283795,0.0695240005730712,0.0511556790560364,22233.9327201559,1.35906710371128,0.17413911101686,-0.440432746523415,0.276876815183791,41.203695862269,-1.59071732398777,0.119317516234319,0.458383156845576,-0.422482336201254,0.25615811518368,0.392497948461722,0.073541733778029,0.281751199122891,0.88086549304683,0.553753630367582,0.111673206363813,,121
0,0,0.000231807399289244,0.0019713769396943,0.0637665066350959,-1.51849334854363,0.259341904830253,30.7518963414253,-5.85517928364692,1.90930885533003e-06,-0.0461981875216191,0.19586037868839,28.1663142117493,-0.235873063408703,0.815237911421298,0.115950647568924,0.0512098197235305,22111.1781703766,2.2642268259274,0.0235698099339001,-0.452762077427032,0.270540708462647,41.1212578114859,-1.67354510158512,0.101811612563611,0.472492402934262,-0.433031751919803,0.259443718900779,0.376616241507123,0.0685802663633546,0.25022800824895,0.905524154854065,0.541081416925295,0.0942200355520965,,122
0,0,0.000506641503234486,0.00462659371113109,0.0744972050458335,-1.53849599639094,0.255994825522454,30.1932106425562,-6.0098714622495,1.32260314615703e-06,-0.0671093740462634,0.181814602187765,29.3111950946911,-0.369108824256908,0.714699661036277,0.160671210402191,0.0510643416228971,19530.7898067106,3.14644633213379,0.00165515794569369,-0.476389308193047,0.263306476800558,40.6666766896584,-1.80925784273012,0.0778072588913517,0.47864890358542,-0.474129712800674,0.249909235230868,0.360002040534391,0.0554554055165862,0.187832083292357,0.952778616386094,0.526612953601116,0.0704109551134725,,123
0,0,0.000650763907468966,0.00289954446914416,0.0873170501834063,-1.53778592150879,0.255856800176967,30.8985957821562,-6.01033828471692,1.20683942660617e-06,-0.0495602174964287,0.173669028629286,28.0046918203248,-0.285371651396864,0.777459473167695,0.174593994589689,0.0510369257914093,17971.4622919282,3.42093478167679,0.000625451026907511,-0.516396513815981,0.262456410890581,40.4644008381127,-1.96755153384792,0.0560002575536117,0.542030876401528,-0.490762151230433,0.252337958649126,0.350532306161585,0.0317109407011916,0.161498862207898,1.03279302763196,0.524912821781161,0.0491196609084121,,124
0,0,0.000558878318284079,0.00290930714133393,0.0743080595646886,-1.48722614654334,0.254695209414464,30.8434611801608,-5.83923879040528,1.97626067353224e-06,-0.0508075271329745,0.179688737211085,27.4005633364975,-0.282752986756702,0.779491276962891,0.170224984336247,0.0512851293492141,19701.6975744238,3.31918796922865,0.000904433672108683,-0.476590373128802,0.261840425485452,41.2712570683467,-1.82015581530317,0.0759927078443448,0.495181093311074,-0.45799965294653,0.258018290448898,0.35195523001463,0.0549627587182363,0.193155483802162,0.953180746257603,0.523680850970905,0.0687352796815282,,125
0,0,0.000408821089552715,0.00451529446985061,0.0611088689259597,-1.43546441971754,0.250539556285503,30.6392269489356,-5.72949214487216,2.76483252710269e-06,-0.0630808675281784,0.180447960926495,26.9426227685817,-0.349579275954657,0.729372228296932,0.147305040081882,0.0514143191462259,20070.4060424625,2.86505865540953,0.00417364813961771,-0.429988591781906,0.261337824742577,41.5930065067556,-1.64533623177377,0.107438027710496,0.429520098144777,-0.430457085419035,0.262489785424074,0.349520698309968,0.10177039121115,0.218112021204993,0.859977183563812,0.522675649485154,0.0999004919897371,,126
0,0,0.000351981259690894,0.00591218135124506,0.0550196309816481,-1.40054639215094,0.247597018719703,32.4555046490246,-5.65655596094416,2.8052647418457e-06,-0.0676431717042643,0.163950116670471,28.622098410355,-0.41258385829772,0.682985764793962,0.131092562015869,0.0514348821217956,18448.8021349559,2.5487092923718,0.0108202657286891,-0.392097219861894,0.249263540410985,42.4986486554066,-1.57302275020007,0.123129666267479,0.381548906488397,-0.402645533235392,0.263863480191674,0.318074490159994,0.148174741961329,0.205554474408302,0.784194439723789,0.49852708082197,0.115713550479304,,127
0,0,0.000422061881061993,0.00199101795355988,0.0574241969722648,-1.37453912758584,0.243451813159805,33.7162525187156,-5.6460418583269,2.55269739437987e-06,-0.0398071886353066,0.157304138078955,32.0997753141614,-0.253058750529031,0.801836471364664,0.143631409570941,0.0513789896585313,18508.3736046155,2.79552810449419,0.00518683670962354,-0.409037244485883,0.255059314208465,42.2147954166922,-1.6036945984712,0.116238078356665,0.428791619521328,-0.389282869450439,0.271584969820167,0.315206668412937,0.114370728811314,0.216827394190554,0.818074488971767,0.51011862841693,0.108781387117918,,128
0,0,0.000458690838748667,0.00262128142019523,0.0695512290046665,-1.3630562628892,0.239280990150617,33.8552113164297,-5.69646699485495,2.16623043198851e-06,-0.0482103384626896,0.15992616334806,34.5770367775001,-0.301453729980163,0.764874100509357,0.151156277896499,0.0513292433361225,18897.4556681115,2.94483744688526,0.00323517997657345,-0.454181982575802,0.259139503208026,41.0941704302554,-1.75265436937727,0.0871199390218826,0.472106915260116,-0.436257049891489,0.271647267816428,0.323059095104267,0.0822212161882208,0.176889648099139,0.908363965151604,0.518279006416053,0.0796613526659511,,129
0,0,0.000515621326436546,0.00647478968837953,0.0745606574388941,-1.36602532458842,0.236764352877914,33.8060851313293,-5.76955655690618,1.74989161201835e-06,-0.0769769596222149,0.152621816320163,39.0338597335579,-0.504364064576037,0.616840918728317,0.153907452969648,0.0512321121893981,17493.6292687835,3.00412078269726,0.00266726490443544,-0.467050034253493,0.254828438648909,41.6935869511395,-1.83280185182539,0.0739795223238556,0.458082114706787,-0.476017953800199,0.265657969610723,0.314635366805568,0.0846482131334925,0.130300130656176,0.934100068506986,0.509656877297819,0.0668320436802026,,130
0,0,0.000472736834715081,0.0110493682253548,0.0780750543552393,-1.33328494750342,0.236485188001813,35.1453507506932,-5.63792159149179,2.28722337365715e-06,-0.0975070400347829,0.146519334814229,39.6386846558028,-0.665489234976471,0.509591759988829,0.146581863765662,0.0512928472466941,17267.2058205391,2.85774472726525,0.0042717357061738,-0.470508101672834,0.246178124216486,43.1338840530564,-1.91125065710175,0.0626318525486163,0.441513644864095,-0.499502558481572,0.260399030889946,0.300775848133436,0.089975451124653,0.0967709693606547,0.941016203345667,0.492356248432971,0.0559723767713616,,131
0,0,0.000359590196747383,0.00910862886189358,0.0913823798046798,-1.29963432574025,0.239449991317215,38.0524551516938,-5.42758142771674,3.45557334023698e-06,-0.0922986390999617,0.1528536418578,39.665419686174,-0.6038367027318,0.549390270678236,0.12960541855995,0.0513493678219376,17709.7355422202,2.5239924863219,0.0116117099534845,-0.520513200835002,0.250882780023235,42.7996758875903,-2.07472669422268,0.0440594259691459,0.504008589225049,-0.537017812444954,0.25591991271703,0.315432084902537,0.048907214711964,0.0886648327842506,1.04102640167,0.50176556004647,0.0380118719021375,,132
0,0,0.000348689932499843,0.00399493985276074,0.086422828581183,-1.26957697858578,0.24028364638461,40.6701478103379,-5.28365953192517,4.57762226960158e-06,-0.0636290438808871,0.158766099331541,40.0448383428391,-0.400772231281028,0.690718204060026,0.131859076576873,0.0513409467997241,18910.4317387842,2.56830239401782,0.0102274018918586,-0.507413716252135,0.252165236223918,42.8026580685728,-2.01222707717554,0.0505163815682634,0.517671231053576,-0.497156201450694,0.253748428757754,0.323483681346022,0.041340735014833,0.124322242759132,1.01482743250427,0.504330472447836,0.044196005428325,,133
0,0,0.000356562470611389,0.000198972919386524,0.0647468014818485,-1.19171906901389,0.241167512400538,39.5113832718129,-4.94145773264288,1.46462129862317e-05,0.0141098778043063,0.161987421045556,38.1244449366232,0.0871047746376437,0.931044134593988,0.139833123318276,0.0515348415624171,20640.8565186239,2.71337058733197,0.00666578295840824,-0.424207251172435,0.249257814571965,41.8378629563364,-1.70188145114286,0.0961985651542098,0.50008765853343,-0.348326843811441,0.257258842337898,0.320338208652752,0.0519064822107433,0.276872378058733,0.84841450234487,0.498515629143931,0.0887775935989294,,134
0,0,0.000385236849401064,0.00815677313374485,0.0566461156682157,-1.13569799844599,0.24207255475603,38.991088011705,-4.69156034475115,3.29902164396492e-05,0.0914813265909195,0.166697996184641,36.6208817914681,0.548784800565878,0.58648375629944,0.145443419586696,0.0516168665594295,20602.0159587881,2.81774988063715,0.00484075148219151,-0.385830870034785,0.247391208299061,40.506985845644,-1.55959814694939,0.12663456716712,0.533494586472875,-0.238167153596695,0.250279880755389,0.326155035213371,0.0330404036684842,0.465251552375702,0.771661740069571,0.494782416598122,0.118854874698139,,135
0,0,0.000268034259540926,0.013411212857858,0.072089506355984,-1.13079943113922,0.243049096604014,39.3329855776314,-4.65255558214052,3.66679065098601e-05,0.115893417757423,0.162761898359646,37.2975382371857,0.712042676605678,0.480868872330126,0.121384456083341,0.0515250735445725,20700.5642267794,2.35583275739211,0.0184905079172491,-0.425737041152799,0.245335420049862,38.7611275821011,-1.73532644029253,0.0906284458404936,0.603623747358788,-0.24785033494681,0.251019271174022,0.319540099136939,0.0161861515800975,0.437957412413245,0.851474082305598,0.490670840099724,0.0826830010924132,,136
0,0,0.000197517830563753,0.0199526591301736,0.0730917978381371,-1.12683239680045,0.242668961294647,38.3685703816338,-4.64349618834134,3.9459989990032e-05,0.143760501087167,0.165200455407739,37.196574505188,0.870218551954625,0.389762431331338,0.105995215548719,0.0515430377407175,21406.240841721,2.05644098979804,0.039752122967298,-0.419391562652455,0.242199251628527,38.0243558124551,-1.73159726891186,0.0914524499210058,0.624221361459191,-0.21456176384572,0.253092168806573,0.316401728103516,0.0136486605752373,0.497688749925336,0.838783125304911,0.484398503257055,0.0833452928275647,,137
0,0,0.000165243140405409,0.0196145380220499,0.0761669685239252,-1.13092200366778,0.241164948209326,37.8752496216402,-4.68941283575823,3.5073530823413e-05,0.147066850082703,0.165570219586608,39.4351875509764,0.888244579549974,0.379795168960573,0.100448710536792,0.0516775448433801,22860.7132909235,1.94375934153263,0.0519367328837536,-0.434154796544316,0.23994409060227,39.7096359370822,-1.80939982916257,0.0779633623221772,0.644440678404525,-0.223868914684107,0.260212372269188,0.309418610969283,0.0132642293817371,0.46936372378059,0.868309593088632,0.47988818120454,0.0703889096963978,,138
0,0,0.000153679058496973,0.0138576986514264,0.0900168729015272,-1.11857405855339,0.237768668022877,37.7952411742493,-4.70446366148533,3.36166352404657e-05,0.11470281714512,0.157199990294594,37.8871218572979,0.729661731722541,0.470084407863002,0.0935101876429186,0.0516709781324754,21308.0179035775,1.80972358222395,0.0703527473633297,-0.465541456462135,0.235167208840814,39.6161812954103,-1.97961892202949,0.0547241669302349,0.648033643583321,-0.283049269340949,0.258366425423042,0.2964103985118,0.0121349323783562,0.339616360570179,0.93108291292427,0.470334417681628,0.0477463651561317,,139
0,0,0.000116611163386742,0.00934208978239506,0.107621712352337,-1.14210699414696,0.235929685291212,38.7503449456432,-4.84087872510505,2.09389487996851e-05,0.0838743553301801,0.150589694354628,32.8963384745939,0.556972744314507,0.581316023288808,0.0770517613427805,0.0515469264640983,19158.8226200999,1.49478866400397,0.134986075494941,-0.507555149012164,0.234379197573161,38.8845830929862,-2.1655298519133,0.0365431626097567,0.665336657619554,-0.349773640404774,0.255933494033489,0.290874697895562,0.00933197877392675,0.229174104386375,1.01511029802433,0.468758395146321,0.0303471318507423,,140
0,0,0.000120713081813053,0.00654951726378422,0.129456273054671,-1.17383916063739,0.235505875205721,40.453905797577,-4.98433068649354,1.21437329045923e-05,0.063744606172862,0.14788309662084,28.1829692358997,0.431047277406543,0.66971311565833,0.0747241857033069,0.0514930864565916,17442.8629510261,1.45114986972667,0.1467561158519,-0.549902697299895,0.228867224554857,38.821470727605,-2.40271492945068,0.0211542805442765,0.693720854132216,-0.406084540467575,0.251090091065517,0.284017655056129,0.00573014721465247,0.152778374106941,1.09980539459979,0.457734449109713,0.0162738681588479,,141
0,0,0.000202407138645804,0.0183195705486298,0.11159618073124,-1.19000654644179,0.236983293617602,41.911901857538,-5.02147863790769,9.97385631075804e-06,0.103911244959002,0.143669227626547,28.0318930007043,0.723267234575157,0.475508030681788,0.0940335596078231,0.051508007015691,16462.7552627524,1.82561052263539,0.0679270565100381,-0.530543214545278,0.232991982822467,41.278191311583,-2.27708785563465,0.028030611330767,0.711708997762627,-0.349377431327929,0.257293431462266,0.281823614284717,0.00567246193668807,0.215085462448028,1.06108642909056,0.465983965644934,0.0227809797604088,,142
0,0,0.000145136592223528,0.0149450524638857,0.103296955000567,-1.19919596570114,0.235092370676291,42.1929412217221,-5.10095653998215,7.58632106512741e-06,0.0899123985913121,0.138071279408132,27.950879719738,0.65120276263636,0.520234026853769,0.0723193966165602,0.0513952679643114,13640.2823532338,1.40712169584909,0.159414090564891,-0.529385588128037,0.240114355377395,42.1957880523691,-2.20472277592893,0.0329777189783452,0.696383958323958,-0.362387217932116,0.256968277966807,0.287321767474076,0.00672832673133249,0.207215481621666,1.05877117625607,0.48022871075479,0.0274735538868803,,143
0,0,1.60687855849881e-05,7.5335436499767e-05,0.0999725619678253,-1.19218104438788,0.233759755655576,42.3153677514636,-5.10002691029695,7.55948387117211e-06,-0.00629968879952421,0.134875149494248,28.9562479084781,-0.0467075574940725,0.963066960234982,0.0221826395684509,0.0512369672095279,11664.5927403182,0.432942088038455,0.665064847276943,-0.51358267920154,0.236392524124936,42.4940562911418,-2.17258426890906,0.0354366510798031,0.582067836671714,-0.445097521731367,0.245005489800502,0.287191253408882,0.0175140903465515,0.121182406815679,1.02716535840308,0.472785048249871,0.0298116209276829,,144
0,0,3.5816368224243e-05,0.00213000188610563,0.127623689904754,-1.19626858278503,0.232029965612408,42.4646819598854,-5.155664181683,6.25011752326222e-06,-0.0367295870602278,0.136493588761192,33.9235710882772,-0.269093862895564,0.789487391310203,0.0356043473188492,0.0512779723882545,13460.0684366346,0.694339999430332,0.487480995610236,-0.586743798361514,0.234882706577489,42.6547594566429,-2.49802893925672,0.0164253725390765,0.635452343343401,-0.538035253379626,0.241705200896034,0.288492021604465,0.00856265989792506,0.0621825542272657,1.17348759672303,0.469765413154979,0.0124885998237712,,145
0,0,8.74444550070398e-05,0.00333993933256696,0.129831819801166,-1.23201442875513,0.228054503730611,43.2448087391554,-5.4022806329247,2.64592743076802e-06,-0.0480571609869729,0.140369189250348,34.9768839188288,-0.342362602816372,0.734126887819467,0.0570541443652149,0.0513500470956479,14116.3509589721,1.11108261028353,0.266551716102402,-0.604330375407434,0.237832498979871,43.2741456863888,-2.54099157179768,0.0147192924429422,0.644272198909614,-0.564388551905254,0.242951318411152,0.295013923653743,0.00800503937398225,0.0557363734926686,1.20866075081487,0.475664997959743,0.0110538584104458,,146
0,0,4.52911570915881e-05,0.00144465082807253,0.10309272201766,-1.22051896432266,0.221712575591117,42.1631499111935,-5.50496046996246,2.01745000793536e-06,-0.0363418501892494,0.15586911122645,37.5753644084558,-0.23315620332531,0.816905598175336,0.0463439537385407,0.0516144809953672,17799.5879309841,0.897886655930929,0.369258124186322,-0.530242111779955,0.238760175806731,42.908585118012,-2.22081471496808,0.0316937531122886,0.571110955060418,-0.489373268499492,0.244660899444147,0.308517571246544,0.0195802288741131,0.112691965420008,1.06048422355991,0.477520351613462,0.0263635135082503,,147
0,0,6.17350419418315e-05,0.000605128356215602,0.111361155031937,-1.22483697554548,0.219115023196824,41.4285948136157,-5.58992696016671,1.60469728061946e-06,-0.0246485190388982,0.165273462275516,36.7337294604392,-0.149137790783425,0.882260688360122,0.0562205974027021,0.0518345743067873,19054.3123540125,1.08461578308632,0.27810558449868,-0.53729255176782,0.238133019889494,40.6231847707615,-2.25627068441476,0.0295022038230094,0.590881369214412,-0.483703734321229,0.24522180924773,0.315815793365662,0.0159709295313266,0.125620965181018,1.07458510353564,0.476266039778987,0.0240536841639097,,148
0,0,0.000144762440414985,0.00194290659212065,0.0995710445172354,-1.23465284069406,0.219548593370431,41.3827569860435,-5.62359713510397,1.44169769527878e-06,0.0444472432207462,0.166258227887953,36.7135879015775,0.267338608051932,0.790704578058632,0.0880776581945468,0.0519351482903803,19865.0652672869,1.6959161780397,0.0899174246418907,-0.518842082826829,0.245743972665042,40.310763884112,-2.11131152963833,0.0409931034093444,0.638840015301307,-0.398844150352352,0.254462250345096,0.321183836276367,0.0120543501289778,0.214312589039822,1.03768416565366,0.491487945330083,0.0347455436837977,,149
0,0,0.000134527204965467,0.00490631011742261,0.0697456199155584,-1.23322620877157,0.219866535523819,41.8014306201022,-5.60897639940283,1.46796494293063e-06,0.0748922505008104,0.1683168622958,40.153877163212,0.444947995579877,0.658746723594892,0.083662700922485,0.0519055811904302,19309.3252577519,1.61182475956767,0.107016422114286,-0.446584682082065,0.252368186368283,41.7660319819987,-1.76957598542298,0.0840987303540331,0.586505930149211,-0.306663434014919,0.252076586783,0.333018017914689,0.0199813782265216,0.357122800129751,0.893169364164129,0.504736372736566,0.0767978022863725,,150
0,0,5.8030288864088e-05,1.63449783211635e-06,0.0717723561685437,-1.22680298865959,0.223809208964493,42.8117382419455,-5.48146787317505,2.0898769530724e-06,0.00141766874286683,0.169528857591986,42.7835875093246,0.00836240368161274,0.993366717385412,0.0533463366803394,0.0518257912387637,18257.3350304113,1.02933955093074,0.303333780077215,-0.461614232375549,0.254746552882249,42.4657739128298,-1.8120529096577,0.0770530055930376,0.530249412148539,-0.392979052602558,0.244583425561556,0.341251072062543,0.0301610055523119,0.249492326713875,0.923228464751097,0.509493105764498,0.0699780215538995,,151
0,0,2.49929756906539e-05,0.00124584450400087,0.0747441413462861,-1.20668732052264,0.226600590784891,42.7741766807928,-5.32517287948351,3.51475214906596e-06,-0.0380852922384199,0.166554837193251,41.9174488323694,-0.228665182472186,0.820241097278064,0.034757519358682,0.051896766954642,17946.8452923329,0.669743442574376,0.503029969459919,-0.454389698987904,0.247842085326171,41.6094075496985,-1.83338394038247,0.0739057580270101,0.482469924321407,-0.426309473654401,0.242425004218711,0.331001016284099,0.0465708701625516,0.197766824012125,0.908779397975807,0.495684170652341,0.0667454941811284,,152
0,0,1.18652648589162e-06,0.00645777083259573,0.0597191088464876,-1.1858331160425,0.224998919666217,42.7661507963084,-5.27039471034644,4.21349268804269e-06,-0.0841241111338942,0.163740148555951,40.6101242793358,-0.513765938749889,0.610199933121226,0.00772004479944401,0.0520890337491905,18512.6711254396,0.148208639012506,0.882179728334667,-0.40204711462048,0.248231586534765,41.3032385040463,-1.61964526848872,0.11291994774212,0.376466706141849,-0.427627523099111,0.252562406828277,0.323305645434742,0.136069474937707,0.185944274698079,0.80409422924096,0.496463173069531,0.105308499444714,,153
0,0,1.52350602144507e-05,0.00668597429749041,0.0657964611877291,-1.18785528678327,0.227787545982379,43.7323468092298,-5.21475079623166,4.79855551075475e-06,-0.0864016219325779,0.171509701394387,37.7040735320289,-0.503771047527495,0.617353232189677,0.0298155535737338,0.0522565585941835,21367.4822447449,0.570560985565025,0.568303270930537,-0.442010251253112,0.257901194373861,41.7058472963007,-1.7138743863759,0.0939762263000203,0.419971525555636,-0.464048976950587,0.269593619168153,0.332873124617192,0.11928191007888,0.1632959774574,0.884020502506223,0.515802388747722,0.0865517980808936,,154
0,0,8.7470066586298e-05,0.00112817168628472,0.0752986431588426,-1.20032895992881,0.231971629594404,44.2162658974069,-5.17446448959103,5.34696211022067e-06,-0.031406110967223,0.153803609344961,36.9172919261517,-0.204196189549644,0.839321739251127,0.0682217774653898,0.0521408382182537,19570.0798214441,1.30841351609699,0.190748456776,-0.484964857683637,0.259433498657352,42.9123973699966,-1.86932242826574,0.0684119807257286,0.52417643651947,-0.445753278847804,0.282546016864392,0.311078386536421,0.063569154006224,0.151878094217438,0.969929715367274,0.518866997314704,0.0615779695856736,,155
0,0,2.33375976605999e-05,0.00013443851438413,0.0765910916393246,-1.19730517807083,0.23190923033045,44.2659255113258,-5.16281812657813,5.54412544523019e-06,-0.00962704174821081,0.138279071073799,36.0487914218813,-0.0696203819815429,0.944880589791058,0.0320427731434709,0.0520588757103826,16233.2073879195,0.615510279586779,0.538226411688193,-0.472252996369911,0.249987617514156,43.02573020625,-1.88910555277071,0.0656294981005786,0.531392619005389,-0.413113373734433,0.282220024112824,0.284197795641576,0.0597136639988425,0.146053861588453,0.944505992739822,0.499975235028311,0.0588776865589535,,156
0,0,5.65564179785497e-07,0.000587623590122876,0.0797290214184771,-1.1762203964075,0.228345569484279,44.6687246255116,-5.15105416349444,5.64793275468641e-06,0.0198915114052987,0.135376975574918,36.7190513535724,0.146934228075517,0.883987733698855,0.00474370845979221,0.0518973055256134,14772.8476481527,0.0914056791917838,0.927171488623279,-0.473554155571803,0.248454551814018,41.9319135283295,-1.9059991137787,0.0635204061435498,0.562401798402469,-0.384706512741136,0.279312307944304,0.281591692178202,0.0440596219543069,0.171880718535388,0.947108311143605,0.496909103628037,0.0566503206341738,,157
0,0,6.65342239569985e-06,2.10758086702526e-05,0.0973715122719609,-1.1842254187157,0.223674478522344,44.6567486557675,-5.29441457308416,3.49635405699333e-06,0.00394982143888521,0.137532339429879,39.1337858529734,0.0287192194596459,0.97723449169238,0.0168453667642261,0.0519084652455627,15828.3840762621,0.324520609201908,0.745548210352435,-0.52361349894942,0.248876756043804,41.0327018789848,-2.1039067981795,0.0415585131354183,0.60380879479673,-0.44341820310211,0.27835815794828,0.284739217679059,0.0300690629872709,0.119404426622762,1.04722699789884,0.497753512087607,0.0353865778636503,,158
0,0,2.96607372187013e-07,0.000348144639428756,0.0996663736468896,-1.20612639629237,0.219925936488377,44.9245709689206,-5.48423899223053,1.81556754227661e-06,-0.0172917071143287,0.14762387208505,39.3959539190733,-0.117133542631686,0.907349360051407,-0.00382987497805624,0.0519809772395692,18301.9870760755,-0.073678395086825,0.941267095455196,-0.518474342458045,0.244112980302344,40.7499994466622,-2.12391140289178,0.0397944274259853,0.576679776438484,-0.460268908477606,0.270060042712145,0.292371576532141,0.0327302965725331,0.115427329142755,1.03694868491609,0.488225960604688,0.0336775527103169,,159
0,0,1.12870978027399e-05,0.00623806491774847,0.0669103322575485,-1.18925041583887,0.216154498426574,43.9706509069488,-5.50185364864311,1.81400627229146e-06,0.0770166562323654,0.155476314194613,39.0906879184424,0.495359416199961,0.623119724327374,-0.0231065242752347,0.0518864238437212,17570.1139464129,-0.445328904239579,0.656087569034988,-0.417204709560042,0.242069865951943,41.4235332029539,-1.72348882798518,0.0922578706352169,0.554972227009046,-0.279437192111039,0.254141655745641,0.306858392365577,0.0289834048058604,0.36248566160528,0.834409419120085,0.484139731903885,0.084800163774142,,160
0,0,4.35262810914779e-07,0.0242743421425347,0.0513888269556152,-1.19021751221819,0.215486723433748,43.4355646980147,-5.52339138695994,1.7460787525691e-06,0.15437642196857,0.157937378783444,38.403636156115,0.9774533625776,0.334462218671208,0.00457376410738327,0.0519447178872847,17812.0123983416,0.088050610214265,0.929837441022342,-0.366266880342129,0.243366558811865,41.8112380745185,-1.50500086014395,0.139841441755599,0.573976900676307,-0.158556860007951,0.250000374344142,0.313275141847428,0.0216813615669965,0.612767828391588,0.732533760684259,0.48673311762373,0.132323855597795,,161
0,0,2.08998493471449e-05,0.0270296075079839,0.0491319571266023,-1.22493461835363,0.216554886391861,43.7627576963813,-5.65646261214851,1.09400272523419e-06,0.163036822293748,0.154623378467938,40.0203583484589,1.05441249511667,0.298018479985555,0.0325452796818243,0.0520625142654989,18697.0680301818,0.625119246370926,0.531900425984176,-0.35989377525844,0.242646547376706,42.5751930199625,-1.48320171520804,0.14538627620994,0.575336182370522,-0.144451368146358,0.254342488432985,0.306760180105863,0.0236941305567969,0.637716805667978,0.71978755051688,0.485293094753413,0.138020825650755,,162
0,0,8.64379437967277e-06,0.0241907719366938,0.0337229201674425,-1.21761711190672,0.220879234293677,43.7244281311282,-5.51259205420731,1.77720792947571e-06,0.152760913240423,0.154103661371565,39.6381859959047,0.991286721423808,0.32755855658568,0.0218964381562896,0.0522170743385244,20342.9390664831,0.419334833168448,0.674975870587949,-0.294811402934237,0.241095712698708,42.8436125859071,-1.22279819758826,0.228089889289707,0.490500994145786,-0.0991218117226879,0.262378425543333,0.299070228107938,0.0615614806880238,0.740317267960333,0.589622805868473,0.482191425397416,0.221405926411221,,163
0,0,4.36660192281809e-05,0.0177453584841047,0.0354358921842979,-1.22436639775917,0.224468687245421,44.0583871512086,-5.45450865679328,2.11486892910289e-06,0.120745532717603,0.144237173424753,38.7906493965201,0.83713185616879,0.407646498489767,0.0462549249431678,0.052158976969467,18009.2350254095,0.886806598416311,0.3751948764434,-0.300706043100085,0.241187908296901,42.3117487776173,-1.24677080714145,0.219339493650805,0.465238596128753,-0.136173490071417,0.264337173937998,0.289155124784003,0.0784044904612467,0.637686606308653,0.601412086200169,0.482375816593802,0.212481547487497,,164
0,0,0.000121618506480271,0.0114111319978321,0.0472779836624606,-1.25721575868227,0.224482640691072,44.0475419885915,-5.60050324965848,1.29568939321001e-06,0.0854224284157799,0.129011891552551,37.9814314157988,0.662128330867737,0.511886739540163,0.0661501051147616,0.0518678296402777,13372.4948255985,1.27535903417468,0.202204346724277,-0.364966711577331,0.251235564921249,42.5257055511375,-1.45268728848852,0.153649967999451,0.503533415538582,-0.22640000761608,0.268575381563093,0.288301495665983,0.0608159952438786,0.432284114507884,0.729933423154661,0.502471129842497,0.146310597917591,,165
0,0,8.74663139071502e-05,0.00870119986719954,0.0435385864473395,-1.26406321633436,0.219477190416224,43.0152969221896,-5.75942864011127,8.16682172285279e-07,0.067944226292841,0.120503257936028,36.218709635082,0.563837255992784,0.576339763839873,0.0531066075034877,0.0517356909130402,12045.8596705974,1.02649846877955,0.30467729702367,-0.348038360813182,0.250142362219875,42.5277948913753,-1.39136113421387,0.171351994194679,0.466661857189346,-0.229414864437018,0.272225907638603,0.277493155871805,0.0864837690984591,0.40838409134945,0.696076721626363,0.500284724439749,0.164115944041781,,166
0,0,0.000234437177646765,0.00860947564078528,0.0549255974397372,-1.27981718901252,0.214573905228704,42.0866387338524,-5.9644586682077,4.43632744882928e-07,0.072463064061782,0.128780360102425,36.4587840052241,0.562687229668786,0.577091797522081,0.0952093559020392,0.0518417368602521,14383.7410729905,1.83653869774255,0.066298648110534,-0.400574981328684,0.256625456969093,41.9236784811964,-1.56093236446503,0.126057658020518,0.531367384776924,-0.269782577880445,0.279151640584658,0.288739881331838,0.0569742890767965,0.350126113332607,0.801149962657369,0.513250913938187,0.118539710052119,,167
0,0,0.00031437493285159,0.00248955892471436,0.0645910549301331,-1.28906356323284,0.213836985896785,41.94337503863,-6.02825352137652,3.63459126357101e-07,0.0404724752622426,0.134344356089595,36.3643409161233,0.301259215052184,0.764932824563948,0.111089953790794,0.0518586664060915,14592.2553662375,2.14216757756317,0.0321965000847306,-0.443562436326428,0.265535318364618,40.4104859916136,-1.67044609755962,0.102559993841809,0.548623827755501,-0.338501044897354,0.278853766496062,0.306594871445354,0.0491342526245686,0.269564407484971,0.887124872652855,0.531070636729236,0.0948311356549011,,168
0,0,0.000194948820850647,0.000111322996228159,0.0444087826501135,-1.29494309657043,0.213557560966744,41.9377953299657,-6.06367243898277,3.23393982188815e-07,0.00896634694215983,0.141058692651329,36.2909329909058,0.0635646536461454,0.949665710296241,0.0901022975338605,0.0518915110623249,15462.2898323915,1.73635910169666,0.0825202767091041,-0.366260477096511,0.269017026143929,39.8863099664031,-1.36147693826842,0.181004729706819,0.428559490001847,-0.303961464191175,0.275491972184971,0.319059205638002,0.119799630212409,0.340752007097281,0.732520954193022,0.538034052287858,0.173363016648527,,169
0,0,0.000148344271540575,0.00130537257289594,0.0405312254998175,-1.3076466153557,0.21632169026874,42.1450013342193,-6.04491677987165,3.3806022707446e-07,-0.0329316728733774,0.146738739323084,38.533303953131,-0.224423850343089,0.823613307008084,0.0823714736822534,0.0521150345566054,16838.0735205859,1.58057025929407,0.113995113440424,-0.344958181821235,0.264958766986184,40.1252195990121,-1.30193156371091,0.200364527201707,0.362257261739371,-0.3276591019031,0.274301935467567,0.31849276867957,0.186617593500359,0.303582902685613,0.689916363642471,0.529917533972367,0.192939781355013,,170
0,0,0.00014027618180411,0.00729611302208406,0.0484939967364131,-1.30814702465147,0.220016675071656,42.7601081529419,-5.94567218246263,4.47062583495001e-07,-0.0818239456672318,0.153530347892266,38.6456429770473,-0.532949653215457,0.597120072018986,0.0823797555865666,0.0522296668366893,17732.1593486149,1.57725983288674,0.114753589029871,-0.374027738113094,0.259300944047977,40.8246979111323,-1.4424464958519,0.156805201724672,0.346667480627243,-0.401387995598946,0.269431341231323,0.319224713537075,0.198211589852461,0.208614678607506,0.748055476226188,0.518601888095954,0.149176455118757,,171
0,0,0.000140431810916881,0.00783367936439825,0.0575354946102538,-1.28219292083325,0.223494732855505,42.821347750704,-5.73701627976269,8.92643026694334e-07,-0.0869013466099207,0.154238967282586,40.2053163871984,-0.563420179355232,0.576277890164507,0.0824501977839397,0.0522300405656624,17742.5561358536,1.57859723812171,0.114446295547598,-0.407008964284289,0.254596847624575,41.8630684006198,-1.59864102042795,0.117421785598131,0.379373835280677,-0.434644093287901,0.264666516296643,0.316310411189028,0.151742640244997,0.169408718715285,0.814017928568578,0.509193695249149,0.109900389603022,,172
0,0,8.55841734988438e-05,0.00431040188607473,0.0641162472529725,-1.26902522126849,0.223726319560511,42.9690241156158,-5.67222141660119,1.09627478449961e-06,-0.0652238387190564,0.151728816890986,42.6857360003871,-0.429871134933572,0.669451768761042,0.0647434489434282,0.0521549147967262,18004.0640841865,1.24136812792746,0.214485960364675,-0.408153792292186,0.242347769223631,41.4022012404208,-1.68416566655315,0.0996754303946208,0.402362874205149,-0.413944710379222,0.254116643705173,0.303960114100918,0.113335180873042,0.173248729081598,0.816307584584371,0.484695538447262,0.0921496565013779,,173
0,0,6.41049288791464e-05,0.0052755713793208,0.0651685213663538,-1.26336402564573,0.218536787978191,42.3538405835844,-5.78101306115932,7.98290883877165e-07,-0.0744748290227378,0.155331072691696,43.3446626210528,-0.479458666783024,0.634022751944658,0.0566512113946627,0.0521508719705144,18406.7023443701,1.0862946151062,0.277362894167432,-0.385720291867985,0.22940759658016,40.5531733593218,-1.68137541048344,0.100377028183032,0.367411750959358,-0.404028832776613,0.237835777640502,0.299774496049542,0.122391552973623,0.177730480555959,0.771440583735971,0.45881519316032,0.0926900186448109,,174
0,0,6.02844615470846e-05,0.0119100130358557,0.0717211505844221,-1.2614143974027,0.213983695348332,41.6043024294975,-5.89490893382935,5.80827462176486e-07,-0.10417161442718,0.150469601075523,39.7635831117833,-0.692310032608483,0.492765994244895,0.0552545624742321,0.0523104099368558,18506.6782107506,1.05628234496595,0.290853027745828,-0.413173471613155,0.236532151454694,39.4925977294503,-1.74679623498159,0.0884467069638458,0.369165713578768,-0.457181229647543,0.24803031585823,0.298743741574171,0.136648208537003,0.125931157676101,0.826346943226311,0.473064302909388,0.080672689919968,,175
0,0,0.000127147586541964,0.01870866655116,0.0732947646264122,-1.26150930620226,0.213671877728114,41.9921334724526,-5.90395572695562,5.46286940937121e-07,-0.114986438318356,0.143692489031003,33.5876978289674,-0.800225809252604,0.429203900699657,0.075938876959293,0.0522857808134143,16588.1441386847,1.45238104467229,0.146414597871914,-0.428992075801851,0.245315717347583,38.6648610404829,-1.74873457127095,0.0882729544172045,0.37647290466166,-0.481511246942042,0.256732458805688,0.299539129740004,0.142538893428632,0.107943195734357,0.857984151603702,0.490631434695167,0.0803369112179113,,176
0,0,0.00019870060813129,0.0101356994999045,0.0634698571300267,-1.25577177751144,0.212312124123138,41.5385207890928,-5.91474360071453,5.47015453452125e-07,-0.079518550883338,0.140690842980415,31.1980310444876,-0.565200614331436,0.575979636425985,0.0925672228678028,0.0523702290216534,15720.2708144395,1.76755428794343,0.077154841953394,-0.404445715885433,0.249863600945691,38.6606123947105,-1.61866600158917,0.113649756782389,0.383820137666115,-0.425071294104752,0.263262564482503,0.299247759653346,0.144858009215012,0.155472034944838,0.808891431770866,0.499727201891382,0.105519145751742,,177
0,0,8.71401878925323e-05,0.0104584850586616,0.0482209587890906,-1.24871131313267,0.208390172140664,40.7222459626719,-5.99217947902929,4.54749871267544e-07,-0.0808538197097457,0.146056160098463,28.9952304744193,-0.553580346458777,0.584110086418332,0.0620928386363004,0.0525641857802855,16012.0452105002,1.18127652344591,0.237510435141832,-0.352228463593046,0.248562197140179,39.6350156745742,-1.41706368726055,0.164277343539865,0.322664051739832,-0.38179287544626,0.264859383467934,0.300828459942379,0.223130263964146,0.204391795383974,0.704456927186092,0.497124394280358,0.156464308081876,,178
0,0,1.74949763657095e-05,0.00328768795608106,0.0424732357249915,-1.23429209604135,0.206300879616371,41.2372270132873,-5.98297059293489,4.48247826489983e-07,-0.045762688852866,0.149800037177476,28.2929647358919,-0.305491839088454,0.762227936127257,0.0285880574347356,0.0527378821519494,16795.887727265,0.542078222867713,0.587771811399588,-0.32227289341742,0.243490748463884,39.4928250376867,-1.32355292942566,0.193262694297447,0.32343766097446,-0.321108125860381,0.26593118329361,0.296214614591499,0.223891335584831,0.278347610102827,0.644545786834841,0.486981496927769,0.185651566707642,,179
0,0,2.03526702177353e-06,0.00154063949247389,0.0520866042440714,-1.19289093432557,0.205505806258636,41.3864606071485,-5.80465805829483,7.9545970867794e-07,-0.0336296959668652,0.158579314995862,29.1462156287215,-0.212068616690284,0.833529578400645,0.0104107530983272,0.0529505726307794,18993.3115442287,0.196612663113592,0.844132763919871,-0.36899209184367,0.251526529726347,39.1659923818469,-1.46701062605651,0.150357661857914,0.389092823285619,-0.34889136040172,0.274552813249966,0.309502066531048,0.156428106626892,0.259629754604255,0.737984183687339,0.503053059452694,0.142373164743437,,180
0,0,5.76390800459165e-06,0.00377003768648786,0.0546240951078943,-1.16226334144193,0.205690873093573,40.9751778386142,-5.65053433806562,1.36010999287208e-06,-0.0549332126277627,0.159261381603741,31.4385817899005,-0.344924878050111,0.732447857324551,-0.0179827535583082,0.0529675981492487,19997.3423340082,-0.339504795132254,0.73423305070456,-0.375693181905744,0.249293450891112,39.3065712639801,-1.50703189579514,0.139798097643824,0.375466169450222,-0.375920194361267,0.277419772076786,0.305088115757481,0.175920684232021,0.217885867879066,0.751386363811489,0.498586901782224,0.131802481764433,,181
0,0,1.55191634910435e-05,0.00284781445113082,0.0704378743691309,-1.136420001043,0.205582480444959,41.2685495418076,-5.52780566993527,1.98893022791123e-06,-0.0481686637637867,0.159116079864823,32.0886031697708,-0.30272656166937,0.764052053894581,-0.0289822922777615,0.0528976432023783,19342.7299955944,-0.547893828972298,0.583771128676138,-0.421262930268993,0.246800498489279,38.4491375253585,-1.70689659400057,0.0959064776678003,0.434436061614551,-0.408089798923435,0.272386986065403,0.304874292786834,0.11072962589653,0.180716876867612,0.842525860537987,0.493600996978559,0.0878412740097365,,182
0,0,2.67538284589986e-06,0.00346146296611876,0.08815880849657,-1.11834689479696,0.205191478603527,40.9879054672488,-5.45025993480871,2.61128476708308e-06,-0.0542835556464349,0.160589985720166,32.8953160270762,-0.338025782884284,0.737491612069732,-0.0116848291844507,0.0527070022889173,18370.5011108251,-0.221694057279135,0.824554520806341,-0.474921589672845,0.244967031666625,38.8760418856024,-1.93871635069312,0.059820345491323,0.489793283048947,-0.460049896296743,0.258526712361366,0.312599184616312,0.0581512748675003,0.141103915853996,0.94984317934569,0.48993406333325,0.0525358865780663,,183
0,0,2.02536179245661e-05,0.000283816939396353,0.0848368332434289,-1.07455314671971,0.208024778631802,41.152862910109,-5.16550554115307,6.51781781032011e-06,-0.0163836163108654,0.165932139025728,34.3397337697209,-0.0987368475273202,0.921921338382043,0.0318192123955733,0.0527291283095134,17979.0300528392,0.603446584756692,0.54621925240168,-0.456727393223661,0.240048747007786,39.0507443972468,-1.90264435418547,0.0644793257376979,0.506849695575189,-0.406605090872134,0.246332304411956,0.318243172870133,0.0396299717844481,0.201370976836379,0.913454786447322,0.480097494015573,0.0570869674367878,,184
0,0,2.98000268492348e-05,5.51401322324407e-05,0.0774214162039057,-1.04680894004203,0.209869276186912,41.7201181363589,-4.98790942181421,1.12314677136086e-05,-0.00693851665196634,0.161661166375487,33.4064327780205,-0.0429201199492176,0.966020727051565,0.0379006821393098,0.0528019163445916,17288.8093834174,0.717789897850779,0.472896541667296,-0.426815984417793,0.236687691261533,38.7500495317698,-1.80328762405382,0.0791228996486881,0.482027865496839,-0.371604103338747,0.244529745113665,0.311059416718184,0.0486959393740549,0.232227611252283,0.853631968835586,0.473375382523066,0.0713430552475245,,185
0,0,3.83082786999364e-05,0.000610150210436076,0.07403934113816,-1.02509631976927,0.210465867851597,42.3083226026103,-4.87060600482776,1.59519328845884e-05,0.0217344158262556,0.158609166692164,30.7565448377507,0.137031271770306,0.891899180869812,0.0414407209947799,0.0527442820851544,16113.6734757219,0.785691251382944,0.43205994240284,-0.404410761576492,0.232169198719489,37.9460166202644,-1.74187947327634,0.0896312953234073,0.485033060228798,-0.323788462924186,0.238582623886407,0.30589897234587,0.0420548157235532,0.289835891494567,0.808821523152984,0.464338397438977,0.0815295364573906,,186
0,0,8.51053668072477e-05,0.00962111224992165,0.0478524886076802,-0.990215364642334,0.213070366479718,42.8906530817454,-4.6473631270381,3.19772887806059e-05,0.0933234508824669,0.174695961255581,29.3759514551836,0.534204970806018,0.597219753363329,0.0639530431605096,0.0529807769817882,17119.5314195294,1.20709900465395,0.227410696108079,-0.324193515232243,0.234103019770893,38.1587661445821,-1.38483269267316,0.174147636633187,0.464724092016948,-0.183662938447537,0.234012709152458,0.325708831389631,0.0470452578932425,0.572831115932108,0.648387030464485,0.468206039541786,0.166103631786888,,187
0,0,0.000167246680433665,0.0117397892434542,0.048179927955647,-0.988591399917818,0.215981059105105,44.0540766016817,-4.57721340942556,3.83382235636347e-05,0.10473232589274,0.177852711215502,29.1911716473395,0.58887112362227,0.560477411434798,0.0939670965115185,0.0531932618140367,18655.5571796811,1.76652255016861,0.077324571958888,-0.327686726263132,0.233259734755239,38.9876319004715,-1.40481479414772,0.167994088876331,0.480134838611732,-0.175238613914533,0.242390291032153,0.323077642124408,0.0476099347241885,0.587540206556462,0.655373452526265,0.466519469510478,0.160076358685126,,188
0,0,9.12318423685642e-05,0.00702185790109611,0.0591598979750474,-0.970483629686905,0.217339133994056,44.3522111529551,-4.4652962945617,5.44277899892532e-05,0.0821079245690244,0.183658356101016,28.2641816834968,0.447068820129605,0.658232614364134,0.0748331887807128,0.0534070233278331,21518.1875725179,1.40118628820329,0.161172795152863,-0.37006238119431,0.236927604992298,38.7977868982585,-1.56192175751888,0.126427388953372,0.506056582323208,-0.234068180065412,0.258313344710786,0.324105206197008,0.0501033846449441,0.470172661066989,0.74012476238862,0.473855209984597,0.118306422189984,,189
0,0,6.86708411432295e-05,0.0028498577450867,0.0832993258883919,-0.956159737992234,0.212682681753509,43.4345880431718,-4.495710370534,5.09710706821885e-05,0.0575444717839353,0.205908151399186,27.3273494286749,0.279466701016495,0.781991024944317,0.0669862174810369,0.0533829225830332,22927.8866225435,1.25482484359759,0.209555142229915,-0.450378473442786,0.247776992581752,36.3596218902585,-1.81767672918295,0.0773613340736757,0.573504372061373,-0.327252574824199,0.252705353957419,0.36235281356378,0.023240444100532,0.366455617374574,0.900756946885572,0.495553985163503,0.0691135565210009,,190
0,0,6.10123698924528e-05,0.00716175547224074,0.0828753901358618,-0.949789020194374,0.203585205895169,42.2327237942279,-4.66531453510156,3.10109537982547e-05,0.0951286823447352,0.205858867114444,29.6034832765955,0.462106314283026,0.647383387992121,0.0634886942498273,0.0532690688116037,23280.8154231389,1.19184914747369,0.233332549888509,-0.440082277204408,0.245928388878569,35.4366933604622,-1.7894732658201,0.0820883534447625,0.599293115703469,-0.280871438705347,0.247706540654029,0.362726012931267,0.0155475303830355,0.43873272503527,0.880164554408816,0.491856777757137,0.073538629227188,,191
0,0,1.78027515312238e-05,0.00605079889029553,0.0677485913110095,-0.924677986473035,0.204736412771394,42.0886672584098,-4.51643151287173,5.01462952811161e-05,0.0888425714198721,0.206821430636755,30.3111654230211,0.429561729393064,0.670552721867359,0.0348231685615667,0.0534473732239782,23844.5415169103,0.651541253779407,0.514703435120794,-0.410460431830619,0.252847398828894,36.2625544513864,-1.62335240042704,0.113176800123214,0.559071802973195,-0.261849060688043,0.253071696412672,0.36899447534405,0.027164631117137,0.477934432688493,0.820920863661238,0.505694797657788,0.1045140938627,,192
0,0,1.83864855314747e-06,0.00402023556139082,0.0766553518426964,-0.882359497321284,0.206413082112149,42.3164597919648,-4.27472662242346,0.000106579145774116,0.070557493961534,0.204382614788873,29.5255098941804,0.345222581844447,0.732374450008126,0.0112335759478025,0.0534911356817355,23986.8319005811,0.210008178077216,0.833663073825951,-0.430183941391339,0.250422408977679,35.5453967051142,-1.71783325281278,0.0945284076499877,0.563382254888805,-0.296985627893873,0.252805564764708,0.363897150220623,0.0258458597697642,0.41442854273826,0.860367882782678,0.500844817955359,0.0858270343148724,,193
0,0,2.93977480733852e-07,0.00361167088927569,0.0899434814246658,-0.86509582608964,0.200287421062851,41.1917369926045,-4.31927188187304,9.62909416339837e-05,0.0630885129231513,0.200106184181225,27.422056639816,0.315275178432344,0.75493951873437,0.00433363285529127,0.0534905765003767,22327.2626699189,0.0810167535820211,0.93542935503178,-0.439246036123167,0.24223317790432,33.2695647660143,-1.81331905036008,0.0788128730781337,0.566294936762499,-0.312197135483835,0.241348143165559,0.355991275660052,0.018956668098779,0.380497643896112,0.878492072246334,0.48446635580864,0.0697826267191864,,194
0,0,1.15703802939451e-07,0.00464390454848791,0.0716072117934469,-0.834442862843505,0.196955919339641,40.9901915236379,-4.23669857520022,0.000125247224359969,0.0661468378788696,0.183375681772094,27.8888038794473,0.360717611188377,0.721028516584698,0.00254628940038419,0.053325911528665,19705.6726919002,0.0477495710320009,0.961916311053757,-0.394148210887272,0.240932612625664,34.6978794217456,-1.63592718558055,0.110895257014564,0.517688560176042,-0.270607861598501,0.24110326074776,0.338442635572623,0.0317801225136211,0.423961201801595,0.788296421774543,0.481865225251327,0.101854827558615,,195
0,0,1.01958215659637e-07,0.000240708380180505,0.0583236201194617,-0.807190102439291,0.198154621518274,41.4458397394021,-4.0735365960912,0.000204016669911774,-0.0139127936371327,0.172294065935381,27.082720376343,-0.0807502775072399,0.936234336515452,-0.00228921705036332,0.0532532263308085,18124.2408222766,-0.042987387020323,0.965712061802255,-0.351339586796041,0.232316633580163,36.9275729881717,-1.51233074180548,0.138961556664498,0.388586768078331,-0.31409240551375,0.24276708441478,0.31637735554977,0.10945296931035,0.320818265555662,0.702679173592081,0.464633267160326,0.130449744200112,,196
0,0,6.83907419245505e-06,0.0253960266002849,0.0653077213292673,-0.776633684358313,0.199096373834935,41.3154307783902,-3.90079271359406,0.000346008627783821,-0.128120347591873,0.16698500214644,22.5914282279438,-0.767256615534348,0.45087374512513,-0.0181032572301014,0.0533912405499974,16810.2098796793,-0.339067926566511,0.734562794960707,-0.349561643734189,0.22138722156738,35.6817848409551,-1.57896034495288,0.123170530745609,0.272342377598347,-0.426780909870031,0.2385103284072,0.300007648721425,0.253517492030014,0.154861784626986,0.699123287468379,0.44277444313476,0.114345153077373,,197
0,0,8.56025142570892e-06,0.0376245370280629,0.050041860977047,-0.756530331386377,0.200395245199284,40.6667174920227,-3.7751910262843,0.000511683526492104,-0.153427938693464,0.162582343555117,22.7790453246696,-0.943693732901878,0.355228616675888,-0.0197839528260972,0.0533944160860667,16037.7786180929,-0.3705247528919,0.710996430126694,-0.302983688829691,0.217347139565719,36.8894054509739,-1.39400817252568,0.17165591588017,0.19367442763248,-0.412292950026901,0.235422503710923,0.292462072597346,0.410697138000967,0.158619026523765,0.605967377659381,0.434694279131438,0.163315136756398,,198
0,0,1.16146871383156e-05,0.0454535815873002,0.0432496369817143,-0.747263567771813,0.205074814275596,41.2359336141155,-3.64385831781167,0.000744327570164026,-0.180837342163158,0.165821213589129,24.976121297723,-1.09055613723366,0.285878056956914,-0.0232576828773601,0.0533648377791524,16353.4708774002,-0.435824109006212,0.66297010289768,-0.294748531211682,0.225556758166887,37.7752876681786,-1.30675991979634,0.199194074958162,0.156830712014437,-0.432666350408928,0.233785330403685,0.306882871852152,0.502327474292116,0.1585767291132,0.589497062423365,0.451113516333773,0.191294261301301,,199
0,0,6.47134490358784e-11,0.0512592547761276,0.0449726975553115,-0.721766760307946,0.213046594562064,41.2335312689126,-3.38783523759956,0.0015600890445569,-0.205635620867595,0.173171732073739,26.0986447773889,-1.18746644388838,0.245739275603205,5.65374230472471e-05,0.0535717791902179,17210.969380917,0.00105535832301741,0.999157958275536,-0.307502845220976,0.231200554951434,37.565345008006,-1.33002641488283,0.191528846781087,0.146643954446962,-0.46836173599499,0.233801552554069,0.320821602522376,0.530517993373505,0.144322461394232,0.615005690441951,0.462401109902868,0.183509568292883,,200
0,0,1.80574588682981e-08,0.0550683286852331,0.0527599524795127,-0.695319376124746,0.219856983463442,40.8700124974119,-3.16259854552387,0.00294642572017874,-0.228789026490118,0.184746540161347,26.3157809376101,-1.23839410627288,0.226503852369947,0.000961739933026049,0.0536603625850866,17788.9965207674,0.01792272520524,0.985700700834141,-0.330061941544186,0.235047738051951,35.4025384306235,-1.40423364325775,0.168961935173708,0.149334566191203,-0.510789316897168,0.22783625848512,0.339525947893173,0.512180072614126,0.132473492453978,0.660123883088371,0.470095476103902,0.160249286620824,,201
0,0,2.23546446790437e-05,0.10182701061497,0.0754429815370136,-0.67808822353184,0.22016430230804,40.4859531443858,-3.07991902603312,0.00371168922288344,-0.335028003145403,0.201769808365941,24.319063735347,-1.66044665383126,0.109665574376243,-0.0360968482808209,0.0536594891928179,20242.6804778898,-0.672702048115142,0.501144543088875,-0.39295471046509,0.238492469430617,33.2698247819404,-1.64766087333173,0.108836260287917,0.115146428317236,-0.670762992612945,0.23461127018259,0.356672846712416,0.623570271037453,0.0600248109079682,0.785909420930181,0.476984938861234,0.0994222812906986,,202
0,0,6.39667186791603e-05,0.0793512637028676,0.0859764511180094,-0.66675865281502,0.219393974827079,41.0396078779911,-3.03909281620219,0.0041175485926276,-0.315568691987956,0.208961394583019,26.4603641842667,-1.51017700000362,0.142848791799409,-0.0628371819408889,0.0535774986469801,21502.3871755892,-1.17282783869625,0.240877844400665,-0.439366069864948,0.247288315989358,33.5601356112983,-1.77673606659142,0.0846779260019771,0.187775244190659,-0.690956895539236,0.2372525858682,0.372483650662331,0.428677299293808,0.0635963325572271,0.878732139729895,0.494576631978716,0.075611675261619,,203
0,0,4.86347309964801e-05,0.0607246033012673,0.0979741304193643,-0.626281066235031,0.220542937003556,41.3791955312723,-2.83972397730847,0.00697157935703546,-0.272998173697352,0.201522032937259,28.3859002571269,-1.35468151902946,0.186203970606633,-0.0530711655455509,0.0534158433650558,20295.9522067468,-0.993547273659065,0.320455169423394,-0.467633712457676,0.240324162654312,34.8597545662057,-1.94584559160758,0.0597711451064199,0.262729570574337,-0.672537854341015,0.23070692987927,0.360409017495109,0.254785643624418,0.0620356873475718,0.935267424915352,0.480648325308624,0.0516732902068635,,204
0,0,1.90698559915658e-05,0.0424275916301981,0.0877226943894548,-0.563656118971832,0.219516620696184,40.8802149148534,-2.56771499663319,0.0139919592182117,-0.23217221536168,0.197425306686125,31.2131853860431,-1.17600027706071,0.248486640344208,-0.0334286836052653,0.0533701120752109,20572.4788480219,-0.626355881699415,0.531088490005833,-0.426031021658852,0.227233856775148,36.5553777888536,-1.87485715247274,0.0688193083380619,0.255894902433462,-0.596167140884243,0.229765588504182,0.341915416474394,0.265398633163441,0.0812271175882784,0.852062043317704,0.454467713550296,0.060812378061287,,205
0,0,1.27687964334507e-05,0.0265982264246667,0.0908710746656859,-0.547518609801768,0.215989590897541,39.9049768392053,-2.53493053774751,0.0152717838947502,-0.182101816696936,0.196089525744014,31.5616150888882,-0.928666719989228,0.360110206256809,-0.027942650516832,0.0533330285501687,21497.4623547893,-0.523927691271971,0.600334235041472,-0.428110806347785,0.221000837566285,37.5426005978336,-1.93714562832542,0.060279158278441,0.308347931627807,-0.547873681067763,0.232201216390573,0.332227739927903,0.184199852282731,0.0991290516165561,0.85622161269557,0.44200167513257,0.0527275443933464,,206
0,0,7.11460796513953e-06,0.0119837192214096,0.11055574332118,-0.543292454171609,0.212776034576132,38.7005656845187,-2.55335360137664,0.0147261771345789,-0.114259271576019,0.186532759849203,30.9346457033542,-0.612542652928035,0.544655727017418,-0.0206294029202101,0.0533894522582787,20984.9685145238,-0.38639472868934,0.699208271018641,-0.475179332008312,0.220286097321556,37.4350427901652,-2.15710086921502,0.0374854274812002,0.43011284035631,-0.520245823660313,0.235279532752028,0.319967778278452,0.067535612252582,0.103964139127396,0.950358664016623,0.440572194643112,0.0309978059094258,,207
0,0,7.06759130854536e-06,0.00754917707749154,0.127613167322798,-0.525920852703304,0.209340615662958,37.4678966061718,-2.51227336385618,0.0164261838569848,-0.0887142064925086,0.186479693377558,29.7531283329905,-0.475731190274389,0.637740376903828,0.0206807815581257,0.0534835530739382,21155.2857217508,0.386675536113608,0.6990003185279,-0.521574915150565,0.226653922407592,36.2009966926892,-2.30119518608028,0.0272446935223043,0.508809336653665,-0.534340493647465,0.24088439639767,0.324372721312031,0.0346645598734043,0.099495568327503,1.04314983030113,0.453307844815184,0.0213806008797391,,208
0,0,2.52126374583124e-05,0.0148424548954939,0.134008724943133,-0.509730077737891,0.205452584967956,37.7645421032666,-2.48101077831361,0.0176724209523802,-0.119581096510086,0.186790285213999,27.2029775037016,-0.640189056797501,0.527405622838753,0.0380316924431639,0.0535223615767616,20025.8768230115,0.710575754184894,0.477355447114939,-0.532517898792487,0.229187851935869,34.8871644549371,-2.32349967196995,0.0261053838992909,0.490478882282008,-0.574556915302966,0.240442604237852,0.327951828457692,0.0413602810077496,0.0797815095013961,1.06503579758497,0.458375703871737,0.0201523252569694,,209
0,0,3.76870195166898e-05,0.0112132588804425,0.138429562181985,-0.500671254944738,0.202003253752174,38.5588082680183,-2.47853064564486,0.0176787831822166,-0.108327033190053,0.192309181242935,27.9797896897455,-0.563296211288051,0.577719959405601,0.0461151570798135,0.0536490813592114,19604.4491850633,0.859570302258226,0.39003646188653,-0.525441726425033,0.227480668820746,33.2064207849569,-2.30983023370254,0.0272531799340832,0.493626383223187,-0.557257069626879,0.23625799214411,0.333707171741671,0.036675944045835,0.0949394684690316,1.05088345285007,0.454961337641491,0.0208975547613396,,210
0,0,0.000102864418856664,0.00751425928604926,0.140775512611484,-0.477317777599583,0.195179187192067,37.7456423718514,-2.44553625038861,0.0192411575593725,-0.0884207827692495,0.189968291740011,28.6143954588831,-0.465450217819831,0.645132272805848,0.0760212171541014,0.0537316239596626,19458.0740324893,1.41483192860823,0.157133782458322,-0.492521599327428,0.214373004203143,32.2173564433748,-2.29749823751459,0.0282315169802196,0.475818874004103,-0.509224324650754,0.23346206772985,0.317617736640588,0.0415400043688145,0.108876907785425,0.985043198654856,0.428746008406286,0.0215903634943189,,211
0,0,0.00012665687694927,0.0123711457258593,0.122218149158256,-0.436249115578168,0.194221728937757,38.2399169888912,-2.24613959500883,0.0305500865532906,-0.115436399368165,0.193393946581859,28.4435394955978,-0.59689768686376,0.555297590092289,0.0840694593272266,0.0536424972046295,19389.8633856104,1.56721748069497,0.117080184152488,-0.459580545314196,0.217147002869244,32.1711427518802,-2.11644894583664,0.0421347670279223,0.411065523597046,-0.508095567031347,0.232138808589129,0.325082547156896,0.076598178687361,0.118058711878816,0.919161090628393,0.434294005738488,0.0343066429893943,,212
0,0,0.000162861975868729,0.0267700290921255,0.101044108305577,-0.400004419893759,0.198329028866622,38.4079359400306,-2.01687278044792,0.0507385712018377,-0.178173937100648,0.205202509930205,27.4087763948167,-0.86828341993112,0.392778569130469,0.095802320803018,0.0535153717398282,19674.5374812775,1.79018322564913,0.0734398321678897,-0.44277342444445,0.235579594736507,31.4278838500858,-1.87950669046564,0.069474972157129,0.329073512306766,-0.556473336582134,0.231243021191103,0.358420108276021,0.154717736547856,0.120525211008366,0.8855468488889,0.471159189473014,0.060175340847132,,213
0,0,0.000137724423546936,0.0312485760089563,0.0779794235772083,-0.348470266228888,0.201802563011914,36.9738686478475,-1.72678810926854,0.0925531792685214,-0.176732029837567,0.193822312494332,25.7753820870564,-0.911824998696861,0.370310541404551,0.08964435531009,0.0535158024596654,20370.9382466406,1.67510064672308,0.0939298346111978,-0.373722998751876,0.228819655566748,31.5408641200873,-1.63326440565705,0.112357934919219,0.251410282767653,-0.4960357147361,0.238952254436609,0.335364944585252,0.292737131350776,0.139115641883824,0.747445997503753,0.457639311133496,0.102413399473098,,214
0,0,0.000123257019318359,0.0275123003277633,0.0600448769426009,-0.311684988011471,0.20525709468322,35.993126823129,-1.51851018106099,0.137621638976037,-0.165646021354989,0.190235524054438,26.8000739955472,-0.870741793249864,0.391628265757217,0.0858831291669243,0.0535401982964733,20873.274013025,1.60408687116464,0.108710034688437,-0.32789496002478,0.225679226242462,33.0458916442652,-1.45292486811569,0.155675211293774,0.209995046883926,-0.445794873165635,0.242888784224776,0.32590059390838,0.387273282978676,0.171347749788947,0.655789920049561,0.451358452484924,0.146244615471458,,215
0,0,0.00016942586090143,0.0237484237368735,0.0420302639484299,-0.285647399679282,0.208015124322914,34.2883114795926,-1.37320495617355,0.178602420340573,-0.154548943399808,0.190967322357048,26.9240830774852,-0.809295231730015,0.42543990966722,0.0962700801053226,0.0536102434861457,19029.782252922,1.79574040043675,0.0725516716114937,-0.273184772238069,0.22867350675974,32.5290172633616,-1.1946498573842,0.240862105928593,0.158415365848366,-0.387954178627772,0.234131199113857,0.334870852669093,0.498653825117336,0.246652383855154,0.546369544476138,0.45734701351948,0.232223861020487,,216
0,0,0.000327558774181087,0.00268455852122367,0.0157026850669599,-0.246263075325448,0.209237086530602,33.2483923486864,-1.17695710358417,0.247569947485775,-0.0530538986279959,0.190275762282496,28.8820046190379,-0.27882636228375,0.782364844999254,0.129644406174376,0.0535659597447078,17877.1492922755,2.42027598856166,0.0155186325841106,-0.166673573619293,0.227110274547922,33.7607673789245,-0.733888301403659,0.468083199342598,0.137889686588492,-0.195457460650094,0.227563699172268,0.335741090490054,0.544555358959491,0.560454044114942,0.333347147238586,0.454220549095844,0.463016817558876,,217
0,0,0.000300089708188399,0.000844281247881633,0.0147508965894944,-0.207450608002723,0.212996809371974,32.7363838082435,-0.973961105870064,0.337218182633499,-0.0278569793005754,0.17516315480334,29.9315054578557,-0.159034468931843,0.874709970785109,0.121015742169237,0.0534650968885175,17067.1722952691,2.26345315377567,0.023620272169904,-0.151793111748174,0.215209128866546,33.2284726196175,-0.705328405665834,0.485521299339124,0.146039339947771,-0.157546883548576,0.224894541766653,0.308198098901032,0.516100481738769,0.609220070829172,0.303586223496347,0.430418257733091,0.48060588702367,,218
0,0,0.000214257400193679,0.000517439597880059,0.0234920706776486,-0.183158422716964,0.214549709880826,31.5686963292572,-0.853687580461897,0.399709706157311,-0.022448063496214,0.178516879768185,30.5432150155935,-0.125747568103163,0.900755833375398,0.104520451929438,0.0535494713413627,17777.197229886,1.95184843680622,0.050971880796681,-0.180056054565557,0.208475775262508,31.0069278987872,-0.863678546530574,0.394396543581455,0.183826679716609,-0.176285429414506,0.225558418144094,0.303247397360155,0.415081017287797,0.561021131933412,0.360112109131114,0.416951550525016,0.387764502035473,,219
0,0,0.000286429350764554,7.71754318764195e-06,0.05067904884799,-0.143628429785457,0.216259144409068,31.9330235460487,-0.664149625570398,0.511361974445833,-0.00289191605218017,0.184603144391874,31.7988017597387,-0.0156655839298232,0.987599063142316,0.120811509023598,0.0536206377989302,17717.8383889364,2.25307855301207,0.0242663752138423,-0.252017201072137,0.198929499751601,30.0639885369002,-1.26686691208104,0.214929716843011,0.285822526579584,-0.21821187556469,0.21935110678294,0.302044917838715,0.192562256930402,0.470018822799522,0.504034402144274,0.397858999503203,0.205202881592946,,220
0,0,0.000346549982580959,0.0024366581499699,0.0595714741843155,-0.0724356899220353,0.219643109103707,33.2741619216871,-0.329788128649343,0.743627304240101,-0.051259530040161,0.190356930960373,29.6864132644336,-0.269281132982921,0.789576195285856,0.127566987800208,0.053578128560248,16352.5358309088,2.38095266162126,0.0172793112173349,-0.265789341727704,0.194733584356619,29.409040411178,-1.36488702041739,0.182640654491933,0.253232470219823,-0.278346213235586,0.207958406977138,0.309524978111722,0.223335222080855,0.368509402697471,0.531578683455409,0.389467168713239,0.172288562363964,,221
0,0,0.000440578100746867,0.00057744335904102,0.0570606804836922,-0.0216371162168419,0.221339967941452,33.4710694624743,-0.0977551249242307,0.922709797450105,-0.0256979370315735,0.195120649433873,30.0213219331661,-0.131702805962024,0.89609806375265,0.149975648537768,0.0538052833780273,17626.9576838696,2.78737772802094,0.00531933696505923,-0.248347336793635,0.187060102571143,29.1275178479363,-1.32763391754895,0.19461081636504,0.258812257575872,-0.237882416011399,0.210854046541513,0.305124414764128,0.219654468870956,0.435612033439401,0.496694673587271,0.374120205142286,0.184299073977254,,222
0,0,0.000584543293592144,0.00064119824709791,0.0715506482958321,0.00395569599861998,0.224490899485549,32.6683340268951,0.0176207410085887,0.986048590900032,-0.026320441288207,0.195755523905879,28.176522760143,-0.134455675952532,0.893998105132388,0.170861137955334,0.0538189498561984,17232.390594451,3.17473935132266,0.00150234987545965,-0.280826309706331,0.189843983392769,28.3939984621898,-1.47924787864006,0.150083992876057,0.295398120533256,-0.266254498879406,0.208465786704884,0.309957971525126,0.156479981195746,0.390339445651071,0.561652619412662,0.379687966785537,0.139074077487913,,223
0,0,0.000462614833993473,0.00928542202899586,0.0956645861705353,0.0308448886130018,0.224992726656266,32.0202464086299,0.137092825494422,0.891815823311476,-0.0962974198636674,0.195431230749516,25.9052789994034,-0.492743250371747,0.626344738746492,0.156358277299878,0.0538588237458321,18209.8979900206,2.90311348123302,0.0036991619523848,-0.312965008398804,0.184264019313027,27.2702316557665,-1.69845968608305,0.100804467379201,0.262239686249349,-0.36369033054826,0.2147350011701,0.300510762686783,0.222000956665178,0.226186577082723,0.625930016797609,0.368528038626054,0.089421035273278,,224
0,0,0.000448307959488751,0.0117911918217352,0.113121009411886,0.0565428246808496,0.226388091954396,32.8702181382073,0.249760595589276,0.804326823098011,-0.111737264142936,0.198984040816261,26.4271659083674,-0.56153882333766,0.579161706413288,0.159713593150927,0.0539357743937438,19550.5388787225,2.96118105183732,0.00306829922833365,-0.368955884265525,0.195816950683375,27.8336018545797,-1.88418767107709,0.0700239821677372,0.31094377519985,-0.426967993331201,0.223202556650737,0.312235143545689,0.163589155505584,0.171482246334389,0.737911768531051,0.39163390136675,0.0595395946255802,,225
0,0,0.000362897779294153,0.0136504003395365,0.122240026930451,0.0766164036195624,0.232636205125986,32.8318724757453,0.329339982046518,0.743990605349057,-0.128434244270257,0.201364003655681,29.3956777738866,-0.637821268640797,0.528527574750446,0.152368711064237,0.0539811887541709,21946.4740246015,2.8226260773567,0.00476749307438806,-0.421914968436836,0.207869229280367,29.5822900283075,-2.0297134400194,0.0514649332450806,0.354917465184574,-0.488912471689097,0.237541947117668,0.320219731201146,0.135142836982494,0.12680998563817,0.843829936873671,0.415738458560734,0.0423856759512193,,226
0,0,0.000424739544354116,0.014154147165074,0.129222855546984,0.112756290160462,0.236977305815383,32.6246327351146,0.475810499121397,0.637380164112798,-0.123157372028105,0.187681515282919,29.9918414243159,-0.65620405846816,0.516696095517761,0.163381688099031,0.0539097759949769,21615.4611540563,3.03065047263884,0.00244316148915774,-0.437353385258417,0.207701089855946,29.8782475926799,-2.10568652076765,0.0437436355956302,0.377880804417063,-0.49682596609977,0.24212854719697,0.302468963816543,0.118603539544424,0.100472260466615,0.874706770516833,0.415402179711892,0.0352315914602653,,227
0,0,0.000582499473500809,0.00527361892592948,0.128043397386493,0.128966324697844,0.236881141134117,31.9669126841872,0.544434749344722,0.58992027525336,-0.0737067973992745,0.178596662241799,32.1264913962299,-0.412699747431361,0.682567967449024,0.191806922180159,0.0539820848340736,21661.1075711144,3.55315884463748,0.000381443602060448,-0.436752478552454,0.204434463700643,31.0813744664923,-2.13639359355768,0.0406279177229984,0.426642971889765,-0.446861985215143,0.246914882551397,0.285713182277419,0.0840070647886308,0.117812169822011,0.873504957104908,0.408868927401287,0.0326473458048058,,228
0,0,0.000514019625593108,0.00120187166495175,0.0797291347539586,0.170105680304774,0.239700834969718,33.4749423432866,0.709658271846507,0.482830344663018,-0.0365843274932405,0.182482000736297,33.4017874211989,-0.200481841198728,0.842319487359146,0.186885335915568,0.0542201810031192,23100.7207737165,3.44678554106666,0.000568308101977492,-0.380391040152103,0.220674481407923,34.2969065729888,-1.7237654201119,0.0937551347047943,0.399196986926625,-0.361585093377581,0.26252279665759,0.299913708566092,0.128355634386099,0.227960020650142,0.760782080304206,0.441348962815845,0.0847501995427841,,229
0,0,0.000427886302679605,0.00264486205412149,0.0779357923881025,0.205887248613736,0.240973855553399,34.0428380400263,0.854396623820095,0.398858044595159,-0.055417747796946,0.188044042467904,32.7510621793744,-0.294706213872237,0.770078348930879,0.172146868027995,0.0543819183151739,23408.573685181,3.165516652618,0.00155006129404165,-0.379507567072771,0.223193295930997,34.2060398431284,-1.7003537919441,0.0981409587742437,0.379351447463615,-0.379663686681928,0.261998049177049,0.309292433901658,0.147640245317783,0.219625948606479,0.759015134145543,0.446386591861994,0.0890643979150185,,230
0,0,0.000370251184956513,0.000255372294811041,0.0702749271893895,0.21484273808053,0.24150892604057,33.9259089640016,0.889585083262884,0.379953559675376,-0.0172541874818886,0.186307956103759,33.5769715355604,-0.0926111146443977,0.92676288945566,0.162168603628445,0.0543405826583542,24045.1609205022,2.98430005154745,0.00284513517389947,-0.341568497643273,0.215467119429215,33.2466389139831,-1.58524650326281,0.122377392529537,0.374051477362072,-0.309085517924475,0.262697125313911,0.297426187854524,0.15447868338025,0.298711381072108,0.683136995286546,0.43093423885843,0.112910338505858,,231
0,0,0.000498727439163937,6.30174828957344e-06,0.0633305470909904,0.231926305366582,0.243575909376127,33.664832410044,0.952172593589475,0.347796296884786,-0.00263371018420055,0.180772594925855,33.682707413569,-0.0145691894575103,0.988461836670596,0.191822974211398,0.0544292735775874,24891.7971330379,3.52426114851523,0.000425427298513345,-0.315906139561543,0.215147768336349,31.8871392858309,-1.4683217121159,0.151813180598288,0.359272797067883,-0.272539482055203,0.270593343894676,0.285551296274363,0.184269888037022,0.339864682916429,0.631812279123086,0.430295536672698,0.14201685591024,,232
0,0,0.000450601751449578,0.000302007100173752,0.0617561920182024,0.281365225439415,0.244364696260021,33.0761893671216,1.15141519927258,0.257816847815358,-0.017821529265989,0.180162141159767,32.3902674348127,-0.0989193908956983,0.921811945442868,0.184738414427515,0.0545243499188441,25465.0666788891,3.38818188025141,0.000704641313921341,-0.303265838611522,0.216956300780783,29.6850406071532,-1.39781991820532,0.172526117563786,0.329604071810018,-0.276927605413026,0.27793480580383,0.281934314378943,0.235660108377015,0.325980849336288,0.606531677223044,0.433912601561565,0.162167151473055,,233
0,0,0.000408840125443288,0.002982479846772,0.0612123320105901,0.336360534272645,0.24609691441022,32.3169524370212,1.36678078666181,0.18112787233616,-0.0564191177625119,0.187180913890254,30.3706947680862,-0.301414907053991,0.765152306877596,0.174518853412209,0.0544925597152323,25077.2077744801,3.20261801472001,0.00136354487722351,-0.296448667025332,0.218789071597524,28.1563401917582,-1.35495189435543,0.186205126930293,0.283196635864755,-0.30970069818591,0.269102137287773,0.298255394857851,0.292627066792494,0.299095890005067,0.592897334050664,0.437578143195048,0.175432884217198,,234
0,0,0.00061924003312176,0.00277318535223733,0.088032927405361,0.364014012673568,0.245736861695681,31.3813761834548,1.48131627531063,0.14849434541257,-0.0519844188604574,0.181762823426243,29.4138122771051,-0.286001382904089,0.776881713581012,0.197130136121138,0.0542875696086282,21280.2734397,3.63122050853068,0.000282746085349705,-0.326363734988472,0.203023031983322,26.7699268691815,-1.60752074185988,0.11967248900726,0.321902456485985,-0.330825013490959,0.240032804111957,0.291788407863993,0.179895476064828,0.25688518525489,0.652727469976944,0.406046063966645,0.10794018308222,,235
0,0,0.000704870032525726,0.00563736335586381,0.110635067908467,0.395514053600121,0.24883585542282,32.1426451475107,1.58945764840869,0.121746320950104,-0.069185353119307,0.172005465283521,28.5372815611809,-0.402227644367387,0.690513482442049,0.199134715512983,0.0541693580188239,19158.9322903303,3.67615055441092,0.000237426275126829,-0.367149367559166,0.198640582110552,27.4622935277867,-1.84830996596069,0.075353233558695,0.351426115330053,-0.382872619788278,0.229697322456484,0.282359883335256,0.12602835470088,0.1751074865162,0.734298735118331,0.397281164221105,0.0645575148441414,,236
0,0,0.000531158240788257,0.0113716117626108,0.1099147036225,0.437766614245466,0.249441273684344,32.5083426568437,1.75498869044198,0.0886828976548989,-0.100143977877623,0.167187755657428,31.1926156418308,-0.598991101255167,0.553504569858591,0.170304524638911,0.0540558568162389,18677.2184141996,3.15052863222306,0.00163232459112077,-0.378091695154336,0.197913281649154,29.5542695416674,-1.91039071255757,0.0658286855901848,0.333003174641292,-0.423180215667379,0.227517805608581,0.277713163768677,0.143293522432699,0.127557872728794,0.756183390308671,0.395826563298308,0.0560829257632171,,237
0,0,0.000540156154132009,0.00405477413428807,0.104631273209294,0.46843755627776,0.250345482345582,32.4112329490356,1.87116440803641,0.0703731104589627,-0.060343443438781,0.162323183888465,33.9443783725578,-0.371748766832,0.712390520897252,0.170022490190033,0.054125104264599,18258.3393531003,3.14128707002303,0.00168475678607622,-0.367971095746062,0.192872791468079,31.1476934032222,-1.90784347001563,0.0656673175649453,0.361209408354514,-0.374732783137609,0.228198852576225,0.265949054198184,0.113450807482641,0.158823420986521,0.735942191492123,0.385745582936159,0.0564114504631675,,238
0,0,0.000581533188410918,0.00024075454405994,0.0971693337719723,0.492406048895653,0.248113713089126,31.5172294377837,1.98459828263815,0.055952866284626,-0.0148224367397353,0.160302148617254,35.5043413411281,-0.0924656148878339,0.926847896979827,0.177088121947085,0.0543429833925291,18250.0800889017,3.25871181322428,0.00112124005491653,-0.341132914164639,0.182018012467948,32.6358997268625,-1.87417118525404,0.0698827266591471,0.375984217557649,-0.306281610771628,0.227892059701926,0.250482199782394,0.0989767587923773,0.221417346658665,0.682265828329277,0.364036024935895,0.0609068343196083,,239
0,0,0.00051287928851617,0.00141347243036415,0.0809518440579035,0.536661206025848,0.246728533596152,30.6789966883246,2.17510799502526,0.0374533163360163,-0.0336973672710837,0.152834265377761,34.3438386856446,-0.220483065023369,0.826800438346783,0.15741944899417,0.05431461876075,16369.87433814,2.89828875882541,0.00375702932321558,-0.306047230482449,0.184130964099608,31.3642404776581,-1.6621171348285,0.106453437702436,0.316914635369336,-0.295179825595562,0.224291206326105,0.247376619512007,0.157667311925371,0.232775158799627,0.612094460964897,0.368261928199215,0.0964892905850972,,240
0,0,0.000461999699159669,0.00813033773223692,0.0790941882664098,0.572877778151204,0.245681611286651,29.4607825025742,2.33178940479511,0.0267477598378901,-0.0756403079955535,0.143714490040669,33.79492455783,-0.526323462402075,0.602100929462339,0.137008511654019,0.054119755960564,13865.6762255676,2.5315803669524,0.0113659312285652,-0.318173138923948,0.195006162432945,30.9956675266911,-1.63160556032867,0.112883050035173,0.288863305543636,-0.34748297230426,0.225669423685415,0.251111285050321,0.200535094636421,0.166425586974398,0.636346277847896,0.390012324865889,0.102762606136398,,241
0,0,0.000419414824552992,0.0126383967442456,0.0609732828410043,0.609617342438367,0.241292461782116,28.787901909038,2.52646658721085,0.0172808402044377,-0.0927060179574204,0.152197249185843,28.9858805130642,-0.609117565878081,0.547191423975478,0.132906765741447,0.0541922288432531,14334.8841742897,2.45250598800557,0.0141983344772599,-0.284507192040679,0.202857248071232,30.2931063921051,-1.40249951503225,0.17093169771147,0.233229414327779,-0.33578496975358,0.226174736135547,0.269455761013354,0.302451131789772,0.212705689969254,0.569014384081359,0.405714496142465,0.160766135223522,,242
0,0,0.000473393526810941,0.015519572305079,0.0539427459077968,0.628682107913384,0.235863190491648,28.3725739601893,2.66545240316185,0.012548354806262,-0.107088671929341,0.157418733731006,29.3563173468584,-0.680279083633924,0.501658023247284,0.145082474889665,0.0543006644413069,15072.721239468,2.67183608860778,0.00755185842064245,-0.245230309901121,0.19098090824734,28.9169680541068,-1.28405667431177,0.209315421809681,0.173850612922294,-0.316610006879948,0.219546326388977,0.263893132356657,0.428440562413791,0.230230233682906,0.490460619802242,0.38196181649468,0.199122126027782,,243
0,0,0.000512728386149325,0.0208910611411541,0.0417825367661476,0.660141949913837,0.234106559963759,26.2607776137312,2.81983533488353,0.00902382797106341,-0.128541606325318,0.1578312092851,31.0865261196113,-0.814424516593071,0.421597184881656,0.143824793834665,0.0541227252633508,13765.6940475881,2.6573827007942,0.00788409071094568,-0.209768966348029,0.18249109222368,30.3017989883143,-1.14947509926081,0.259352246024501,0.111772665648827,-0.30776526704723,0.210975681210409,0.259230451117798,0.596258001114061,0.23513828181595,0.419537932696057,0.364982184447361,0.250360128727535,,244
0,0,0.000425088204110752,0.0125113774701786,0.0113503154096445,0.710329870858221,0.234895301128752,24.1740848808954,3.02402758780121,0.0058316565845897,-0.0969367230469312,0.144900701407125,35.3234136127565,-0.668987258899251,0.507852590731681,0.122180967683718,0.0539048230043912,12080.5905702659,2.26660548859913,0.0234319405525766,-0.0974909254688095,0.161153411357177,31.8774726427687,-0.604957255622302,0.549489954784662,0.0147502494638277,-0.180231601473791,0.199043851277846,0.226904131129807,0.940926417570792,0.427016571414816,0.194981850937619,0.322306822714353,0.545207398334726,,245
0,0,0.000370884132506944,0.002578340569441,0.0067684142645857,0.724616257656921,0.235555293729521,23.2841592584601,3.07620451310667,0.00529125803181742,-0.0444649679760746,0.145146020487703,36.3048138386235,-0.306346449090844,0.761090919275205,0.107747540129273,0.0539197512145417,10762.6597934095,1.99829445986417,0.0457098593363905,-0.0711648994247353,0.15642590641772,30.3723159807793,-0.454943180797026,0.652385456089714,0.0370625396105082,-0.105267259238962,0.191838420887411,0.22615198793753,0.846804964865599,0.641593986839296,0.142329798849471,0.31285181283544,0.649150116484394,,246
0,0,0.000359372316663984,0.00039416533763688,0.016622134023263,0.74516559347605,0.238180047901104,22.9559420004869,3.12858108830952,0.00472379943806464,-0.0175118434578409,0.153081013758365,33.187262118608,-0.114395920355499,0.909613250111053,0.102040761756133,0.0539642962524585,9945.66044148642,1.89089395845655,0.058667538326904,-0.117127954024712,0.164394349311216,30.0317743697017,-0.712481630393369,0.481665851149276,0.116671584573978,-0.117584323475446,0.185216115559878,0.248005219498016,0.528746046989873,0.635414081956939,0.234255908049424,0.328788698622432,0.476166582655419,,247
0,0,0.000402728142209764,0.0022985236789794,0.0263512796503489,0.780443513182508,0.237391030438748,21.9099801423571,3.28758635800218,0.00337237161331433,-0.040237741859735,0.152251352667334,30.3177183064276,-0.264284954811888,0.793348692146061,0.109569064765613,0.0540623960472136,10195.2625298522,2.02671492158662,0.0427175510641909,-0.156023933243191,0.169379819993527,31.3515991197004,-0.921148300010911,0.364007298933574,0.138505465873254,-0.173542400613128,0.192022829827401,0.248983473139427,0.470726883129797,0.485800481814643,0.312047866486382,0.338759639987053,0.356973006091618,,248
0,0,0.000633834690051312,0.00445633467634947,0.023848880493645,0.823003222129815,0.238406450229403,22.280080252843,3.45210132250152,0.00223998236981873,-0.0557802144363846,0.158626430149883,27.6243311492246,-0.351645147556299,0.727772616110185,0.128155074109976,0.0540609406574536,8860.39438377635,2.37056685568987,0.0177821089020792,-0.15781035567785,0.177871068964741,32.2188048633292,-0.88721767174589,0.381537004312643,0.125009543910346,-0.190611167445355,0.190023392314078,0.266572431918943,0.510625542205057,0.474581509050637,0.315620711355701,0.355742137929482,0.374961719948314,,249
0,0,0.000460367245246935,0.00276433947086045,0.00992173540527534,0.867081296479805,0.240031799669881,22.6965426269995,3.61236010258771,0.00148820120064243,-0.0508241647405105,0.170152091976576,32.186395194544,-0.298698441788815,0.767090192597945,0.123025383211621,0.054358330304888,11121.2304229549,2.26322961948222,0.0236407311805986,-0.101395227289818,0.181848203671481,31.0240778019762,-0.557581682098956,0.581131365363959,0.0653356307336144,-0.137454823846022,0.196926179515756,0.27951559769622,0.740057447012313,0.622888426125206,0.202790454579636,0.363696407342963,0.57713006779841,,250
0,0,0.00039106298921919,0.0049307829433891,0.00532409135629895,0.91623258837223,0.246044810680594,22.2213691148496,3.72384439175045,0.00116465077606977,-0.0723206316191762,0.173828115142143,34.9318659691099,-0.416046803246058,0.679920839388188,0.109512765966614,0.0543085617294488,10393.8467234521,2.01649173683108,0.0437742519485496,-0.0723081399008314,0.174801324429886,31.9684103986933,-0.413658993355252,0.681885880730926,0.0105165883023026,-0.13409969149936,0.187530105867617,0.280599279968794,0.955278501498212,0.63271809491933,0.144616279801663,0.349602648859771,0.679123862518178,,251
0,0,0.000681599371332487,0.00410288204449644,0.00505169598495839,0.951671251510268,0.253566056537909,21.6225262636437,3.75314923655009,0.00112497323838235,-0.0632658560350202,0.163444248857515,36.368461921404,-0.387079120111305,0.700953529971728,0.120984903524401,0.0538939806514681,7388.50452824664,2.24486857459665,0.0248060343265203,-0.0661577131527085,0.159413922746393,33.9212448371147,-0.415005866570116,0.680750831864968,0.0125253486820302,-0.119790077623387,0.169016450372521,0.262215746699972,0.940925026027959,0.647787599063134,0.132315426305417,0.318827845492787,0.678137608495034,,252
0,0,0.000784183263704069,0.00159549189124654,0.000911759049694542,0.995019476764252,0.255426056137691,20.2807733664535,3.89552848213681,0.000879094886647268,-0.0378089332343211,0.158793398185701,35.4761019813292,-0.23810141773089,0.81317235245041,0.12981239596569,0.0538336634496356,7409.11255090582,2.41136098952539,0.0159172802919589,0.0280701810362077,0.16012850622913,33.6726183004322,0.175297838574986,0.861895497448171,-0.0699665265968538,-0.0138261645244383,0.16818101915751,0.258342783620286,0.677395981769701,0.957318648237402,-0.0561403620724154,0.320257012458261,0.860845610042716,,253
0,0,0.00115114094924789,0.00040039405403604,0.0139928195986046,1.00627119711357,0.254963161963412,19.46738958676,3.94673171357192,0.000831993570351591,-0.0182607981939182,0.155663218069402,34.3562664087805,-0.117309653625282,0.907297801319668,0.157274289984636,0.053781950627442,7420.1663511443,2.9242950125425,0.00346282007112229,0.110758382009816,0.160584634009139,33.5212400201691,0.689719677684181,0.495117943871774,-0.14514715512797,0.0763696088916611,0.165859657639599,0.25661426275519,0.381508446890205,0.766004892287914,-0.221516764019631,0.321169268018278,0.490370488816616,,254
0,0,0.00145064929863105,0.000503839901290714,0.0203105521395603,0.997391037305519,0.250917364946943,18.8484009319624,3.97497812682841,0.000822098318835477,-0.0197621012739036,0.157883153238663,31.0801588530887,-0.12516915749732,0.901195764412848,0.170885913032569,0.053752383239145,6957.03484533016,3.17913184002086,0.0014836435819748,0.138192162706858,0.166718069076135,33.1411965489384,0.828897332320651,0.413092777626864,-0.178076982410006,0.0983073430037104,0.163391206459788,0.266650548502469,0.275765537695695,0.712370119290687,-0.276384325413717,0.33343613815227,0.407162505042545,,255
0,0,0.00138350515272757,0.000981072805713027,0.00719772534103508,0.992709577895148,0.245479381128012,18.9839076600385,4.04396317659557,0.000694004187747474,-0.025856075036527,0.1518446709074,29.5255888788073,-0.170279766039961,0.865951586209526,0.162364790264135,0.0537961780428273,6575.04639410929,3.0181473140132,0.00255299881624868,0.0842065596692837,0.166295514633895,35.3670039349745,0.506366992848047,0.615741294978401,-0.12232429164011,0.0460888276984575,0.162988903415997,0.260182365970935,0.452949488121093,0.859398050750927,-0.168413119338567,0.33259102926779,0.612599041385643,,256
0,0,0.000728425349242755,0.000953872890779194,0.00454444799860101,1.00201204258157,0.238729466286454,18.3763676559616,4.19727006543567,0.000520386548652913,-0.024686535931424,0.148780136567799,28.835363757669,-0.165926288958435,0.869372891928725,0.120965499139736,0.0539030730179025,6908.67043949709,2.24412992371622,0.0248555778708358,0.0667183831226239,0.162682674063287,36.8425054051247,0.410113636911752,0.684097724441845,-0.101120052035062,0.0323167142101862,0.16819165579621,0.250540469632363,0.547694000758886,0.897367143758356,-0.133436766245248,0.325365348126575,0.681722589615897,,257
0,0,0.000233122264763471,0.00650528431128639,0.00150389259145597,1.02180320171888,0.234298152638466,18.109656370941,4.36112359492468,0.000371703457597883,-0.0629079277073894,0.138832035128313,31.3567221344552,-0.453122563889868,0.653580550933253,0.0699460747374649,0.0539879121071657,7198.60960820554,1.29558769745758,0.195159112080313,0.037297457042988,0.158288002300051,36.8631127848548,0.235630347853446,0.815023726789473,-0.105636417968918,-0.0310415038829418,0.175230512025982,0.231435442334271,0.546613402267762,0.893302961744844,-0.074594914085976,0.316576004600102,0.813719522248981,,258
0,0,0.000168371374547682,0.0055911481944332,0.000969017206434313,1.04493473031426,0.233218558286619,18.1539088761087,4.48049562603877,0.000283696858664409,-0.0632501227683867,0.152161954582617,30.7308495955525,-0.415676329486454,0.680535253463538,0.0674448702032913,0.0543139354605207,9156.59311806179,1.24175995776103,0.214356946532333,-0.0315731091191435,0.170090140308651,35.524165996562,-0.185625745630228,0.853794115590251,-0.0270795258301398,-0.0902257440684269,0.184844676995428,0.25372192894222,0.883527626638347,0.722133571992565,0.0631462182382871,0.340180280617303,0.852738262352836,,259
0,0,0.00028680898872266,0.0176405800634968,0.012422461171539,1.04579231303757,0.22997730346268,18.0881382221814,4.54737183753124,0.000246715742716762,-0.109842939401735,0.151995896774861,29.0829272212301,-0.722670425534163,0.475654124810064,0.0800618373696992,0.0540601524051695,7645.03078012168,1.4809769082716,0.138653937544745,-0.119262938854495,0.179496016372982,35.0965914917072,-0.664432232338093,0.510755880188557,0.0267863572157826,-0.211739520493208,0.185613117602363,0.263994425147613,0.885253435021563,0.422517919007631,0.23852587770899,0.358992032745963,0.506413708883585,,260
0,0,0.000648314698659581,0.0101439595803713,0.0119931824619613,1.05676595720545,0.228781476762277,17.6950021661049,4.6191062850054,0.000222107525960698,-0.0805470859368958,0.145292715672307,29.990003124003,-0.554378005560594,0.583431073700038,0.109174559491025,0.0538703871663022,6331.04184456617,2.0266154604383,0.0427435885405437,-0.112160049967844,0.174252167294474,34.1307248518141,-0.643665164739682,0.524094433012003,0.0479450414824063,-0.176375058453282,0.182422968921614,0.252823915399961,0.792686628876857,0.48541477507788,0.224320099935688,0.348504334588948,0.519792583719577,,261
0,0,0.000812003436954284,0.000247614718070968,0.0082139086414719,1.07591235575317,0.232131663360354,16.3772753129606,4.63492287169355,0.000259719811698136,-0.0125839277916312,0.14438162186445,30.6707641781708,-0.0871574070794503,0.93111295062476,0.124916477099841,0.0540597970714752,6570.22093784587,2.31070932313495,0.0208797307530059,-0.0916305371598938,0.173573451781497,33.649763020821,-0.527906406304824,0.601028490631192,0.09238930162137,-0.0908717726984176,0.18511027292403,0.249638116724957,0.617706028580304,0.715847545257289,0.183261074319788,0.347146903562994,0.597564298068213,,262
0,0,0.00039214559512402,0.000595715874394967,0.00290209370760383,1.09420190498507,0.233908354054826,15.5782208191101,4.67790861684484,0.000269828537530724,0.0237469539320133,0.177307714664085,30.0927993054752,0.133930742816254,0.894349042580653,0.104289504470553,0.054681772076159,9272.1055335574,1.90720784113035,0.056524548087659,-0.0584290026448575,0.186934368440079,33.566418812618,-0.312564260560715,0.756545387383764,0.0906840394181395,-0.0261739658715754,0.192908726786789,0.294690761655157,0.638292288454931,0.929226223808309,0.116858005289715,0.373868736880158,0.754611734442421,,263
0,0,0.000227318808610158,0.00579188523685817,0.00558618832143791,1.12127639699277,0.233791879866483,15.249037415191,4.79604508776407,0.000225390263699315,0.0799513734661218,0.197307303713092,28.1853147850229,0.405212437459387,0.688380703737479,0.0870492047929218,0.0550405897461861,11000.9287857184,1.58154564103219,0.113782079788282,-0.0825673788085392,0.19469882099699,32.0141464421835,-0.424077446312917,0.674345459116369,0.174541721469589,0.00940696385251025,0.203791502116986,0.319007864128809,0.391736737615999,0.976475239502736,0.165134757617078,0.389397641993979,0.671509333142613,,264
0,0,0.000284310534395264,0.00527643781591843,0.0122654221150184,1.13116661168879,0.231696253715238,14.5314057763926,4.88211006242263,0.000217904459330101,0.0719926847227154,0.19167319091588,26.5959540540444,0.375601221948202,0.710192539237747,0.0964975256271584,0.0550344087242378,10810.5378403262,1.75340351362147,0.0795611069862525,-0.126994674985909,0.202228095823457,31.7574625900879,-0.627977405754609,0.534508921057957,0.217479566767976,-0.0365097832038421,0.207221978859637,0.31936697260331,0.293947833351032,0.908984747018176,0.253989349971819,0.404456191646915,0.530018741346486,,265
0,0,0.000422801788714614,0.00622727041167504,0.00986772884790238,1.13181993558179,0.234336609655158,14.2977307341725,4.82988952194596,0.000251938638846037,0.0777614809758482,0.186825980485757,27.6467354089243,0.416224128858654,0.680459549378364,0.126908464948111,0.0549844386721866,12594.5053503091,2.30807966786258,0.0210108278952985,-0.119382067712726,0.212587145028114,31.6431859001547,-0.561567670034506,0.578366630131219,0.214527253285339,-0.0242368821401121,0.214250464262556,0.322375271248003,0.316685710354018,0.940069746555532,0.238764135425451,0.425174290056228,0.574410612836242,,266
0,0,0.000527970573356136,0.0027219771483237,0.0130717761866226,1.15509768698781,0.237459822349674,14.3969489755044,4.86439211298177,0.000231406377238105,0.0525397219885697,0.197054158366719,26.0457043418027,0.266625796806545,0.791856892656607,0.162682968836622,0.0550899976607878,16508.1952910713,2.95304003892557,0.00315104423433442,-0.134770292616462,0.215451491457821,29.54202753639,-0.62552499267728,0.536429377692445,0.206934460722868,-0.0626061245100569,0.219743512878203,0.333313049234851,0.346341606457375,0.851010071821321,0.269540585232925,0.430902982915642,0.531626550425404,,267
0,0,0.000503483479349676,0.000576108060591554,0.0291025387496323,1.13991003935551,0.232280525732242,14.7272746959262,4.90747141096762,0.000199776883897812,0.0262447285966476,0.220009082180514,24.6858865682771,0.119289296316932,0.906011643961279,0.174972547273882,0.0552839299100371,19885.5713439625,3.16498026747759,0.00155327234849597,-0.205799159353249,0.220931669089094,28.9476781289525,-0.931505927609943,0.35929622966997,0.262011133960984,-0.149587184745514,0.229361465650671,0.358714663639116,0.253308450323976,0.676671943869155,0.411598318706498,0.441863338178187,0.35159191980149,,268
0,0,0.000561018871267205,0.00384451289210797,0.0532210136109072,1.12070772968093,0.229128535799993,15.4546873811372,4.89117484109094,0.000179827384949551,0.0671736471411168,0.209327784604053,26.6827085690925,0.320901724862645,0.750784809932731,0.195017939975468,0.0554821495276649,22010.0681035185,3.51496727570417,0.000440691766512541,-0.28304559875762,0.211292568409499,31.923451218822,-1.33959088522725,0.189837557026471,0.391434657647653,-0.174656539867586,0.240844980468007,0.330944237146074,0.104108103877226,0.597671357227969,0.566091197515239,0.422585136818998,0.180378388739044,,269
0,0,0.000559768978599526,0.00839414341879127,0.0409579446340595,1.13434363610991,0.229936835192909,15.7893470021693,4.93328367835555,0.000155546085759778,0.0957301587916373,0.200131480777787,27.0289664448137,0.478336333792133,0.636257304595201,0.192794017413607,0.0555638488150277,21495.6441946736,3.46977435014301,0.000521916831790614,-0.241112630993355,0.204116685449103,32.6725030119786,-1.18124900207376,0.24603114824485,0.371952172894552,-0.110273089092159,0.241973650233154,0.312170084551268,0.124254176761147,0.723903411559007,0.482225261986711,0.408233370898205,0.237503820031307,,270
0,0,0.000549987532147964,0.00968969676854935,0.0400005278831403,1.1433279566476,0.229122104345459,15.7116797829208,4.99003777882445,0.000140841650423211,0.104890951413985,0.209393018045791,25.645594284043,0.500928600164916,0.620693801101261,0.186384433692795,0.0556215421903984,20405.2282891732,3.3509396962562,0.000806839306792503,-0.251523969376674,0.216055876858434,32.5260900495113,-1.16416166518571,0.252826903416045,0.393040340892877,-0.110007597860471,0.242272517744176,0.33546354514009,0.104737684111094,0.742966759556324,0.503047938753348,0.432111753716869,0.244358502348974,,271
0,0,0.000476388856552441,0.0117224141169036,0.0376676283522925,1.15250224091783,0.225496123522675,16.4110481128187,5.1109625430077,9.68431512000436e-05,0.105642321928617,0.187749065058813,26.6920663781752,0.562678284951907,0.578349795346164,0.157079687838813,0.0555108376624156,16800.2583698797,2.82971207882107,0.004664515235743,-0.238484789000044,0.207322752541621,33.8052579649338,-1.1503068817889,0.258089944425359,0.378853843362001,-0.0981157346380872,0.232927122266091,0.307446615403209,0.103845268895455,0.749627204705808,0.476969578000088,0.414645505083241,0.250017497396065,,272
0,0,0.000463660052680104,0.0126336358859808,0.0473792844338846,1.13861130909034,0.227383686597848,17.0682654701845,5.00744502002949,0.000106628573978222,0.103914768938319,0.169888625034254,29.2399026248929,0.611664076493447,0.54548692748212,0.142850353811836,0.0553936595265192,14336.4437212933,2.57882138556756,0.00992367806937889,-0.248760597783352,0.192660458503759,33.520425946197,-1.29118657619357,0.205472664442347,0.388898401135737,-0.108622794430966,0.217806372318342,0.280059928318822,0.0741764393847886,0.698122942252415,0.497521195566703,0.385320917007518,0.19663898875729,,273
0,0,0.000746969678302644,0.0261008749757816,0.0548386987115992,1.12958024520033,0.235187702050013,16.9437067511475,4.80288822652863,0.000167321096153163,0.159475761297799,0.174206059468484,31.2695594834605,0.915443250277125,0.366965033752394,0.172623063452813,0.0553400864661506,13016.3876287787,3.11931322258414,0.00181668924885143,-0.255458239815178,0.183369304328988,33.450710523555,-1.39313524011006,0.172768474592603,0.452132306208872,-0.0587841734214846,0.20056174595043,0.283615344311243,0.0241754324728841,0.835801146869331,0.510916479630357,0.366738608657975,0.163578898382424,,274
0,0,0.000603568189108887,0.0457624359975104,0.0533346514847656,1.12864203011794,0.23824437277245,16.5062578158321,4.73732922622236,0.000205679729203548,0.207176186417987,0.174758421471738,29.3056134558367,1.18550044497565,0.24534370367122,0.154421460760381,0.0553383436153993,12893.607736911,2.79049661900992,0.00527045669482656,-0.251754604646291,0.189099758797816,31.4600866578036,-1.33133223567707,0.192647076961697,0.495589794898738,-0.00791941439384422,0.201211162470322,0.290218563744737,0.013776711726879,0.978230219672666,0.503509209292582,0.378199517595632,0.183079715824988,,275
0,0,0.000755293625798816,0.0648588444127181,0.0513107323670102,1.16497877717785,0.236841944163282,17.4082045269516,4.91880262718458,0.000121543093360628,0.236423762598754,0.161863317975883,30.7604961653673,1.46063830616632,0.154254488447744,0.160125580264762,0.0550917763648384,11176.4509899682,2.90652418256311,0.00366186553122027,-0.231473286255844,0.183006178305144,29.5791728529848,-1.26483864315163,0.215803965647136,0.501602808081327,0.0386562355696384,0.19179412134892,0.274835042268474,0.00891441570643212,0.888144472062029,0.462946572511688,0.366012356610288,0.205929175735219,,276
0,0,0.000913768071408269,0.043330849991118,0.0600861619969616,1.20190479676825,0.234100733737886,17.8535071885015,5.13413511174201,7.12699296796614e-05,0.192348767341152,0.159751837885951,32.0074922841957,1.2040472891365,0.237400223840614,0.164352638297358,0.0548984798531652,9799.40523377938,2.99375572396441,0.00276254106637564,-0.238103623452955,0.174171686302813,29.2341502744324,-1.36706274427975,0.182026535369103,0.465123620174099,-0.0110836267318112,0.1801798553857,0.268660973798755,0.009838888007928,0.967092553125409,0.47620724690591,0.348343372605626,0.171605639560865,,277
0,0,0.000761719927644049,0.0193861700989596,0.0444019910880111,1.23458286019626,0.234029205449089,16.9926792795117,5.2753367163178,6.19361824396494e-05,0.129319974311106,0.176713521282594,27.0892918646516,0.731805768865317,0.470571181200221,0.149209152242848,0.0548824879131631,9696.1001039475,2.71870241157675,0.00656551275263551,-0.211287317658885,0.189592738668694,26.72860236868,-1.11442726732326,0.275016836383537,0.371373690857163,-0.051200944460608,0.176820184697355,0.304338704906735,0.0357033259076962,0.866397056880275,0.422574635317771,0.379185477337389,0.265095930941399,,278
0,0,0.000710539891207221,0.00704030904993335,0.0298134980157353,1.27154645920188,0.230633464596996,16.1200451413243,5.51327822882841,4.59631612177197e-05,0.0810658914426908,0.182098145179042,27.9515036758023,0.445176920187656,0.659620562097452,0.144075666290461,0.0551310370052762,9604.87665074948,2.61333133052935,0.00898041118972303,-0.178409028146378,0.194105952620052,27.4914875665551,-0.919132183934621,0.366021103206026,0.285453778073542,-0.0713642782192147,0.180265815789104,0.313107844636237,0.113303934978109,0.81970660106326,0.356818056292756,0.388211905240103,0.358026437153623,,279
0,0,0.000601001300240962,0.00445453430223575,0.0268456987925961,1.30596879591005,0.229008106375692,15.5024031763455,5.70271863550361,3.6892678199124e-05,0.0672950927081202,0.185992389839312,29.2573665703199,0.361816377359631,0.720089401410559,0.141003677057057,0.0553600226922694,10787.7744061111,2.54703069471008,0.010878150472252,-0.170192254448749,0.190932650153227,28.8022340066301,-0.891373237171152,0.380115273936432,0.262269728067828,-0.0781147808296709,0.186696320916166,0.31095219469635,0.160082772212942,0.801650560140754,0.340384508897499,0.381865300306455,0.372728970424415,,280
0,0,0.000435009996677969,0.00249661568191754,0.0258809890484994,1.32147829324244,0.230926737972284,14.5665590975316,5.72250015241218,4.52213875314469e-05,0.0571391011943234,0.213168273108251,28.7067719336895,0.268046930066873,0.790579922412611,0.14127486492129,0.0556331205697551,14817.4939472603,2.53940213086112,0.0111143429491767,-0.171135574767314,0.195197640757875,28.9309448317753,-0.876729729431475,0.387855619994696,0.253194417550563,-0.0890767319840662,0.195989291701705,0.340280216253148,0.196399108930583,0.793495189823584,0.342271149534629,0.390395281515751,0.380633454970665,,281
0,0,0.000351800013552205,0.00571031789047874,0.0106405427141848,1.33414982429778,0.232567695130109,14.4810158693748,5.73660853263131,4.51049476474399e-05,0.0893357574716843,0.219922055745242,28.7319910258139,0.406215543815992,0.687593973342944,0.138574918813274,0.0557954746163278,17527.6079163892,2.48362290608999,0.0130146187913806,-0.104952033437509,0.194621343361205,27.0390303405728,-0.539262712017789,0.594118706142861,0.20957027998869,-0.000333786886327611,0.207217856456431,0.34225233927603,0.311847786575804,0.999221850867275,0.209904066875018,0.38924268672241,0.589705593953831,,282
0,0,0.000203103942484825,0.0102636579629088,0.000336731414188679,1.37516745934799,0.234811348550951,14.9292460044173,5.85647783990982,3.21794345688356e-05,0.114395183914922,0.20640816788931,29.6195918927508,0.554218300005786,0.583590074710256,0.110006734953218,0.0557670216180095,19154.7760671576,1.97261269763943,0.0485540636314227,0.0199420576861508,0.204859841113597,28.1317256777945,0.0973448850577441,0.923142758319235,0.0915492827411386,0.13143339811344,0.219697605851106,0.331804353075852,0.676893557739555,0.692018599463745,-0.0398841153723017,0.409719682227194,0.922452512110971,,283
0,0,0.000162008755671197,0.00467787694498225,0.00136477475552249,1.39476407252552,0.235940284194303,15.1234232783154,5.91151306479269,2.7612326409786e-05,0.0774974389056201,0.192460370244186,34.499033711586,0.402666994806746,0.689677602038215,0.0951072709549287,0.0555982680501548,18059.0983198017,1.71061571322929,0.0871692511361845,0.0402305177143038,0.195967340472049,30.838251480317,0.205291951288393,0.838693155205608,0.0314087931732685,0.111869828601876,0.213669499619594,0.310224646111151,0.883134322727331,0.718391690039538,-0.0804610354286077,0.391934680944099,0.837344032085424,,284
0,0,0.000113850091959225,0.00456038122655912,0.00243290130846052,1.39888403359798,0.239458809775361,14.404648877827,5.84185662206493,3.81601528236182e-05,0.0800771915140764,0.196386142605658,36.2919044705291,0.407753777591481,0.685849963131885,0.079431627878847,0.0557146322623308,17851.1235778125,1.42568701709895,0.153976191145665,0.0497217626365993,0.185019089421372,29.6126707915869,0.26873855444916,0.78999434655594,0.0231152423882881,0.122558767661487,0.21011567671873,0.304795012212912,0.912399871038388,0.687608758936571,-0.0994435252731986,0.370038178842744,0.788130880635557,,285
0,0,9.51848809916683e-05,0.00397819312877465,0.00115735811318414,1.42116266940721,0.233915717125211,13.7225746818219,6.07553304614622,3.11698603819333e-05,0.0744972227856974,0.189593631149015,38.6558885845066,0.392931040637883,0.69652901940877,0.0718491343869657,0.0559318668218107,17334.6524723882,1.28458316286608,0.198955151307855,0.0321840334957901,0.171556000594426,30.3737511859395,0.187600744854597,0.85243727855518,0.037626742307187,0.101994809298767,0.210763262515248,0.282695130542257,0.858309829214737,0.718253177714163,-0.0643680669915802,0.343112001188852,0.851189642302212,,286
0,0,7.58860387910426e-05,0.00216291745707326,0.00188630597628846,1.4373062725611,0.228217030805529,13.7248566107218,6.29797989873016,2.14882542614803e-05,0.053406958418863,0.182656715401392,39.4406529795444,0.292389788689127,0.771521281876946,0.0640257090594013,0.0558660509536608,17306.8490469614,1.14605754239742,0.251787189275015,0.0417645958128171,0.171422083435608,31.4087679283856,0.243636029709704,0.809097063851907,0.005560851285934,0.0890900429115682,0.213241254494744,0.273031811842773,0.979195327090813,0.744198045718474,-0.0835291916256342,0.342844166871216,0.80751272129278,,287
0,0,0.000130320253280229,0.0164181763376069,0.00136580420501748,1.40497044102685,0.22958720224944,13.9229316176908,6.119550337568,2.71735057315526e-05,0.144469471165288,0.17790907271531,39.5040436585327,0.812041055356788,0.421634525727026,0.0836552717033889,0.0556993832229105,17306.8224993358,1.50190660762972,0.133139474084263,0.0350927647626056,0.169960656401331,31.1714036368573,0.206475813318469,0.837762020077467,0.104266707323215,0.174452236848426,0.210294035908315,0.267649544599028,0.620025712872204,0.514534387194104,-0.0701855295252112,0.339921312802662,0.836419255864481,,288
0,0,0.000346310975863072,0.0465065265266129,0.00195671826576619,1.35080988263467,0.232787275491901,14.0354720456091,5.80276512013076,4.53525167351614e-05,0.238858910927342,0.179321853265009,36.3764470885435,1.33201228170638,0.191141977090657,0.131207383047653,0.055611936686401,16068.0740516591,2.35933849575387,0.0183194422145336,0.0429844986396542,0.172302870054786,31.7438636114338,0.249470589932638,0.80460405339815,0.189615265994545,0.275584263273854,0.202649481793274,0.276118608325797,0.349437465611789,0.318247938098546,-0.0859689972793084,0.344605740109572,0.802996787697101,,289
0,0,0.000221707405233977,0.048213899640187,0.000777960682546802,1.32216457597586,0.231872870891789,14.5315414447738,5.70210982807423,4.73564365729132e-05,0.238022204166981,0.179477797118775,34.7200692692913,1.32619303327788,0.193434264156833,0.112435760387315,0.0558872503914272,18251.852064468,2.01183202966383,0.0442523137695834,-0.0307877025341176,0.194326680449727,32.2399274244145,-0.158432709614892,0.875104089186563,0.273293028298172,0.211717623229937,0.222390861971205,0.289618640558407,0.219114531827817,0.464765661751,0.0615754050682352,0.388653360899455,0.874115840716364,,290
0,0,0.000246939790108305,0.0639605373254691,0.00636564118037827,1.30228466480336,0.227635049737705,14.6088091312161,5.72093210735311,4.4844391739173e-05,0.271396586444481,0.181979133976845,32.5497478833342,1.49136101768136,0.145495532324528,0.120151502187778,0.0560333908087269,18615.1383780133,2.14428397877833,0.0320230493308077,-0.0925507345902045,0.207895315358373,30.9353319024215,-0.445179509844482,0.659289685501737,0.377424006948698,0.192322537768289,0.228939303884516,0.304267946399631,0.0992343810521306,0.52733276889349,0.185101469180409,0.415790630716746,0.656190033091271,,291
0,0,0.000175258167838625,0.0652411120744211,0.00493190010804268,1.28442816352213,0.228023449449681,15.2702934714881,5.63287752475462,4.456125117881e-05,0.284327322067188,0.195430654534256,30.3270428006898,1.45487576012467,0.155976910570687,0.102939465426596,0.0560583735494501,19236.6057021696,1.83629061831042,0.0663301092474985,-0.0802088317431904,0.213077547777261,28.5895640881218,-0.376430236690335,0.709376344442631,0.376215685450177,0.215798021963796,0.224730482099692,0.326486955588515,0.0941158571947377,0.508631672835427,0.160417663486381,0.426155095554521,0.70659707061541,,292
0,0,7.37806819127234e-05,0.0768295756839433,0.00188136418636315,1.26652971753888,0.226877794479397,15.4464613434909,5.58243137211866,4.69703902967214e-05,0.310715052921289,0.191775729983147,31.5421102941633,1.62020007927278,0.115145620996976,0.0657677579736143,0.0559550915571476,18722.8580228023,1.17536681905783,0.239862938799315,-0.0488517691903942,0.208095030160499,29.2379196527708,-0.234757020159087,0.816033654184881,0.366680325344671,0.268976786963882,0.220668802153141,0.319196491610705,0.0965775077141626,0.399413942320116,0.0977035383807884,0.416190060320999,0.814397328467749,,293
0,0,5.23101750932049e-05,0.098754590382854,1.7751448347343e-05,1.269983909886,0.224181100353639,15.619917389547,5.66499097329185,3.85032070748862e-05,0.349679779629741,0.186171603411036,32.1958529413327,1.87826592897579,0.0694267655383747,0.0547856185559463,0.0558079301654835,18421.8149551668,0.981681606780511,0.326269621689662,0.00460288115136718,0.205695747996637,28.2076815149123,0.0223771331988954,0.982304668390656,0.344406654380894,0.353612416683628,0.218560951074074,0.311741416755085,0.115073687440161,0.256663177088342,-0.00920576230273435,0.411391495993274,0.982147120848156,,294
0,0,3.70564273288483e-05,0.0902484569674928,0.00327456458708503,1.2847640901145,0.218768060800631,16.175856256548,5.87272239563956,2.25620985206049e-05,0.347134831463391,0.193263736473237,32.5221057738835,1.79617158292633,0.0817625921682841,0.0483867802524231,0.0559274071996931,20198.7473612549,0.865171168755497,0.386955122366631,0.0636196486340803,0.209991135850777,27.9384679622858,0.302963495941511,0.764162097981901,0.274251269080839,0.401490566349,0.222981551868382,0.321676888661462,0.218724042829029,0.211988016498453,-0.127239297268161,0.419982271701555,0.761917680983959,,295
0,0,1.46462707211347e-06,0.0844821537731964,0.0107734737349689,1.27827191710042,0.215138986337093,15.8794696777652,5.9416098349443,2.13470630631002e-05,0.319783396889855,0.181636285909201,33.5898786199932,1.76057000554235,0.0874147147480649,0.00938508851830845,0.05604141824678,19148.326227312,0.167467005866642,0.867004374861579,0.107617781906687,0.195312032660107,27.8772589900495,0.551004361794596,0.586020040869298,0.196494955512544,0.411730519325919,0.220964284629261,0.293883443697305,0.373862741540879,0.161214261649473,-0.215235563813375,0.390624065320214,0.581630684514231,,296
0,0,3.31829799095473e-06,0.0750369705503159,0.00142928489861502,1.2343382970989,0.2147403412198,15.1073605101766,5.74805036672398,3.74568935953136e-05,0.318546478120673,0.190353615979359,34.5201310518587,1.67344589952636,0.103279208742319,-0.0150375439906095,0.0562784129018208,21515.5926603354,-0.267199148221234,0.789318392914797,0.0380345370507656,0.189032297573304,28.2842236957401,0.201206553266466,0.841977059952779,0.274973578657252,0.351042652758783,0.230840673523807,0.290820446223364,0.233581594260725,0.227402516738917,-0.0760690741015312,0.378064595146608,0.840537067515764,,297
0,0,4.33700786342608e-06,0.0587597350786616,0.0032018307893588,1.19897440506349,0.215466960901535,14.8290967195525,5.56453945443359,5.6437714711957e-05,0.297393759455072,0.197404547876785,36.3554950311167,1.50651929073437,0.140574481052788,-0.0189913868101615,0.0565742521916569,25982.6606728999,-0.335689577403945,0.737107676649245,-0.055155270588335,0.183810407740524,28.0312650140305,-0.300066091285728,0.766340777564782,0.360580411550129,0.250269870373459,0.255051018890916,0.27793806929754,0.157432977072397,0.367879796836975,0.11031054117667,0.367620815481048,0.764126743299736,,298
0,0,1.36182192086581e-05,0.0416923985740119,0.0209128308774645,1.15599989992803,0.21181694788425,14.2635073081786,5.45754204975017,7.90131086044327e-05,0.256061957936309,0.201116875356894,37.2598541013793,1.27319976248593,0.210833664707612,-0.0344634187448553,0.0566292437285092,27196.2456559307,-0.608579886923426,0.542808022176648,-0.144164574286924,0.184573711661654,28.5618247574779,-0.781067753306038,0.441188918779822,0.421218917601856,0.132889769028007,0.265952536430005,0.275820546045695,0.113236422975645,0.629949497720483,0.288329148573849,0.369147423323308,0.434762646599421,,299
0,0,2.12417045936506e-05,0.0209849611761325,0.0371830536759772,1.12391589018947,0.206274214662793,14.1308516276957,5.44864946899349,8.2995346914022e-05,0.184526274806023,0.210589048949151,35.8200390725605,0.876238701522315,0.386738866866597,-0.0434708915679131,0.0563966428169259,27969.9700112855,-0.77080637067401,0.440828221478976,-0.204910932539494,0.192857835522941,29.2317189864709,-1.06249731562045,0.296709289732951,0.41927511506618,0.00945324998719244,0.271029131284952,0.29358961833384,0.12186943012861,0.974313468097828,0.409821865078988,0.385715671045881,0.288009975999559,,300
0,0,7.57915421436115e-06,0.0124788383368731,0.0314025983777902,1.11033409958829,0.208224613589455,15.0595572677123,5.33238640931027,8.26266963716438e-05,0.144388657088691,0.211042453965697,37.0423687338046,0.68416877445976,0.498126839975644,-0.0274019914067632,0.05633343941263,31218.1872174638,-0.486424966990736,0.626669306931536,-0.204931720256809,0.2048710736791,30.8627626708203,-1.00029602313601,0.324945928766528,0.379161312049561,-0.0307021284640557,0.287450331662439,0.296401051695855,0.187152453014112,0.917500230049225,0.409863440513617,0.409742147358201,0.317167271201346,,301
0,0,3.73749171864673e-06,0.0161343579473645,0.0237581433289681,1.09977142104575,0.209071378076135,15.2895151676013,5.26026771892831,9.0195622615911e-05,0.168847394405229,0.216778203190979,36.9948787932259,0.778894703986806,0.440995757328313,-0.0201278306101195,0.05644828536894,34018.1401652364,-0.356571160285315,0.721415082315583,-0.198477916598913,0.223614579088046,32.3719664243852,-0.887589339694906,0.381309072992344,0.396226481315913,-0.0007293518819117,0.309973181110675,0.30955796129726,0.201157581472261,0.998120099818729,0.396955833197825,0.447229158176091,0.374761690019258,,302
0,0,1.34195407980374e-06,0.0187325789507816,0.0200868108388481,1.10661348201836,0.207684077822464,16.3466543094699,5.32835012496398,6.32091949402821e-05,0.181105800783933,0.215530425572827,36.9859993224317,0.840279511825758,0.406151032449382,0.0121135785145206,0.0566712339467279,34047.1952539258,0.213751804414698,0.830741890678242,-0.183122689567323,0.224916185228639,32.3384732373737,-0.814181911280281,0.421495911582586,0.390893724095269,0.0246483449606235,0.317402484120899,0.303983410804413,0.218121120320032,0.93537474684323,0.366245379134645,0.449832370457278,0.415540746424428,,303
0,0,2.22845487569309e-06,0.0191406798908262,0.0142187770971607,1.11726799160908,0.207327835145886,18.0473862218952,5.38889527700375,3.99709016971192e-05,0.186113520263211,0.224269926100478,35.2909322137845,0.829863921120782,0.412194324286086,0.0157408140055813,0.0566123535189683,34691.8246361596,0.278045568275257,0.780979035897859,-0.146771608637201,0.2198890128896,30.8883951506789,-0.667480410723802,0.509421830653893,0.354257135070391,0.0607139177959878,0.310685048240208,0.313754152483317,0.254184161124811,0.846561193141206,0.293543217274403,0.439778025779199,0.504465318314844,,304
0,0,3.54728892111213e-08,0.0126174069261812,0.0134031398554054,1.12737401961145,0.208561190649404,18.8807317935559,5.40548323540494,3.31003501833615e-05,0.15266732633922,0.23340689641531,33.4795944642323,0.654082328688238,0.517526813108496,-0.00195480231276066,0.0566357958846051,33583.5880976499,-0.0345153146032158,0.972466435463584,-0.139457105448323,0.216221058980702,30.6209382168636,-0.644974666694096,0.523746922313362,0.312431343633527,0.0335171327368815,0.293290680796761,0.332932206898456,0.286757497234134,0.919810406166688,0.278914210896645,0.432442117961404,0.518943602822883,,305
0,0,9.90644490615879e-06,0.00976331366408838,0.00785366106744967,1.11605851432367,0.208836511434309,19.0547494098391,5.34417332801853,3.67217617975745e-05,0.137425124966915,0.246232478257038,31.5924552385379,0.558111285479811,0.58070242936762,0.0319247184750897,0.0568120659313519,31875.0486763513,0.561935531682047,0.574163895055523,-0.109861191512006,0.223804346691689,30.4407364367937,-0.490880508515549,0.627031277415415,0.263283647874529,0.0435612648505166,0.277092582029834,0.366299977981792,0.342028466140579,0.905336851609118,0.219722383024013,0.447608693383377,0.623510963697112,,306
0,0,5.33315592129569e-05,0.0213507317671539,0.00480357425768642,1.08740986014434,0.207859645330594,19.4605369866187,5.23146211673193,4.40823502504077e-05,0.188456244017883,0.229111634584773,31.01280769685,0.822552046994161,0.417042669541494,0.0727723106635661,0.0567840124270101,30794.4698918001,1.28156337590809,0.200005504012386,-0.0874583165323387,0.219254385111647,32.9647623794351,-0.398889702880076,0.692546787554363,0.288649718922474,0.113733085857797,0.273816766874319,0.343320738674366,0.291804594562134,0.740437855329688,0.174916633064677,0.438508770223294,0.689974476785861,,307
0,0,4.76821271877674e-05,0.0226578311097705,0.00151049347316274,1.09104895183868,0.203092225428237,18.8230942083991,5.37218472808654,3.59654615951899e-05,0.184910161836572,0.218395219301814,30.9217172646171,0.846676783620584,0.403680615819173,0.0665655603413483,0.0564450803883464,29165.5830060801,1.17929782158821,0.238289225191597,-0.0492282548119357,0.219845291867241,33.1450892774384,-0.22392226094004,0.824192331059309,0.241306741472,0.142850231848129,0.267263403886162,0.335536529317231,0.36658966705893,0.670299679334004,0.0984565096238715,0.439690583734483,0.822817793785856,,308
0,0,2.18706936070987e-09,0.0226443176439701,0.000269384522798516,1.09743976898039,0.200600608416156,18.6326880452546,5.47076989269991,3.00585627123736e-05,0.179625729897229,0.205820383946723,32.8740890822571,0.872730516058723,0.389140184928942,0.000444085289776527,0.0565767513351288,28170.4772551553,0.00784925396557352,0.993737321336695,0.0213032645475563,0.219178741844082,35.059507716641,0.0971958519714052,0.923124388579338,0.155220411038361,0.197826940133474,0.268744287969485,0.319655961351265,0.563550011714463,0.535999003682556,-0.0426065290951125,0.438357483688164,0.922570862097414,,309
0,0,1.20595835257607e-05,0.0444319058118858,0.00818387737468648,1.11325725990772,0.1998385459111,18.68829126801,5.57078342835299,2.39741967264778e-05,0.259050774389459,0.204623306328295,34.4688102255038,1.26598860627265,0.214007042573791,-0.0327712984476247,0.0567672288635185,27634.6750594805,-0.577292552476262,0.56374654678835,0.115748991804617,0.213998621193805,35.4555750765279,0.540886624217034,0.591968001592749,0.126447104830837,0.357945088440071,0.273505594512147,0.309131602144676,0.643851863562313,0.246902726786341,-0.231497983609234,0.42799724238761,0.588585730880668,,310
0,0,4.39235020219089e-05,0.0533810915737256,0.017002001834882,1.09230457593006,0.199681218166423,17.4871902100557,5.47024194844248,3.75589323835505e-05,0.312930634533879,0.220961272962961,35.5673541980051,1.4162238945208,0.165408702761833,-0.063768273931031,0.056765315333258,28729.4411928353,-1.12336685803047,0.261291106334697,0.171012961994716,0.216918561605974,35.9349629246509,0.788374036452241,0.435648177085922,0.117015785090811,0.459041709080242,0.279937333540777,0.32740876402544,0.675941946747025,0.16090191102088,-0.342025923989431,0.433837123211947,0.430477953042185,,311
0,0,6.54552962348196e-05,0.057621021314849,0.0184268136278945,1.09325197477842,0.197176469996553,16.4933882301517,5.54453568824681,3.97851301696916e-05,0.346736194504398,0.231639367734926,36.6452976244418,1.49687938580968,0.142988934954663,-0.0765722192886169,0.0566937638721551,27867.5421834374,-1.35062860637173,0.17682539948595,0.174544735842462,0.211569688005151,36.2559310534825,0.824998786396151,0.41476755026039,0.146775295372596,0.495864767057519,0.275977155481944,0.336688620036983,0.594837807526281,0.140813169859832,-0.349089471684924,0.423139376010302,0.409372279697934,,312
0,0,0.000109355029533452,0.0645489428180112,0.0209698507364152,1.13081281655865,0.193753389584849,16.1037576775475,5.83635114194193,2.46345728089647e-05,0.37045315885814,0.228573014109981,38.0669981196616,1.62072132749622,0.11333289054708,-0.0958074546992589,0.056603588678961,26195.3626395402,-1.6926038955348,0.0905427807493163,0.18272405468093,0.206622475650414,36.5121202418737,0.88433774740983,0.382300454611507,0.161121917267531,0.526570026629391,0.266275222902859,0.333592384081657,0.545115598653464,0.114454608399777,-0.36544810936186,0.413244951300829,0.376513917215962,,313
0,0,0.00022030218643843,0.0846809022572021,0.0441536720294003,1.15101884868861,0.192734886158763,16.0221409818032,5.97203169404665,1.94158364783501e-05,0.411539026555964,0.215576797409848,39.3917311780908,1.90901354645119,0.0635645087097722,-0.132102957792522,0.0564328490481742,24868.3308317932,-2.34088762167141,0.0192458143093817,0.255327947307922,0.195936800468044,36.7608827948302,1.30311379331502,0.200639409763908,0.119031746569872,0.629687641185715,0.258175542907286,0.31148717440588,0.64476297612546,0.0432226150425049,-0.510655894615843,0.391873600936088,0.1925359152283,,314
0,0,0.000218038630793136,0.103069466279453,0.0607980259739699,1.12750867216139,0.193286775636225,16.1845820271605,5.83334616892476,2.42853851671055e-05,0.444098004251457,0.210159475078165,38.8587185292438,2.1131476660107,0.0410636049988813,-0.134864079351794,0.0563897422858284,26227.9420281643,-2.39164205908577,0.0167801921077567,0.294442008887454,0.189103206365414,37.4516776828167,1.55704397903486,0.127871212887715,0.106781106350567,0.695665124125476,0.260441977017394,0.296015399778252,0.681806241110194,0.0187684816201915,-0.588884017774909,0.378206412730829,0.119460044176348,,315
0,0,0.000154748683280906,0.0972001798673631,0.0416746882681423,1.05753819921613,0.189071464881856,15.9324795165209,5.59332525337417,4.1028395372301e-05,0.432859571675948,0.213157751313343,38.3015355749099,2.03070059150531,0.0492694764145511,-0.11823192294612,0.0564254103470917,28367.814596313,-2.09536664809056,0.0361472541738999,0.243035231473466,0.186345914185419,39.1146384510321,1.30421550982674,0.199782928222912,0.154434999479153,0.640505462426085,0.263820858611421,0.294534962090859,0.558293392395602,0.029657625725561,-0.486070462946932,0.372691828370838,0.192160113145761,,316
0,0,0.000122874493817402,0.0833371756466899,0.0174244022372788,1.01465045935226,0.187857271727753,16.4823346043324,5.40117744722021,5.31078845433965e-05,0.384030337871717,0.214026968567862,35.4131785507115,1.79430816799123,0.0813051691498859,-0.107183798919625,0.0565914312323606,29190.5197146817,-1.89399342949174,0.058235758801552,0.160846701186712,0.195919507203147,38.0081773084085,0.820983594144771,0.416775400195833,0.199762099494659,0.521455501868084,0.266567608906023,0.304246772822911,0.453624438990125,0.0865428923307967,-0.321693402373425,0.391839014406295,0.411655613138338,,317
0,0,6.14428481419959e-05,0.058385104930231,0.0021424160134348,0.959693258455403,0.188473302019251,17.9508410220642,5.09193211013716,7.67503242298063e-05,0.312454218726217,0.217766051727172,33.2019572684814,1.4348160158484,0.160692794733318,-0.0760180648346571,0.056740431775556,29211.2621892419,-1.33975125771612,0.180336649174383,0.0594236506791352,0.207311008354815,38.2682574217931,0.286640112122898,0.775934124918791,0.244377650492049,0.36322495185032,0.268839689632575,0.319885171785794,0.363345467291016,0.256171983181486,-0.11884730135827,0.41462201670963,0.774387897569949,,318
0,0,1.0857591441937e-05,0.0645593530027538,0.000424453226047309,0.931241774337188,0.186855071546917,18.1742688784405,4.98376504650216,9.35477473331809e-05,0.335803049387147,0.217268145160215,34.6126001506185,1.54556964224794,0.131303752403945,-0.0319413117472886,0.0568376867624768,29086.7029352017,-0.561974168314951,0.574137949333853,0.0262811713827506,0.202951490697961,39.490326994502,0.12949484279405,0.897623440947912,0.305694970592522,0.358257313358023,0.272274164342445,0.312259749327572,0.261545008322581,0.25125540084853,-0.0525623427655012,0.405902981395921,0.896966105449085,,319
0,0,4.47047017885275e-08,0.0939938708435834,0.00533353848199656,0.929817672871592,0.190815889559664,19.477079422459,4.87285243916157,9.88666314975933e-05,0.421362596379786,0.212609573421525,37.8597665136384,1.98186088048059,0.0547892342988827,-0.00207377273925348,0.0568572284191171,29757.5882013946,-0.036473334999147,0.970905184795638,0.0913456255504651,0.196168025874102,40.4372028747996,0.465649919977731,0.643964464866818,0.316715765705306,0.499407016806236,0.269179827204269,0.301053450028549,0.23935700613414,0.0971430085331621,-0.18269125110093,0.392336051748204,0.641466104543038,,320
0,0,2.42227481248702e-08,0.0968089758163686,0.00847962491472907,0.928181412785941,0.191914889233321,22.0344757980586,4.8364221061426,7.80367424539305e-05,0.450188732136167,0.223530971406114,37.8423255916825,2.01398817042788,0.0511604438390818,-0.00155138978886771,0.0567120740308596,30893.5184629086,-0.0273555466869988,0.978176330264518,0.11402333027849,0.199211970356558,38.3073034070197,0.57237188144069,0.5704142356099,0.319562004641686,0.547608665198666,0.269898021664821,0.317358824621452,0.236409033925137,0.0844339920751439,-0.22804666055698,0.398423940713116,0.567070061256593,,321
0,0,1.60025535558046e-06,0.102547460595894,0.0264145545910214,0.92002453359445,0.191246670356524,23.5254445337967,4.81066954985063,7.05883489945996e-05,0.48443806960479,0.232634617469375,37.9502314059224,2.08239889176667,0.0440987246212575,0.0125434600702729,0.0567558258638022,30522.7615506579,0.221007445127723,0.825088114251334,0.193061809210373,0.1922046010466,37.187412815009,1.00445987327622,0.321648489192737,0.263263751333958,0.649387369754705,0.263411029780743,0.325360986056019,0.317581164981627,0.0459450169568108,-0.386123618420747,0.3844092020932,0.315157003222504,,322
0,0,2.69421395469686e-07,0.090869474094007,0.0306979729954789,0.902811455535902,0.193512645490016,25.4562052440027,4.6653873872159,8.51939612624081e-05,0.459762215551105,0.234326561198515,38.5151630970564,1.96205762248868,0.0570111543467525,0.00511736492249904,0.0568641756462447,30059.5920498468,0.0899927742615045,0.928293556414605,0.200997000838847,0.185892608372878,36.9151241165642,1.08125332469202,0.286597661676968,0.229497230379584,0.631491232057278,0.259381478830064,0.323623389860121,0.376271792848657,0.0510195648267121,-0.401994001677693,0.371785216745757,0.279584443626757,,323
0,0,6.62444005938548e-08,0.0886037504897706,0.024074087557528,0.889845782801019,0.191634329568315,24.631570365824,4.64345707162974,9.7027064154324e-05,0.435800585209189,0.231727367214757,36.381122536087,1.88066084057005,0.0680416454966822,-0.00247696844385052,0.0569552069399566,28551.233492442,-0.0434897628668401,0.965311428979233,0.177789608407798,0.184424093536909,37.6742352523445,0.964025930658658,0.34118039610684,0.232122314524466,0.587701531340062,0.252487573366574,0.322985722499716,0.357916956614501,0.0688214937332852,-0.355579216815595,0.368848187073817,0.335032925549851,,324
0,0,1.39198419073846e-06,0.0912774665037681,0.0091140691203875,0.843555264853249,0.190699964560443,23.6692511223276,4.42346838814373,0.00018497573264972,0.42991118709936,0.230277994413711,34.6992698359031,1.8669225784857,0.0703802107829453,0.0111278952333589,0.0568565125521005,27518.8774350344,0.195718920029818,0.844831619829997,0.108852771884759,0.183753744754626,38.1520547450021,0.592383964909746,0.557088354018199,0.305207923869979,0.522913467639496,0.247137187024627,0.323608805538007,0.216840295986744,0.106119945836176,-0.217705543769517,0.367507489509252,0.55359350149961,,325
0,0,1.05810297934763e-06,0.0995815634912815,0.00216519548038305,0.817978208339431,0.186088424376241,22.2946683268468,4.3956426149625,0.000223460564674135,0.426641798174871,0.215316034614269,35.5009107210307,1.98146784069837,0.055324538963137,0.00947442565080953,0.0567127282314721,26376.4477985189,0.167059951906031,0.867324157506269,0.0535668136759974,0.182576216950449,39.670233420911,0.293394257865117,0.77075025408589,0.365274904612719,0.472408531964714,0.243296547441765,0.306188186770969,0.133263323737501,0.122862349380089,-0.107133627351995,0.365152433900897,0.769220813999548,,326
0,0,1.39519119914736e-05,0.131883152038677,0.00429585599804201,0.819575173764027,0.18476955381795,23.0175608334697,4.43566137834342,0.00018975597444012,0.476054099748481,0.198925102824772,37.6983466261883,2.39313235478292,0.0217930626534548,0.0326628820247573,0.0567112352765092,23775.5735763864,0.575950812312615,0.564653880497592,0.0725021478275269,0.173004123928221,40.7070315143834,0.419077569836473,0.677362661248733,0.392994621623262,0.537998917278316,0.232747861564979,0.282536155167713,0.0913154065018446,0.0568871043489525,-0.145004295655054,0.346008247856442,0.67515944276482,,327
0,0,2.88319163612316e-05,0.145556524803023,7.35264432634294e-05,0.811581215317133,0.184116182468536,24.1204825913528,4.40798415672032,0.000185340778260822,0.499890367055339,0.197922699618093,37.4463923545487,2.52568486595987,0.015904409147659,0.0459667533980878,0.0567555969355464,22750.1486678691,0.809906967418371,0.418002118131368,0.00950457170263209,0.172863480803674,41.1133725633076,0.0549831095523682,0.956418247396547,0.489001796315306,0.50801093972057,0.229630965651449,0.283061655773305,0.033211959343718,0.0727014057520382,-0.0190091434052642,0.345726961607348,0.956151920060001,,328
0,0,3.97638284331723e-05,0.158997333439787,0.00208387178003038,0.79842881792878,0.181196041784538,24.5264182581936,4.40643631099956,0.000180107672103643,0.485982494394957,0.186599137493123,35.8781069076426,2.60441983239536,0.0133061171074647,0.0510848352498285,0.0565881421226755,20494.0438992746,0.90274805522124,0.3666702355848,-0.0518444326193456,0.17671215913506,41.2187135911795,-0.293383504978404,0.770701154033528,0.545376204044838,0.441687338806147,0.224889369315304,0.276457483163391,0.0153047339202257,0.110116832015242,0.103688865238691,0.353424318270121,0.769229032143437,,329
0,0,1.46534032941428e-05,0.142228529045427,0.00207370907708717,0.798139432138663,0.177627299079256,24.4963393016009,4.49333765854616,0.000144434217640278,0.43867702467442,0.180579587245524,35.5907668548816,2.4292724962206,0.020309817506676,0.0300217200257371,0.056506892785982,19262.9776550999,0.531293060820799,0.595221839217975,-0.0505926027727141,0.171111424814326,42.0694336795188,-0.295670513103449,0.768936232920069,0.496636620482459,0.395451414937031,0.220252216697155,0.266046528463866,0.0241424863056179,0.137173493875862,0.101185205545428,0.342222849628653,0.767481717995178,,330
0,0,1.00252421384954e-07,0.153445520030449,0.000457936944761896,0.793174802442507,0.17773724022899,23.550466139147,4.46262584824997,0.000169272339890986,0.45487507112376,0.177687305347606,36.1553166475268,2.55997506537621,0.01479071577726,0.00250775616138668,0.0564978838911827,19652.2071937513,0.0443867272306468,0.964596592326202,-0.0230853442547492,0.171449843518604,39.5725391115931,-0.134647800085301,0.893572870632903,0.481321965506832,0.435151276997334,0.22228315514133,0.261724212704504,0.0303605010978882,0.0963859487248273,0.0461706885094985,0.342899687037209,0.89289034670395,,331
0,0,2.69226505576755e-05,0.149756678819937,9.49061515946905e-06,0.786499104856197,0.184179754429961,22.4010428040524,4.2702799082908,0.000301448712401664,0.438304422144326,0.175816485713036,35.284953048477,2.49296543703937,0.0175058587964997,-0.0409544885802316,0.0564196633409159,19570.9778997057,-0.725890339557046,0.467914679407404,0.0034300559999967,0.181071122302316,37.8099017774511,0.0189431421000963,0.984986076898539,0.434374901849593,0.441235013849586,0.224392618647363,0.269142954347787,0.0528945648877791,0.101128392935959,-0.0068601119999934,0.362142244604633,0.984886463287527,,332
0,0,0.000174635772501412,0.124304859128771,0.000237456891578982,0.761931871032101,0.18839809789716,21.8791097686222,4.04426519978992,0.000546323878917817,0.384670714182845,0.171790581433741,35.3219265045333,2.23918395858746,0.0315390859559821,-0.104988430212724,0.0562533129396074,19942.408849076,-1.86635105963338,0.062006931531854,0.0175229176714641,0.187032484248094,36.9565004379976,0.0936891671086422,0.925862178539106,0.364596213762729,0.399642049105657,0.229467521714022,0.268378037286039,0.112087627203174,0.136460729982019,-0.0350458353429283,0.374064968496188,0.925356075819803,,333
0,0,0.000219272362195317,0.101300120179031,2.09462509966827e-05,0.72018070290754,0.187407524856289,22.5658676507036,3.84285904986901,0.000852894011090534,0.341342940914412,0.174145549118872,34.0848837195894,1.96010143607754,0.0582002049929368,-0.118056002164866,0.0562257698458236,20101.3945951831,-2.09967782546307,0.0357696247812156,-0.00557011406470939,0.200045922767203,37.0129217214791,-0.0278441769152747,0.977936024117647,0.347724141763982,0.336583913634563,0.232827032184587,0.28442608831689,0.135309759222052,0.236658901440571,0.0111402281294188,0.400091845534407,0.977786431524686,,334
0,0,0.000181953415969044,0.095218769041389,0.000808780574712453,0.705746779364938,0.190239349188643,23.4890634638451,3.70978339851822,0.00112298891289068,0.329153735802751,0.171518349136085,34.9943089243189,1.91905844162246,0.0631618193010021,-0.109062572021356,0.0563600448986457,20576.408253345,-1.93510442047176,0.0529911695577768,-0.0336256396781206,0.198529373170247,35.4412853600668,-0.169373625379279,0.866465824738712,0.367675740556809,0.300424461200567,0.235565000890869,0.278071008271773,0.118565049039877,0.279969628205867,0.0672512793562413,0.397058746340495,0.865502767668127,,335
0,0,0.000275357914306492,0.0611612667639856,0.00162747546375513,0.694852609056238,0.19033491250022,22.506787482454,3.6506839440475,0.00136928553598999,0.271966405380106,0.171256841560441,38.7123190919839,1.5880615507213,0.120407580155523,-0.13372342839501,0.0563636872116777,20436.1483367324,-2.37251029892353,0.0176768725833853,-0.0424808588484047,0.185398642356786,32.207101992974,-0.229132523886844,0.820214753226447,0.320633073499419,0.23567135580261,0.22894554326495,0.266168738206106,0.161370387726745,0.375929680309784,0.0849617176968094,0.370797284713573,0.818765915415894,,336
0,0,0.000330200609522136,0.0560379333079404,4.38604224348222e-06,0.695006907327284,0.186869314688528,20.8448136734591,3.71921365733971,0.00128148211455643,0.253991201335978,0.167523350367593,38.7221155631632,1.51615402138658,0.137602295659836,-0.145681220332868,0.0564074928901894,20193.5302031947,-2.58265724761905,0.00981123668623026,0.00224122291532372,0.19465275958203,30.2255535543222,0.0115139539770009,0.990889060172439,0.251423624908423,0.255906070739071,0.238865685817442,0.266807916168203,0.292536634623097,0.337488361523455,-0.00448244583064744,0.389305519164061,0.99081339686814,,337
0,0,0.000339885415335176,0.0566335564540417,0.000616593027574686,0.683573495103309,0.185075932172865,20.5434802499717,3.69347589974496,0.00138844647107473,0.251479136447411,0.168332560182796,37.1769923522134,1.49394232568152,0.143630448201648,-0.145372785086323,0.0565204103560345,19456.9805355425,-2.57204051015531,0.010117456732624,0.0278022301384923,0.201397607795254,30.8876009351385,0.138046476533906,0.891099725886778,0.219628511394015,0.275232971671,0.239263631917528,0.275832687905391,0.358652788419172,0.318363838605643,-0.0556044602769847,0.402795215590509,0.890203686184077,,338
0,0,0.000381150252071919,0.038267334111624,0.000450691313200182,0.677468208966545,0.186596731726832,22.3262465222524,3.63065420651806,0.00145180928777,0.217725862886486,0.185872551660823,34.4838445009645,1.17137178642594,0.249479804562717,-0.151474029890436,0.0565312008025206,18829.4729510843,-2.67947660301039,0.00738014591583088,0.0276609517195679,0.227822992496657,32.6937071981548,0.12141422345672,0.904106136251375,0.186037088372665,0.241358991811801,0.23762588820469,0.326946086512593,0.433686380002268,0.460379188269933,-0.0553219034391357,0.455645984993315,0.903362951534902,,339
0,0,0.000294654266557601,0.0604744788513312,0.0039327911528909,0.709044008533778,0.184978244005211,24.1329144740891,3.83312109133117,0.000796443101845133,0.280351369859411,0.189632532920209,33.9559683696257,1.47839279232416,0.148519791567214,-0.130471904372267,0.0564227370072773,18141.9925488626,-2.3123994207413,0.0207668187339302,0.0888881083631666,0.244832406966462,33.383916278726,0.363056955835682,0.718851114780339,0.178519905366169,0.356296122092503,0.242405519282204,0.348403960526513,0.461455980319394,0.306472257748845,-0.177776216726333,0.489664813932925,0.716562338153275,,340
0,0,0.000232289250226486,0.0975393825395543,0.00654568924083545,0.726235505548781,0.180378808199456,25.3987766874957,4.02616866580989,0.000452255740599668,0.35484556303865,0.184671956454583,34.160570477938,1.92149132900923,0.0630450399478365,-0.11541775009998,0.0564862543957964,17969.2374316727,-2.04328913882755,0.0410383790858471,0.108303618415866,0.228482607733085,34.1013957648187,0.474012527651061,0.638512006128065,0.23077141773065,0.447378654562381,0.236484285208651,0.327162129597105,0.329142516614988,0.171483532863508,-0.216607236831731,0.456965215466171,0.635490973745624,,341
0,0,0.00020848234353546,0.0940992959668854,0.00217537620915285,0.702401057356752,0.181544056553822,27.8878827269911,3.86903912301041,0.000599417335140949,0.372851917624702,0.192925504650874,35.957351479224,1.93262118608646,0.0611894544297306,-0.119232459934695,0.0564807208052842,21371.1904623852,-2.11102936072197,0.0347813698331887,0.0598596650975241,0.213055842220972,36.2077479025916,0.280957632860592,0.780342200614885,0.304275845153327,0.423995175348376,0.241861026949584,0.314512959821342,0.208369816354172,0.177625961514974,-0.119719330195048,0.426111684441945,0.778742895511354,,342
0,0,0.000126017021980787,0.101460643095369,0.00280915186493878,0.674901194851652,0.186947871980851,27.7484879597426,3.61010364921822,0.00119389359420245,0.417580356290142,0.205001818504289,36.7455022267979,2.03695927839491,0.0489064238796909,-0.103825910241033,0.0566117339011566,26687.9144677346,-1.83399982806236,0.0666651477676556,0.0696660772167331,0.220373469145746,35.4753886995068,0.316127333688517,0.753758432006094,0.337769920461148,0.477102074894614,0.272745229179213,0.317607426451604,0.215564752360535,0.133051806440761,-0.139332154433466,0.440746938291491,0.751905860508106,,343
0,0,7.8104406097426e-05,0.104072208015945,0.002294952343614,0.665041946606708,0.188985515776419,28.0095484277176,3.51901014146233,0.00149987451261995,0.439202043065189,0.212383978133243,36.8148843816118,2.06796222071727,0.0457243147549096,-0.0870304916589034,0.0567507359185044,30108.5903384181,-1.53355705878214,0.125149166267069,0.0638003863319963,0.22199765325117,35.9069360240962,0.287392165627138,0.775464192309716,0.366111425039236,0.493712197703228,0.286440703915333,0.31901390199748,0.201199939620565,0.121713886741961,-0.127600772663993,0.44399530650234,0.773812059228315,,344
0,0,0.000117844517142351,0.0814114392277887,0.00654593978834787,0.644700349756586,0.189420851057984,26.568314157677,3.40353422633096,0.00212248808902527,0.38322611664397,0.210692519076367,37.3291039917652,1.81888810444697,0.076957913217904,-0.107126702225339,0.0566060009750936,30388.5486785649,-1.89249726848703,0.0584342523120874,0.100127057550349,0.202482190079282,37.1112028577623,0.49449809640613,0.623869197595685,0.268519154222254,0.468773269322953,0.277500382391223,0.300208846197884,0.333226561925674,0.118408057343115,-0.200254115100699,0.404964380158564,0.620954450404077,,345
0,0,0.000182171650627282,0.0816224271739864,0.0255340816341784,0.668198584449381,0.190286491976642,26.1424293754583,3.51153977094392,0.00163806034074672,0.384975448718519,0.215360784864205,35.9537820623073,1.78758379322058,0.0822752399724005,-0.134315105966931,0.0566385107936807,30864.9906424427,-2.37144487178001,0.017724790347364,0.197692798973053,0.200533089726051,37.0899307000555,0.985836298852832,0.330601165510375,0.158495803579214,0.55388140152532,0.27918020754812,0.302585403974611,0.570226042657543,0.0671757896018614,-0.395385597946107,0.401066179452103,0.324213450143393,,346
0,0,0.000192218035570287,0.0874853739079107,0.0474082772625927,0.709843070244197,0.187885174047041,26.0731243406315,3.77806856684964,0.000828829817146749,0.401890289008548,0.213155218917821,37.0789532769832,1.88543490067438,0.0672251214456053,-0.136392346281053,0.0565977801002853,30206.7209816038,-2.40985328469386,0.0159648757892245,0.269410326458555,0.196352792599101,37.8274391272635,1.37207280269559,0.178123312622283,0.093250037820062,0.632070690737173,0.272272021967771,0.299856680515591,0.731983293043757,0.0350388341310308,-0.538820652917111,0.392705585198203,0.170040775129333,,347
0,0,0.00018505441715886,0.113864827620509,0.105802303246495,0.752855174797972,0.186063846011117,25.8126805535108,4.0462195689161,0.000418945939873781,0.451265207625207,0.206428608374758,37.1906966863659,2.18605943806957,0.0351802838926341,-0.13014991505571,0.0565712882754385,28596.6927185839,-2.30063551712004,0.0214194022028758,0.374629424612607,0.181253605616135,36.1051277626465,2.06687984682638,0.0459731686824612,0.0220844808321679,0.771343330057382,0.261742816182182,0.281846575203549,0.932758493952991,0.00620496183388725,-0.749258849225214,0.362507211232271,0.0387454771799602,,348
0,0,0.000153665473737769,0.146166678488562,0.171046353818255,0.778917138232813,0.190753907913883,26.6290072920692,4.08336136727777,0.000362440963430532,0.508739076403343,0.206075762224241,35.6009089231524,2.46869923426395,0.0184994661033393,-0.117350277000702,0.0565102752855529,28058.8813034019,-2.07661839210157,0.0378458732542168,0.447087352578963,0.168985921838359,33.9234602015817,2.64570768804409,0.012265315945393,-0.00345046962132911,0.890724235536598,0.258083187294444,0.27066621632177,0.98933291838026,0.000998821190313436,-0.894174705157927,0.337971843676718,0.00815202270834934,,349
0,0,0.000119421598147208,0.16503918675981,0.129045780644431,0.766646781571175,0.19759454061483,27.6934852315228,3.87989860036465,0.000587672423153741,0.516177091397425,0.193553033064305,35.9812716464375,2.6668509566881,0.0114007051992154,-0.1035924101076,0.0566385069414256,28008.9956230545,-1.82901025648033,0.067408698522154,0.404354115062875,0.174616903125114,36.1911755112008,2.31566422165415,0.0263549317663306,0.0529433420359212,0.861651572161671,0.265219931429827,0.255038009062407,0.841777373983624,0.000728765515062834,-0.808708230125749,0.349233806250227,0.0205766093565239,,350
0,0,0.000179979001223114,0.156994811682567,0.0642312706227152,0.72446986701773,0.198297992258352,28.682879980918,3.65344025306044,0.00102807659087277,0.504522781227795,0.198367862759625,34.7347263079694,2.54336954690668,0.0155901734390228,-0.127171101955161,0.0568754069060381,27773.3218625755,-2.23595942206191,0.0253623401039966,0.311362010246448,0.196710332493922,36.5005085252613,1.58284522373052,0.122084205045008,0.147822092296338,0.770546112789234,0.270909107166683,0.282988643105184,0.58530518239878,0.00647141780742257,-0.622724020492896,0.393420664987845,0.113456746191347,,351
0,0,0.000224545840292606,0.118275934828582,0.0433885742056691,0.680251897901426,0.195629872374212,30.2548444292168,3.47723938908574,0.00155672024125385,0.447983910398186,0.208565329246447,34.3935422558618,2.14793087622361,0.0388477845299094,-0.137370416106117,0.0568249842609384,26019.8767548854,-2.41742990152564,0.0156373719062547,0.281804740301921,0.216468546664651,37.365187892278,1.30182765415101,0.200944221517575,0.125144444754055,0.688753925357898,0.259077950177532,0.325504646533424,0.629068892423089,0.0343484413594849,-0.563609480603843,0.432937093329303,0.192975308046755,,352
0,0,0.000228029486783543,0.0984260309475555,0.0407921362559292,0.648430557167244,0.196178097034663,31.0497396099021,3.3053157664827,0.00240019712576731,0.415417796491003,0.210872071726822,35.5486782268843,1.9699991235879,0.0566677121937539,-0.13488785796222,0.0567258515785942,24790.9754035857,-2.37789040108691,0.017419535389232,0.283436774363684,0.223080286784452,37.9600072253502,1.27055948532804,0.21161750092369,0.0907086497199757,0.657582198447344,0.248149594992775,0.341675893585051,0.714708213149512,0.0542820674363009,-0.566873548727368,0.446160573568903,0.203885407977054,,353
0,0,0.000275524809174019,0.066657939165779,0.0340897162876966,0.616126208253453,0.196495498748698,32.0930924282465,3.13557415908762,0.00365655946688861,0.337064294546022,0.204623518387564,37.9929799985568,1.64724122232915,0.107756087683276,-0.147842075055501,0.056872417018932,24519.5413333161,-2.59953915808232,0.00934049583056744,0.254676627756827,0.218030760263765,38.6594833685508,1.16807659363628,0.249929178601739,0.0453031753789904,0.554656430892644,0.244548519777898,0.331250671234563,0.853031150656263,0.0940459019054386,-0.509353255513653,0.43606152052753,0.242775870768628,,354
0,0,0.000379156829632074,0.0355370958766808,0.0163404958594222,0.557423709465648,0.197900287753325,29.9807337451687,2.81668973700764,0.00850125021688564,0.251425925553401,0.203160425046005,41.5666939372109,1.23757333888461,0.222819730843797,-0.175484919617483,0.0569983753274883,24990.2769114188,-3.0787705545855,0.00208081928740915,0.170007503482072,0.20823419208187,40.1246868993305,0.816424535194643,0.419078197050693,0.0566629434941147,0.39667795045826,0.237987381715446,0.322352077061525,0.811809570591641,0.218482390506235,-0.340015006964145,0.416468384163739,0.414257368667464,,355
0,0,0.000435229490818839,0.0229481499347582,0.0136473580504804,0.542379541123688,0.193978586349281,28.3069673083573,2.79607946078683,0.00919231266520359,0.197845189721963,0.199745253974502,41.7703376248308,0.990487562459021,0.327639126215864,-0.177423931806508,0.0569173300844507,22316.5977215094,-3.11722161849925,0.00182796129438185,0.140534180942769,0.192055848990762,38.6983532042447,0.731736011588637,0.468738033789518,0.0368472596243691,0.317915621509908,0.222357001398244,0.309530013608347,0.868383473838638,0.304377417962679,-0.281068361885539,0.384111697981523,0.464329711787801,,356
0,0,0.00022789432905065,0.0268012995354046,0.0150690616845857,0.530813979832913,0.192970549033546,25.5387681754032,2.75075125448618,0.010777591219043,0.199773929414129,0.191394532352208,39.5607246241411,1.04378075464821,0.302923317296594,-0.117954349893802,0.0567990930545961,18919.6290718639,-2.07669424898074,0.0378432520901631,0.131940809652587,0.174983674009655,37.1606067785969,0.754017827087729,0.45559010375941,0.0486206860752874,0.312502305380462,0.203552623762867,0.292185066359816,0.811213738008886,0.284828434663615,-0.263881619305175,0.34996734801931,0.450838517257447,,357
0,0,0.000176887971573177,0.0541098318047632,0.0442733738656672,0.551433288518402,0.193723628914879,25.8780838302095,2.8464947286358,0.00853677090870964,0.277934278820615,0.184367306502821,39.7265574508169,1.50750306056222,0.139593621498344,-0.101817909635802,0.0568751369178371,18114.5818218189,-1.79020069495199,0.0734383483768847,0.230880436094217,0.17584683777687,37.2131307628128,1.31296325264136,0.197234650706449,0.0134344108039067,0.47519528299234,0.201347306100084,0.286261496297508,0.946802561822876,0.0969136098314626,-0.461760872188434,0.351693675553739,0.189195331050203,,358
0,0,0.00014805177111623,0.0787706608831244,0.109630135580889,0.581769192933278,0.1923678489323,26.8758829010673,3.02425377297856,0.00542969173353918,0.341223444860475,0.18371146797758,40.3467412312115,1.85738783004074,0.070565630493039,-0.0961538075489886,0.0569533205858064,19249.3895980744,-1.68829150890548,0.0913714825642195,0.366408509048869,0.174295417101774,35.8921659061299,2.10222686942432,0.0426139718346786,-0.0785392856814752,0.654277732416263,0.212437912390742,0.277801106078103,0.711602560979845,0.0185126369541643,-0.732817018097738,0.348590834203548,0.035533407159606,,359
0,0,9.22388790703414e-05,0.0775075213301098,0.11315351727128,0.617857315485911,0.193931267578944,25.9682320522337,3.18596027963566,0.00373375860294802,0.343361421935849,0.186282181209161,40.4370396618034,1.84323277571201,0.072633227952857,-0.0761431893670676,0.0569165171977236,19401.326139981,-1.3378047905242,0.180975760486888,0.393056859543917,0.184451301540356,35.5899765149753,2.13095194374608,0.0400739425232228,-0.106930032945164,0.679183686142669,0.22061379402869,0.287087366588693,0.627893903477719,0.0179924478934608,-0.786113719087833,0.368902603080712,0.0330931014212998,,360
0,0,8.54410750537234e-05,0.0554068220965456,0.0955490137022992,0.646109623229426,0.195566230004116,25.7184361223849,3.30378932608062,0.00280820314817774,0.282963176596724,0.185173050671066,39.809419495588,1.52810128456202,0.13439486350463,-0.0694622843403179,0.0568045131498076,17499.6203344126,-1.22283037893712,0.221410236462203,0.369771781884407,0.191085236325204,35.4463966416836,1.93511434475817,0.0609866974396889,-0.140652566509448,0.598890997259367,0.215413049676317,0.296054286279842,0.513792656192832,0.0430824897102622,-0.739543563768815,0.382170472650408,0.0529762656029021,,361
0,0,8.17840139821787e-05,0.0499284727648553,0.0792247451949336,0.639875479376926,0.199174156399533,25.8952334859973,3.21264310061075,0.00350267202391135,0.264811027913869,0.183749061740411,39.5211792615701,1.44115581002518,0.157417538144032,-0.071977557002504,0.0567944503172619,19637.1501675746,-1.26733433637313,0.205050796466404,0.337633905703708,0.191252756400473,36.2217548971702,1.76538059925642,0.0859296038558736,-0.121987113181783,0.553280698225634,0.227021384161205,0.288114795877434,0.591034475778171,0.0548139456484487,-0.675267811407417,0.382505512800945,0.0774998217409926,,362
0,0,6.53022794017659e-05,0.0337880818217507,0.0613096469040833,0.622044427892224,0.204316438643043,24.7349428180762,3.04451483210798,0.00546455962106767,0.21558681928523,0.180326614714551,40.872725985162,1.1955352216116,0.238768410615814,-0.0661885597732856,0.056859702481699,20749.1349083202,-1.16406799340164,0.244409842874985,0.29112331605467,0.187467103171076,36.9230341187688,1.55293014683755,0.128970302086776,-0.117928137528278,0.464318494581062,0.230390626051184,0.277912940773025,0.608747804713663,0.0947743043782805,-0.58224663210934,0.374934206342152,0.120439823675485,,363
0,0,2.44286659392555e-05,0.0251068361874158,0.0625282350727218,0.590929617483956,0.202731857698243,23.5313141679122,2.91483353525783,0.00768533830190674,0.183012486830468,0.175231066562774,42.3549596289575,1.04440662503704,0.30222168902501,-0.0400473710007891,0.0568158305040216,20337.564513412,-0.704862899046321,0.480903632470634,0.287871290239673,0.185120730393333,36.2550596782433,1.55504621026517,0.128622242161893,-0.146776903566911,0.428965676912434,0.22693837241333,0.271581025820411,0.517780889761548,0.11421850788886,-0.575742580479346,0.370241460786667,0.119935064189946,,364
0,0,5.65314446364737e-06,0.023453091411609,0.0527480768962792,0.571077690689924,0.198787247283217,24.9937287343174,2.87280848492407,0.00817974653655326,0.170746754945688,0.169154050934671,42.4261013285128,1.00941570126294,0.318497842467617,-0.0194128382689901,0.0565685160234617,20832.2396029852,-0.343173900141532,0.731471101280015,0.259377945866848,0.180253565172929,37.1840963455007,1.43896152965412,0.158526557761974,-0.126400260231595,0.3923556315021,0.229006040659939,0.257605802653508,0.580981485155423,0.127737346359222,-0.518755891733695,0.360507130345859,0.150161422760182,,365
0,0,1.83595093608099e-05,0.0132488944936586,0.0385574934137352,0.546319502393008,0.196788024561575,26.3696779670197,2.77618266462178,0.00998785429507832,0.125216472220788,0.17023648660704,40.2944853164526,0.73554426971832,0.466268192063537,-0.0360464844590124,0.0566570838652281,22046.9415508987,-0.636222022029183,0.524638326076071,0.221854242982302,0.178265078996549,38.6204608690983,1.24451880441821,0.220808462482223,-0.128942862283499,0.314765623681106,0.238201911489251,0.250159355599506,0.58828876311067,0.208297578981127,-0.443708485964605,0.356530157993098,0.213308682941612,,366
0,0,5.9292033945343e-05,0.00870596934483477,0.0268007639529934,0.508258408883553,0.194990973660516,26.4393052748311,2.60657403438809,0.0148363719599178,0.102233239337065,0.172930217281237,39.7949375016836,0.591182044088931,0.557741735056097,-0.0673164915956603,0.0568212225198171,23670.0786094174,-1.18470685089859,0.236145267772705,0.175509498762246,0.170199748033899,38.6133971443332,1.0311971714981,0.308864383034038,-0.0988329057361758,0.252186091788317,0.247028831606886,0.237058535514389,0.689092791943255,0.287413153500207,-0.351018997524493,0.340399496067799,0.30244836679999,,367
0,0,0.000131876944375313,0.00558750564745143,0.0220286120562583,0.485374775991734,0.195370618713784,26.3074568916479,2.48437958167499,0.0196576895000094,0.0845667185701716,0.181019618980567,38.8415240739083,0.46716880217967,0.642989352450324,-0.101897381628034,0.0568731428443616,24338.030960625,-1.79166081795207,0.0731997335139518,0.144090672575121,0.159214949444503,36.3616066852038,0.90500718103325,0.371419244988628,-0.0805055782571166,0.207675766893126,0.24432820016752,0.236646834087745,0.741779537511998,0.380173434355879,-0.288181345150243,0.318429898889007,0.365461582875995,,368
0,0,0.00021024395048778,0.000876456894657181,0.0212765731190017,0.468052506726481,0.195397273402433,25.6425110674315,2.39538914016726,0.024206503952382,0.0340110351499242,0.187143347459413,37.6512625907197,0.181737879607504,0.856763340055079,-0.122726526300498,0.0568863794536612,22133.2643157819,-2.15739738544037,0.0309854419246511,0.129756678639495,0.150040602199433,34.4033035477682,0.864810436224612,0.393133169342693,-0.114640037045849,0.144873320233142,0.232829148977809,0.243272551938062,0.622451886707803,0.551496895422595,-0.259513357278991,0.300081204398866,0.387142842125924,,369
0,0,0.000282071219298081,0.00233707531452036,0.0411115608871611,0.477190435145238,0.191271529360613,25.3114419422676,2.49483253854038,0.0194767143460807,0.0537477152808014,0.184351075766666,36.2860578257543,0.291550863249803,0.7722903230814,-0.128878250889002,0.056835469183993,18223.8055367161,-2.26756729097784,0.0233672503125525,0.171369935596091,0.138544089286201,35.6859595788044,1.2369342963602,0.224189898088567,-0.142576088130159,0.200163783062023,0.216834418100713,0.238883399828053,0.510837362008607,0.402078916058011,-0.342739871192183,0.277088178572402,0.216111476186222,,370
0,0,0.000350650985473825,0.00485842410283507,0.0572573593624449,0.480725606805935,0.189447814734063,26.0603665676478,2.53750937946027,0.0174859932596999,0.0759024625518716,0.182886514758212,35.2807503649074,0.415024927629134,0.680636745045243,-0.136016475914524,0.0567223393137498,16392.5830852641,-2.3979348799804,0.0164989087053044,0.202047543045572,0.137292482824751,35.6595177198071,1.47165772581649,0.149884295896429,-0.155566038516126,0.248529047575018,0.207431372085649,0.241891770167993,0.453276453777967,0.304213777402567,-0.404095086091145,0.274584965649501,0.141113328751475,,371
0,0,0.000515213005270842,0.00733055062082204,0.0882868228447369,0.49331335958177,0.190383064250333,25.4694891455793,2.59116198977192,0.0156150684177683,0.0904782983730117,0.177170239391298,35.3163135100797,0.510685647227589,0.612748826369149,-0.160826202771119,0.056536533348424,15698.0112661278,-2.84464209681866,0.00445188547712889,0.253016940232531,0.131296267346651,38.3492419107194,1.92706879902771,0.0614036655592633,-0.199381459472327,0.306652420992736,0.202236522944579,0.23184829126742,0.324190749528293,0.185954268683387,-0.506033880465062,0.262592534693301,0.053971056508953,,372
0,0,0.000980882927574706,0.00640359742865346,0.129639264198214,0.519827788338108,0.191179421902109,25.0169944623241,2.71905722470633,0.0117246135390791,0.0802898836261587,0.165232184766543,36.636869294789,0.485921575990781,0.629916513579918,-0.200413884808225,0.0561618521698295,12969.6839189218,-3.56850561484667,0.000360318982494658,0.313991730964261,0.132050318613217,37.9594794685087,2.37781880620796,0.0225554461588522,-0.279423450267986,0.348560011660536,0.184247657007767,0.228345930933289,0.12937668163193,0.126896345462968,-0.627983461928522,0.264100637226434,0.0174153812040453,,373
0,0,0.00158353146243297,0.000326433714469349,0.145391468933258,0.524092423247378,0.188403115753795,23.6206384292281,2.78176091276676,0.0104490983913749,0.0170269754924885,0.155756505236111,36.5970294158279,0.109317909172894,0.913547572404626,-0.228634314938566,0.0558626910581104,10561.4648686294,-4.09279092374429,4.2938257931001e-05,0.332457334898315,0.133867362395255,36.2535654311688,2.48348312052871,0.0177679716118592,-0.36384081343488,0.301073856361751,0.170746698400427,0.226344733535392,0.0330989866193944,0.183466803645707,-0.664914669796631,0.26773472479051,0.0130104500278995,,374
0,0,0.00145134222475373,0.00111342175311483,0.162269727877229,0.511709230084081,0.188013264665867,22.6875451208356,2.72166557499802,0.0122532662693161,0.0323154429359383,0.161806261895177,35.7837665773817,0.199716887081127,0.842832630591305,-0.221878289071741,0.0560259860981538,10790.709475016,-3.96027458906346,7.53446278047518e-05,0.367043012196654,0.14003356082069,35.4679720445401,2.62110746913481,0.0128232278293261,-0.388174183317422,0.345911841075887,0.173795072896323,0.238093687271889,0.0255148957425004,0.146268406498246,-0.734086024393308,0.28006712164138,0.00876446282607023,,375
0,0,0.000790919028904564,0.00441350792032984,0.147544843593798,0.514976120341539,0.192851411755683,22.6055583070071,2.67032590351968,0.0137860290167223,0.0682905368116813,0.174486069797216,34.5537047018652,0.391381024806434,0.697918794818848,-0.182665899382035,0.0562407773633708,13327.1313204786,-3.24792629024015,0.00116537067554758,0.368014278347342,0.15228380139643,33.7418915173555,2.41663443500019,0.0212250394888279,-0.353311785575712,0.382716771118972,0.183544347472919,0.260103290923372,0.0542369131222647,0.141182153719589,-0.736028556694684,0.304567602792859,0.0156647405249577,,376
0,0,0.000488891702559562,0.00296627268307532,0.133514149823091,0.538930588985127,0.197115381033212,22.3464926923425,2.73408694014762,0.0120106002355726,0.0564976285887621,0.179404785796945,33.3342868122529,0.314917064992389,0.75478752011799,-0.161085392364766,0.0564609878222712,16641.418133681,-2.85303886059933,0.0043356723868158,0.353683513349611,0.159978520044118,31.7205320225586,2.21081876024403,0.0343815801168878,-0.348687168283687,0.358679858415535,0.202994601081039,0.263042458716792,0.0858483449183493,0.172699284361681,-0.707367026699223,0.319957040088236,0.0270483901796219,,377
0,0,0.000387434143160825,0.0120000578135575,0.0823425382120702,0.525563849396416,0.194787536453804,22.4700614688395,2.69813900295956,0.0129885018684109,0.109946539306884,0.172948086934388,33.2740131512536,0.635719892921362,0.529307454757085,-0.14602209463604,0.0566044774513015,17169.9643279542,-2.57969159350808,0.00989709265363415,0.281067957698177,0.163908891629844,32.7698157269703,1.714781638161,0.0958291757885364,-0.21204885784559,0.350087057550765,0.209410422641798,0.255776407106872,0.311251570472908,0.171085870293417,-0.562135915396354,0.327817783259688,0.0863852692487074,,378
0,0,0.00028724278063768,0.0315207961037781,0.0565381916630576,0.500414165392629,0.190752206588506,22.2749434834511,2.62337287909927,0.015426417574501,0.181622080583216,0.173817457645869,33.5462228731683,1.04490126045479,0.303539935283834,-0.131867338000363,0.0567991297291337,18759.3258507207,-2.32164363484473,0.0202627876215,0.244326596936608,0.16529626740609,36.4584171067464,1.47811321314571,0.147965424661459,-0.0982818980125821,0.390371295860634,0.222243507015886,0.250194042840772,0.658325540346217,0.118695110971729,-0.488653193873216,0.330592534812179,0.139377478013865,,379
0,0,0.000223211114925702,0.056010223015434,0.0701693625941808,0.484471373901349,0.186377633281747,21.57295103256,2.59940726454539,0.0165207610083014,0.263118963778427,0.175649903811332,37.8188620362174,1.49797385634237,0.142441028054614,-0.116015072525717,0.056801005071616,18685.4698994689,-2.04248274092056,0.0411176753654893,0.263811273637653,0.153126224673953,39.3318044576857,1.72283535494575,0.0927734984983508,-0.0391069339152345,0.488515613360071,0.214785098907533,0.243975602326449,0.855524097960605,0.0452510376851106,-0.527622547275306,0.306252449347906,0.0849183032779942,,380
0,0,0.000158267926434038,0.0745275533783203,0.097324342139554,0.482271666831291,0.185217873645456,21.8886124849732,2.60380738283637,0.0162475137467724,0.287266511197158,0.166880480800804,36.7964180597075,1.72139072118358,0.0935787326604217,-0.0942337920789403,0.0567537061910827,17416.5940015991,-1.66039891318581,0.0968522298334833,0.306834665441039,0.145769005635329,41.0949748537026,2.10493763131408,0.0414541793414453,-0.0642475879835406,0.549421742898536,0.205515419755943,0.231145153709082,0.754571757029659,0.0174561942166915,-0.613669330882077,0.291538011270659,0.0352967374429687,,381
0,0,7.71324170362793e-05,0.0988516380527062,0.103822717075839,0.498614191845027,0.180930646153781,22.8147666114311,2.75583049331086,0.0113031271058756,0.310759197588942,0.154927572811596,36.6777744957228,2.00583532001014,0.0522924495681383,-0.0639688572110607,0.056851678942757,16412.7046619554,-1.12518853269874,0.260525605277844,0.326922825580263,0.142747149701161,45.2748622603335,2.29022314116023,0.0267187508950321,-0.0637681797863416,0.590077471374183,0.207582314137596,0.211154578909311,0.75869520482572,0.00519754723682603,-0.653845651160525,0.285494299402322,0.0220083846117061,,382
0,0,5.01361538729878e-05,0.0947809109716686,0.0864162059415592,0.503077193696797,0.179212952725916,21.8276932318741,2.80714750828414,0.0103155851687398,0.29385475602432,0.150405219814079,36.4562888007221,1.95375370873141,0.0584360709585714,-0.0505751805515467,0.0568979846890583,15758.2623523298,-0.88887472601947,0.374083977859144,0.308441647293835,0.143837774962199,48.613098984868,2.14437165323848,0.0370296948117053,-0.0595003241210741,0.557382970466597,0.208620678592495,0.205882034325352,0.775484653529944,0.00678343789920046,-0.616883294587671,0.287675549924398,0.0320031196923381,,383
0,0,5.63376335022174e-05,0.0840698566543576,0.0463242724167651,0.473546937095969,0.182727453012365,22.0340658303376,2.59154784510637,0.0166421816905984,0.262901769797998,0.146394521159281,35.1365743401179,1.79584432338116,0.0811231588114706,-0.0520045256545259,0.0566659408152528,14949.0984993309,-0.917738678760766,0.358770498670621,0.23856310480939,0.152485550066064,50.3896448756631,1.56449647003296,0.12396018795286,-0.010399471325742,0.466726738293039,0.20792835579496,0.211903604176425,0.960110685615542,0.0276269957641054,-0.477126209618781,0.304971100132127,0.117701021315383,,384
0,0,4.70984581016717e-05,0.0891662363404632,0.0431257801859387,0.480879575316503,0.189561478455536,24.008983319843,2.53680008846997,0.0181011695326097,0.261427313451323,0.142689249020957,34.2892590568319,1.83214443446209,0.0756273743883517,-0.0483389532041185,0.0566021491352738,15484.6536417362,-0.854012682249802,0.393111173680801,0.242316146985731,0.160493812731661,50.5785074958448,1.50981612849384,0.137312746829922,-0.01617346546391,0.468458828507553,0.216370517015291,0.21129280850414,0.940414472962516,0.0266157599685731,-0.484632293971463,0.320987625463322,0.131090348429996,,385
0,0,0.000166311385592588,0.0755293916164764,0.0477187836556757,0.496545761893885,0.194880181582734,23.8478745835564,2.54795412166158,0.0177043719020466,0.234705189985746,0.134116348970099,37.4851336558648,1.7500117755075,0.0882990420898059,-0.090128279482519,0.056525063823997,15284.3094699236,-1.59448346247167,0.110848468273315,0.259084728551844,0.164618069215916,49.4315780735362,1.57385352522889,0.121900683896787,-0.062105911320138,0.456063545783549,0.226801613740362,0.198356838048326,0.784212470794228,0.0214931547403272,-0.518169457103687,0.329236138431832,0.115521316372039,,386
0,0,0.000432617887347931,0.0554143478616828,0.0531928512478845,0.512357777095376,0.198295092552025,24.3492334287722,2.58381471019487,0.016186805935588,0.202693840765793,0.134373177413086,38.7860049526793,1.50843973974566,0.139545409543046,-0.146812220073113,0.0564157028685335,15647.0333854448,-2.60232900785146,0.00926802507050524,0.279149945894517,0.169102645163217,48.5045580954496,1.65077220184866,0.105246284652528,-0.117104255144943,0.441195636644091,0.231063390643891,0.201414714414179,0.6122911209754,0.0284891800597331,-0.558299891789034,0.338205290326434,0.0987850983298757,,387
0,0,0.000342692456387941,0.0570598040464804,0.0615286690714177,0.539450394860928,0.199687111698108,25.0161022087483,2.70147827906131,0.0122125441763443,0.215926044803454,0.146116632040972,36.0881505943212,1.47776500037934,0.14814579167545,-0.14064213771617,0.0565305176893183,18055.5862073359,-2.48789757223018,0.0128590232163117,0.311870870891716,0.17406585420923,48.9627659788278,1.79168322419423,0.079364821715955,-0.141357602025126,0.482384139758306,0.241889670612602,0.213096469578794,0.558958794536481,0.0235932478922893,-0.623741741783433,0.348131708418461,0.0731837232754641,,388
0,0,0.000348753642392173,0.0505473205514486,0.0690580812252609,0.586135967879111,0.203754767182168,23.8477965922887,2.87667364049978,0.00833441559823302,0.198856849805931,0.149885411542537,33.062642896565,1.32672584849591,0.193690381640785,-0.145355117369605,0.0567034410168593,18835.258405219,-2.56342674735362,0.0103721490718085,0.331909021252908,0.176555923139419,47.6410811177613,1.87990873005611,0.0662431007554761,-0.181382783313629,0.482435259192188,0.249883163602803,0.214284502082506,0.467918245046188,0.0243616519626869,-0.663818042505817,0.353111846278838,0.0601205179085343,,389
0,0,0.000510818513273327,0.0368738195708185,0.0598767249105561,0.625549191508091,0.206565313143425,22.8087613691901,3.02833608406341,0.00601451925744481,0.171111955172811,0.147884247112538,34.9688975038788,1.15706681755358,0.255088074323444,-0.173490655688579,0.0568277852132917,18236.5291447096,-3.05291953641016,0.00226953010214519,0.288896120081898,0.170704290981941,44.9698366010513,1.69237761054559,0.0974925850511965,-0.159851494675398,0.417940745488397,0.248529223963578,0.20471575117579,0.520100865328051,0.0411945871083367,-0.577792240163795,0.341408581963883,0.0905739985020028,,390
0,0,0.00062329814625057,0.0118774494841893,0.0439380920056911,0.639895128904164,0.204621357654132,22.6236141869484,3.12721573270845,0.00479411676503003,0.0983103992400851,0.147016233842356,37.2011145881265,0.668704378221947,0.507812629288775,-0.18882152484273,0.05690665490099,17652.6646622205,-3.31809214882256,0.000908178190149495,0.246419243940502,0.170239146115522,45.5905884814814,1.44748872138542,0.154602024191443,-0.183990945133859,0.308847542747146,0.241257380283827,0.20939652492222,0.445682037557153,0.140228376847007,-0.492838487881004,0.340478292231044,0.14776009304614,,391
0,0,0.000502099736444599,0.00630130556265956,0.0244401683402904,0.634029506981922,0.205818185707961,22.6192142511189,3.08053199867166,0.0053529253407474,0.0709635140514175,0.145859394344356,37.3272154952133,0.486520010386726,0.629442979496458,-0.165331245260721,0.0568340158451424,16845.5454700143,-2.90901923438253,0.00363038469009571,0.188869004440954,0.17322925732254,47.4491691730133,1.09028352000202,0.281094291567676,-0.145407468229185,0.232330540652724,0.234605143124666,0.21764918811774,0.535391712530008,0.285766783406969,-0.377738008881909,0.346458514645081,0.275588272366085,,392
0,0,0.000361142432433467,0.0123314632106095,0.0117269846310303,0.600047930310844,0.20791310226995,22.5585956512053,2.88605154634148,0.00843950936456425,0.0911709135370397,0.131799129024591,38.3251744035323,0.691741396257856,0.493269333382131,-0.126650883079617,0.0564080797113397,13953.9905472759,-2.24526138325813,0.0247669504736286,0.130105560508217,0.170631898227766,48.9961384151015,0.762492604604017,0.449421431705521,-0.0578798426241278,0.202331278392305,0.22848889576756,0.202834676848514,0.80002420378828,0.318513052152472,-0.260211121016433,0.341263796455531,0.445766055313116,,393
0,0,0.000268779372321792,0.027610249639605,0.00640276907051731,0.565151548902909,0.203726863753384,22.817312760664,2.7740649342496,0.0108415477072009,0.140427091330569,0.130376505000707,40.8576299222063,1.07708893814732,0.287759222695015,-0.108909123070393,0.0561380719573528,13999.1238606515,-1.94002250652873,0.0523970116918241,0.0939014575666082,0.169617037227239,47.5607019114329,0.553608641570638,0.582440141638139,0.0328522636270691,0.220655178760285,0.227919672155947,0.200236043612971,0.885390189023906,0.270472400150075,-0.187802915133216,0.339234074454478,0.579846710666842,,394
0,0,0.000231911817423199,0.0301714997196955,0.0055199657642562,0.544877673217438,0.202271416213997,22.6963668095357,2.69379472105427,0.0130486477864033,0.154205102747861,0.135593555230105,41.5735813836487,1.13725982393612,0.261942102039038,-0.103733084576945,0.0561705035966652,14702.6067088151,-1.84675368627288,0.064802928959233,0.0850276946968009,0.169316672996648,45.434007023456,0.502181463833064,0.617965130429546,0.0567961823320526,0.226851571725654,0.227066372142896,0.206476339473983,0.802486575886648,0.271907358418031,-0.170055389393602,0.338633345993296,0.615539880511846,,395
0,0,0.000151143538235141,0.035337109324905,0.0009393591389672,0.500244012019015,0.202215790691983,23.1982119506817,2.47381280318011,0.0211087682261363,0.171039578057907,0.134347472661706,44.246485781527,1.27311347708485,0.209626284861139,-0.0839009560953906,0.0561345436149355,14778.0862543683,-1.49464038882944,0.135029670988042,0.0337710524163493,0.165253489722261,44.4168847924704,0.204359087805697,0.839006435680953,0.132350986430054,0.199893091262753,0.227018666015778,0.199345095524729,0.559895956735848,0.315981990903646,-0.0675421048326987,0.330506979444522,0.838072898692979,,396
0,0,9.61810241202018e-05,0.03267304532517,2.67970901637935e-05,0.454481778327901,0.20354542023284,22.0598825176574,2.23282733557949,0.0360261228335482,0.1661534659958,0.135978336187911,44.2041494890958,1.22191130332841,0.228217364202954,-0.0675479652037534,0.05613626173472,15052.4223383484,-1.203285774941,0.228884676227518,-0.0055192439043879,0.164732535605686,41.8891098205763,-0.0335042733610262,0.973431600262308,0.172476389275739,0.161437901466963,0.229380529109467,0.198520648350127,0.452097644430994,0.416100771063681,0.0110384878087758,0.329465071211372,0.973272458097325,,397
0,0,0.000119201456291189,0.00884533590434649,0.00521578359414231,0.430408750459312,0.198658285881933,21.5046371048113,2.16657839640836,0.0416351441639019,0.0857884211059209,0.139453796898757,42.405653684396,0.615174509505846,0.541726939029945,-0.0775546033841735,0.0562228446646177,15960.8567043011,-1.37941443281294,0.167786337832147,-0.0799672057495801,0.173348135977104,40.5877346008285,-0.461309868138081,0.647039065523075,0.177399974359387,0.017465562860227,0.244059727471667,0.202177746986493,0.467304892990395,0.931158647777615,0.15993441149916,0.346696271954208,0.644576306051084,,398
0,0,0.000187286799480028,0.00383836682484425,0.00452448429061881,0.415666056358811,0.1957178700401,21.9769535593895,2.12380226840628,0.0451825246483065,0.056814610747965,0.143508703973644,40.6768131412519,0.395896619332575,0.694250286480047,-0.100631447628525,0.0563866521124858,17003.0294815355,-1.78466789317045,0.0743330251009998,-0.0756934987234558,0.178136490910103,39.7258201198774,-0.424918546092022,0.67318884959024,0.14353014525045,-0.00785685219646125,0.253433019405537,0.20561404443521,0.571160289457591,0.969518931178327,0.151386997446912,0.356272981820207,0.670896054342489,,399
0,0,0.000203881565818733,0.00577431330185525,0.00295872278165975,0.406238648566911,0.195256299636029,21.2319513637768,2.08054054759907,0.0497680161167726,0.0652555566196761,0.138205574309059,38.3856158083076,0.47216298579788,0.639483763461264,-0.0993624218670146,0.0563713433629692,15235.6523432415,-1.76264065994011,0.0779811615373503,-0.0615953316648745,0.179074071207196,39.869339792807,-0.343965663200934,0.732679663646601,0.135820033070839,0.0126293697410903,0.258772447745089,0.195452370555936,0.59967856696299,0.948479666286147,0.123190663329749,0.358148142414392,0.730872109056204,,400
0,0,6.61335767383884e-05,0.0147239386780892,1.64048687297928e-05,0.397230826968037,0.195257243272423,20.0653220607836,2.03439739448652,0.0553430595097816,0.0913119168653991,0.126401177364236,34.920995222418,0.72239767674217,0.474860291771128,-0.0495904249368102,0.0561623830200666,11788.3730673198,-0.882982919707871,0.377263505553685,-0.00442154369407397,0.175391165084234,38.7393680644268,-0.025209614702944,0.980017182329853,0.0963772993780838,0.0875342119899359,0.245578247447404,0.188363304461588,0.694725398880812,0.642139523449286,0.00884308738814795,0.350782330168467,0.979887767970575,,401
0,0,2.75712911774355e-05,0.0322457579577691,6.90212678019747e-05,0.374892593721185,0.192161215494394,18.8674140919395,1.95092746867081,0.0660768275235048,0.14591303773992,0.128453558357497,38.7247313237222,1.13592055841561,0.26297112946492,-0.0337606507541899,0.0562824545156263,13049.8788971136,-0.59984325567778,0.548621117375569,-0.00897615552337862,0.173719670180871,38.6785189647952,-0.051670346334603,0.959057301417328,0.156196247488633,0.138243936441876,0.246606729451613,0.187134263570841,0.526484259022372,0.460063688973213,0.0179523110467572,0.347439340361742,0.958791365861786,,402
0,0,4.55968227229349e-05,0.0346861604211569,0.00172798109063664,0.372149690858688,0.189186866633757,18.2290250882384,1.96710108624572,0.0645811083297507,0.159236441580345,0.133470051988336,39.6122556221095,1.19304997044775,0.239946907298026,-0.0456553773039499,0.0564616406457853,14339.1200618979,-0.80860876130701,0.41875363905441,-0.0456908981413205,0.173853977259986,39.9024940586891,-0.262811923324555,0.794047796746451,0.211580575766805,0.120198779484164,0.247211681675547,0.192795396124729,0.392070778602755,0.532987180697318,0.0913817962826409,0.347707954519973,0.79269554502349,,403
0,0,8.19720681124176e-05,0.0132915376360226,0.0108029335752298,0.384158486073759,0.187350360661179,17.9376476562403,2.0504817002648,0.0552219605174674,0.0955884363043904,0.138654240894277,35.2823924970276,0.689401461418521,0.495080024942523,-0.0613178379490019,0.056499849976263,14367.3801718476,-1.08527434983921,0.277818372310977,-0.117333062030398,0.1783168239306,39.6458088614207,-0.658003319283341,0.514338861515683,0.230006838946232,-0.00465928511456358,0.239297512399505,0.21257962583754,0.336464074051254,0.982513498103133,0.234666124060796,0.3566336478612,0.510535998271835,,404
0,0,0.000120131036507104,0.0035513872731226,0.0209742958069428,0.36368803010285,0.184300085227898,17.607911743792,1.97334705327525,0.0643624750289566,0.0545003020537915,0.160262482027206,32.4482263147334,0.340069000332464,0.735996235985675,-0.0812495353672092,0.0567662702369526,17051.1490962065,-1.43129952043809,0.15236271878449,-0.180000727999088,0.193316455669575,40.4685441211719,-0.931119533387025,0.357313461174569,0.260711662375554,-0.0992897936226226,0.241866130094816,0.255087894354366,0.281070707659384,0.697100409343986,0.360001455998177,0.386632911339151,0.351791735432556,,405
0,0,0.000198034686235222,0.00185785938459022,0.00688505135179963,0.368693040431862,0.179212079079691,15.7621946222736,2.0573001681874,0.05659584167525,0.0418467250535878,0.165537417709338,34.3328732107957,0.252793148719193,0.801935520542487,-0.103177588115787,0.0567519656436625,16687.1299578128,-1.81804430816766,0.0690752824221453,-0.102609952301658,0.195662291692079,39.6695281678219,-0.524423747745628,0.602902161957264,0.159398126550049,-0.0458217780532676,0.234902285507369,0.268524569606238,0.497409054366453,0.864504660602449,0.205219904603316,0.391324583384158,0.599983842796516,,406
0,0,0.00027471126214813,0.00156914960494303,0.00103453690217707,0.36428143581398,0.177232692880922,15.4543269819545,2.05538509793299,0.0571472781488627,-0.0407205120354344,0.174132146655782,34.7954287941458,-0.233848331956357,0.816473164929645,-0.123842669942909,0.0568009103661179,17299.5272032231,-2.18029375136181,0.0292491241748421,-0.0388975038598334,0.197237035059017,37.5552814776227,-0.197211968067734,0.844725152260012,0.00384101431626945,-0.0739539934033973,0.23603824439708,0.279034610317642,0.987016719361201,0.790982346409618,0.0777950077196667,0.394474070118033,0.843661665368654,,407
0,0,0.000376419771950954,0.00340630850200071,0.00124091340803489,0.358141498890562,0.180716817756815,15.9694860020998,1.98178289843783,0.0649867219038958,-0.0568840482444516,0.166593752333176,34.1112572630212,-0.341453670667598,0.734856619619496,-0.135935133109668,0.0566547676849766,15288.1372322118,-2.39935911246732,0.0164356925675292,-0.0400340304132541,0.186442716507512,37.1096665306666,-0.214725633498486,0.831156887180474,-0.011020501121899,-0.0910885619484072,0.228233745418636,0.26268141198453,0.961488289256809,0.728768324982388,0.0800680608265082,0.372885433015024,0.829981236062186,,408
0,0,0.0003684011951327,3.65549845573258e-05,0.0077573798199916,0.331831283032352,0.18215698900465,15.6850121362235,1.82167747087585,0.0876293126763289,-0.00556240582879321,0.152408680726062,36.4370706501233,-0.0364966470564168,0.971085572610158,-0.117036009828507,0.0561938377573041,11770.1113773974,-2.08271964506098,0.0372983228183114,-0.0937304461794539,0.174118939648421,37.0656962796149,-0.538312755457353,0.593579339735121,0.101816508829423,-0.0856443835294845,0.208283850053152,0.24495610595972,0.62495826870213,0.72661522848836,0.187460892358908,0.348237879296842,0.5903611467002,,409
0,0,0.000227327989342908,7.43461531172133e-06,0.0202253762629027,0.301795532329079,0.182806511732148,15.2928620779022,1.65090143381367,0.119140357685749,-0.00260908955424739,0.151366335659962,39.9629598364736,-0.017236920897052,0.986333379536474,-0.0854790850340999,0.0559207024726984,10275.9703791163,-1.5285767391036,0.126400185478242,-0.150255351277094,0.17175553618308,37.0738752691982,-0.874821007905866,0.387303653276329,0.169525549715827,-0.130985152838361,0.199574665945638,0.24637982274145,0.395639721196678,0.594975962864101,0.300510702554188,0.343511072366159,0.381671304719284,,410
0,0,0.000138347994248485,0.00105205121827477,0.0135985275527753,0.285988475881756,0.186172202385162,16.0410805751713,1.53615025346313,0.143989934716501,0.0334228919018948,0.161722940758729,40.5555938106957,0.206667599198296,0.837303578036305,-0.0698110488520784,0.056039071569487,11215.883971783,-1.24575669968969,0.212879752733479,-0.12708319815698,0.172811754760018,39.2275818682199,-0.735385149774444,0.466479238503844,0.179011187334365,-0.0751552089795954,0.203120976781877,0.256750168448124,0.378153679920597,0.769738266476446,0.254166396313961,0.345623509520036,0.462104963334451,,411
0,0,4.85378238228829e-05,0.010293920455379,0.00317336271852345,0.287151021288354,0.185118311771837,16.6332414213685,1.55117566998059,0.139677195129305,0.107142877523337,0.173589005647768,36.6275281802496,0.617221563793863,0.540906902712329,-0.0427472470860603,0.0561120028297135,11956.4810783376,-0.761820019431279,0.446182456753928,-0.0623244735195424,0.176061214197461,39.3631433052616,-0.353993205168076,0.725233187891969,0.178542669116778,0.0538937220776928,0.204007329883579,0.273010756325844,0.3814772158992,0.843510520512899,0.124648947039085,0.352122428394922,0.723343975457203,,412
0,0,1.91494760570266e-06,0.0217679385300044,0.00134525865726607,0.299239264631236,0.181379493635107,17.4429944974675,1.64979655987593,0.116875300606734,0.156396447564981,0.176397857085999,35.3257790875059,0.886611947268348,0.381284204368263,0.00790782492439658,0.0560685169926185,10387.6719397016,0.141038596141889,0.887842186586767,-0.039545019477968,0.17428176882685,38.2198732249619,-0.226902789340268,0.821708627570039,0.201699776896759,0.122609737940823,0.190418199416196,0.281395036494169,0.289487615149244,0.663039138487914,0.079090038955936,0.348563537653701,0.820499333041829,,413
0,0,3.44553565979425e-05,0.0115938228245425,0.000612632449753056,0.298663186945817,0.178469903328752,17.7434917174293,1.67346528112173,0.11177309749402,0.117203169241164,0.18897357853524,32.7933155505249,0.620209291423814,0.539406388373081,0.0356035708767848,0.0563310676742023,11593.6300310176,0.632041471017423,0.527372241649576,-0.0271196252763778,0.179513311978931,37.2312749476837,-0.151073059582126,0.880733673823151,0.148271792584102,0.0940325420313463,0.193022964373295,0.299370363334311,0.442394373922871,0.753444300781718,0.0542392505527555,0.359026623957862,0.879918083900238,,414
0,0,3.08904169675798e-06,0.00291536655759718,0.00241075770915637,0.280898756120754,0.181249231572616,17.8079804154807,1.54979281116684,0.138780203841415,0.0550438080886958,0.183142965308278,30.8940835141831,0.300551036705354,0.76577019220399,0.0113345949922374,0.0564320217814871,13059.7745867106,0.200853959054074,0.840815897117389,-0.0571108159415078,0.185943524534485,39.0366737904969,-0.307140655123572,0.760368879980134,0.120470760386599,0.00624912850358305,0.202244492450769,0.295181317907006,0.551396418379629,0.983109667100154,0.114221631883016,0.37188704906897,0.75873631392375,,415
0,0,2.30412738110043e-06,0.00181512928020971,0.0142246347732586,0.278336405261134,0.180214409047383,18.2489285849091,1.54447364521198,0.139638182574495,0.0417460732773985,0.173721103093166,31.7562729396799,0.240305135841845,0.811638271695664,-0.0102327149373589,0.0564687509172923,14251.412257413,-0.181210222842477,0.856205147701295,-0.141363262932398,0.188172849800858,39.1107400738116,-0.751241547768459,0.457004050629981,0.20369381133855,-0.079032714526247,0.209996300649551,0.283379629379495,0.332052664316188,0.780326616919481,0.282726525864796,0.376345699601716,0.452507299963047,,416
0,0,5.1756428678115e-07,0.00127702740572136,0.0225138266005409,0.25544412845257,0.181149530265599,19.2586658095927,1.41012857211411,0.174448552899007,0.0347105629690404,0.173875173450343,31.1668552983179,0.199629206862896,0.843067361379733,-0.00482901762486391,0.0564515318598406,14138.4432235283,-0.0855427207334873,0.931831144936677,-0.174326334624566,0.187712346853229,37.4456716539098,-0.928688696012472,0.358998568054565,0.234421258600342,-0.114231410648791,0.208724962826799,0.283722993602781,0.261390442655256,0.687230753277793,0.348652669249133,0.375424693706458,0.353050440639858,,417
0,0,1.96200029165026e-07,0.00542772780378339,0.00945022152752589,0.257722865838798,0.185822406849106,19.390765112254,1.38693104996793,0.181200813983877,0.0757707232914787,0.171473804978235,35.7787845890422,0.441879290548759,0.661235967762009,-0.00287631993832146,0.0562859968978084,13309.891215248,-0.0511018742999906,0.959245109309165,-0.110787027262975,0.178919932875551,40.1878415418802,-0.619198909156944,0.539279916734303,0.202689896629588,-0.018884157896361,0.198390605791869,0.276912096261561,0.306936717439407,0.945630011885688,0.221574054525949,0.357839865751101,0.535785330393184,,418
0,0,7.28068063191621e-06,0.0129510313167532,0.00255965797637508,0.280787626294816,0.185203463071,19.455474472087,1.51610354168795,0.145573257029933,0.117577292929065,0.160774650807508,40.7611200581806,0.731317358417642,0.468768892768184,0.0180307052137953,0.0562224002890393,14126.4005820412,0.320703227203028,0.748440045267477,-0.0535009921572901,0.162872852278382,42.046636380404,-0.328483178190103,0.744176745811512,0.178868780435575,0.0718667961209947,0.201865490075237,0.245081438614139,0.375574934686882,0.769341471398166,0.10700198431458,0.325745704556764,0.74254636118284,,419
0,0,1.21879029966979e-05,0.00496545786456262,0.00316117697883945,0.274722809527503,0.18484822423844,19.3075551907528,1.48620745835855,0.153371559583757,0.0699186684100982,0.154545564321424,41.0158828730743,0.452414591884898,0.653354205111291,0.0230110974657713,0.0561778071140995,13766.096714816,0.409611884975053,0.682097050457865,-0.0592824402881598,0.164098877171674,41.1544743849896,-0.361260487030271,0.719752784510041,0.137833464038464,0.0192685834621442,0.202435047848078,0.239058944294662,0.495949022581691,0.935758627200424,0.118564880576319,0.328197754343349,0.717904728712699,,420
0,0,2.05762179396654e-06,0.00302692557863697,0.00402487289854223,0.264167190745067,0.186671915379303,18.6490330550887,1.41514158789393,0.173509173498393,0.0595820077999907,0.169163429548233,40.8600591993158,0.352215652987825,0.726486768119309,0.0103210612922684,0.0563806604339876,16286.2820517493,0.183060312043571,0.854752974601368,-0.0715650236397761,0.180004364313117,39.1139693075,-0.397573825017315,0.693105854191247,0.141567903303103,-0.00156214397644966,0.213926225359654,0.266822515568162,0.508124792148391,0.99532871715305,0.143130047279552,0.360008728626234,0.690944358011172,,421
0,0,3.63950172461944e-09,0.000403151969679288,0.0100758989504482,0.241267503519748,0.18976925404289,18.3800130946863,1.27137298787726,0.219450013850171,0.0225822479331697,0.176474452862985,40.6000666371752,0.127963269282396,0.898809785994621,0.000447098706461329,0.0565365066679244,17183.3151331813,0.00790814170899221,0.993690373395992,-0.119376665545565,0.193849940995777,37.2585231199886,-0.61581997359579,0.541757346676649,0.159341831444142,-0.0794114996469886,0.226971028720617,0.283127985238016,0.482656717547713,0.779109911506165,0.23875333109113,0.387699881991555,0.538013343344673,,422
0,0,1.04680361166934e-05,0.000167689065446913,0.00800519735048961,0.266106300657177,0.189050860249598,18.6437632305575,1.40759105938923,0.175707030200894,-0.0141303584871305,0.171154579301445,40.6398163309248,-0.0825590442557982,0.934607469559385,-0.0234805117767328,0.0565992374471982,16440.8473970543,-0.414855620601567,0.678253012571924,-0.111709330294295,0.204987583306457,36.8011287543807,-0.544956570014727,0.589070980610472,0.113845418148264,-0.109573242440327,0.234404888257075,0.286296242402213,0.627195118645523,0.701922347052311,0.22341866058859,0.409975166612915,0.58578338771487,,423
0,0,2.38550379768423e-05,0.00129572211258197,0.00152447654443878,0.310939186246908,0.190029524717928,17.7445289783126,1.63626776790845,0.119396240817237,-0.0394001784261157,0.168806786929732,41.9895876412761,-0.233403994843622,0.816581859938052,-0.0361118222895614,0.0566635942127606,17025.5087884892,-0.637302006540014,0.523936713766584,-0.0514386933814611,0.213039443521822,38.1835668687893,-0.241451500863464,0.810497167833855,0.01952871065826,-0.0833486761046623,0.245168477396896,0.287182798600183,0.936512248715291,0.77164131905387,0.102877386762922,0.426078887043644,0.809205201270036,,424
0,0,1.85011539750716e-05,2.81715909247477e-05,0.000756196301406027,0.309810572738668,0.190131047439189,16.955106724483,1.62945808646932,0.121652302445826,-0.00619730882381795,0.177590233288321,43.2259466357731,-0.0348966759549018,0.972322784211556,-0.0346932515513202,0.0568173906663645,20152.1129079205,-0.610609729599187,0.541464866090621,-0.0377092412597689,0.217474624672783,39.7297034402073,-0.173396051684223,0.863220569891474,0.0370029272158822,-0.0384155553036556,0.261607750828574,0.291264791145683,0.887518953573847,0.895069554924731,0.0754184825195378,0.434949249345566,0.862340128399604,,425
0,0,2.2234768440919e-06,0.000723831391041505,0.000853048347769911,0.288365991696274,0.189300378086286,17.4204156660062,1.52332496433172,0.145624423082639,0.0301296812240407,0.172918281203684,41.9136391566751,0.174242312694228,0.862513936721285,-0.0115291592716809,0.0567827441087202,18540.8204380863,-0.203039839878227,0.839106121016017,-0.0405400307856444,0.217780772304924,40.5867991835003,-0.186150642945111,0.853253920510006,0.0765729094749631,-0.00450715209632563,0.256416127454656,0.290189175162528,0.765224273345354,0.987607937181652,0.0810800615712887,0.435561544609848,0.852326628569509,,426
0,0,3.73752789136138e-07,0.000708011868642432,0.00163544579871127,0.277764415587167,0.189496137044883,19.407783398147,1.46580516056312,0.158716348649987,0.0275960311611596,0.165895815877843,39.0547853773909,0.16634555256945,0.868743241125193,-0.00467719364186983,0.0567919111619455,18147.3463937726,-0.0823566868269767,0.93436398619277,-0.0567651374825537,0.220926782607151,40.3013551997025,-0.256940950357715,0.798531629469645,0.0926269693648571,-0.0209033056002504,0.255401266052265,0.287752975818412,0.716849680280224,0.942090025022281,0.113530274965107,0.441853565214302,0.797224357684963,,427
0,0,4.59204323779568e-05,0.00107829136463275,0.00415292604122435,0.249636149152502,0.187384953409068,20.122819787142,1.33221021544637,0.197683104759499,-0.0320457102134122,0.157326668081844,38.4353142321362,-0.203688990583221,0.839671180470732,-0.0508181121539797,0.0568131006650293,17422.6478309253,-0.8944787656214,0.371078142353806,-0.0901857331063222,0.217765245786128,41.1279435779326,-0.414141993965813,0.680922099461202,0.0712723313978657,-0.109099134814779,0.256565533945602,0.274138444463444,0.781170600632626,0.690651605792944,0.180371466212644,0.435530491572255,0.678770119841163,,428
0,0,0.000108054832006375,0.00166201875757904,0.0109511879748055,0.22544414145378,0.187232476717549,21.0031451560586,1.20408673434297,0.241950893009567,-0.0391436370877395,0.163390766906378,34.4753753421075,-0.239570679720039,0.812081757599097,-0.0790094369684749,0.0568625319731586,17865.4690638343,-1.3894815131653,0.164703694357363,-0.146455735632788,0.216362661019866,41.381347924107,-0.676899308514885,0.502236432363532,0.128638109172279,-0.164273362093297,0.259656626454002,0.27625474483094,0.620306334556832,0.552081133768367,0.292911471265576,0.432725322039733,0.49846984287243,,429
0,0,7.85379614922363e-05,0.00233396378846289,0.0139136865643521,0.230163323680792,0.187734184377665,23.7988359660877,1.22600646463924,0.232189812805112,0.0467275997203743,0.172506817961363,31.3635700279023,0.270873929926875,0.788262765155438,-0.0713519114447436,0.0568709395499966,20040.8751671336,-1.25462867343727,0.209628220909108,-0.167230107268634,0.221807320423949,40.285606036431,-0.753943138346386,0.455267753380721,0.238308757696547,-0.0961514568407221,0.269411077823081,0.286164544409136,0.376397003106874,0.736870418706072,0.334460214537269,0.443614640847898,0.450883365962963,,430
0,0,8.69892576549939e-05,0.0061699120840981,0.0322515100045423,0.231514651443112,0.189853589456257,24.7988462215515,1.21943784210861,0.234149834156953,0.0707355769385511,0.165798339362639,29.3189634793148,0.426636220908319,0.672760777497061,-0.0708975346646124,0.0567784960784836,17922.1906153871,-1.24866876654521,0.211802559367875,-0.242302787549162,0.215268900629839,38.0160232456716,-1.12558194351449,0.267398557015098,0.348321051095749,-0.136284524002575,0.263946162640326,0.274259982557702,0.186946209227715,0.619247386780947,0.484605575098325,0.430537801259679,0.260342514513151,,431
0,0,0.000178456460838011,0.000335303076387543,0.0369393998196162,0.211405864377027,0.187830222173347,22.2759856351241,1.12551570205737,0.272351393284789,-0.0167107397136714,0.159588786214418,32.6891345993728,-0.104711240119462,0.917244804089276,-0.0990213372368565,0.0567245613513598,17072.8292256354,-1.74565188126365,0.0808894493021237,-0.254116213396629,0.214337775381427,36.6463811043178,-1.18558762189453,0.243416097958614,0.274408360896853,-0.233824065896406,0.267079163620577,0.264134146406259,0.304212364010327,0.376023213492813,0.508232426793259,0.428675550762853,0.235785192896325,,432
0,0,0.000188495325484696,0.000878644261600485,0.0271985938980154,0.218813904314603,0.193277899208186,19.924267838854,1.13212066775887,0.271025455157022,-0.0302163042777726,0.167170330803981,37.1509096060982,-0.180751597083357,0.857545016388785,-0.112596781224978,0.0569626217007409,20724.7622718358,-1.97667835263125,0.0480912342394601,-0.219172728229641,0.219321896947174,35.7179707611066,-0.999319864000775,0.324362055542399,0.220871049290571,-0.217474407168712,0.282824102475289,0.267072903780118,0.434832804428541,0.415479668411099,0.438345456459283,0.438643793894347,0.317639765795936,,433
0,0,0.000149345191432102,9.81854609024005e-05,0.0204179315130493,0.222832306075994,0.19602093344756,18.7681058892519,1.13677810913806,0.269937737861049,-0.0105859119191171,0.181985273979804,34.4583304792266,-0.0581690577903128,0.953949992233582,-0.109656229558694,0.0571393523846145,24656.9799349859,-1.91910172205977,0.0549829913481797,-0.184913171215942,0.231279675343569,30.6683096284371,-0.7995219248784,0.430137186944394,0.201253212298444,-0.168573130133439,0.294334470538908,0.290879877894853,0.494128714239438,0.562232736007368,0.369826342431884,0.462559350687138,0.423987838780171,,434
0,0,0.000172774892081911,0.00106806823474573,0.0116380284397079,0.230437993625718,0.194753164251372,19.4196260175553,1.18323106333865,0.251000868112027,-0.0340656754266008,0.179414300956664,33.7176106007242,-0.189871572360495,0.850548243290612,-0.117074080015542,0.0571406899821516,24292.6489851442,-2.04887410446236,0.0404851472075223,-0.129224610990316,0.222445629123564,28.6602072495349,-0.580926725777714,0.565830540576646,0.113975852602656,-0.144473369377976,0.288648559416174,0.280378293538963,0.692946000844964,0.606357267318823,0.258449221980631,0.444891258247127,0.561289839119841,,435
0,0,0.000183297486229329,0.000350596884520314,0.00797757415807569,0.246676674647583,0.192962857906966,20.3575704060403,1.27836350126259,0.21550460926881,-0.019304098444715,0.179389571412308,33.017510243769,-0.107609925664779,0.914956379529542,-0.119757222247903,0.0570373066446283,24046.356841501,-2.09962968612897,0.0357718231437007,-0.106641139072956,0.220599581819106,29.0596795515174,-0.483414964768168,0.632423729350869,0.102865487195004,-0.110416790950907,0.287455903694293,0.278767554820927,0.72045715310547,0.692039296297986,0.213282278145911,0.441199163638212,0.628801124724912,,436
0,0,0.000191272435893835,0.000931653349858159,0.00744968325600443,0.254319132370161,0.194627575995167,19.3635694097731,1.30669629455015,0.206623178293919,0.0330401996836574,0.174102751131324,38.6202347096187,0.189774138943591,0.850480058694225,-0.121192641576918,0.0569557702606495,23666.911075619,-2.12783781208292,0.0333608384018823,-0.110970733524092,0.219029097771274,34.2001498926525,-0.506648361579684,0.615652594338771,0.160169829492837,-0.0617716375553478,0.292459442042814,0.266655101047957,0.583921880267089,0.816807004604778,0.221941467048185,0.438058195542548,0.61240156882273,,437
0,0,0.000243454398264523,0.00243341996827911,0.00684287843079508,0.254908221649973,0.193411384304555,19.8343796193805,1.31795872598989,0.202537393897628,-0.0526816533955704,0.16996443111824,39.3846986738957,-0.30995693068817,0.758227903049771,-0.13102891459237,0.0568200534077046,21837.7375873517,-2.30603293615707,0.0211181114741064,-0.103542240373088,0.210335131025531,35.1714780311989,-0.492272688201194,0.62558548815719,0.0659377904002657,-0.141146690345911,0.277774929478943,0.261697330229054,0.81236318354519,0.589644754225707,0.207084480746176,0.420670262051061,0.622526584951409,,438
0,0,0.000442845745484893,0.0318295384758936,0.0042965187239254,0.24160130891286,0.191789576526494,20.0010217446868,1.25972074858555,0.222271850864623,-0.182268183051349,0.172609922009146,33.9165526239103,-1.05595426340376,0.298453074858251,-0.165406635600865,0.0565514312048103,19309.6236981255,-2.92488858507962,0.0034498033003994,-0.075361807112674,0.202214425325616,32.1878269356594,-0.372682646113514,0.711827530257023,-0.0959326391134957,-0.246656253338844,0.252043454371516,0.272965726712851,0.703485652247607,0.366198946898802,0.150723614225348,0.404428850651232,0.709384653863162,,439
0,0,0.000562257705919998,0.0330058114487136,0.000193283244428654,0.252068115056891,0.195895803497222,20.1973702455002,1.28674586467323,0.212736192674183,-0.183997366058236,0.160401869592214,38.5511919090621,-1.1471023780833,0.258408849324893,-0.178855191487249,0.0563900996353282,17882.0665536697,-3.17174810195221,0.00151780368528612,-0.0154722439805893,0.185542451546677,35.9701187994512,-0.0833892397756582,0.934004400506698,-0.166272146199772,-0.19721663416095,0.243895209619642,0.243680154243364,0.495405895343191,0.418327773571822,0.0309444879611787,0.371084903093355,0.933542044127585,,440
0,0,0.00069850954685769,0.00989280150589573,0.00136226276435133,0.268213097827871,0.193231088470197,20.3907820992942,1.38804319714443,0.180104663923817,-0.0984734205593494,0.150775870677821,42.6910936126128,-0.653111271164658,0.517186657498532,-0.195858377583935,0.0562814231600641,17325.2038353441,-3.4799826761117,0.000502679352099969,0.0380123225896165,0.161160959296717,40.7827223197195,0.235865576598059,0.814717499307965,-0.142020870824296,-0.065996225645063,0.242709855516157,0.200340607565396,0.558449080633751,0.741838167187376,-0.076024645179233,0.322321918593434,0.813536980571561,,441
0,0,0.000711567572464217,0.00329424986670848,0.00022275499483541,0.255101373704527,0.183742256246411,19.3975612411915,1.38836530537873,0.180765080766325,-0.0577946795847104,0.147883944632457,46.2108646529987,-0.390811049355969,0.697732904232588,-0.190817588314061,0.0560024242329725,16304.1387614818,-3.40730943218193,0.000657651926622818,0.0143400151602386,0.148211661799379,42.0155704487552,0.096753622394771,0.923382110962557,-0.0742228022156504,-0.0455427718951732,0.231280333089556,0.189270186466995,0.74826997605667,0.809847274044471,-0.0286800303204772,0.296423323598757,0.922922055031018,,442
0,0,0.000591061648651522,0.00291577792619128,0.00355125781038513,0.185557911245769,0.178716646695382,18.503892714196,1.03827995140289,0.312517920477288,-0.0544593742269783,0.148394612666108,46.0560220630206,-0.366990238045323,0.715307163315486,-0.161855844913485,0.055856564902634,14197.7255067286,-2.89770495546267,0.00376478865732202,-0.0564201225558581,0.149657965710376,39.8787132444135,-0.376993782376037,0.708176969042034,0.0101763100343819,-0.102663935077334,0.217280032895107,0.203732754092745,0.962644734787203,0.614321301441749,0.112840245111716,0.299315931420753,0.706178225553026,,443
0,0,0.000426453940935024,0.00088105799754963,0.0114505857063772,0.141380286242159,0.176457940332271,18.3051676885591,0.801212379425598,0.433286213422625,-0.0299804156678931,0.151863596457191,44.195762733717,-0.197416736909325,0.844406595178153,-0.142055007832099,0.0560519002505292,15054.8016382693,-2.53434775979352,0.0112757329664271,-0.10430013433773,0.157501885553352,37.8589794118195,-0.662215147274539,0.511844587226722,0.0895072820909453,-0.119092986584515,0.221714546708939,0.214454174937553,0.686429625851771,0.578668485473075,0.208600268675461,0.315003771106703,0.507833347966855,,444
0,0,0.000247654881904291,0.00238164621029477,0.0110305916480306,0.137741080199134,0.175245389772876,17.8144431889446,0.785989750587167,0.442203431306931,-0.0514766669223129,0.15726487362923,44.8791434484913,-0.327324632223182,0.744944324639076,-0.107651853229496,0.0559688052996251,14934.6994116814,-1.92342596296615,0.0544455641313842,-0.101056348578272,0.152473829719724,39.3840738524151,-0.662778319164887,0.511333024279128,0.0642949043436721,-0.137817792812871,0.216633446394943,0.218868350092067,0.766625910826206,0.528901667826828,0.202112697156543,0.304947659439448,0.50747254118953,,445
0,0,0.000141953488394858,0.0048309655445289,0.0127974054845644,0.145886163704719,0.17435218073486,16.9734968724464,0.836732658518166,0.414368572422954,-0.0788859133969999,0.170441996599981,44.12742698751,-0.462831432221139,0.645759607268542,-0.0866063987618282,0.056088533840825,16793.6099431024,-1.54410166982811,0.122582546820717,-0.114788954557188,0.158826864477784,40.2936522475588,-0.722730093140158,0.474020023530559,0.0526179240167612,-0.176959985097615,0.226777399022149,0.235514355905917,0.816518945713851,0.452426018025653,0.229577909114376,0.317653728955568,0.469845723402468,,446
0,0,7.56207168029501e-05,0.00803194117032482,0.0139467113917444,0.172177167659614,0.179560419125146,17.6569953881825,0.958881520206373,0.350565440651695,-0.105137541086444,0.178915495065997,42.6478254248603,-0.587637985450403,0.559874064593317,-0.0709113529541974,0.0562930111117731,20982.0999359802,-1.25968306817695,0.207797727159282,-0.131978454669463,0.173216407394595,41.044653731345,-0.761928137493406,0.450459133569185,0.0460588289120807,-0.217898080426845,0.240294942557101,0.25316160795393,0.84799582567837,0.389399192351785,0.263956909338926,0.34643281478919,0.446102895446433,,447
0,0,1.90749713241447e-05,0.000295622459733197,0.020683903654465,0.198481707233815,0.186877783935535,19.0313181911679,1.06209364780504,0.301485689994045,-0.020150869216544,0.17634804364022,44.1550564325778,-0.114267608534718,0.909543676840436,-0.0362458031071832,0.0564259237457779,21631.46437757,-0.642360828162699,0.52064573507914,-0.164456460381926,0.178331531357414,40.2657679166408,-0.922195077506069,0.361919787026307,0.168252759957838,-0.160660160806014,0.250227987767564,0.248872236451489,0.501330453780749,0.518569034976962,0.328912920763852,0.356663062714827,0.356426830259211,,448
0,0,2.77614794071881e-05,0.00062122591759835,0.0354251082267642,0.22393424710146,0.189209786336946,18.367964243627,1.18352359799549,0.251693371501992,0.0290229234832756,0.171501672434717,46.0708420036235,0.169228224257249,0.866357989076009,-0.0427069128040362,0.0565652686023226,20532.5073227205,-0.755002386787616,0.450256209951765,-0.223049566279481,0.184864777429172,39.6386804710953,-1.20655524206032,0.234755245662704,0.284551637133277,-0.161547495425684,0.257261009733632,0.245737929696129,0.268691256062211,0.51092537232888,0.446099132558962,0.369729554858344,0.227603472463715,,449
0,0,8.76695207982003e-05,0.00121626954561569,0.0545647699222879,0.200207505094026,0.192292540368276,17.4689136578196,1.04116105965729,0.311996955940929,-0.0402116458470418,0.169649968587907,46.1357683359388,-0.237027134055763,0.813685091171944,-0.0751559867290988,0.056537826204386,20154.0457633267,-1.32930449885724,0.18376257740479,-0.271513569759505,0.180303632370725,39.291045087179,-1.50586855178404,0.140098822135355,0.270838110386215,-0.272189029132794,0.252488245588254,0.241355809847604,0.28341646053141,0.259425489422253,0.54302713951901,0.36060726474145,0.132100921041624,,450
0,0,0.000255965580780513,0.00652808721760112,0.0816515191276547,0.173110011814826,0.19271250802211,17.3994735147804,0.898281142161071,0.381298360860598,-0.0910980169553122,0.167512797658086,45.0081858250319,-0.54382720740689,0.589244275644349,-0.128353405422584,0.056369663280045,20250.2859908814,-2.27699436104352,0.0227969451640408,-0.342588663070805,0.186306473458845,38.0306130787901,-1.83884465585402,0.0737562724752461,0.30137636372054,-0.38380096242107,0.258066727892894,0.24213850859893,0.242878007016174,0.112955613089643,0.68517732614161,0.37261294691769,0.065938037962935,,451
0,0,0.000321495133264354,0.00396045115013765,0.0991017695567314,0.158356847479309,0.193489464261237,17.1029962937432,0.818426202604531,0.42437080162199,-0.0723748743486599,0.172089944951356,44.4832567989262,-0.420564225115637,0.67609817550646,-0.144880475584651,0.0563706203731152,20539.9814981297,-2.57014158484849,0.0101726787680882,-0.395921355717688,0.200457478394689,35.4623616515682,-1.97508897591808,0.0560825873554733,0.381198187552481,-0.410644523882895,0.261305930324403,0.263519124760636,0.144614793078292,0.119159746683445,0.791842711435377,0.400914956789379,0.0482580516588337,,452
0,0,7.53914782604251e-05,0.00403657121183781,0.0754636502916466,0.16233504978307,0.192923042396423,17.3716671859793,0.841449770678509,0.41153006057545,0.0720676007535218,0.168504049060228,45.1325860232984,0.427690617260851,0.670910253115345,-0.0688725154587195,0.0563448938548538,19816.5367910805,-1.22233818801997,0.221594301878628,-0.352794227447357,0.201662970533617,37.49529739499,-1.74942492671725,0.08839950240481,0.476233619215143,-0.229354835679571,0.26113500645562,0.26116099737419,0.0681964495386949,0.37982844448551,0.705588454894713,0.403325941067235,0.0802175952330866,,453
0,0,6.59523339142165e-07,0.0244235940862072,0.0699212284676191,0.167577694556172,0.188117808668427,18.2175702872013,0.890812495331267,0.384643923102604,0.170091737761491,0.155387378084832,47.8615406038462,1.09463033521701,0.279156878927645,-0.0062824779865413,0.0562375447239495,18922.5121422422,-0.111713233879249,0.911051970792044,-0.33118001008612,0.199035113334947,36.8281167478595,-1.6639275579922,0.10461450956332,0.549496205456643,-0.112863814715598,0.266404661972134,0.23857020469205,0.0391470965461299,0.636153048001982,0.662360020172241,0.398070226669895,0.0961269070590555,,454
0,0,3.88540770298767e-06,0.0315940051055879,0.0533048910186823,0.174217793710975,0.18447809777113,19.5371139163647,0.944381993395852,0.356508063924631,0.183576342263619,0.144431133817118,49.5181679878387,1.27103026481858,0.209656401936237,0.0148840352928114,0.0561554459181164,18080.8705788428,0.26505061173434,0.790973494538183,-0.279728474215761,0.19853717548687,35.255976535492,-1.40894758641441,0.167609911820947,0.504037208338868,-0.0554197400926537,0.272522750270537,0.219963019811707,0.0643822696411449,0.801079510268256,0.559456948431522,0.39707435097374,0.158850667062381,,455
0,0,3.11836898174447e-05,0.0209371863447819,0.0435296323967328,0.17799321552256,0.182117007380304,19.4062891698884,0.977356360523036,0.340420053413507,0.149946593523973,0.143426424209994,51.1101438226534,1.04546002837268,0.30072981119107,0.0418049029038215,0.0560340335692127,17848.8245775474,0.746062709410067,0.455639359944658,-0.242731485809568,0.190884524189752,35.530171945318,-1.27161427486011,0.211771329543457,0.42802319042511,-0.0574397811940267,0.264056248492224,0.214882706560576,0.105027375921243,0.789232333428374,0.485462971619137,0.381769048379504,0.203510202326225,,456
0,0,4.49115696330565e-05,0.00536696424395838,0.0537825215996213,0.184094585888949,0.178907669098647,18.2433328210113,1.02899214335771,0.316933749052805,0.0788011612926065,0.151569734741745,50.0926990074312,0.519900370788886,0.605423078151348,0.0510599060509168,0.0559261238191658,18558.9261684426,0.91298846700008,0.361260466972771,-0.288412936663617,0.198244086331385,37.2373525713677,-1.45483752883052,0.154092746676824,0.409211069435312,-0.167614803891923,0.269898954711123,0.230076790884763,0.129477897267024,0.466297297868927,0.576825873327234,0.39648817266277,0.145714245860022,,457
0,0,4.12731818881294e-05,0.00377980766059945,0.0573756172600402,0.164483093319474,0.175526529248553,18.2054941871916,0.937083949780375,0.360981265063357,0.0680280120491132,0.153548933322523,51.7329913846391,0.443037998227075,0.65958541412182,0.0496704405512612,0.0559774912534022,19075.8230832337,0.887328807330971,0.374913087422459,-0.311566146248954,0.200909049256981,39.5105273908005,-1.55078204491642,0.128927974565636,0.424962562050108,-0.1981697304478,0.276907041537541,0.23010726634637,0.124863459533117,0.389124663023055,0.623132292497909,0.401818098513963,0.120953924884505,,458
0,0,5.32958699441566e-05,0.00258752174376794,0.0695341024362234,0.139984887275659,0.17776370759867,19.6884437293818,0.787477315626751,0.440380268135904,0.0572263833290212,0.156419077279839,51.5945642864576,0.365852965790363,0.715970606365479,0.0558492395207106,0.0559848238191958,18671.4133596732,0.997578195495924,0.318496866460062,-0.340128493274137,0.198278788024905,39.376410743326,-1.715405347502,0.0941312345734718,0.446882358957112,-0.233374627591163,0.27370272147671,0.232430980573642,0.10252601444198,0.315349741320887,0.680256986548274,0.39655757604981,0.0862709356711667,,459
0,0,0.000118869510051847,3.44634264914445e-06,0.0925200214651558,0.0982033910296104,0.180488258227035,20.451568075055,0.544098502552342,0.592256748922221,-0.00206247546360961,0.15688500092583,50.1481343576176,-0.0131464158551695,0.989563142499235,0.0763527909458379,0.0557725396624023,15764.7428492049,1.3690033017684,0.171017747213211,-0.408342440792851,0.20233417931105,39.949547416992,-2.0181584850531,0.0503245836757928,0.465740355830657,-0.350944525755045,0.259098209789445,0.250715676121024,0.0722493463575525,0.161581912913326,0.816684881585702,0.4046683586221,0.043574758246027,,460
0,0,0.000234306377743852,0.00206366231877428,0.112416177394429,0.0621941663669374,0.188111384812015,19.7484986441465,0.330624148182683,0.744410446524197,-0.0486926915121197,0.151529746582786,49.933955600105,-0.321340810040339,0.749293353600569,0.102158236923622,0.0555745865579566,14418.1127468405,1.83821856806951,0.0660507637770681,-0.478410887434641,0.208601094942981,41.5288118776898,-2.29342462255728,0.0269542953185917,0.499381535671776,-0.457440239197506,0.259791838176824,0.253193818364248,0.0545759179383252,0.0708121684778658,0.956821774869282,0.417202189885962,0.0218235704056353,,461
0,0,0.000273930618501364,0.0026981158772992,0.0975845853409882,0.0845057658368975,0.189859312051227,19.9797354351243,0.445096766252353,0.661034597078696,-0.0543696357343964,0.148061063635242,49.8421948581584,-0.367210895285337,0.715016295078038,0.112432264514383,0.0554938580594428,14980.7141394512,2.02603077972971,0.0427793170652851,-0.437231066862673,0.205650526968262,41.8010947458743,-2.12608775337664,0.0394459239517496,0.446528411039859,-0.427933722685487,0.254022584462455,0.249830098849594,0.0787765119552205,0.0867311250965859,0.874462133725345,0.411301053936523,0.0334959534485394,,462
0,0,0.000211422055189586,0.00226646087159573,0.0853094810699222,0.0858179142451792,0.18809181161716,19.8151267738915,0.456255450502291,0.653167603675319,-0.0495308545180626,0.147411618462132,49.6997904938825,-0.336003735898107,0.738282503790675,0.0964732490565887,0.0553026238833234,14390.6435567725,1.74446061112989,0.081100152662411,-0.374009438604121,0.189480081050981,41.7748479922119,-1.97387206364711,0.0550338938484427,0.378939607602098,-0.369079269606145,0.238190149809067,0.238691969855039,0.11162934378255,0.122042370414077,0.748018877208243,0.378960162101963,0.0483962920547181,,463
0,0,0.00011527536061292,0.00501914215850372,0.085755033395167,0.0945734069050163,0.187049992249467,20.2460452009464,0.505604976336404,0.618594384574722,-0.0770351723464276,0.155452891457014,48.6817001757259,-0.495553164848847,0.622439413865934,0.0736956398531432,0.055256847005623,15428.5400328784,1.33369245345548,0.182324357097336,-0.348591990743157,0.179825541218932,40.0622202764908,-1.93850099591113,0.0596303073686972,0.322316704768101,-0.374867276718212,0.235337082344197,0.236939987708434,0.17081307795612,0.113622387377825,0.697183981486314,0.359651082437864,0.0525621294308092,,464
0,0,3.37221341008817e-05,0.00958217494468947,0.0822473583545856,0.113477054108395,0.184232247070724,20.1055491564825,0.615945665933462,0.544841206296574,-0.10699830614845,0.154961738509349,49.2786948907348,-0.690482096920939,0.493130595549333,0.041087264289946,0.0552982533560757,16370.4993413285,0.743011972283781,0.457485094095972,-0.32630184136627,0.175100461641625,38.7496828381545,-1.86351217071092,0.0699813722577779,0.266817662995716,-0.385786019736824,0.242929030107567,0.224278294924066,0.27205786261383,0.085410275171884,0.652603682732539,0.35020092328325,0.0623902418227019,,465
0,0,3.02678198775781e-06,0.00929472403480397,0.0441518376464089,0.153743986460166,0.180633127038323,19.3815790191575,0.851139483554131,0.405085440103304,-0.104961754518169,0.153473772236667,49.8542059798851,-0.683906787384565,0.497200760206621,-0.0125373702475203,0.0553910359166413,16925.8883904734,-0.226342945930601,0.820937432090924,-0.229700992590676,0.170507051281076,39.28992334741,-1.34716418391413,0.18564607500496,0.158186926467289,-0.301215058714062,0.246111654257121,0.213602583996334,0.520389863224206,0.158490731741492,0.459401985181351,0.341014102562152,0.17792736031719,,466
0,0,1.37927785521176e-05,0.0129491626776988,0.0263262544419074,0.147423352191983,0.175606652679695,18.2904176153991,0.839508924874746,0.412022827092087,-0.118655529722289,0.147103521775538,49.5938311452614,-0.806612433816116,0.423741147875783,-0.0252174086879387,0.0552500526388632,15103.5058426531,-0.456423251807016,0.648092211734203,-0.174834552433716,0.173185067754363,37.6927678614923,-1.00952440473502,0.319160172065449,0.0816373873640567,-0.268031717503376,0.23705818305324,0.217067818527609,0.730562778957192,0.216911163852264,0.349669104867433,0.346370135508726,0.312723203504393,,467
0,0,9.82494356377352e-05,0.0297653368613595,0.0098947556886867,0.142845323838547,0.171987008962512,18.4327323091545,0.830558800343358,0.416851515862374,-0.173189248078812,0.145419271666933,46.2342596390559,-1.19096489821158,0.239745944829391,-0.0636875434532303,0.0551713730249003,13561.5295713019,-1.15435850082046,0.248373562655092,-0.104392019071914,0.168659516599618,38.334444804182,-0.618951252657332,0.539609509920897,-0.0535962858788826,-0.26238032402271,0.22313706617654,0.219983258474994,0.810179512567921,0.232975680757049,0.208784038143828,0.337319033199237,0.535948472945341,,468
0,0,0.000378130175168308,0.0504447428521758,0.0031942413425249,0.144952700582258,0.174283597068809,16.9544675061198,0.831705926548148,0.41713562277304,-0.22573026420696,0.14822232197347,43.6572810917971,-1.52291679958545,0.134990890685222,-0.11883236902661,0.0549214215247159,12376.0023940804,-2.16367977608031,0.0305080068941715,-0.0579442934465855,0.161977681959138,39.935009860333,-0.357730106677307,0.722429142694637,-0.159348468381311,-0.275237055274482,0.215643225441477,0.220242404979892,0.459940437344275,0.211408955286375,0.115888586893171,0.323955363918277,0.720545300222672,,469
0,0,0.000406510645378809,0.0635446704832649,0.00340294204780137,0.164774692787258,0.176528069744478,16.3263515539991,0.933419217837517,0.364203849408315,-0.251865014179815,0.149147522397172,42.0253691736549,-1.68869727188033,0.0986853989031733,-0.117832093819092,0.0547229028185959,11400.9340124377,-2.15325006075977,0.0313199375427193,-0.0616285054355929,0.166775709248915,39.9910425846675,-0.36952926606123,0.713682874284428,-0.18126253339132,-0.304519544262505,0.212230638292218,0.229720178019696,0.393059124832667,0.184968653809857,0.123257010871186,0.333551418497831,0.711733263207886,,470
0,0,0.00019499456552901,0.0476187713026881,0.0013261415759452,0.180009037430337,0.173774928694002,17.0800248423641,1.03587461541885,0.314704940397107,-0.220392984155849,0.152201084424367,41.9365480176138,-1.44803819886953,0.155041946514101,-0.0820109013569894,0.054804483473081,11481.6364461012,-1.49642686436907,0.13456993966816,-0.0385109725522397,0.164556408985825,41.2451759697617,-0.234029004337091,0.816120253893329,-0.176274273495126,-0.253296218599605,0.210462361251604,0.231686726357894,0.40227941904507,0.274275135613538,0.0770219451044793,0.32911281797165,0.81496246161705,,471
0,0,0.000250581375376129,0.0606211344712835,0.00363306551035847,0.191707767315645,0.17709623917079,19.6662226885286,1.08250614588582,0.292122605344062,-0.254001026568217,0.155196617850121,41.5071738515585,-1.63664021862587,0.109266747182729,-0.0979670918265043,0.0550642515067799,12628.8359996705,-1.77914144196515,0.0752406214245695,-0.0667711566497664,0.170306564974136,42.1561651730991,-0.392064490643134,0.696985715749564,-0.177507052371204,-0.311049365670737,0.216976545798136,0.237697234853464,0.413303930128262,0.190671643054426,0.133542313299533,0.340613129948272,0.695010563729684,,472
0,0,0.000295329117896728,0.0949415504118129,0.02260554067553,0.182569765217865,0.179732644200473,21.1962089862779,1.01578522938898,0.321187027106789,-0.306420875215277,0.149587473233027,40.0006043092915,-2.0484394086792,0.0471187667741134,-0.107345843887274,0.0549936664142793,12897.6495453994,-1.95196739709286,0.0509636850900303,-0.173880258801706,0.178934226068288,40.8289951246249,-0.971755167372766,0.336894423162894,-0.107221210307358,-0.45498172791077,0.223940504972906,0.237432521427332,0.632085693333179,0.055332393029865,0.347760517603412,0.357868452136577,0.331172364405763,,473
0,0,0.000415462845463223,0.101110856265131,0.0387891839465825,0.166038925064004,0.179045500921889,19.7592672080651,0.92735603078036,0.364931613661344,-0.29473565152468,0.141912681008385,38.3469900607811,-2.07688030012812,0.0445618113980542,-0.1204652891979,0.0548727503210231,11595.7204404625,-2.19535723092317,0.0281577275635662,-0.223966273620898,0.176545801958405,39.8803043945266,-1.26860152513661,0.211938425040484,-0.0381567450782824,-0.486089292320079,0.218128991000836,0.230073266927989,0.861136651961862,0.0346214277366138,0.447932547241797,0.35309160391681,0.204583220103767,,474
0,0,0.000398836630061755,0.0953147466749365,0.0356494957131847,0.140858055973257,0.178623392383319,18.0372682662154,0.788575640031409,0.440602112648853,-0.278754617745887,0.141880374573026,36.6384338920897,-1.9647158289846,0.0570653595609401,-0.11736307082375,0.0549685754261602,11425.2491591174,-2.13509391345615,0.0327745495819505,-0.220036509613542,0.1760026449976,42.2797710129462,-1.25018865265657,0.218106177188203,-0.0266777041008995,-0.466750723327984,0.216710260483321,0.230327120913341,0.902025459309636,0.0427167672765254,0.440073019227084,0.352005289995201,0.211230640988685,,475
0,0,0.000219746855028087,0.0702979750341453,0.0343831641962189,0.105765677208918,0.17829484916686,18.6450681417599,0.593206577212642,0.560170576268614,-0.24727820302864,0.147386618932916,37.2268698931298,-1.67775205659064,0.101773284368278,-0.0971805110922157,0.0551107978574157,14147.0812231829,-1.76336607108545,0.077860352326549,-0.216949820653354,0.169566084405978,45.9726560481215,-1.27944111827179,0.207161574128238,0.00126255642160603,-0.432637084885102,0.222861085604687,0.223638201308461,0.995479834962328,0.0530467475892081,0.433899641306708,0.339132168811956,0.200741762051841,,476
0,0,0.000180999998368869,0.0580974305010742,0.0384847505612981,0.092384029158595,0.179870841846066,19.2259572772408,0.513613147136197,0.613374763998991,-0.246553606625533,0.158844290468273,39.0596689486623,-1.55217166382683,0.128687043532277,-0.0950553920374378,0.0552203085242463,16368.1151544167,-1.72138466042254,0.0851999414241358,-0.227447157226379,0.162947633317779,48.6779648236074,-1.39582976809987,0.169100090218331,0.0140130489338104,-0.440881265518948,0.222670451606287,0.229002807501961,0.949820824417844,0.0542015786598712,0.454894314452758,0.325895266635559,0.16276576388361,,477
0,0,0.000166494923087531,0.0768121984376706,0.0460257238164393,0.0918469938266917,0.182833734352787,20.520751836956,0.502352556281918,0.620767687472441,-0.294662819688571,0.16431123210938,38.652362007177,-1.79332122281463,0.0807488951398734,-0.0927477398631837,0.0552676909704537,16911.8345159926,-1.67815478147562,0.093335363189509,-0.259775919068123,0.173273096242326,46.5877295002901,-1.49922823970792,0.140560869783317,0.0029401191736822,-0.516611718962564,0.223657103234096,0.247245488420348,0.989511586714726,0.0366655491208497,0.519551838136246,0.346546192484651,0.133814431351169,,478
0,0,0.000147754877122983,0.0633282545609044,0.0378813548917674,0.0982742516247655,0.180035999846714,21.0159512304127,0.545858893268223,0.590910755603484,-0.285524898281245,0.176595108725094,38.6652241127247,-1.61683355978858,0.11404511278505,-0.0889364098952029,0.0552343535980218,17544.2431553174,-1.61016476344512,0.107379882112232,-0.256205256880737,0.192462800577544,45.0075733519916,-1.33119364423626,0.189829296399409,0.00798743986458206,-0.504423073896892,0.225456741346515,0.282543962706374,0.971738604965529,0.0742141966891002,0.512410513761475,0.384925601155089,0.183125302181413,,479
0,0,9.53705296530293e-05,0.0364247387538992,0.0382165008331127,0.0853788005636166,0.176450653275219,19.788077242448,0.483867863217526,0.633791221787075,-0.226792555393125,0.181882587813576,41.1305517450124,-1.24691735541821,0.219481949603117,-0.0762671294508106,0.0552590525626599,19971.5750619366,-1.38017439521477,0.167548404056134,-0.27738224254875,0.204791316732564,46.1700808690297,-1.35446290875204,0.182180523051952,0.0909804347548297,-0.463784050342671,0.239796172452814,0.294165660752849,0.704385379661304,0.114885659839254,0.5547644850975,0.409582633465128,0.175588739146137,,480
0,0,8.49618555138665e-05,0.0189406885476168,0.0298233936152061,0.0993800423237678,0.171001878582222,19.8579409830813,0.5811634535698,0.56766877281456,-0.169354926816305,0.185462610203141,43.1899237024963,-0.913148621335628,0.366233847429342,-0.0731579857839294,0.0552744364817214,20616.4527792156,-1.32354105153332,0.185670190251733,-0.241336774043136,0.203612115304851,45.70182182161,-1.18527708276005,0.242034595952707,0.107123868710305,-0.375549679375967,0.250252293467566,0.290146474577833,0.668604901128119,0.195546230833888,0.482673548086272,0.407224230609703,0.235907911461836,,481
0,0,0.000125999798318063,0.021679708525359,0.0324889877667855,0.105626233793382,0.170615002501801,20.1819115073326,0.619091124722557,0.542782240298132,-0.183038512567143,0.186743969019667,43.3530252034273,-0.980157557580165,0.332446694426605,-0.0853282546439899,0.05513757163741,19004.912756651,-1.54755191623448,0.121746866600797,-0.236185309666171,0.19451794498427,43.9042087100082,-1.21420833273388,0.231159067938122,0.0875386930679626,-0.38483192626438,0.249874023646493,0.281019215969681,0.726090073226393,0.170869591824045,0.472370619332343,0.38903588996854,0.224668179333122,,482
0,0,7.69202356924775e-05,0.0263289701534581,0.0186572405962727,0.0833064612311772,0.169707720004176,19.0258504457016,0.490881977726924,0.629124023869105,-0.205283828419468,0.186445235542295,44.8317068177851,-1.10104089183282,0.276755460318364,-0.0682413311448372,0.055147881664234,19905.0510576108,-1.23742434134319,0.215944183514999,-0.167141982455689,0.18335112324404,43.7096429260686,-0.911595083239409,0.366982292199194,-0.0138036274658447,-0.348087592377224,0.250988325613479,0.266740717590137,0.956140782341729,0.191904393413547,0.334283964911379,0.366702246488079,0.361981911609898,,483
0,0,6.60049482771022e-06,0.0117495828616535,0.0136076056877171,0.0847169962986013,0.164598567441791,19.7786715513107,0.514688539610533,0.612474534218353,-0.131753749345529,0.180804231808758,44.6635605139713,-0.728709433554018,0.469983311749761,-0.0209597018150916,0.0551674290638252,21868.8198768012,-0.379928921299606,0.704001867633188,-0.143859090806476,0.18302257611684,44.7850737185523,-0.78601828178092,0.43599599340555,0.033053244157329,-0.254664937455624,0.260508642260529,0.252381751769416,0.899035657031297,0.312952307033042,0.287718181612953,0.366045152233681,0.431856776810606,,484
0,0,9.74943620970953e-07,0.00159515343002246,0.0232256534286571,0.103027418666278,0.167055254213417,20.3476697953918,0.616726598342476,0.544254509000509,-0.0440545618250896,0.164638179544039,44.8151526331856,-0.267584116558488,0.790247148170495,0.00784032815242138,0.055052227246685,20803.6130455741,0.142416184494942,0.886752658466084,-0.193193673741535,0.191355082873388,42.8678892994434,-1.0096082677321,0.318347979448286,0.17727082230337,-0.209116525179699,0.265876637611154,0.239103517988538,0.504937664136548,0.381799354199448,0.386387347483069,0.382710165746777,0.312683006959902,,485
0,0,2.94759600752104e-08,4.13486605771952e-05,0.022691365810953,0.101335653796375,0.170555971509004,19.4972411548561,0.594148964118945,0.559244144209222,0.00704153049417018,0.161918788538952,45.7362163314198,0.0434880384031298,0.965501811061401,-0.00139957162589972,0.0551203105331276,21872.5276853532,-0.0253912144609304,0.979743150328689,-0.199276981902136,0.204065944507732,41.0718537918321,-0.976532279224014,0.334517733181122,0.235336037831179,-0.163217925973094,0.286532815094219,0.236005831779305,0.411462217650576,0.489198429291017,0.398553963804273,0.408131889015463,0.32880075985746,,486
0,0,9.08126356239094e-06,5.09061790364835e-05,0.0228206700051168,0.10170357014292,0.171234621533706,19.4174116584203,0.593942797501967,0.559407085906944,-0.00775496422655795,0.1579343651559,47.3602198844357,-0.0491024497353879,0.961044147371937,-0.0244502511595349,0.0552192118600306,21589.1735614581,-0.442785225213124,0.657925527304104,-0.200326139626246,0.208556935327324,39.506799856728,-0.960534538503072,0.342628459473846,0.221741472924212,-0.17891080632828,0.295948001926105,0.229238605962405,0.453701584888145,0.435122103798157,0.400652279252492,0.417113870654648,0.336786256782468,,487
0,0,4.16128421054765e-05,0.00103996917196405,0.0164831396427052,0.115941947230161,0.171511617797504,17.0302914690399,0.676000545730078,0.508117227326253,-0.0353151223817546,0.156864834887227,48.6853037919283,-0.225130905898337,0.822819756513872,-0.0532032587285266,0.0551379105258381,22373.3186439014,-0.964912493439429,0.334599072468244,-0.159506056665896,0.198543290334658,38.5110889143537,-0.803381753153368,0.426685081252033,0.147417254816192,-0.171594858515599,0.293834543096421,0.214304126727465,0.615877452243212,0.423301169962432,0.319012113331791,0.397086580669316,0.421754118250201,,488
1,1,0.000104919802868145,0.000408988982959818,0.0149480891816454,0.130583152146415,0.167120874559105,15.210616756367,0.781369487749013,0.446577338153148,-0.0738086292175673,0.0998847816942271,1334.52391937698,-0.738937683655499,0.460074779411075,-0.0691535657804983,0.053822497239796,15732.5251455347,-1.28484498726244,0.198865374337444,-0.149973783494144,0.196228725692688,38.4927524020847,-0.764280474047501,0.449360083126475,0.0980034420485313,-0.201944124939757,0.231384737012038,0.208053981773321,0.67189264991469,0.331730912474783,0.299947566988289,0.392457451385375,0.444700118825925,Model failed to converge with 1 negative eigenvalue: -1.2e+04,489
0,0,0.000214783775679641,0.00606590490649626,0.00831277523796908,0.119904859365265,0.163704960616745,15.4851077010596,0.732444874691231,0.4748384367359,-0.0881037341622444,0.166334551984264,45.9711826900158,-0.52967788779435,0.598884182934891,-0.122738205228812,0.0549576087703962,23217.1612980672,-2.23332506589927,0.0255370050056514,-0.118448407566667,0.200460922076231,41.6512160713128,-0.590880288985318,0.557793641539103,0.0475924239799195,-0.189304391153414,0.289653544354129,0.233230111400129,0.869488604257999,0.416984688011163,0.236896815133334,0.400921844152462,0.554600633840287,,490
0,0,0.000205355956162301,0.00891837107224506,0.00765343086518115,0.0963794700690468,0.161564956325965,16.6053026407858,0.59653697349193,0.558862302962227,-0.108131326542563,0.172180524837628,43.8287308361474,-0.628011365655524,0.533255347852797,-0.123305448375667,0.0549553166339092,24510.2988620605,-2.24374011339212,0.0248580187191394,-0.117685767269475,0.208967280802098,41.1242994044742,-0.563177961725642,0.57637163661939,0.0266911401714147,-0.208680394367536,0.290838441199081,0.251573759225399,0.926878331079181,0.406821624276427,0.235371534538951,0.417934561604196,0.573313708120405,,491
0,0,0.000134994818242085,0.00284068068500193,0.0119520075652617,0.108957817737705,0.157897166320056,16.2150344558747,0.690055561331917,0.499917457248565,-0.0594272300390395,0.170064242375949,42.8634469220084,-0.349439889354683,0.728470105045268,-0.0974696820944892,0.054907430074615,23340.0152185682,-1.77516379772347,0.0758838745842529,-0.147395696182611,0.21146079568719,40.1649344063937,-0.69703556966016,0.489795561060909,0.109431348219285,-0.185360044145937,0.290322296957742,0.253061245668074,0.706225204252448,0.463881087564387,0.294791392365222,0.422921591374379,0.485780533955269,,492
0,0,0.000137515213771107,1.33100516800458e-05,0.0234594101226518,0.105066922715281,0.157400362769265,14.9424002391739,0.667513853632601,0.514621753258257,-0.00396080756556438,0.166627705619275,42.4509618400859,-0.0237704021119656,0.981147135686442,-0.0923022931425989,0.0547985892766903,20628.8847917278,-1.68439177652082,0.0921211067250749,-0.201691138422745,0.203313045491924,40.9653202740398,-0.992022611902477,0.327010195191213,0.227099391364353,-0.176282885481138,0.280409064993112,0.245895891774214,0.418005667404997,0.473435499164733,0.403382276845491,0.406626090983848,0.321186495162179,,493
0,0,0.000170807628057992,0.00198307185678386,0.0407515882276795,0.0746981673004234,0.159938457081188,15.4205612655593,0.467043190634915,0.646999942658965,-0.0480200936278241,0.162259327035444,44.0784303479519,-0.295946584428607,0.768660698642503,-0.0939063391102749,0.0548264548622655,17172.2831793298,-1.7127924711927,0.0867687773667044,-0.267780771574048,0.200908835386345,41.8164590123247,-1.33284716453166,0.189798927035446,0.258753316614024,-0.276808226534072,0.270993494738449,0.245291519046204,0.339662557435489,0.259114414011606,0.535561543148096,0.40181767077269,0.182581964306806,,494
0,0,0.000183646309491625,0.0042189543696623,0.0462818854020554,0.0366878998220967,0.163518682689951,16.1630100238384,0.224365187014507,0.825284845378807,-0.0686946644935472,0.158482001658395,44.3450496060426,-0.433454043832797,0.666786255788786,-0.0918122427476769,0.0548657493412557,15245.3217051672,-1.67339813727176,0.0942694599681023,-0.295683144498258,0.205162153559384,42.8023512754494,-1.44121681006177,0.156799856423309,0.270044095782527,-0.321322193213989,0.269020908708723,0.248593172605205,0.315473397894474,0.196162443539915,0.591366288996516,0.410324307118769,0.149523440766512,,495
0,0,0.000294394181386358,0.00919056241254207,0.0364636924858196,0.0330113944967559,0.164416173740008,16.2478877657379,0.200779483829596,0.843362809246067,-0.0988993999893409,0.154053858789737,44.4314204151718,-0.641979375046524,0.524185135780646,-0.110775464775882,0.0548473360084816,13852.2075644933,-2.01970547409543,0.0434331633772556,-0.256202502823649,0.204805910687364,41.3513033449937,-1.25095267985084,0.217983470368535,0.194609783070032,-0.317795222577265,0.270603337771081,0.241859609021597,0.472036225383479,0.188857758203853,0.512405005647297,0.409611821374728,0.210951742312365,,496
0,0,0.00025068421515807,0.00798347732009807,0.0240227597271618,0.0339100128277252,0.167143960117761,16.3538789558678,0.202879079829352,0.841732201317113,-0.088153165891155,0.149531562335411,43.1853949601633,-0.589528822640269,0.558578404960013,-0.0963237287437084,0.0547549073853409,12341.9732728828,-1.75917983142268,0.0785717442618745,-0.207539598373558,0.208485401861033,40.2594126161242,-0.995463454615853,0.325456677245622,0.149607110842062,-0.265472085905055,0.256921914752044,0.253141031063521,0.560360746348617,0.294310600592276,0.415079196747116,0.416970803722066,0.319510910009207,,497
0,0,0.000152265345014566,0.00236138492717927,0.0160982929955579,0.0411520874437452,0.172781149002507,17.7957193759752,0.238174636997859,0.814466530524202,-0.0455777920753383,0.140457055369419,44.4862615583634,-0.324496280770398,0.747083303828203,-0.0680197781719612,0.0545634883997504,10204.6699331392,-1.24661710911197,0.212566539012977,-0.165390511977179,0.205025704938426,39.7719094662321,-0.806681835464729,0.424647561495519,0.143895899716062,-0.186885124238297,0.243047590193992,0.249429479181248,0.553818280992165,0.453706327829037,0.330781023954358,0.410051409876851,0.419849811934098,,498
0,0,9.75728711662835e-05,0.00334317042655689,0.0173694287507613,0.0373701434650994,0.166499616727801,17.7773050204144,0.224445822756418,0.824969875466864,-0.0518728722436116,0.132614429311749,45.6127399564101,-0.391155566651568,0.697503504423725,-0.0516144209038484,0.0545079201281971,9188.64418059381,-0.946915985465166,0.343706492248434,-0.162270621366893,0.198475581744258,37.8155453008502,-0.817584812906527,0.418716004699349,0.134026629076707,-0.19051461365708,0.238387993095449,0.235866609743782,0.573965760433066,0.419250724074131,0.324541242733787,0.396951163488517,0.413594302376049,,499
0,0,7.16514723569937e-05,0.0041330671861554,0.02181568170445,0.0247750386696328,0.160006273603856,16.539121229953,0.154837920486611,0.878822955732428,-0.0590132482969095,0.135315963710039,45.8278853553115,-0.436114458921978,0.66480131471363,-0.0494265526140365,0.0545816812214107,11443.8086031769,-0.905552037020214,0.365192069610397,-0.185932759809889,0.202020082307432,37.9817220614062,-0.920367706448802,0.363189548300069,0.153993930923894,-0.217871588695885,0.25273155153424,0.232526910534132,0.542313554034948,0.348772110883053,0.371865519619779,0.404040164614864,0.357380638415268,,500
0,0,2.39052980751366e-05,0.00217575907556314,0.0245144653696213,0.021282432799095,0.156926610724757,15.996527291124,0.135620292191383,0.893813429351104,-0.0444870187374916,0.138647981727284,47.2152994322619,-0.320863082053341,0.749730084305054,-0.03086802860322,0.0547133947094787,13314.532422808,-0.564176812042561,0.572643309925959,-0.205512671417692,0.209126180841451,38.4289752876889,-0.982720913234207,0.331891708830337,0.190951182026988,-0.220074160808397,0.258587250023728,0.241706126011335,0.460247084263249,0.362557282973514,0.411025342835385,0.418252361682902,0.325744814977591,,501
0,0,6.80874666673524e-05,0.0158520042439692,0.0347485409261721,0.00195573999818059,0.154286582897901,16.0460456671331,0.0126760212161468,0.990042538294402,-0.122176133991701,0.146626861778011,43.1044304127112,-0.833245235628597,0.409299922623778,-0.0559747417192395,0.0548668278360727,15285.0810585198,-1.02019278181121,0.307653186877069,-0.261122575321693,0.230044498169604,35.7906043621765,-1.13509593752238,0.263879877824743,0.176969553175081,-0.345275597468305,0.266206333424567,0.274064899029576,0.506189037401757,0.207730147686386,0.522245150643386,0.460088996339207,0.256335123527599,,502
0,0,6.6883651240834e-05,0.0266241667694485,0.0377937831704364,-0.000805367888123112,0.152768523726326,16.350489395373,-0.00527181822851068,0.995857504111667,-0.152786585913852,0.151437381759636,37.2142098872448,-1.00890932039724,0.31953338404654,-0.0577125457872699,0.054977460627062,16474.8735547524,-1.04974920865773,0.293848831159689,-0.27884719464792,0.235231768062015,35.7757218202527,-1.18541469523966,0.243667856778817,0.166664673919642,-0.391029715376198,0.2699153353681,0.283294755727384,0.536924636547398,0.167496506832258,0.557694389295839,0.47046353612403,0.235853524316572,,503
0,0,3.32291521246341e-05,0.0200020557640896,0.0295708943177045,0.0160954168868705,0.155305726515804,17.9159219855649,0.103636982666139,0.918608748983383,-0.12680789986728,0.140264277446096,40.0450641126784,-0.90406411508456,0.371368230070386,-0.0411343466959131,0.0549131080915794,16885.8709458109,-0.749080649875303,0.453819031562685,-0.247133932607166,0.229258832210118,38.1339649376484,-1.07796908073171,0.287819450342787,0.156312201873912,-0.337955663340419,0.27633724296218,0.259247057903959,0.571626710694257,0.192368423415013,0.494267865214331,0.458517664420236,0.281047554675005,,504
0,0,1.77058224451567e-05,0.00921579482113718,0.0169485950817999,0.0204237568628674,0.158730284646813,18.9218539395584,0.128669566165724,0.898976904969549,-0.0871564512411215,0.141746369294788,40.6463420527229,-0.614876075307887,0.542063744880152,-0.0306568535901217,0.0548815834785119,17622.9292768707,-0.558600019296545,0.576441824045074,-0.182678180669196,0.22529152786335,38.1352114655256,-0.810852420424787,0.422482212413891,0.1221222364378,-0.243234124900593,0.281923155505807,0.250063107894735,0.664887192375559,0.330706918676309,0.365356361338392,0.450583055726701,0.417450426663696,,505
0,0,2.67057873096217e-05,0.0109519577656863,0.00921795922554514,0.0295127372409962,0.157598363072562,19.1478643049151,0.187265506224883,0.85342251456288,-0.0934138640796407,0.144971220068353,37.4959804147135,-0.644361439709182,0.523263703415008,-0.0375825306841767,0.0548345534354352,17589.2140990485,-0.685380445897642,0.493112912271581,-0.130609223214712,0.225552497324656,36.0409106812713,-0.57906352074974,0.566148168314093,0.0562138951470376,-0.205004551282385,0.271288965455643,0.262172170027987,0.835845545262114,0.434246149047894,0.261218446429423,0.451104994649312,0.562546313286484,,506
0,0,1.82492661879461e-05,0.0138431869317084,0.0101736608150555,0.0135237832690396,0.150948600942005,19.1729873910533,0.0895919749149282,0.929540750654447,-0.102860106213914,0.147249030846621,34.7615347618679,-0.698545217055156,0.489483607944112,-0.0296897778315941,0.0546222910671438,16189.0267134062,-0.543546915582474,0.586760782283036,-0.133585269782221,0.225346655624849,34.1898079569272,-0.592798989680194,0.557216648990023,0.0501770537295782,-0.216993485834865,0.255240097183739,0.27575305119022,0.844150227188063,0.431333168285518,0.267170539564443,0.450693311249699,0.553315683972884,,507
0,0,1.51759855177101e-05,0.00570462375608973,0.00847034945790789,0.0354871249770202,0.148370952844493,17.8632712053841,0.239178385638691,0.813689938972862,-0.0686279066738796,0.153501893901835,34.8387401375388,-0.447081823744582,0.657583219008022,-0.0271605754611425,0.0545880992610349,16312.4237643738,-0.497554885200588,0.618804515481906,-0.122614174210653,0.238623273226603,30.907233653979,-0.513839964361798,0.611018220051371,0.0718406122025355,-0.173387736218771,0.262078178733198,0.295314318378569,0.783993161474407,0.557116763387757,0.245228348421307,0.477246546453206,0.607363884253586,,508
0,0,8.10487059632336e-06,0.00321757240545425,0.00540764509708873,0.0512043214499514,0.145374240301182,14.5767137769573,0.352224172204565,0.729710669454291,-0.0534997520725492,0.147335431932837,40.8470956255921,-0.36311531700628,0.718391174112958,-0.0194464499904565,0.054599197736542,15651.5925759336,-0.35616732107112,0.721720063937224,-0.0943545015401492,0.229159845952942,31.1806483588246,-0.411740988687542,0.683346043478152,0.0545940891655515,-0.134114913914747,0.268511688635748,0.271775080723568,0.838884072486758,0.621675165177353,0.188709003080298,0.458319691905885,0.680529278440331,,509
0,0,1.15331886437822e-06,0.00948153974676652,0.00402598963855082,0.0541546268018524,0.143898679620528,14.7322775738169,0.376338594243271,0.71202975109126,-0.0910944101058755,0.138538158577649,45.1677376285615,-0.657540211600387,0.514170750784527,-0.0072655177264076,0.0546514576766242,15324.2679358994,-0.132942798514142,0.894240364519773,-0.0806087913450598,0.219490036752283,33.3664919917965,-0.367254899301125,0.715748028287687,0.00125215261048252,-0.159965430079637,0.273711084589133,0.244857877709552,0.996349911248936,0.513563475307887,0.16121758269012,0.438980073504565,0.713428892209232,,510
0,0,8.07444532110791e-07,0.00907249280269749,0.003742071947283,0.0554166167821401,0.145705982909681,15.7222706005638,0.380331786488762,0.708788350768011,-0.0912943774009933,0.139565370834148,46.7356154878797,-0.654133449116707,0.516231929627948,0.00636618868057972,0.0548410278006667,16689.1720759919,0.116084415917937,0.907587036303578,-0.076976474987934,0.2151948093941,34.0652917347681,-0.357706002317938,0.722770224488417,-0.00310904728323731,-0.157061997259105,0.284780770379122,0.229462401487323,0.991289399399796,0.49367328989403,0.153952949975868,0.4303896187882,0.720563340741154,,511
0,0,4.92602051357795e-06,0.00943693753018906,0.00418229679763369,0.0111456006010946,0.147749172575115,15.3543067096385,0.0754359595173246,0.940841965056723,-0.0987353544273409,0.147049636612359,47.3225912056928,-0.67144235580547,0.505203372160922,-0.0166527761603811,0.0548353338576639,18722.0736625909,-0.303686965845904,0.76136976375803,-0.0805644975918697,0.213685551769532,33.8455894758918,-0.377023607467675,0.708509734584593,-0.00643953525630424,-0.167568530440044,0.293891921919788,0.226626874352418,0.982518761904837,0.459662482760418,0.161128995183739,0.427371103539065,0.706156061075192,,512
0,0,2.84088152529171e-05,0.0168426860003167,0.00363591728806749,-0.0058883689616228,0.148190674609114,16.5407215927233,-0.0397350843914752,0.968779993597678,-0.139988207625746,0.151730221305814,49.6878706540309,-0.92261255813763,0.360667671275439,-0.0429821591649714,0.0548638423394357,21604.2182577509,-0.783433265556688,0.4333813161522,-0.0742193243076316,0.207831460631031,34.9474491180543,-0.357113038046705,0.723154680164998,-0.0549615080241959,-0.203400156639459,0.301649379858545,0.214800234038987,0.85542319484068,0.343675941952826,0.148438648615263,0.415662921262062,0.721007184230284,,513
0,0,5.86845134864297e-05,0.0309996745714838,0.0114486149331698,-0.0184185128757351,0.145831035044113,18.1895914988478,-0.12630036446058,0.900879783181653,-0.199236658605908,0.157325171178182,50.1312878319601,-1.26640039298135,0.211222661931082,-0.0646944366764377,0.0548279451117342,23723.6187982331,-1.17995369960695,0.238030461828327,-0.131733285136654,0.206226820329987,35.232791491585,-0.638778626979095,0.527098011036706,-0.0483211582651449,-0.311787728538452,0.300511029561797,0.220303772925685,0.872253586295129,0.156991465632354,0.263466570273307,0.412453640659974,0.522966954171873,,514
0,0,9.64477832489676e-05,0.0573796160836714,0.0293476541908878,-0.0466718818288563,0.143288121576899,17.916588456052,-0.325720522505481,0.748409165940102,-0.268815537546983,0.157255341091104,48.0039653612486,-1.70942071462773,0.0938310319024106,-0.0801622567359356,0.0547361934079425,22235.9939976686,-1.46452012361356,0.143066026162219,-0.210937109159165,0.210248800407107,33.2911840601777,-1.00327378206547,0.322965703895953,-0.027163024773413,-0.449037243091744,0.278758602915804,0.246485328671244,0.922374739903086,0.0684913290044717,0.421874218318331,0.420497600814214,0.315728782378985,,515
0,0,9.1259109086239e-05,0.0629262181845549,0.0373240983843107,-0.0617214558534483,0.141693996774301,16.1978826727054,-0.435596830201369,0.668878326723423,-0.279829838565397,0.15757972674808,46.9601540569235,-1.77579847573131,0.0822461281041728,-0.0783371057939277,0.0547551767626974,22426.8776681589,-1.43067944303114,0.152536040080491,-0.239963307866286,0.208693282293783,34.1007173983193,-1.14983724070468,0.258211313718526,-0.00492450516770415,-0.484851120900276,0.278125990281193,0.245117294077166,0.985873375780317,0.0479245125790849,0.479926615732572,0.417386564587567,0.250210913632032,,516
0,0,7.84808211777168e-05,0.0472102004660229,0.0414134360287605,-0.0519784690116349,0.139524072920634,15.1569221930814,-0.372541224776331,0.714647724038716,-0.249392554979972,0.161325791277925,48.2303724387247,-1.54589388965295,0.128667252837402,-0.0755336199139868,0.0547968489339694,24208.7186285416,-1.37842998974276,0.168083307485378,-0.266105736648838,0.214434220405232,35.645963664557,-1.24096674563396,0.222723305413939,0.0554619117422932,-0.476749561555382,0.298824696287418,0.239609332174276,0.852758327298139,0.0466245109948606,0.532211473297675,0.428868440810465,0.214618033825244,,517
0,0,0.000166165671623977,0.0581034712946137,0.0402408413029959,-0.0579315803708897,0.141821984477085,15.2979626019268,-0.408480960018227,0.688581233298969,-0.273516429996781,0.15630018322062,49.6419669801309,-1.74994311817734,0.0863074245326784,-0.10487742104813,0.0545937148216373,22205.7388067724,-1.92105302580662,0.0547378108722535,-0.264253041591067,0.214816131052091,36.091208297164,-1.23013593204966,0.226604436681574,0.029215563264564,-0.49929051991757,0.297135084056968,0.235917329172138,0.921674878944773,0.0343125727052004,0.528506083182134,0.429632262104183,0.218646206518346,,518
0,0,0.000323113484122732,0.0710991963498183,0.0415148847719393,-0.0849986802843775,0.142615705647455,15.5533954758867,-0.595998034708,0.559750924012529,-0.300285839322448,0.157687642691058,47.3782516215716,-1.9043079990153,0.0629521189253901,-0.131315367304759,0.0544482431285617,17995.6663354988,-2.41174663789796,0.0158862549708582,-0.266118326689582,0.214697204189273,35.4713996948343,-1.2395053195708,0.223296794229697,0.0045830507271965,-0.527653602651968,0.280155183246417,0.252271111084601,0.986948011169343,0.0364731248269753,0.532236653379164,0.429394408378545,0.215158419977378,,519
0,0,0.000406332160773456,0.0705739159497681,0.0311274127577329,-0.0656508240520361,0.144150071680745,14.8994651748702,-0.455433863379794,0.655363734574649,-0.283044960798745,0.160512981745647,40.9506849754602,-1.76337737745889,0.0852976106963924,-0.135491465631472,0.0543861053823795,15268.2850783791,-2.49128825605095,0.0127386145420207,-0.229960954170798,0.224029401309931,32.7960704914828,-1.02647667148233,0.312178715727544,-0.0195984641785156,-0.479520372520111,0.266696989997778,0.278738505504788,0.941419476315732,0.0853736728715941,0.459921908341595,0.448058802619862,0.30466695428573,,520
0,0,0.000270484043149253,0.0688694092691671,0.0204027628485381,-0.0502290155422837,0.142839462227355,14.1395798411724,-0.351646630133171,0.73028857160804,-0.270669594794732,0.158043521249783,39.6560805488039,-1.71262695651375,0.0945911615402322,-0.104071296547962,0.0542204158127558,13616.8642363291,-1.91941162729849,0.0549531347751932,-0.183878895034598,0.228276689965635,31.1529521064323,-0.805508854462012,0.426631889021401,-0.0600153518866746,-0.427773141955871,0.261380589913014,0.285829086043869,0.818395565101912,0.134496157042889,0.367757790069196,0.456553379931269,0.420526098856723,,521
0,0,0.000165554320030427,0.0581343448498901,0.0166198594553572,-0.0657427685683732,0.141852335222856,13.832701911021,-0.463459191313901,0.650243432315362,-0.248844637805875,0.156425018095159,41.0015546557939,-1.59082377509775,0.11933106027896,-0.0824647184181388,0.0541655325617532,13998.3839922373,-1.52245744697741,0.127917088159979,-0.167183631365948,0.229113876599926,31.5049509452669,-0.729696663715752,0.470966571570843,-0.0573167232761134,-0.39168398600801,0.263081163046843,0.28425144197595,0.827532681873978,0.168219039363585,0.334367262731897,0.458227753199852,0.465575620895128,,522
0,0,0.000103152062539866,0.0442445808645962,0.023488188432759,-0.114044344842544,0.147726588059558,14.9716263816732,-0.771996066114823,0.452131236881554,-0.208085242858166,0.147068641979726,43.2443210378033,-1.41488518597222,0.164262986656991,-0.065682277155519,0.0542054921738997,14232.6936348994,-1.21172734572357,0.225636884207606,-0.206557691700603,0.232934454274681,32.692133119597,-0.886763155514241,0.381683581413298,0.0285501478093673,-0.38456523559184,0.27242502974709,0.274091806360826,0.916534496384053,0.160601139009322,0.413115383401207,0.465868908549361,0.375206428098016,,523
0,0,5.118114713247e-05,0.0236287530805727,0.0198287215158086,-0.15122233578253,0.150902301089279,15.1844375106115,-1.00212080724377,0.331988383853721,-0.149294629935675,0.147138067969329,42.541466058412,-1.01465672341706,0.316005752217241,-0.0468952909424299,0.0542863950827273,14579.5533447867,-0.863849789085569,0.387684623723101,-0.195202036309809,0.24498482794226,31.3832248617177,-0.796792348119681,0.4315585693521,0.0743315625385447,-0.316072510081073,0.289467956133784,0.27903598160412,0.797343327534858,0.257327530909322,0.390404072619618,0.489969655884519,0.425571639838716,,524
0,0,3.50825967817425e-05,0.0209369806995674,0.0106623600684291,-0.14102380778612,0.148222777886377,16.0439379416655,-0.951431418281912,0.355499696608914,-0.134437675773615,0.141396878821475,42.2725979714972,-0.950782484692277,0.34711948802394,-0.0387250219775777,0.0543959191112666,14445.8712152687,-0.711910426559129,0.476531741608362,-0.142608461441098,0.245740645763791,31.2484000761574,-0.580321016891015,0.565859829383898,0.0289365791755729,-0.256280343706623,0.302567367823313,0.26423299856996,0.923809025597738,0.332094909286829,0.285216922882196,0.491481291527582,0.561698157038308,,525
0,0,6.29820070687672e-05,0.0118138889355654,0.027299165280922,-0.167926208692147,0.144562992238952,16.2139951132023,-1.16161270662257,0.262208204690844,-0.0939459095001951,0.134545316992093,40.7816168374452,-0.698247338521015,0.488985137852748,-0.0469318397261526,0.0542065274944069,11901.1282101643,-0.865796831036539,0.386619040128284,-0.230996773071401,0.241604780829522,32.5709704942777,-0.95609355195001,0.346067977478144,0.170687235790375,-0.291306310352428,0.296767823873337,0.256254758920873,0.565187070537825,0.255628592803967,0.461993546142803,0.483209561659044,0.339024972193233,,526
0,0,1.83296871506548e-05,0.00574878057767461,0.0625419723837874,-0.200767083365924,0.144108766227679,16.4140237965763,-1.39316357097062,0.182151898974583,-0.0662429502482212,0.139361446267088,39.0763906709309,-0.475331966068047,0.63719673210234,-0.0258460925088678,0.0540995304841239,12452.019261003,-0.477750773021082,0.632835988129027,-0.354002609341704,0.235645477413029,33.8278944808265,-1.50226778475882,0.142306354446045,0.33930740747131,-0.368697811212098,0.292785934106081,0.254677009058703,0.246500028220025,0.147698876882828,0.708005218683408,0.471290954826058,0.133027964983008,,527
0,0,2.9497883433085e-09,0.00789822411835519,0.0579639820558412,-0.184898735695999,0.143835177217045,17.401565489069,-1.28549037358914,0.215466079960919,-0.0806659325449357,0.144187497693255,39.3144208091355,-0.559451643418799,0.579027044853196,0.000374705384720847,0.0543102107861211,16137.1202506476,0.00689935427053438,0.994495240705204,-0.351589542119424,0.243031915856122,34.0137543606826,-1.4466805352741,0.157139828768918,0.322119981497142,-0.381059102741707,0.313657325490166,0.252688372003392,0.304429609462359,0.131549424562722,0.703179084238848,0.486063831712244,0.147986418513452,,528
0,0,3.15259573570615e-05,0.0054261249796662,0.0479203077604002,-0.162994119806811,0.144014323463381,18.6112545777237,-1.1317910322181,0.272094951242873,-0.0668129376750466,0.145925032311555,38.4245502889745,-0.457857960465607,0.649633232812803,0.0410404121367591,0.054503248720776,17984.4297616974,0.752990199667033,0.451465659547252,-0.327272083731686,0.249125754372851,34.2873857026413,-1.31368225880764,0.197675772259702,0.308114554740376,-0.346429612722996,0.317003754193083,0.261308822397353,0.331071098500679,0.184923227955689,0.654544167463372,0.498251508745703,0.188953153710496,,529
0,0,4.98103470363199e-05,0.0111731344978779,0.0417857553860585,-0.164211945453589,0.142716352241824,18.5321015657298,-1.15061759128584,0.26452053034785,-0.0963822377375559,0.147250366853643,37.916345344918,-0.65454667310509,0.516710747708461,0.052050252174094,0.0544271312263075,18360.0385027978,0.956329150578773,0.338918558532746,-0.306751947274707,0.243121656988937,36.5057880321115,-1.26172201635112,0.215051316781386,0.255037098350836,-0.358466796198577,0.301379806301756,0.266675579718364,0.397423588922769,0.178881925170305,0.613503894549413,0.486243313977874,0.207048831803241,,530
1,1,7.57711331782597e-05,0.007909780739842,0.0297847579025382,-0.142275975900573,0.142354056008226,18.1274407904582,-0.999451507671488,0.330731428729427,-0.0791374643987357,0.115329830272687,59.0564965763566,-0.686183827823404,0.495282472627537,0.0589602077403046,0.0537730741610263,15865.4205544864,1.09646340032086,0.272892674158811,-0.234732964353425,0.233447807972711,32.9338561849782,-1.00550511222133,0.321984639183357,0.189775914062293,-0.279690014644557,0.285493330091202,0.235708607770186,0.50622335272489,0.235388481933948,0.46946592870685,0.466895615945422,0.314653689068232,Model failed to converge with 1 negative eigenvalue: -2.1e+03,531
1,1,3.69291897824434e-05,0.00538093217730627,0.0129009113749853,-0.100576475924249,0.142452120198045,18.6794362532505,-0.70603705851778,0.488878239601296,-0.06828261081666,0.110492626847771,70.59157990623,-0.617983414501813,0.538574985649833,0.046177806966768,0.053747202085667,19987.9874354625,0.859166713332644,0.390258848584023,-0.154455085420531,0.225516871920091,35.8910947388048,-0.684893702655032,0.497810528545282,0.108663302831773,-0.200246868009289,0.276335385303728,0.226426153372187,0.6941497762731,0.376490861858731,0.308910170841063,0.451033743840181,0.493411000095541,Model failed to converge with 1 negative eigenvalue: -4.2e+00,532
0,0,3.34931378390448e-06,0.00691926702101255,0.0115638504275986,-0.0673118099259325,0.14435583189839,20.1295759408438,-0.466290894110272,0.646013881288179,-0.0907118041186763,0.164316348784009,43.7411827636053,-0.552055865347369,0.583719923512443,0.0147001502870018,0.05459203341155,21648.4953313438,0.269272810854701,0.787722319746197,-0.145660357015852,0.216334648639901,38.7504481580227,-0.673310345483818,0.504746059581934,0.0761587452345721,-0.215161968797133,0.281136067084208,0.261079450618326,0.786470722812283,0.409868826835463,0.291320714031705,0.432669297279803,0.500749872421589,,533
0,0,1.42092109364668e-06,0.0119782312853361,0.0229393200912166,-0.0514827046733115,0.142670202745688,20.0199574303427,-0.360851135573699,0.721990449965676,-0.126251055960159,0.173642951986266,43.6043218441423,-0.727072734689195,0.471067126941343,-0.00959606088513964,0.0544006407862939,21898.1476912687,-0.1763961002378,0.859984399398744,-0.207518374985615,0.223346381486694,36.7702234575061,-0.929132469504449,0.358880176971985,0.111484906961958,-0.303551843009272,0.285061738081621,0.277984846685776,0.695730422100312,0.274845133388704,0.41503674997123,0.446692762973388,0.352820439218228,,534
0,0,1.25172551976242e-05,0.0208581301503615,0.041816080708639,-0.0724496466706975,0.142763362143607,18.6675854897004,-0.507480669990243,0.617760725075828,-0.163193217521337,0.173035002935778,41.7548117430483,-0.943122574927261,0.351043483016427,-0.0266366457807649,0.0541046236912835,19363.1391517193,-0.492317365198793,0.622500587735603,-0.273354880058503,0.216724951960845,36.4536806841499,-1.26129860722215,0.215213402279311,0.149965969633403,-0.396743790483602,0.269575857661461,0.279882212053959,0.578003454494691,0.156325567867599,0.546709760117005,0.433449903921691,0.207201282834496,,535
1,0,4.43741787484542e-06,0.0719010571929832,0.0804237234514202,-0.105529262706672,0.148794520203339,17.377866240375,-0.709228152773759,0.487590043168635,-0.154400879669696,0.119661233728711,21.4907508956896,-1.29031662852269,0.210651822835184,-0.0135856861464526,0.0523967804043325,15150.3161384658,-0.259284750734976,0.79541906716612,-0.352845278488385,0.198184639900399,36.2436743454212,-1.78038660647825,0.0833973744598333,0.249823623581033,-0.455866933395737,0.226319166442877,0.232193332887833,0.269655888416827,0.0496104437647758,0.705690556976769,0.396369279800798,0.0750127121670464,,536
0,0,7.2468761546053e-07,0.0198638522434357,0.0582249570399859,-0.120475210552518,0.15303221965138,18.2180385968725,-0.787253892199765,0.441255574379415,-0.148847919932358,0.172418733800725,36.7738895638503,-0.863293197039661,0.393572005561371,-0.00555443728287595,0.0538389229304076,14687.1068478518,-0.103167689481003,0.917831291647388,-0.310898086947994,0.199889398812483,39.128624066693,-1.55535055283071,0.127914761253063,0.207321291957186,-0.414474881938802,0.236560150456311,0.280070760571823,0.380812673253132,0.138901686038123,0.621796173895987,0.399778797624967,0.119862603690573,,537
1,1,1.52946185069779e-06,0.0958761956565967,0.0720407836069207,-0.122273648152894,0.148576565499959,18.0798387708453,-0.822967254233156,0.421249301099013,-0.19713663062637,0.109229410144888,30.7165611509415,-1.80479442638094,0.0809195143421013,-0.00750570054611683,0.0524293128953788,13399.6921688435,-0.143158476272505,0.886167175674685,-0.326175729461924,0.189417433304727,38.1956452574435,-1.72199424187734,0.09316083017052,0.176534862950185,-0.475816595973663,0.222833779044356,0.212381794090651,0.428228519797668,0.0250660582873531,0.652351458923848,0.378834866609453,0.085070561579802,Model failed to converge with 1 negative eigenvalue: -8.4e+03,538
0,0,9.35424691921941e-06,0.049629651380961,0.0449767717991212,-0.10755155103556,0.143729896054884,17.2784675477298,-0.748289353764587,0.464350138724992,-0.221553746475726,0.155521795292071,38.8621951395985,-1.42458326217008,0.162259115135744,-0.0184583450793771,0.0535745732918455,12689.8120073303,-0.344535550079438,0.730449274981362,-0.261348226615366,0.189787195660926,40.2653011615211,-1.37705932007284,0.176101950782996,0.0778504499801241,-0.444846003250609,0.23762264685222,0.248321169146428,0.743197348253702,0.0732268940650023,0.522696453230733,0.379574391321852,0.168493908452676,,539
0,0,4.36047365832938e-06,0.0364434312459634,0.0375713744880714,-0.102090426599906,0.145021453798236,16.8658174900934,-0.703967750467746,0.491058921225303,-0.186791447191685,0.15566931365356,38.06851261685,-1.19992465314896,0.237583149842913,0.0134339833474824,0.0536524415117117,14377.8871534265,0.250389040441894,0.802290081794635,-0.236927502952271,0.189252802932148,40.1474311816957,-1.25191013967289,0.21784740792739,0.0846360254887243,-0.389218980415818,0.250897156672443,0.237825750812267,0.73586548026999,0.101719916254185,0.473855005904543,0.378505605864297,0.210602609590712,,540
0,0,5.87299050142279e-06,0.0366739250269402,0.0415212710345602,-0.0894533138603442,0.15190889807279,17.4515788958737,-0.588861580823798,0.563499350042403,-0.177011396062324,0.156545415361784,33.5844059719526,-1.13073510107748,0.266177105260491,0.0158140185917438,0.0537103364029613,14760.6980427869,0.294431568499204,0.768432287556878,-0.25374965733523,0.197945290694328,37.9343302482087,-1.2819181322534,0.207651022998871,0.113687772779616,-0.393811541890845,0.251142012456046,0.250396041591595,0.650776870177972,0.115775637271816,0.507499314670461,0.395890581388656,0.199871366527712,,541
0,0,6.28024623333391e-06,0.0315437291527011,0.0299635140904888,-0.0836390927249382,0.156454323115563,18.0264448562852,-0.534591125763645,0.599465052876385,-0.168625140093793,0.159301628086238,34.4010104200609,-1.05852741192644,0.297191459646912,0.0174566815917134,0.053769856782207,16782.8696832743,0.324655534464619,0.74544583783112,-0.220501732973126,0.202409464736486,38.4200305002558,-1.08938449721309,0.282770407300832,0.0839847399613843,-0.357018725984868,0.262276326450757,0.251015181309969,0.748805566652109,0.154939371255725,0.441003465946252,0.404818929472971,0.275984364938979,,542
0,0,2.07872047714404e-05,0.0364292248780039,0.0227288517447014,-0.103247719497055,0.155942478722601,19.1169210241376,-0.662088485079923,0.515817289778152,-0.192130228401685,0.174407339928174,32.0993006423639,-1.10161779017334,0.278819862686781,0.0341407659517388,0.0537983942033991,19373.26293796,0.634605669133181,0.52569312357564,-0.189326353959901,0.201171027917606,38.0827984421193,-0.941121372792528,0.352574480834564,0.0247646999067632,-0.353888008013039,0.269748097695076,0.260749487232709,0.926851569977787,0.174719127851317,0.378652707919803,0.402342055835212,0.346642663984282,,543
0,0,1.9756066731952e-05,0.0172646861684945,0.0132847343848188,-0.100264124188121,0.156659967505667,19.3750401324135,-0.640011138675197,0.529661728426491,-0.12997653531907,0.170511862376446,33.0749038644865,-0.762272685944367,0.45129939670855,0.0329276854291429,0.0536622559307808,19057.9196385313,0.61360978695373,0.539480538099114,-0.139543420313688,0.194810302588949,38.1095532116055,-0.716304109480935,0.478170366199407,0.0298863654964361,-0.249200475130941,0.257367796949243,0.257308345558767,0.90755492276995,0.332799874689852,0.279086840627377,0.389620605177897,0.473803589856244,,544
0,0,3.58519292907597e-06,0.00802553552445562,0.00611505786814587,-0.0681618362922755,0.156498819408377,20.2108842186019,-0.43554217565316,0.667784991576033,-0.0826895591063973,0.152064811576539,36.5485681571501,-0.543778394548412,0.589895894557099,0.0131949513083366,0.0534263804547568,17013.356042259,0.246974457113196,0.804930972047348,-0.0904727116492802,0.18239560546448,39.9891352778384,-0.496024624161787,0.622592444814275,0.0209572491514624,-0.159988174147098,0.239364980333166,0.233423207027527,0.930231537413661,0.493091792561473,0.18094542329856,0.36479121092896,0.619877037851335,,545
0,0,2.24925537985152e-06,0.0171184296359636,0.00446993424308436,-0.0466597734024048,0.156093321163295,21.2469251657845,-0.298922292476514,0.767903523254381,-0.120272166090462,0.147823927517396,38.0082664065375,-0.813617714739095,0.42093195505969,-0.0100764330663889,0.0533372160468354,15867.6720664921,-0.188919366499009,0.850158430747421,-0.0759526698941786,0.178839668355213,40.1709057687635,-0.424696995877451,0.673323732998862,-0.033259721457306,-0.185165061245663,0.22818054671077,0.232316689799411,0.884110421588288,0.425429383662795,0.151905339788357,0.357679336710426,0.671057574038294,,546
0,0,4.98295501797929e-06,0.0298354608791475,0.00408243335283171,-0.0508689936501749,0.154287461745574,20.7681291960476,-0.329702706069919,0.744926913495465,-0.157849590396708,0.144809887182777,38.6369764979638,-1.09004705043015,0.282444293781207,-0.0144700614101315,0.0532987163183286,14791.7009881386,-0.271489867105025,0.786018080758728,-0.0765668987365156,0.188936193042908,40.0641637560899,-0.405252680830332,0.687447723852474,-0.0701334765810159,-0.223267274054047,0.233160783098939,0.23887828801638,0.763571217679541,0.349969388296927,0.153133797473031,0.377872386085817,0.685291785009966,,547
0,0,1.57731032969186e-06,0.0164407178485755,0.00318011274518501,-0.0612194541847486,0.156784761458367,21.9680135022926,-0.390468139985688,0.699951081324875,-0.118028565820269,0.143922674850012,40.2342195370463,-0.820083186636655,0.41700077797208,0.00806902525414816,0.0533109957372824,14524.1500934916,0.151357616614638,0.879695723349073,-0.0697485093072787,0.194914109589729,40.1381618802172,-0.357842279628144,0.722336336100435,-0.038123694631404,-0.177620713245961,0.235094991291365,0.244665383547935,0.871177544189808,0.467854694415635,0.139497018614557,0.389828219179459,0.720461348235761,,548
0,0,1.16823256939417e-05,0.00401728351466205,0.00943277688172167,-0.0890225325129177,0.162277921293508,21.9494662522789,-0.548580680620778,0.588830336367631,-0.0632415566313083,0.150941301718843,43.5219393800962,-0.418981126511734,0.677290608243537,0.023535379854748,0.0534586675889426,16590.9700927022,0.440253768307837,0.659759056214291,-0.122970207523611,0.200910502851343,39.3404136601274,-0.612064604778769,0.544016546845476,0.0776348390053897,-0.168305576041832,0.243442452212194,0.25406854826677,0.749799101605434,0.50768824948682,0.245940415047222,0.401821005702685,0.540495014570588,,549
0,0,1.51675428878515e-07,0.0144793839301747,0.0195285050157034,-0.109864700442228,0.168180022453319,22.2674068676277,-0.653256545216139,0.52027974190023,-0.125303585533953,0.155312700256072,44.3025460727232,-0.806782609067762,0.424101853871876,0.00271383112301849,0.0534500301236952,16996.3016929805,0.050773238419849,0.959506812655384,-0.181212762704704,0.208207994898478,38.0319622993504,-0.870344881775859,0.389572424855932,0.0822962987575765,-0.280129226651832,0.246744649490177,0.266049652259195,0.738735606460145,0.29237726819608,0.362425525409408,0.416415989796955,0.384111958434725,,550
