singular,convergence_false,effectsize_valence,effectsize_pe,effectsize_interaction,coef_intercept,se_intercept,df_intercept,t_intercept,prob_intercept,coef_pe,se_pe,df_pe,t_pe,prob_pe,coef_valence,se_valence,df_valence,t_valence,prob_valence,coef_interaction_pe_valence,se_interaction_pe_valence,df_interaction_pe_valence,t_interaction_pe_valence,prob_interaction_pe_valence,coef_neg,coef_pos,se_neg,se_pos,pvalue_neg,pvalue_pos,coeff_diff,se_diff,pvalue_diff,convergence_false_message,time
0,0,1.28034832079449e-06,0.217194140134169,0.590289615055088,0.478023514076568,0.345253550023958,48.8748064523883,1.38455785333242,0.172476558275675,-0.91087329904742,0.42977512472415,16.1897207240929,-2.11941838102441,0.049853252999968,0.0109432544540664,0.0553542504197607,30525.4696615969,0.197694926244721,0.843285076002118,-3.76696597269657,0.697639933115535,20.2363676165383,-5.39958479136074,2.65608163894028e-05,3.40461578897163,-4.1293161564215,0.532697002234979,0.970819793856454,1.64502647547146e-10,2.10518713054903e-05,7.53393194539313,1.39527986623107,6.67953085437045e-08,,1
0,0,1.16611052449946e-06,0.26229251685529,0.600790175686549,0.371258534208039,0.344870943426564,48.8950098298098,1.07651439265742,0.286980328800969,-0.981902949579955,0.428846674151591,14.7445432942894,-2.2896363869966,0.0372311915791799,0.0102704037104655,0.0551895839811068,29697.5463145325,0.186093153265685,0.852372982059416,-3.78159597833896,0.71273192318618,18.7057975844056,-5.30577606434942,4.24439830765322e-05,3.35034647823643,-4.21284547844149,0.535698272598177,0.987461240280431,3.99643101551848e-10,1.98705800778652e-05,7.56319195667792,1.42546384637236,1.12194626299325e-07,,2
0,0,4.62908636800909e-07,0.250332355401658,0.586621722863785,0.227499269537072,0.345466055610077,48.2561857355042,0.658528575652157,0.51332840272411,-0.920793461607978,0.403895932991546,15.5645753021019,-2.27977898858232,0.0370890807156694,0.00649211255096702,0.0549794270323708,30121.4709876723,0.1180825792736,0.906003013959901,-3.54967889722415,0.66397507692327,20.1402144883282,-5.34610261829806,3.04773643365757e-05,3.14576850310671,-3.95358929134159,0.51149820075601,0.918154139665343,7.74308462235213e-10,1.66218687239977e-05,7.0993577944483,1.32795015384654,8.98682700606504e-08,,3
0,0,1.41947955342074e-06,0.260177626484584,0.563106187238701,0.0963546501296859,0.350365897004717,46.5706287507589,0.275011497846745,0.784523853211612,-0.974135697004415,0.414747275201589,15.6866189524124,-2.34874526066732,0.032297081362748,-0.011677635050379,0.0547570891910069,32040.5035031177,-0.213262524047697,0.831123559475757,-3.36887045169137,0.617319895444522,23.1064734934302,-5.45725235255135,1.48825693652047e-05,2.88528957484552,-3.85245132853721,0.476240633734005,0.884499323207974,1.37422401619596e-09,1.3275356248706e-05,6.73774090338273,1.23463979088904,4.83558884432455e-08,,4
0,0,2.24415004000238e-05,0.316238694972038,0.573018068006473,-0.0113706462417584,0.353651706967341,44.0928798456442,-0.0321521033766944,0.974495855483085,-1.08995014737543,0.434039732900818,13.6346440464524,-2.5111759702066,0.025308060715521,-0.0469667780612597,0.0545381182394105,33046.0535678442,-0.861173424706107,0.389148782680522,-3.29333172637505,0.587703981562424,23.3988693170916,-5.60372539525707,9.94582950366177e-06,2.6829369005595,-3.9037265521906,0.446860746013353,0.877593563872247,1.92554576052367e-09,8.65860587189881e-06,6.58666345275009,1.17540796312485,2.09792993542913e-08,,5
0,0,3.5053881643516e-05,0.32393489534228,0.573830370064966,-0.0534717279641713,0.354783501434638,41.6177108195646,-0.150716501043446,0.880927503393922,-1.04365570311428,0.410942718699252,13.4611668661474,-2.53966223423483,0.0241480511606418,-0.0580793395682466,0.0543714691994424,32549.9152164568,-1.06819514762794,0.285440415024564,-3.16617818255372,0.553084006844945,24.3381448088737,-5.7245882060758,6.39396496195751e-06,2.58356246040779,-3.74879390469965,0.430506046775484,0.824204890301308,1.95837730106032e-09,5.40614315679666e-06,6.33235636510744,1.10616801368989,1.0368492690988e-08,,6
0,0,9.07770468495777e-06,0.272442149998548,0.548314616500274,-0.0758864663742445,0.35341749164852,39.786658780236,-0.214721874744431,0.83108096912707,-0.933675886482957,0.375687116259433,16.4942629568407,-2.48524861799679,0.0240109199591709,-0.0295195716802256,0.0542825316353855,32577.6627083163,-0.543813466153494,0.586573562621768,-3.00171040973437,0.519661424059773,27.485449155405,-5.77628099904739,3.58096218159702e-06,2.50512568817765,-3.4982951312911,0.422929469069861,0.757927263333885,3.15600885540127e-09,3.91946169777499e-06,6.00342081946875,1.03932284811955,7.63697916002492e-09,,7
0,0,6.33864026601968e-06,0.247408536275457,0.536467774701052,-0.120249512772567,0.352046540292783,37.9471314453239,-0.341572772374244,0.734556776114063,-0.87456739141515,0.355779994312812,18.3809570977688,-2.45816910842436,0.0240962225630539,-0.0240232654655902,0.0541453310948603,31055.8339082985,-0.443681199834247,0.657276180687626,-2.92891275561092,0.513667445978762,28.0921564210722,-5.70196296950463,4.04589534443382e-06,2.48083616896017,-3.37698934226167,0.412321219103732,0.738279750441522,1.77946990428414e-09,4.78197337474312e-06,5.85782551122184,1.02733489195752,1.18435560739486e-08,,8
0,0,1.16368581261363e-05,0.238593056583216,0.534750242954362,-0.193127935298907,0.357076835671593,35.8354592402465,-0.540858201948808,0.591951703367963,-0.844101877233817,0.335777475834853,20.1672018078892,-2.51387284133667,0.0205348031770337,-0.0315389357504205,0.0539731528408409,29342.5395893843,-0.584344884269117,0.558992792512354,-2.89236699175284,0.502855715009109,28.7842671755011,-5.75188250908205,3.23784401606216e-06,2.46943434314268,-3.315299640363,0.404819604597041,0.711828092227554,1.06011509909084e-09,3.20159115753405e-06,5.78473398350568,1.00571143001822,8.82551284555481e-09,,9
0,0,3.73305238757132e-06,0.246718642843331,0.53396555897435,-0.310628288605805,0.364265840475916,32.2524592737818,-0.852751628316198,0.40008559685968,-0.828066804608666,0.309920049006739,21.7964947854635,-2.67187233372778,0.0139960211873821,-0.0170829034364945,0.053791877834923,27016.1995336112,-0.31757403020803,0.75081053027905,-2.87625708549978,0.497775560666915,29.1402336843185,-5.77822077413002,2.88111138511846e-06,2.46701368106038,-3.28550048993918,0.405968343373163,0.684229852680612,1.22556991114074e-09,1.57285218831559e-06,5.75251417099957,0.995551121333829,7.54947050644023e-09,,10
0,0,8.56179372399264e-07,0.28397001888993,0.561568251445571,-0.427436888652122,0.370445269696937,28.3387785670687,-1.15384625912975,0.258201884158817,-0.874748673074548,0.3159071425272,19.3333187431575,-2.76900568336859,0.0120887748973005,0.00815770782785794,0.0538742271909819,26779.9063931658,0.151421342879578,0.879644494963603,-2.87122675469771,0.501925797220761,25.5479112187974,-5.72042076856007,5.41245450605624e-06,2.41456899502652,-3.32788451436891,0.401148039592108,0.69620613134908,1.75338649224515e-09,1.75271142361113e-06,5.74245350939543,1.00385159444152,1.06260571452163e-08,,11
0,0,5.76981851381798e-06,0.321266056474282,0.581721839955575,-0.493816694045156,0.372675926865444,25.7422340315005,-1.32505659326756,0.196794389681396,-0.91630621511062,0.323868889978377,16.9113207023127,-2.82925048828183,0.0116131602474966,0.0212906604853254,0.0540535786980751,26888.3842307164,0.393880682798964,0.693672256191858,-2.84630953968133,0.512354242116942,22.1908227179541,-5.55535468569747,1.34733342567334e-05,2.34446594175238,-3.34815313761028,0.401230739344113,0.715276433558421,5.12117027785293e-09,2.85587700558714e-06,5.69261907936266,1.02470848423388,2.77048614920728e-08,,12
0,0,1.03233462406839e-05,0.30863627745441,0.571842969391682,-0.50259327291613,0.373052086647581,24.6416645555678,-1.34724691512294,0.190159769336606,-0.878807726278706,0.308858012921645,18.1355028566303,-2.84534539986713,0.0106827640921001,0.028526087795873,0.0539120051531811,27119.9248809367,0.529123109311578,0.596724382036415,-2.79950556405682,0.503280544190544,23.1669403405745,-5.5625149757367,1.13953928071134e-05,2.32834513921094,-3.27066598890269,0.403309034910659,0.691407941761567,7.7824216672154e-09,2.24030215726757e-06,5.59901112811363,1.00656108838109,2.65914203542623e-08,,13
0,0,2.01325964017527e-06,0.237192424135194,0.544017284551983,-0.448667188713575,0.376967969664096,24.0456512614784,-1.1901997644876,0.245586465225425,-0.733882446038204,0.290012961787341,20.593604427189,-2.5305160207851,0.0196237223648552,0.0128918792052038,0.0538574098043534,28460.3913679323,0.239370575971548,0.810819967558716,-2.74045578996031,0.490624703535269,26.1506482687458,-5.58564574961991,7.07522041639697e-06,2.40562216947773,-3.07528941044289,0.418474479683249,0.653875913311192,9.00111394584407e-09,2.56153287974898e-06,5.48091157992061,0.981249407070538,2.32833420575062e-08,,14
0,0,1.07674337079956e-05,0.187718542250688,0.507337301434423,-0.362809962460801,0.381426171240011,24.9223247831396,-0.951193153006024,0.350640599549019,-0.644848693218317,0.290157256300374,21.3721465165919,-2.22241105199438,0.0371715346039968,-0.0304714871524666,0.0539833596551893,29590.3838607083,-0.564460740255862,0.572444890031479,-2.65519203094133,0.499777682107862,27.4088643623095,-5.31274629899998,1.25769839895509e-05,2.39697656328114,-2.91340749860152,0.43543111949943,0.657564865491079,3.69513718548695e-08,9.39708557313784e-06,5.31038406188266,0.999555364215724,1.07985327889799e-07,,15
0,0,5.24873783373919e-05,0.136914805045452,0.472872439239598,-0.231785198518346,0.385244178166511,27.6524594499634,-0.601657887788154,0.552303165556598,-0.552252216687602,0.279814098763685,24.5549471553011,-1.97363970982035,0.0597769587979116,-0.0686015100518849,0.0540836026783497,30651.9739054442,-1.26843454678634,0.204652444331236,-2.52333541000152,0.481383592802456,30.6294443161955,-5.24183924780546,1.11011310148631e-05,2.33851624424396,-2.70815457575907,0.436826058086059,0.624782350650401,8.63040473166818e-08,1.46054086392687e-05,5.04667082000304,0.962767185604912,1.58983849955987e-07,,16
0,0,3.62513300491998e-05,0.092109989853053,0.467249792509102,-0.0601522027705809,0.385068621328906,30.8155351560157,-0.156211644986783,0.87688509432499,-0.434042031455691,0.260137668622889,27.4399673563548,-1.66850896201774,0.10658759789131,-0.0569212452407747,0.0539833699502412,30668.2582008844,-1.05442185793961,0.29169812603892,-2.39182203809155,0.442699728008603,33.2823302993073,-5.40280891712016,5.47937906186313e-06,2.3060628648141,-2.477581211369,0.425281104352389,0.564042837328161,5.87897185079476e-08,1.12033564366894e-05,4.7836440761831,0.885399456017206,6.5605336862318e-08,,17
0,0,2.38534656704768e-05,0.0842891445274896,0.48187316748211,0.139458271396371,0.385987409565624,34.1096795993809,0.36130264340309,0.720101603405355,-0.412041159521938,0.250629640438612,29.3631778589569,-1.6440240619619,0.110837430087659,-0.0455767913322595,0.053823260184934,30059.7695768114,-0.846786151111247,0.397121070070661,-2.32379742159529,0.419211867221216,33.0394443171661,-5.5432529546427,3.69619950087037e-06,2.25013378135828,-2.3974610618323,0.407941252719419,0.534647590890054,3.47141658808187e-08,7.31916300030285e-06,4.64759484319058,0.838423734442432,2.96903462013513e-08,,18
0,0,9.31617298501909e-06,0.0875907494005355,0.48079946316533,0.342124006245,0.387919278263773,35.9470708895663,0.881946387857441,0.383665362549983,-0.428714309164095,0.25519345811807,29.3987132313772,-1.67995806916705,0.10356329610538,-0.0285303181711423,0.0538549271230002,30124.5629487944,-0.529762450629288,0.596280546700898,-2.2459672140123,0.410151071237322,32.3810019590047,-5.47595111049395,4.79553840467443e-06,2.14429725355525,-2.34763717446934,0.39443339863615,0.533966674643066,5.43681962601882e-08,1.0996038384657e-05,4.49193442802459,0.820302142474643,4.35167833259993e-08,,19
0,0,1.5387076694805e-07,0.0790465000572333,0.453951136884798,0.473373920508214,0.389523897857185,36.6214783677663,1.21526284552064,0.232042808741806,-0.422007567193759,0.262170533053575,30.1875439357115,-1.60966818916877,0.117879496378025,0.00366715476457368,0.053904230007285,30078.529396446,0.0680309275186395,0.945761466906366,-2.17149530383882,0.412942292590049,33.2630033029801,-5.25859264794314,8.41737610093512e-06,2.06568793001106,-2.27730267766657,0.386390838872426,0.547751200268569,8.98646039161731e-08,3.21679719923077e-05,4.34299060767764,0.825884585180099,1.45162046113578e-07,,20
0,0,2.41231245212527e-06,0.0698567277582769,0.435554627174963,0.514957120648444,0.398328710084362,38.0667211753427,1.29279438717682,0.203873962864821,-0.414572664081017,0.267246835311747,32.0418655139696,-1.55127249158035,0.130658654908929,0.0145832547732109,0.0538198832185408,30436.0870650287,0.270964073147357,0.786420501858817,-2.16072826524834,0.41365383981411,35.3594475731113,-5.22351796908095,7.94046774595853e-06,2.06078796259822,-2.26066856789846,0.379994591287608,0.556223011360304,5.85403116888048e-08,4.81726020377962e-05,4.32145653049667,0.82730767962822,1.75555420142276e-07,,21
0,0,1.92070527232494e-06,0.0700557646023515,0.435423450465731,0.465882636043504,0.411405726022643,39.8792787697546,1.13241650899595,0.26422242543217,-0.41031171205454,0.261846557299815,32.5947099112715,-1.56699296063202,0.126774589792278,0.0127660121335629,0.0535959636888789,29538.2508693961,0.23818980488286,0.811735536324854,-2.15536535713465,0.41312301265545,35.2934441333168,-5.21724835244714,8.13315547453813e-06,2.05890509182077,-2.25182562244853,0.37469504222693,0.553740675475652,3.90971460402466e-08,4.77100096115833e-05,4.3107307142693,0.826246025310901,1.81600696738804e-07,,22
0,0,4.82775094494844e-06,0.0633203368217122,0.445958405692536,0.34233921436056,0.425285768245188,40.3306030466178,0.804962780139855,0.425561371169452,-0.378830601480206,0.263226161572709,30.6393734548433,-1.43918294145533,0.160237410284352,0.0198972317013665,0.0535282994850711,28620.1210943985,0.371714250084029,0.710108365854329,-2.16648013311872,0.420548431087224,32.9704901546444,-5.15155918550884,1.18265554248543e-05,2.10311944575931,-2.22984082047813,0.370739678777857,0.566277508112963,1.40510098542577e-08,8.22603787396914e-05,4.33296026623744,0.841096862174449,2.58329670889299e-07,,23
0,0,2.83074166422723e-06,0.0678910221615499,0.461164297032617,0.10796764475108,0.441670856147458,39.4134888370417,0.244452725934521,0.808148378643402,-0.405892786571396,0.286041154670457,27.6452145642631,-1.41900135677685,0.167075681188037,0.0155516349400252,0.0535780740877481,29762.982069825,0.290261178752998,0.77161845802156,-2.20206924518432,0.42890954125659,30.7986169966367,-5.13411111987123,1.48758724828088e-05,2.11682864694679,-2.28730984342186,0.364095001513558,0.598602967476476,6.10171353871978e-09,0.000132868524688503,4.40413849036865,0.85781908251318,2.834805808824e-07,,24
0,0,6.48177724141166e-07,0.0950940189234684,0.473286076192616,-0.196252125456919,0.456864816198818,37.2206659499776,-0.429562790782982,0.669990288599221,-0.491055603774808,0.305388256601207,24.6040688724004,-1.60797146963007,0.120599818992746,-0.00758378057968315,0.053659879967622,30816.1047331376,-0.141330554303497,0.887609736841432,-2.23391134466609,0.438631834004286,28.8657365169248,-5.09290747156364,1.98350360758136e-05,2.06814458581634,-2.39967810351583,0.366044495433495,0.625821594422415,1.60465211381237e-08,0.000125848437790881,4.46782268933217,0.877263668008571,3.526138108174e-07,,25
0,0,5.64490959501887e-06,0.108119235314993,0.48201489014402,-0.499478518982078,0.469421880106352,34.1006200230886,-1.06402905392675,0.294792340873226,-0.524056898708761,0.326208439748827,21.2897386876042,-1.60650931996816,0.122893416394077,0.0226530046653631,0.0536429694017597,31591.2322232058,0.422292145979153,0.672814664051664,-2.23609882489332,0.446545933202171,26.9467585446513,-5.00754493240663,2.99980482077244e-05,2.03764929893219,-2.43454835085446,0.366353771427858,0.653001830734849,2.6674359826976e-08,0.000192820760408314,4.47219764978665,0.893091866404343,5.51286847751568e-07,,26
0,0,6.89978925957649e-05,0.103238113509109,0.47051201234942,-0.820474636959112,0.482791209671317,30.9977007658092,-1.69943988316956,0.0992521496289644,-0.509187792637845,0.325021604297385,21.319086374384,-1.56662752846409,0.131925672358741,0.0772408736429421,0.0535313076076825,30172.6085101169,1.44291027241518,0.149056129972056,-2.251439038497,0.453428037733184,27.7452752843924,-4.9653723438731,3.11973498668399e-05,2.07009236900872,-2.43278570798528,0.364603280108329,0.66075712178298,1.36552170411923e-08,0.00023157912308733,4.502878076994,0.906856075466368,6.85693846399039e-07,,27
0,0,0.00014485899658071,0.118345537441026,0.481543754021482,-1.10747353724453,0.493578354428498,27.5107436069712,-2.24376439385566,0.0330880944361067,-0.522840005518865,0.307518634302977,21.5348212074096,-1.70018967046968,0.103494550631567,0.109259177894306,0.0535389455078277,28745.3659486503,2.04074205903685,0.0412855885741785,-2.26130001950087,0.455892212913202,26.4891718943024,-4.96016373048118,3.55873925351357e-05,2.06773703436546,-2.45486300463627,0.369514771870263,0.646847452597859,2.19585253707191e-08,0.000147572705489528,4.52260003900173,0.911784425826403,7.04337882164283e-07,,28
0,0,0.000139022561116292,0.180165139458765,0.524104383858624,-1.36101959536168,0.502876332549733,24.232566539143,-2.70646977649736,0.0122631309867282,-0.613736695659314,0.307603975486339,18.1148988149477,-1.99521704714304,0.0612840867490639,0.105992596034736,0.0535287313551775,28198.8561098667,1.9801066334161,0.0477012527271924,-2.29105784257637,0.467092105339177,21.8454485159779,-4.9049380548034,6.75826218103494e-05,2.01093132399397,-2.57118436115877,0.375492957776651,0.657910186813354,8.53468087405891e-08,9.30215513248926e-05,4.58211568515274,0.934184210678354,9.34568284937316e-07,,29
0,0,0.000105138695310372,0.250947142502057,0.579435315927994,-1.61676320295182,0.509888452739757,21.5910252624396,-3.17081744892348,0.00449654960175464,-0.695624760284434,0.31013393249871,15.0169488767176,-2.24298178106431,0.0404107038766557,0.0917092815752377,0.0535781810248638,27863.9322258387,1.71169083796777,0.0869647861733699,-2.31271560368008,0.464390905429765,18.0013422385089,-4.98010528767743,9.69074235847608e-05,1.95385469445783,-2.67157651290233,0.373141900678448,0.657713761585678,1.63894743913203e-07,4.86720795277979e-05,4.62543120736016,0.928781810859529,6.35496900256627e-07,,30
0,0,6.70653653449071e-05,0.244733737166577,0.570196889614507,-1.85905868206362,0.516097405660794,19.1901054252036,-3.60214692357027,0.00187507285328504,-0.67727076806024,0.293639123604145,16.4173504006125,-2.30647319658013,0.0344298206255693,0.0726971078117124,0.0536880493276772,27337.0467098456,1.35406498693995,0.175726838458507,-2.23570330339035,0.442691315100538,19.2252078304199,-5.05025336420392,6.86701293583874e-05,1.88398231459572,-2.58742429218498,0.367335124479634,0.620300983168385,2.91620527312145e-07,3.02946541635942e-05,4.4714066067807,0.885382630201077,4.41224452504687e-07,,31
0,0,4.28413294754868e-05,0.215577852416181,0.527775936910933,-2.08078959654092,0.520588915420054,16.9526310148787,-3.9969917432106,0.000937828520163871,-0.648271417992102,0.287690794609087,18.4759816729825,-2.25336169992151,0.0366017537402931,0.0586226282577058,0.0538103034236989,27702.4476787114,1.089431289694,0.275973216134667,-2.12991540994804,0.422924100575326,22.6933374349613,-5.03616466181664,4.42636346234395e-05,1.79178956919399,-2.4680412507021,0.360223385935043,0.594438284631625,6.5549188259286e-07,3.29743466821355e-05,4.25983081989608,0.845848201150652,4.74952033449913e-07,,32
0,0,2.98946372320943e-05,0.161923485422791,0.499910978178242,-2.26380863097196,0.516861410537247,14.8566611660179,-4.3799141990865,0.000549830056906007,-0.550646725767308,0.263655900506783,22.5758941022565,-2.08850522483619,0.0482311650145328,0.0489754197070639,0.0538659944836774,27651.6274783903,0.90920849371684,0.36324800605404,-2.00887582603614,0.389306523443865,26.6365191008612,-5.16013913218129,2.05784105663452e-05,1.75074961528813,-2.26700203678415,0.356646997563975,0.534299641545866,9.1581895121301e-07,2.20609116029855e-05,4.01775165207229,0.778613046887731,2.46766384669355e-07,,33
0,0,1.31583396408923e-05,0.109611388708281,0.479456023916594,-2.37832707901118,0.503595666947895,13.1708166531462,-4.72269170508421,0.000384827682371767,-0.452088165645146,0.240588908586784,28.6826312524847,-1.87908980634521,0.0704286264117795,0.0324512635276094,0.0538340508381198,27614.8249814393,0.60280181450939,0.546645489679741,-1.88301596161958,0.363172880580207,29.1870247798514,-5.18490245915737,1.49045314918549e-05,1.70512134828044,-2.06091057495872,0.358302256544231,0.480296250106325,1.94659609521865e-06,1.77938100668542e-05,3.76603192323916,0.726345761160414,2.16127949298539e-07,,34
0,0,3.22416183021584e-06,0.0675162733497954,0.450587795513081,-2.45731402094649,0.489720954588677,12.0175520994046,-5.01778410321532,0.000298910116990487,-0.355651168720094,0.228385809108477,33.4921516076727,-1.55723847339031,0.128814152589455,0.0160986902286184,0.0537116479286622,27862.8733390928,0.299724377289636,0.76438963836997,-1.74878942013943,0.347977420677363,30.7958207576679,-5.02558302988536,2.02918453568764e-05,1.64778653540456,-1.84979230487431,0.354143022321761,0.452148149765718,3.27323808192436e-06,4.29295052046683e-05,3.49757884027887,0.695954841354725,5.01905352693542e-07,,35
0,0,7.24022298190761e-07,0.0545609653372732,0.423858961221307,-2.48848862754005,0.47793920833875,11.3830834852001,-5.20670533850882,0.000260667164381012,-0.320261049814622,0.226633278422471,34.6028895881053,-1.41312455100975,0.166551836275382,0.00776927809629893,0.0536651003654223,28948.4414036973,0.144773382391824,0.884890806417827,-1.62277334349703,0.338280340287272,31.2802096076502,-4.79712578661518,3.76336780319888e-05,1.5388108682618,-1.70673581873226,0.351634392649618,0.439311827674982,1.20784419762011e-05,0.000102320906776607,3.24554668699407,0.676560680574545,1.60958531342295e-06,,36
0,0,4.35862978752013e-07,0.0655321113703173,0.416825072497443,-2.47075049709215,0.469199424454996,10.9690831161868,-5.2658856092206,0.000268497522667928,-0.365322826776195,0.242611209347245,32.3327106041159,-1.50579533303144,0.141827782983974,-0.00627346026034951,0.0536482274887404,31372.8068239793,-0.116936953073914,0.906910763227921,-1.4979897199609,0.315633827329394,31.5134239880909,-4.74597330912063,4.28948960620378e-05,1.35079522082813,-1.64518421909366,0.338159845299209,0.433256154159109,6.48182043541977e-05,0.000146307097561692,2.99597943992179,0.631267654658789,2.07506075862815e-06,,37
0,0,5.09556668041507e-06,0.0748299966114283,0.37865002459561,-2.42042224339638,0.461739076007884,10.6297430086717,-5.24196969492584,0.000308957641899469,-0.416789263493512,0.262750892848872,31.1093160272898,-1.58625251078876,0.122795818391222,-0.0222344257766183,0.0536853450768633,33662.4433606173,-0.414161923422201,0.678758164129135,-1.36411837450809,0.308647199887448,32.0536677676618,-4.41966871886585,0.000106015294606273,1.145963891864,-1.58227285715218,0.337792913734362,0.445209169939506,0.000692568603069393,0.000379420940104789,2.72823674901618,0.617294399774896,9.88523199108733e-06,,38
0,0,1.040789925206e-06,0.0742734220012042,0.343514445465528,-2.32793268396773,0.455545851599231,10.4882650372859,-5.11020498989362,0.000393453735476366,-0.419196386174116,0.262186597048209,31.8612921907352,-1.59884750362368,0.119725681408643,-0.0101203103723764,0.0537426754892655,34071.0537294281,-0.188310505203593,0.850634372216261,-1.28486779711079,0.314794149487707,31.8378515737295,-4.08161269579428,0.000280290430165385,1.05276619542824,-1.51696939879333,0.349192425051875,0.445423436133924,0.00257098090940663,0.000659996463996969,2.56973559422158,0.629588298975414,4.47242822161925e-05,,39
0,0,5.23899463382248e-08,0.0835892011510367,0.335093636156535,-2.17636102186759,0.443993272157605,10.3752576771451,-4.90178828902401,0.000557968939775719,-0.444268671525442,0.255105061929206,33.2501224827512,-1.74151256806002,0.0908398915263652,0.00224255132003157,0.0536498304584584,33350.3270302897,0.041799783911116,0.966658557503088,-1.25359547739841,0.315917863695897,31.2435788391013,-3.96810570549162,0.000395081457104279,0.991867901704669,-1.51532305309216,0.348611149999754,0.439909547442284,0.00443837624827179,0.000571853941701532,2.50719095479682,0.631835727391793,7.24462004455916e-05,,40
0,0,3.13049496958824e-06,0.103266722892563,0.339620854868459,-1.98965102104253,0.43654435348657,10.2926306919976,-4.5577293696544,0.000971317424593067,-0.500715730852147,0.252077061548619,34.262473086557,-1.98635975751238,0.0550391357367868,0.0170757848484035,0.0535009881639775,32540.4362848189,0.319167653428516,0.749601432757208,-1.26528205568909,0.323808882345219,29.6890418167135,-3.90749644211473,0.000498661323331921,0.948809150489916,-1.58175496088826,0.351486869728302,0.444931317865082,0.00694613654612697,0.00037790114662963,2.53056411137818,0.647617764690439,9.32574143310428e-05,,41
0,0,2.1774263384432e-05,0.109912741873334,0.307177442332053,-1.78765065076301,0.436197586418196,10.2083585223376,-4.09825892307696,0.00205999592854389,-0.488748737139018,0.234884626012503,35.0628049101458,-2.08080343714365,0.0448217839036322,0.043801201157368,0.0533441506222831,30963.1761368924,0.821105981563257,0.41159222495715,-1.19569825919711,0.33210056392924,29.2372598282757,-3.60041020421716,0.00115985098307571,0.881059970327144,-1.51033654806707,0.359766515059586,0.433877234206618,0.0143262541150369,0.000499502955423878,2.39139651839422,0.664201127858479,0.000317715541309841,,42
0,0,2.77965962637985e-05,0.0884949647042249,0.254355464627585,-1.58042712089583,0.437072542649672,10.3303689752186,-3.61593778303891,0.00448096011152985,-0.390985210077103,0.20693516370409,36.769911184987,-1.88940923851974,0.0667421175069616,0.0467383228482914,0.0532293753739109,27735.7438166563,0.878055068652919,0.379921440714859,-1.05095164043625,0.32287777371136,31.0584609780093,-3.25495195397302,0.00273865888346711,0.812999739405125,-1.28890354146737,0.350568949549351,0.401549052146455,0.020390343334382,0.00132814246836968,2.1019032808725,0.64575554742272,0.00113411550375855,,43
0,0,3.29095226175617e-05,0.067787627145984,0.223845613141481,-1.36360210251467,0.436857088098528,10.4993213949832,-3.12139173121788,0.0102544064568844,-0.325838324534339,0.194547561593285,38.5759983974057,-1.67485175278386,0.102052836843772,0.0499769935319361,0.0531947839018948,26820.4635901741,0.939509287679537,0.347477786864575,-0.929895487300665,0.299394212672675,33.4488358214784,-3.10592338776205,0.00385052371546426,0.739462996882037,-1.12032797771929,0.338347839911246,0.365879214089152,0.0288513849531321,0.00219851760630616,1.85979097460133,0.59878842534535,0.00189685853876973,,44
0,0,8.36715036123137e-05,0.0421121168565209,0.21916212735669,-1.14969767058144,0.434079961470049,10.7387802643632,-2.64858499039645,0.0230602982325326,-0.245973166122262,0.187707369978984,39.0589370448672,-1.31040761025953,0.197711770542388,0.0798144987672935,0.0531516254131746,26947.3813250868,1.50163796773579,0.133202349248078,-0.858991872360824,0.274774755112272,34.819282087086,-3.12616736573869,0.00356394582711271,0.738099978880577,-0.979883765841071,0.326615788051187,0.333116108003821,0.0238310770831453,0.00326554876232999,1.71798374472165,0.549549510224543,0.00177100729371209,,45
0,0,0.000108700469918967,0.0159366212054711,0.215910712201133,-0.943188182698342,0.428675330164159,11.0296617741976,-2.20023900684267,0.0500021159702169,-0.145358628905722,0.184132257972822,38.481208098211,-0.789425114893109,0.434700943254865,0.0909417901706211,0.0531203203177077,26960.4412223354,1.71199626859753,0.0869088563610704,-0.807016651572175,0.253059238471415,36.9327740167402,-3.18904244099879,0.00290701951072282,0.779170973684857,-0.834862329459493,0.309723583238686,0.311570045531018,0.0118796955566502,0.00737248576649963,1.61403330314435,0.50611847694283,0.00142744918697904,,46
0,0,3.21552467678611e-05,0.00800027844411451,0.195954314534075,-0.760613982145985,0.425697712707606,11.4855325949549,-1.78674669710622,0.100373602743248,-0.105251111805606,0.187220468991337,39.1880067618217,-0.562177375009544,0.577196915000537,0.0500706471420552,0.0531227416770028,27627.3757981812,0.942546366422408,0.345921225987662,-0.744405687976377,0.243052602013156,38.4897164587054,-3.06273490516297,0.00399030042093392,0.747550492139262,-0.741260883813493,0.299508220279788,0.308603918830825,0.0125628643259117,0.016306535973502,1.48881137595275,0.486105204026312,0.00219324259764811,,47
0,0,1.49292139719145e-05,0.00220426349214409,0.177255433325767,-0.622771433977661,0.420944562702646,12.2122554320449,-1.47946187968126,0.164344799125893,-0.0556731498144798,0.188974304227529,39.2883881892629,-0.294606983960359,0.769845222655052,0.0342809848543042,0.053069161585664,27949.7997840146,0.645968088245902,0.51830532574286,-0.700320041598232,0.24244358503962,38.7290801383208,-2.88858969596488,0.00630472069347197,0.746623318893671,-0.654016764302794,0.298662757450528,0.3102581963018,0.0124232721587707,0.0350330842243758,1.40064008319646,0.48488717007924,0.00386973645594615,,48
0,0,2.39893603382442e-05,0.000299467301345307,0.169525280254352,-0.533495668349189,0.411336716835085,13.1718319033142,-1.29698042142705,0.216897193351509,-0.0201554001845637,0.186867495493407,38.8361201099742,-0.107859315668277,0.914662610130203,0.0427247122311945,0.052970758822272,27117.9476017054,0.806571647850937,0.419920387207359,-0.693086043878035,0.247605701073404,38.3835353656584,-2.79915220398163,0.00797441543358864,0.773853699205537,-0.612318388550534,0.299078255356096,0.314666851464595,0.0096685785813443,0.0516636365364005,1.38617208775607,0.495211402146808,0.00512369797855467,,49
0,0,2.32504034307405e-05,0.000188881544328996,0.167369630564878,-0.438731620558291,0.398919344085379,14.8529141791274,-1.09980031568585,0.288925757585796,-0.0156692857158038,0.188312506364687,36.6495383858681,-0.0832089488812741,0.934138225940556,0.0419051167823137,0.0529040035659431,26984.6284111756,0.792097269728941,0.428310924947974,-0.676470170970821,0.243606953584427,38.3613189227668,-2.77689187856609,0.00844359158115261,0.759304436466558,-0.593635905475085,0.295456522502526,0.313386541120039,0.0101717222348306,0.0581903737532226,1.35294034194164,0.487213907168854,0.00548814320647584,,50
0,0,5.24573901785854e-05,4.74975900491368e-05,0.149069833109326,-0.370293222946327,0.384943763570922,17.280922738728,-0.961941088514621,0.349347213084334,-0.0079328709207492,0.194755112737181,34.9293767860417,-0.0407325425723458,0.967741058322411,0.0641997447490794,0.0530129391946757,27955.89323101,1.21102028531795,0.225897867630754,-0.634083691097376,0.240488398348195,39.6834170667435,-2.63664981534497,0.0118927304035291,0.71848230502063,-0.549685077174121,0.292971436724932,0.317852979828196,0.0141907956068763,0.0837430816924687,1.26816738219475,0.480976796696389,0.00837292181066219,,51
0,0,9.12893278020682e-05,0.000356667207550923,0.111881382929186,-0.328707443946756,0.374544424443624,20.0805040745779,-0.877619375685652,0.390530069832871,0.0210673016915955,0.190644004836062,34.2257848610994,0.110505975310955,0.912653576045599,0.0839271022989563,0.0530026885262519,27463.0647658863,1.58344990853413,0.113330469880557,-0.573607383929804,0.250061726083428,41.7684313632212,-2.29386317096136,0.0268964844367708,0.678199971351529,-0.469014796508079,0.300933619645845,0.320565933412129,0.0242180028208599,0.143444473570736,1.14721476785961,0.500123452166856,0.0217983594736282,,52
1,1,0.000168372394173459,0.00271473447108882,0.122386209483547,-0.323548071962862,0.364510514881885,22.6972742132897,-0.887623425809001,0.384053036463887,0.104886072841546,0.0991618552105093,410.996769187494,1.05772600380343,0.290801656097092,0.105053631155202,0.0517646527223874,24457.4689190233,2.02944723146511,0.0424235643327408,-0.611393889999499,0.245848024729627,44.3485777634968,-2.48687737341751,0.0167207063465186,0.80530749419185,-0.417480285807149,0.298666441755433,0.232209403529949,0.00701052080343384,0.0721989999857352,1.222787779999,0.491696049459254,0.0128869810842905,Model failed to converge with 1 negative eigenvalue: -9.0e-01,53
0,0,4.83242787831071e-05,0.0052914603360137,0.145044771042258,-0.372274876379033,0.359620140590827,24.9921562675713,-1.03518917424206,0.310493878959012,-0.0807866675491506,0.191390704665357,33.4933051461338,-0.422103401993344,0.675646821771063,0.0591134320074871,0.0527564587469455,25979.7344734934,1.12049658774547,0.262512563631347,-0.640039828564392,0.243949993160599,40.5745466357013,-2.62365175859233,0.012200891750438,0.652451943069354,-0.627627714059429,0.282150821391459,0.325989472786858,0.0207544047349958,0.0541917678073625,1.28007965712878,0.487899986321197,0.00869926803909609,,54
0,0,3.79944285222223e-05,0.0203164641645093,0.136961310241141,-0.3847571500733,0.358438528410726,27.098017775642,-1.07342576083901,0.292546488483379,-0.160337259598204,0.192803737669972,33.3484534857624,-0.831608668669368,0.411545156761003,0.0517947485566549,0.0525805751605313,25537.8525819825,0.985054811563448,0.324606480499629,-0.606628133812338,0.241373999988155,39.8012291388469,-2.51322898838362,0.0161150589080943,0.534624444576282,-0.678631823048394,0.277598103543052,0.327079729503648,0.0541176456343521,0.0380031469403172,1.21325626762468,0.482747999976309,0.011963165531258,,55
0,0,3.73894646230726e-05,0.0342784610926073,0.167934638217902,-0.428269381667793,0.359481620826116,28.230497703751,-1.19135265019557,0.243435391530441,-0.21690156232543,0.201051169589053,32.790100975768,-1.0788376052165,0.288532499005582,0.0521915275831598,0.052599343637694,26331.3958511804,0.992246746321717,0.321086291939366,-0.674754071975697,0.240497072349657,39.002154682021,-2.80566439076929,0.00779314088199001,0.556106172762518,-0.793401971188877,0.278797421122379,0.333814694069707,0.0460799322464111,0.0174648011989146,1.34950814395139,0.480994144699313,0.00502129608380339,,56
0,0,2.93710727333176e-05,0.038252103772125,0.18355240388829,-0.490862858003251,0.357569336404419,27.9459471742192,-1.37277671217331,0.180738622585662,-0.226861050875864,0.198109244910103,32.9698000545755,-1.14513106634074,0.260399731230348,0.0467110284766166,0.0526037499888902,26845.5857629344,0.887979060171222,0.374559970799824,-0.700595831882417,0.240549683476862,37.7306039454867,-2.91247871024451,0.0059927490778999,0.575751367052589,-0.825440296712245,0.291310018251042,0.322653552559714,0.0481070647597608,0.0105189324948898,1.40119166376483,0.481099366953724,0.00358572642566364,,57
0,0,4.57840204766569e-05,0.0399986706075392,0.185720077303263,-0.552313998503217,0.358263266123783,27.6987197993039,-1.54164283846055,0.134508807958535,-0.225778322132725,0.193497352561178,32.6768891499634,-1.16682899866209,0.251724375576999,0.0587008588561673,0.0524984278822268,27306.2777366641,1.11814508022707,0.263514872436478,-0.722422894607692,0.248468046529646,37.0643835796726,-2.90750824783216,0.00611991282421424,0.601839485198543,-0.843006304016841,0.309393274249813,0.315385195027367,0.0517479223648198,0.00751892704579131,1.44484578921538,0.496936093059293,0.00364320736864041,,58
0,0,7.78242385033669e-05,0.0346999459153947,0.168927670576508,-0.621869677927387,0.362738147187754,28.0595849170601,-1.71437628699555,0.0974866936389686,-0.208827133322922,0.197985569651697,30.9485503456359,-1.05475936296922,0.299700436444767,0.0765160162022651,0.052614481254078,27173.49094641,1.45427673861813,0.145881146737552,-0.738282413041441,0.264663789603765,38.2819473810019,-2.78951047344536,0.00818222185632891,0.636959560915781,-0.839605265167101,0.320844930759673,0.333696800919248,0.0471159145366901,0.0118670848387635,1.47656482608288,0.529327579207529,0.00527877890567786,,59
0,0,7.15820278756865e-05,0.031354309091539,0.145882541594225,-0.691601992964081,0.364179126366675,28.1217640273071,-1.89907093210976,0.0678582989541235,-0.198342135814213,0.203170425688626,29.4426370649611,-0.976235272146286,0.336901303309266,0.0745222452211497,0.0527601565248528,27869.2078728809,1.4124720268039,0.157822188028354,-0.704748447578372,0.271358776836546,39.4906959827671,-2.59710946443011,0.0131423308710553,0.609027576937852,-0.800469318218892,0.333152889303011,0.339284184083482,0.0675386977862821,0.0183100083290826,1.40949689515674,0.542717553673093,0.00940119585923908,,60
0,0,3.12690142409149e-05,0.0351082368778382,0.128699665637824,-0.758008854386468,0.364795192532067,26.5094615688222,-2.07790253244589,0.0475353470060245,-0.212955717655152,0.208307623220159,28.7235332995016,-1.0223136069777,0.315166029852555,0.0498335794912318,0.052769965762892,28519.5567280839,0.944354971067177,0.344996283718769,-0.653465108800805,0.26887803999557,39.9875321532423,-2.43034019740538,0.0196652821772615,0.535663082427174,-0.771267135174437,0.333519184772131,0.341074611388719,0.108253310117461,0.0237415722899664,1.30693021760161,0.537756079991139,0.0150846564551949,,61
0,0,6.49464661656268e-06,0.044500218008476,0.121904166100484,-0.791305835638395,0.363030964536821,24.8150740189308,-2.17971994936574,0.0389797983295219,-0.234869175692912,0.208539368578376,27.2360669052777,-1.12625820867315,0.269882410068828,0.0221078673686012,0.0527261064453346,27069.7316638532,0.419296414225507,0.675002844018394,-0.623761053344017,0.265473146258487,39.7666204390891,-2.34962014853537,0.0238465289953724,0.479720241559094,-0.76780186512894,0.317440611851888,0.348134145524808,0.130734301865712,0.0274206371465494,1.24752210668803,0.530946292516974,0.0187925779781636,,62
0,0,4.5445390387325e-06,0.0503106052854165,0.127138454517161,-0.824370125644279,0.358822883611909,23.334899775456,-2.29742907516425,0.0308876235657499,-0.250885609678896,0.213899077386552,25.9690299152691,-1.17291581031695,0.251476399373511,0.0183938829523253,0.0527611904075103,26743.9686046646,0.348625245379358,0.727373416691643,-0.629403400558417,0.263392395783688,39.2030753854471,-2.38960353690438,0.0217710701633094,0.470167759732764,-0.788639041384069,0.308542892803989,0.356964454733572,0.127550500338526,0.0271542735542166,1.25880680111683,0.526784791567375,0.0168665690462251,,63
0,0,3.69718306836227e-05,0.0358960066886615,0.100278131722136,-0.849675683595413,0.356313505435643,22.2274340830363,-2.3846294643156,0.0260467132924315,-0.200070362925984,0.208427092952947,24.7477045007873,-0.95990574013883,0.346387902212737,0.0513656948671347,0.0527100369659577,25684.5925774601,0.974495519711148,0.32981974014858,-0.556672162039911,0.265528048279113,39.4348545454794,-2.09647216423163,0.0425036562153623,0.437661078849564,-0.675683245230259,0.30791698028154,0.354410983087489,0.155211940309053,0.0565858389473391,1.11334432407982,0.531056096558226,0.0360403266756652,,64
0,0,3.83174505486741e-05,0.0138596473922543,0.0513259215266712,-0.844595688621707,0.356331329244403,21.618978938529,-2.37025380398817,0.0271344970385336,-0.117343642102447,0.196953114000625,25.2568958175202,-0.595794804757819,0.556614302729331,0.0511701354028771,0.05264592737278,24654.1665077535,0.971967594768481,0.331076205699059,-0.393121293834063,0.266607319900487,40.1873414826765,-1.47453300974931,0.148129629190599,0.333021629605699,-0.453220958062427,0.313561572623224,0.34037049562144,0.288207831153913,0.183007501037716,0.786242587668126,0.533214639800973,0.140338136723501,,65
0,0,2.69890243331209e-05,0.000704277823808814,0.0210617390126019,-0.808644642833988,0.35247555533131,22.0045206117652,-2.29418644953663,0.0316935542473474,-0.0261556676365573,0.185077656923951,28.3382905924796,-0.141322664611562,0.888614907949926,0.0421915000448811,0.0526446291062346,23798.1329055048,0.801439781439822,0.422885094365686,-0.246698853108937,0.262286653013571,41.1190388498851,-0.94056960304485,0.352418487345353,0.256466000925084,-0.236931705292789,0.314168971491741,0.322090979279427,0.414310611723232,0.461971174628845,0.493397706217873,0.524573306027142,0.346925465237454,,66
0,0,1.60818131579645e-05,0.00295149164664412,0.00959436283929483,-0.775316669562723,0.345781657043778,23.499841690818,-2.24221457029041,0.0346650054316562,-0.0571911778140291,0.192836634077568,29.7134941985378,-0.296578386610005,0.76885164563652,0.0335527390511893,0.0528858120535221,25028.5452497172,0.634437436967648,0.525801182912438,-0.168179705077944,0.26680807357615,41.0153294075287,-0.630339640115663,0.5319688819729,0.135477852740177,-0.200881557415711,0.322412761615312,0.330205530061685,0.674339331407457,0.542953311033653,0.336359410155888,0.5336161471523,0.528472393043661,,67
0,0,1.23001868153929e-07,0.0137388611913629,0.00905730317557752,-0.76588309741096,0.340677226964065,24.1198132821855,-2.24811944207749,0.0339756761161024,-0.133618919897553,0.20739889058975,29.7964305584646,-0.64426053349466,0.524335524134023,0.00302466913800121,0.0531648048565184,26314.5253548706,0.0568923208909393,0.95463140340125,-0.169462604748932,0.277435530245032,40.8200218891504,-0.610817960479909,0.544706476253848,0.0605198185253471,-0.278405390972518,0.324481790711013,0.357904934046415,0.852043098292072,0.436642558856064,0.338925209497865,0.554871060490063,0.541320101743795,,68
0,0,8.36784076626012e-06,0.0168643021286004,0.012570759853553,-0.780574230281988,0.336008271964536,23.6039515153902,-2.32308039834321,0.0291272254646841,-0.150085274250686,0.213008313839075,28.9419739859529,-0.704598198754221,0.486691975913369,-0.0254407409848905,0.0534166674735794,27107.4640998405,-0.476269714831496,0.633886076987604,-0.200098861889267,0.277147475036153,40.9460335629041,-0.721994172464191,0.474401323297076,0.0791507903347376,-0.321046933443797,0.327338370495802,0.361318856205793,0.808934257461692,0.374249342043974,0.400197723778535,0.554294950072306,0.4702980603887,,69
0,0,2.37394678395154e-05,0.0173760350286849,0.00878070273460073,-0.781431565898957,0.336846716149235,23.6820121651737,-2.31984320593096,0.0292997777987349,-0.147398144382373,0.20967097558332,27.947571046188,-0.702997369913983,0.487872608992866,-0.0429845956011289,0.0536928215814927,26996.7787500896,-0.800565035232665,0.423390544182552,-0.166096756698345,0.273522337389338,41.62719813083,-0.607251160119764,0.546982605164035,0.0428846312738018,-0.289308882122888,0.330601970053948,0.350822069919056,0.896790486458653,0.409564721576012,0.33219351339669,0.547044674778677,0.543684245013101,,70
0,0,3.00964582637509e-05,0.0329830331030129,0.0137555492517311,-0.786211216866685,0.339828894609359,24.9100715945628,-2.3135502287716,0.0292345613813686,-0.212817722010913,0.223096983097911,26.6791315843818,-0.953924697034176,0.348685563767877,-0.0496177951623919,0.0538901297035037,28166.1834806899,-0.920721390640224,0.357203790912776,-0.211665318406088,0.277698997108403,41.6540680476259,-0.762211317325939,0.450228550058073,0.0296690374964123,-0.393661599315764,0.334340659760026,0.367831161703161,0.929289380787808,0.284518662637386,0.423330636812176,0.555397994216806,0.445933892583077,,71
0,0,1.09987199367191e-05,0.0499238611779427,0.029675995960438,-0.823865538660274,0.342317623480255,27.9948240131571,-2.40672837782714,0.022940030596897,-0.279451138639042,0.239658196527514,25.8748259629022,-1.16604039706591,0.254234036592563,-0.0310699548167597,0.0539768918827747,30124.4118548937,-0.575615855841356,0.564879160971163,-0.31737781012564,0.279827501195748,42.061407528697,-1.13419091679493,0.263137338674486,0.0841413350662957,-0.550614285184984,0.34594745322215,0.380549854290228,0.807834984307675,0.147927361493839,0.634755620251279,0.559655002391496,0.256714473295697,,72
0,0,1.58176401756348e-06,0.0396831269752916,0.0247134072685075,-0.85731495571306,0.347356556034039,31.4366553100167,-2.4681122058023,0.0192188804012607,-0.238061352357693,0.232563413276833,25.3573391925541,-1.02364060194763,0.315672027380904,-0.011625329502964,0.0540174066666459,29281.9977629719,-0.215214506218461,0.829601580424323,-0.289060591259331,0.278019517567856,42.6605873299341,-1.0397133042603,0.304330158975607,0.0930905179797509,-0.485030664538911,0.341543318266865,0.373502247248152,0.785192653820882,0.194080643874769,0.578121182518662,0.556039035135713,0.298473117642586,,73
0,0,4.56612665429209e-07,0.0338940412958228,0.0298534629776669,-0.915782968939568,0.351675490980195,33.7655574633906,-2.60405684339015,0.0135942156267883,-0.214680392654924,0.228270654706998,25.2107635683027,-0.940464261297542,0.355904057421953,-0.00602634616172626,0.0539587524557718,27317.2009177668,-0.11168431232108,0.911074539013108,-0.321762665011854,0.286041752417545,41.1201852128038,-1.12488006485909,0.267163273242485,0.153935432349885,-0.489589897673823,0.32963302406684,0.386968133985517,0.640506801616618,0.205801666482164,0.643525330023708,0.572083504835089,0.260639860613078,,74
0,0,7.18018205179611e-06,0.0162859228497399,0.0340244341082749,-1.01430872644532,0.357157044380791,35.1600500456454,-2.83995161905273,0.00745298817394145,-0.151835478766195,0.224806373652696,27.5540726678319,-0.675405578138838,0.505047201456106,-0.0236342298580188,0.0537450097263424,26931.9651759768,-0.439747429172663,0.660123575473831,-0.344062268239087,0.285942537724085,41.1047292787693,-1.20325667869355,0.235761573335304,0.242327084672619,-0.445797451805555,0.320827678813478,0.388817087100436,0.450057894395155,0.251568480166563,0.688124536478174,0.571885075448171,0.228877007715124,,75
0,0,1.8575582486603e-05,0.00354300074143022,0.0275565909176264,-1.15667911697003,0.365722666139929,35.5806618236722,-3.16272198597467,0.00319185334991553,-0.0718296898458223,0.222440403667194,29.3270211353822,-0.322916559499194,0.749049575170784,-0.0381046472154698,0.0536052894935271,27201.3269384189,-0.710837448607958,0.477191066231024,-0.309805685063792,0.286409230222101,41.2898774566472,-1.08168889956357,0.285667998220222,0.283088051113224,-0.336523319014361,0.317498559800859,0.389066400977352,0.372596671412184,0.387065759298791,0.619611370127585,0.572818460444202,0.279390787224204,,76
0,0,1.4232043390981e-05,0.00102113785383746,0.0305131467012628,-1.36704194887181,0.375655742565849,34.5106183607907,-3.63908172821871,0.000886033393951389,-0.0385257697022865,0.222690400615952,29.2800341065074,-0.173001483655002,0.863840659117702,-0.0332776035525575,0.0535340432727667,27150.0451215171,-0.62161573305796,0.534199792512892,-0.321434286690828,0.286806109776938,39.9082358247421,-1.12073723583093,0.269098809201793,0.329713860489136,-0.313154712892521,0.313489687813614,0.392227217163665,0.292912681467036,0.424637659748799,0.642868573381657,0.573612219553876,0.262399727362702,,77
0,0,7.43938757338259e-06,0.00653724032678049,0.0513031898760525,-1.60140344144795,0.379679788647027,31.9045198938117,-4.21777373811359,0.0001900997322274,-0.0994909612689024,0.226604886243001,29.2944841198875,-0.439050379355954,0.663846518250837,-0.0238142694373873,0.0534811865728891,26652.1372795495,-0.445283116613934,0.656118783851176,-0.415422210225796,0.283595490693063,39.6792864070818,-1.46484067574759,0.150843477370776,0.376422553252931,-0.454421867198661,0.302976908641772,0.398266941882823,0.214084095930423,0.253870668506537,0.830844420451592,0.567190981386126,0.14296439137364,,78
0,0,2.44989991560926e-05,0.0245399141350894,0.0513871151177295,-1.77315717233778,0.384027946201784,30.4006911155359,-4.61726077457418,6.66932837933718e-05,-0.196944169163606,0.221842839935408,31.3279435062702,-0.887764370583014,0.381432909601957,-0.0421280108758033,0.0533670565242494,25435.2742963284,-0.789401057872862,0.429884996167801,-0.416049296005825,0.279337844574423,40.95102813626,-1.48941256649161,0.144040713819707,0.279687743629032,-0.552410848382618,0.293722104808174,0.393587770293726,0.34098597069803,0.160459908503728,0.83209859201165,0.558675689148846,0.136378761462944,,79
0,0,4.31355423144227e-05,0.0399704269844272,0.0402856180079398,-1.911495742526,0.391159997395161,29.9943046460192,-4.88673625947225,3.20864727978262e-05,-0.249575774568911,0.21630644128543,31.9750899187674,-1.15380648438286,0.257131140167509,-0.0544134968565787,0.053300336420275,24160.1360861442,-1.02088467936724,0.307319300659877,-0.369084706723369,0.278365223842778,41.8807178817862,-1.32590092120067,0.192059090306015,0.173252845589616,-0.564916567857122,0.291583178722953,0.388179377053375,0.552391837129437,0.145586853672575,0.738169413446738,0.556730447685556,0.184872517832014,,80
0,0,2.54983268738135e-05,0.0411720169021492,0.0393891357587671,-2.05548917293232,0.394831786903199,28.8825807071669,-5.20598705857558,1.44720504680906e-05,-0.246086161361015,0.216374346361825,30.1232207042849,-1.13731671752577,0.26437199258349,-0.0412429980323244,0.0533149599943352,23468.185990223,-0.773572708986493,0.439191307991618,-0.362622767708369,0.275372390245584,42.2902634017238,-1.31684504530383,0.194982139198633,0.169339570768046,-0.555905964648692,0.2900511652202,0.385444185821122,0.559337014489532,0.149232527399926,0.725245535416739,0.550744780491168,0.187890570264644,,81
0,0,8.22330655536798e-06,0.0415206841706337,0.0425040715620272,-2.17544029977605,0.398120361551236,27.6457251414959,-5.4642779166071,8.13157542504865e-06,-0.251170293908667,0.227917468739497,28.0349357842604,-1.1020230055106,0.279822976342274,-0.0240703849818718,0.0534023199667125,24705.6208318201,-0.450736690781894,0.65218329048722,-0.375148135082564,0.275392405517385,41.803059315577,-1.36223122920825,0.180420223290625,0.178604674878901,-0.571691595286226,0.295316278190528,0.394006117386376,0.545317767107116,0.146787833053955,0.750296270165128,0.550784811034771,0.173124923125508,,82
0,0,4.19849111824459e-06,0.0438100374955858,0.0432740059827232,-2.2601560241273,0.406131333703006,25.8816776960805,-5.56508655345488,7.73341070018149e-06,-0.273407051055813,0.250029153917785,26.0980869869602,-1.09350068490699,0.28416488721315,-0.0179529505427098,0.0534491454650233,26871.6957986098,-0.335888448477779,0.736957610722931,-0.377387558837457,0.2744359305938,41.8074509616704,-1.37513902797239,0.176413116050349,0.15893343301587,-0.595841684659043,0.296010126880099,0.415314392996446,0.59132363214076,0.151379382796955,0.754775117674913,0.5488718611876,0.169088346740395,,83
0,0,2.23923324028051e-06,0.0441239495596748,0.0458406444675397,-2.34062106813814,0.414251821971286,24.0833719172002,-5.65023723251212,8.00007093509386e-06,-0.281428421426805,0.261489051619309,25.093202448034,-1.07625317268168,0.292053237421446,0.0133333527809462,0.0535027388805648,27734.8873186765,0.249208789305356,0.803201126413243,-0.390009574690399,0.276203765249847,41.5012852925824,-1.41203569161198,0.165394074134222,0.165372021157109,-0.61464712822369,0.291909943390379,0.431486888184471,0.571042203446121,0.154305770001293,0.780019149380799,0.552407530499694,0.157939452233699,,84
0,0,4.01777447403264e-05,0.0448371857518918,0.0476935547594565,-2.42086339949925,0.415942923024629,22.4280471689329,-5.82018172564485,6.89062432671591e-06,-0.271388318839991,0.255401907694639,24.0532125117572,-1.06259315480316,0.29851903336343,0.0570412846100964,0.053606451967456,28180.0307859658,1.06407498568877,0.287303849160507,-0.406193675098496,0.284657257929853,40.6573268256873,-1.42695702913921,0.161227432081383,0.193952856316707,-0.618434493880284,0.302020206990985,0.429315020886265,0.520753050357242,0.149721903042723,0.812387350196992,0.569314515859705,0.153592281002978,,85
0,0,7.44247113627298e-05,0.0483037321307244,0.050762301344282,-2.49502504824887,0.416556601503188,21.2031095900904,-5.98964231810349,5.81431066252037e-06,-0.273915990665883,0.244505342813382,24.7272457042555,-1.12028631977563,0.273355214510848,0.0756072241163601,0.0536183505864248,26714.6940218771,1.41009977534636,0.158521865954986,-0.441923327146949,0.301756137537292,40.1065498692055,-1.46450485068373,0.150851257186199,0.232357575346324,-0.651489078947575,0.307439557077958,0.435284080993816,0.449779340957975,0.134471698139525,0.883846654293899,0.603512275074584,0.143056058688686,,86
0,0,4.50761591927287e-05,0.0345797753425856,0.0368272479124422,-2.53673399456369,0.416685834662834,20.6618534218532,-6.08788152497749,5.19556654154934e-06,-0.22413887924983,0.234758759053647,25.4498371077038,-0.954762583314772,0.348679365625575,0.0578095533807208,0.0536724320748646,25735.3570187171,1.07708093607693,0.281454205199944,-0.369098393079636,0.299235484967413,39.791750515112,-1.233471334858,0.224636652190136,0.198705420190525,-0.539491365968747,0.304081292500637,0.424570735275281,0.513458796278464,0.203844337507053,0.738196786159272,0.598470969934825,0.217399964988632,,87
0,0,1.95809649482524e-06,0.0374761155697444,0.0218755321809441,-2.54419682925127,0.414613496818075,20.9004163506939,-6.13630971682433,4.43656646137318e-06,-0.244396612108045,0.243517181741969,25.8695032948947,-1.00361136885613,0.324861700352104,0.0124018564869883,0.0536915251299833,27247.5200966115,0.230983501715854,0.817329353494548,-0.267240005213334,0.284218036571086,39.5307604550142,-0.9402640607803,0.352792545457034,0.0617572886012657,-0.472722721825402,0.298701864560733,0.418353203625659,0.8362033335449,0.258492741410618,0.534480010426667,0.568436073142173,0.347082129467431,,88
0,0,5.14824902087072e-09,0.0326349775854026,0.0151678059267281,-2.56751624280312,0.405919451032331,21.4128246607511,-6.32518652721231,2.60292793701539e-06,-0.239616528284335,0.258416168618033,25.4859741513602,-0.92725052602461,0.362495076240871,-0.000659014087682022,0.0537467558600324,29202.8567683418,-0.0122614672669403,0.990217093468816,-0.214924893175119,0.273097329854065,40.2140677457357,-0.786990093568357,0.435901394409024,0.00660444582680958,-0.423245340523428,0.310236685604659,0.415025286777591,0.983015589054329,0.307820405135626,0.429849786350238,0.546194659708129,0.431287665314949,,89
0,0,3.16964683220699e-07,0.0200322741180991,0.0241206359362418,-2.66132181901395,0.39499119194003,22.0817277348645,-6.73767383506115,8.83966294546428e-07,-0.183608281782624,0.254419048848485,25.4780861728043,-0.721676630007245,0.477064713299626,0.00510916712567181,0.0536880263776088,28571.5845875458,0.0951639959669414,0.924185234584537,-0.265609999760633,0.26367537520309,41.0541512831477,-1.00733714536693,0.31967334020624,0.120678261802804,-0.410541737718463,0.31195911668903,0.399031428047632,0.698874669328222,0.303552224635789,0.531219999521267,0.527350750406179,0.313772785165446,,90
0,0,3.69261550275224e-07,0.0143970128318024,0.0367999665821517,-2.75711797206749,0.38196400423641,22.5029201642596,-7.21826648974237,2.72136642614517e-07,-0.145271507660863,0.237397808328281,25.6352228088283,-0.611932808831906,0.545971823770908,0.00540984970525364,0.0535520843172135,27636.5223801635,0.101020338876235,0.919535047498637,-0.319852072846442,0.257489836778418,40.3875231471966,-1.2421930001132,0.221330224881179,0.22115551614392,-0.418548629548963,0.302780486147032,0.378564451714938,0.465136335616841,0.268890800210666,0.639704145692884,0.514979673556836,0.214165361710639,,91
0,0,7.66224132358778e-06,0.021491374399675,0.0441376612311034,-2.78335804376521,0.370996170884947,24.1965196794993,-7.50239021908498,9.15568684229548e-08,-0.170786632587206,0.228984832264716,25.3276436615049,-0.745842556024713,0.462629108047994,-0.024233864467587,0.0535622482083426,26715.8256326021,-0.452443003761229,0.650953546485569,-0.362489162174339,0.270523071831949,38.8836894496495,-1.33995655054339,0.188037870100632,0.244486039166905,-0.480492285181773,0.304481635017102,0.383992192940991,0.421998869240355,0.210822334701167,0.724978324348678,0.541046143663898,0.180259471197767,,92
0,0,7.56948456424473e-06,0.0233155324697162,0.052470495139975,-2.79183795835423,0.361621668539546,27.8272035423929,-7.72032818063535,2.16107977141962e-08,-0.17820981194107,0.224015319846599,26.510427275758,-0.795525109903664,0.433373701260814,-0.0239558210523986,0.053569090704478,26419.4624115914,-0.447194841976216,0.654738051352821,-0.413712494858105,0.282639034202951,38.6910551921131,-1.46374861499504,0.151340389446957,0.295745028659531,-0.531679961056679,0.311607200097751,0.389484594980236,0.342571982061309,0.172226027171394,0.82742498971621,0.565278068405902,0.143262647048784,,93
0,0,2.25104693700026e-06,0.0164884675251616,0.0621022363311423,-2.79711347599551,0.354544060229869,32.7621012799997,-7.88932544570622,4.49094382698916e-09,-0.144247391736594,0.209908245631756,28.1680059489933,-0.68719259361373,0.497580750316317,0.0126291132066695,0.0534620294382816,24789.5876529321,0.236225847379195,0.813259375340313,-0.467121971980166,0.292296114350521,38.5711660104719,-1.59811215081701,0.118179083824221,0.390894095461736,-0.543349848498596,0.313505422751609,0.386799783681842,0.212452667878633,0.160101128842269,0.934243943960332,0.584592228701041,0.110018019911811,,94
0,0,5.00845152270301e-05,0.0095827344150905,0.0733597380172983,-2.78356457408121,0.343051263158384,36.8788329574305,-8.1141359120898,1.00692470313355e-09,-0.108684394602874,0.205858240119704,28.8088963201186,-0.527957464999583,0.601572222011752,0.0593015081682632,0.0534644374269966,24562.7081402652,1.10917669804787,0.267364822295379,-0.522659653423673,0.293064056700475,40.1759572025954,-1.78343144262776,0.082071885096733,0.490081839933369,-0.555237466913977,0.314371947400412,0.383453758441756,0.119014469910188,0.147619658247278,1.04531930684735,0.586128113400951,0.0745160987101633,,95
0,0,5.54854893206376e-05,0.01035598575925,0.0795016056032694,-2.70969024902948,0.335450624667343,41.5275479476975,-8.07776182177811,4.72948289397356e-10,-0.113287549282812,0.202435157537405,29.9281616933986,-0.559623884808051,0.579900619607682,0.0617971513848464,0.053556467377058,23994.380884285,1.15386907336085,0.248565343029969,-0.572510159807952,0.303234389394862,41.2721056732176,-1.8880119796124,0.0660681036347591,0.542588125023491,-0.602432194592413,0.319392940341356,0.390623316434441,0.0893548684234897,0.123016967799557,1.1450203196159,0.606468778789724,0.0590243422217926,,96
0,0,3.79069807627971e-05,0.0127935167715617,0.0905210645448981,-2.61554431551637,0.332192544388424,45.6792587805987,-7.87357922295236,4.76376370610795e-10,-0.130998878557497,0.204565732095416,31.6437134202843,-0.640375478412946,0.52653881378675,0.0516338956519412,0.0536194004014256,24461.9019554897,0.96297040372291,0.335571894957849,-0.624324507761668,0.309152245232559,40.9749987572192,-2.01947266238362,0.050011444848382,0.584236039983503,-0.664412975539834,0.321105359505975,0.399343289514273,0.0688423801892992,0.0961596074461532,1.24864901552334,0.618304490465118,0.0434381159063247,,97
0,0,8.63553129471104e-05,0.0145293079096488,0.105561388808242,-2.47851575484987,0.32040949041656,47.8256922734893,-7.73546299027408,5.67086643968814e-10,-0.143897419100836,0.208441339063354,32.3248922286553,-0.6903497154041,0.494901629841378,0.0787725502346688,0.0535453500279703,25059.9223066262,1.47113708647942,0.141266603451055,-0.64401851347591,0.29902366919352,39.3034808834157,-2.15373757941255,0.0374516290472424,0.593899228793496,-0.694137798158324,0.309498359136063,0.396487381511193,0.0549958342708145,0.079994409261338,1.28803702695182,0.59804733838704,0.0312607573112762,,98
0,0,9.00664415116582e-05,0.0154668957981176,0.108881774963234,-2.32840486198224,0.308944387259679,48.7869370348082,-7.53664723491199,1.0086155361196e-09,-0.151058271788308,0.210828954737039,32.678015635737,-0.716496801763869,0.478774401432308,0.081639729057753,0.0533974167757665,25951.3821507263,1.52890783838075,0.126299480800875,-0.605903291902118,0.283665303406868,37.3400006835942,-2.13597956685262,0.039301389928164,0.54307304332061,-0.668733540483626,0.299119989854145,0.385186407164741,0.0694364804950433,0.082540913617381,1.21180658380424,0.567330606813736,0.0326810793448782,,99
0,0,6.02581523060314e-05,0.0187258246012186,0.110782491432421,-2.20764977030885,0.304682973604845,48.972231044871,-7.24572740048164,2.77213322298972e-09,-0.166143550109452,0.212400159973971,32.0631887411143,-0.782219514946751,0.439824410061437,0.06648018558118,0.0533634720199747,25754.5702630618,1.24579947789558,0.212849354106411,-0.576248140538731,0.271991653045863,36.0283852826093,-2.11862435514359,0.0410852382798907,0.494014407384919,-0.658481873692544,0.289286265699488,0.377836945371009,0.0876918607939651,0.0813742701728868,1.15249628107746,0.543983306091727,0.0341222257650675,,100
0,0,8.08869208037462e-05,0.0253009362402305,0.108022130166117,-2.10131849124231,0.301897161744655,48.8762493759515,-6.96037842521887,7.73609178199092e-09,-0.201366636572583,0.219780825735559,32.3392085816644,-0.916215670309967,0.366335933019043,0.0778199682196247,0.0535692578672168,26087.7969381439,1.45269826982705,0.146319574899381,-0.551317979651792,0.262278186639979,36.4855846331376,-2.10203519673013,0.0425146882889436,0.430230978712715,-0.672404980590869,0.281704240132377,0.377743693453951,0.12670046515106,0.075066773658202,1.10263595930358,0.524556373279959,0.0355501927434257,,101
0,0,0.000117812355016966,0.0297395817442966,0.101738357563432,-2.01203297496001,0.301400876041,48.7168004346953,-6.67560426959843,2.16549386879709e-08,-0.228672290960596,0.222392036116477,34.493882672541,-1.0282395671796,0.310993814549762,0.093969349595177,0.0536833836494092,26004.6296550437,1.75043641453124,0.080054829131968,-0.513422280471794,0.250158764094798,37.1908505009663,-2.05238574122965,0.0472195310370998,0.359511479474635,-0.667333081468953,0.273524258315786,0.370784254836052,0.188722458802804,0.0718941071149186,1.02684456094359,0.500317528189596,0.0401321891543214,,102
0,0,0.000112623799707012,0.0411591189634232,0.0843856748523682,-1.92623195144236,0.301482298911373,48.6487826603931,-6.38920413701837,6.03138222855447e-08,-0.261911190499609,0.216532427113572,34.0833829222179,-1.20957028926774,0.234767060931798,0.0914495163731664,0.0537198723159082,25728.4600355095,1.70234053862569,0.0887036295715916,-0.446459984644694,0.240293423863604,37.4563245711488,-1.857978372717,0.0710457327755013,0.249559634014401,-0.643360335274988,0.275621963557479,0.351943121826145,0.365231404185452,0.0675460086630068,0.892919969289388,0.480586847727208,0.0631720856123268,,103
0,0,2.22166374306869e-05,0.0619899955709121,0.0551343320415658,-1.82280783387249,0.299222143868065,48.6038490073045,-6.09182131478952,1.73772889531956e-07,-0.306625349818623,0.205761591030062,33.6026369427437,-1.49019721457065,0.145500106583184,0.0404703560115545,0.0537993908762373,25470.141421187,0.752245617513672,0.451910316781868,-0.336636010320982,0.225946670348177,38.0414622603727,-1.48989144120706,0.14449793533932,0.0790295883210282,-0.594242432320935,0.281046353833423,0.319751949003028,0.778558768575312,0.0631053936887477,0.673272020641963,0.451893340696354,0.136252782350175,,104
0,0,2.17150876355868e-07,0.102869861607886,0.0337491166041706,-1.73278200533991,0.299220830845314,48.5951157449985,-5.79098052914535,5.02941193517448e-07,-0.411104682561783,0.217056722858053,31.2842432973839,-1.89399654223393,0.0675039799084111,0.00408512544243193,0.0539429049001076,26410.7329015943,0.0757305423205672,0.939634050098124,-0.257638132767866,0.219552459962525,39.4249512868339,-1.17346957903292,0.247648327910992,-0.115950821689122,-0.631227087224854,0.286729310351965,0.321410637701669,0.685925040045426,0.0495385373521619,0.515276265535731,0.439104919925049,0.240607549205034,,105
0,0,8.14473157919433e-06,0.130367770897373,0.0295738681142314,-1.69773064449434,0.299364112204533,48.5785468421714,-5.67112280758093,7.67177658669579e-07,-0.501202783131817,0.238884598716171,29.3640552622326,-2.09809584136195,0.0446108934518759,-0.0254935176939765,0.0540438269748422,27320.3983493759,-0.471719327090658,0.6371309071223,-0.243322767194514,0.220935310244206,39.8005966438832,-1.10133037098308,0.277368900820386,-0.222448805977401,-0.709094340366428,0.289503559136077,0.347171317325552,0.442261333303442,0.0411028372082594,0.486645534389028,0.441870620488412,0.270752897557993,,106
0,0,9.03589015388089e-06,0.120586108814953,0.0155060338467817,-1.71756517376016,0.296705021785353,48.5361151276281,-5.78879711379709,5.08688755867857e-07,-0.478058622117638,0.24432491823523,27.9204765667622,-1.95665110857573,0.0604573501289848,-0.0273289849327336,0.0540718909296978,28270.2090916,-0.50541944183653,0.613268206748478,-0.169676370001964,0.214831086021183,39.6059844134802,-0.789812932311078,0.434340383815147,-0.28367499122065,-0.623027731224579,0.30501562720523,0.337185540191903,0.352353332555293,0.0646414576960359,0.339352740003929,0.429662172042367,0.429637025344015,,107
0,0,2.69934681559599e-05,0.113316118226085,0.00214268121798219,-1.75384366538173,0.291122929059344,48.5012037516642,-6.02440924542985,2.22158890055122e-07,-0.435501730803765,0.24115025367458,25.5200458040163,-1.80593519669879,0.0827378992444251,-0.0475008357664622,0.0541981380707782,28455.3123980624,-0.876429291803902,0.38080409866683,-0.0642376849722115,0.221623407746116,39.1254539887637,-0.289850632771607,0.773461114924954,-0.361910137318056,-0.490385507262479,0.325925633352235,0.325929417351242,0.266823640122252,0.132433177085546,0.128475369944423,0.443246815492231,0.77193051035923,,108
0,0,3.13556695929577e-05,0.0884979653334381,0.00102016113644146,-1.80494552935167,0.286169659034147,48.3409374382242,-6.30725680508391,8.26676989563277e-08,-0.370431283543605,0.236944960372854,25.1735646554191,-1.56336426383874,0.130452226547415,-0.0508353505161527,0.054361796464181,27887.8059074154,-0.935130069692383,0.349729368734513,-0.0474816968114209,0.234347758847726,40.1993286923419,-0.202612122449498,0.840460214604489,-0.316035585266662,-0.410998978889503,0.325693569264608,0.335778181607298,0.331873851891996,0.220944942338946,0.0949633936228417,0.468695517695452,0.839438214183086,,109
0,0,2.57731667089008e-05,0.0688558722461702,0.00415212705780681,-1.87458455423273,0.280841417166907,48.0839631820866,-6.67488639369259,2.30046804773499e-08,-0.322506377145704,0.23126400328508,26.2988319225007,-1.39453772556271,0.174824770337076,-0.0454300285644661,0.0543879198520483,27070.8657919918,-0.835296306386593,0.403558268340133,-0.100439845006718,0.243297318058358,40.8751905153068,-0.412827588106115,0.681890479504994,-0.207441081023972,-0.408320771037409,0.318315268801789,0.344893714131011,0.514604816491822,0.236451384213985,0.200879690013436,0.486594636116715,0.679732937239453,,110
0,0,3.76858566253881e-05,0.075109655420736,0.00534655090587862,-1.89206697678998,0.274419667611199,47.7570796567954,-6.89479363217757,1.09249354654239e-08,-0.339592548672259,0.224423402988721,28.1951554963467,-1.51317796695796,0.141364185606916,-0.0548530763312456,0.0544435458315591,26934.8409185947,-1.00752211292324,0.313692987530788,-0.120096257553271,0.25508025431199,41.2385467532032,-0.470817538884765,0.640252026887311,-0.202008590457723,-0.442201105564265,0.325527580345212,0.346527217825398,0.534890792035548,0.201922494235592,0.240192515106542,0.51016050862398,0.637771038644352,,111
0,0,3.36873251627037e-05,0.0700517640800042,0.0125480719825629,-1.90658889822556,0.273395377615099,47.5623367168668,-6.97374225876549,8.44283506224834e-09,-0.329917370660592,0.215737175726514,31.0456019892335,-1.52925600119482,0.136327303022797,-0.0513059502740016,0.0544607081343366,26344.3655976982,-0.942072771941319,0.346164022109908,-0.192978236968423,0.26687636978331,41.1467356689511,-0.723099752612461,0.473709203123846,-0.108838793923083,-0.494795267859929,0.327331739481801,0.350783343706693,0.739509455055126,0.15837917513382,0.385956473936846,0.53375273956662,0.469618601272902,,112
0,0,6.78824917754198e-06,0.0633124771980606,0.0203984748512067,-1.94092945072658,0.273620049732448,47.3920373265311,-7.09352056848346,5.64776506821944e-09,-0.308746230790778,0.212246674778635,31.305955800774,-1.45465756348262,0.155718075207064,-0.0227497310937574,0.0544518541239444,25713.8121350782,-0.417795343423459,0.67610024432002,-0.251153368713674,0.27627756159128,39.6861109360852,-0.909061768415436,0.368805411207628,-0.0210214066328325,-0.523328144060181,0.334370438272861,0.354531978613731,0.94987112631858,0.139914406353623,0.502306737427348,0.552555123182561,0.363317521898461,,113
0,0,2.71418392922404e-09,0.0592449270447986,0.027578404128587,-1.96948276347292,0.271898093475551,47.4546373692592,-7.24345926187972,3.31697653445255e-09,-0.306405387363165,0.215436517057399,32.1202972243121,-1.42225371793181,0.164591604984587,-0.000456043753778768,0.0545048995433491,25793.0476577949,-0.00836702310433698,0.993324224046461,-0.291958922974623,0.277404711561859,39.0572178001655,-1.05246562443306,0.29905403218034,0.028066852465658,-0.555850993483589,0.332187473375633,0.360868665853715,0.932666056653125,0.123483876510631,0.583917845949247,0.554809423123717,0.292585973986614,,114
0,0,3.97086375664159e-06,0.0482034866222406,0.0284692313042515,-1.9722504118236,0.269350156697792,47.822874950686,-7.32225455519761,2.41086532516915e-09,-0.277064686020776,0.210589860172816,34.178507573428,-1.31566014523875,0.19704549502478,0.0171719813719465,0.0544863901377046,25013.7056536708,0.315160929702763,0.752642097600733,-0.288036295908603,0.268521035844111,39.2661774991864,-1.07267683890443,0.289964595509719,0.0529137371867997,-0.523158854630407,0.312386016074205,0.357565523897307,0.865493237533472,0.143436393700106,0.576072591817207,0.537042071688222,0.283416135665858,,115
0,0,1.27149676370714e-05,0.0393176420570065,0.0303674325399408,-1.95093503037613,0.267421465168264,48.1961528097365,-7.29535689720564,2.53792029690815e-09,-0.253659655273628,0.214741775406001,34.0927526675542,-1.18123106132492,0.245685783349163,0.0298337560826142,0.0544951977547719,23571.0333488485,0.547456607403573,0.58407025751756,-0.297294949032947,0.267709597181888,39.3773330389904,-1.1105128548341,0.273513462903163,0.0869256108992038,-0.50766428716669,0.295453801137898,0.371306151419854,0.768597056821045,0.171550374342921,0.594589898065894,0.535419194363777,0.266778091867125,,116
0,0,2.02055288237843e-05,0.0355637487168016,0.0291517213536413,-1.9102096748713,0.269221890330244,48.5355523142841,-7.09529850090615,4.9604833179377e-09,-0.240122769347038,0.217782435449847,32.9675732516054,-1.10258097192754,0.27819329870085,0.0364030927022365,0.0544015200338523,22160.292967905,0.669155800786154,0.503403068643236,-0.287968649412445,0.26444325608202,39.4923145945421,-1.08896197119555,0.282771391462825,0.0897781570851136,-0.486159141739776,0.282331292881286,0.377953217907663,0.750493518442645,0.19834030468361,0.575937298824889,0.528886512164039,0.276170656039446,,117
0,0,1.66436605542093e-05,0.0215896774104448,0.0311732946233016,-1.87310885889031,0.268403020066158,48.6456912615675,-6.9787175212433,7.41836401602222e-09,-0.180921772734985,0.215646445761866,31.8986227579417,-0.838974053552328,0.407727429497657,0.0316948032126758,0.0543092143952327,20463.1741366019,0.583599000015327,0.559496565268934,-0.288597591429903,0.255056617463611,39.7901531021698,-1.13150403349592,0.264616522969428,0.149699678499623,-0.427495504360182,0.268210641218929,0.372421227523886,0.576747283183109,0.251017411978235,0.577195182859806,0.510113234927223,0.257843006712571,,118
0,0,6.2803429699724e-06,0.0137083545130556,0.0358983675620476,-1.84274765814354,0.264780780904551,48.51793099687,-6.95952195566573,8.04549899404917e-09,-0.142067949343439,0.217928209213362,30.5763295405163,-0.651902522652989,0.519334724300807,0.0188150309065652,0.0541318840133094,19236.1209075986,0.347577610672837,0.728161226029895,-0.307077275810819,0.251417217737354,40.0639204172118,-1.22138522800619,0.229078934507212,0.209724087681938,-0.4044304639397,0.256113246449814,0.376836165436559,0.41285917622086,0.283169616569881,0.614154551621638,0.502834435474707,0.221940197553098,,119
0,0,1.04054183430455e-06,0.0095882478442353,0.0239227861374734,-1.79423131565997,0.261623341120448,48.3327872534617,-6.85807049163067,1.17450058772344e-08,-0.112303052438704,0.218894004397539,27.1889178504314,-0.513047640330738,0.612061676069728,0.00767607479711798,0.054054440575249,19380.0835222508,0.142006368309966,0.887076451602031,-0.249295026616969,0.248653863006124,41.0118371574465,-1.00257853870877,0.321943206610791,0.173292828931263,-0.325297224302676,0.259421466217954,0.372972866287233,0.50413534074175,0.383113479294352,0.498590053233939,0.497307726012248,0.316064254931935,,120
0,0,1.28997630530869e-05,0.00234453560204738,0.0110578848573587,-1.74736165512225,0.258723822056839,48.0964180021782,-6.75377180667333,1.73838709405247e-08,-0.0523316930940421,0.217742096792037,24.5792441619137,-0.240337968013707,0.812061512586258,0.0281525721793606,0.0539829788676691,21083.1322929703,0.521508311876828,0.602018194864368,-0.164585892404695,0.240980174279703,41.7177996145337,-0.682985199494721,0.498391772040005,0.136220215222214,-0.192951569587177,0.271596289335063,0.356354827375053,0.615981258149597,0.588191170621613,0.329171784809391,0.481960348559405,0.494616194914462,,121
0,0,4.42840876823141e-05,0.00378574559995113,0.00524558910905831,-1.73323922679126,0.256757388495831,47.5686133582317,-6.75049406346257,1.84973743219633e-08,-0.0663330481376246,0.223299068100541,23.2213472546719,-0.297059225109519,0.769062332852652,0.0547564804922986,0.0540666520870814,23160.3522709745,1.01275885187243,0.311185939483779,-0.11148675307424,0.238288398187868,41.5109185414567,-0.467864797120096,0.642328446690255,0.0613877409105835,-0.161585765237896,0.287042016435097,0.350182641566229,0.830653692932925,0.644488106409931,0.22297350614848,0.476576796375737,0.639881279200362,,122
0,0,9.51879604477081e-05,0.0100486777614497,0.010740612122871,-1.77539634485799,0.25250500636444,47.2216007738617,-7.03113324531698,7.15811638205208e-09,-0.108244625128345,0.212370204282726,25.5935442616824,-0.509697796326644,0.614630457762853,0.0780604426204338,0.0539867302177575,21961.6318337994,1.44591906762225,0.148214173121547,-0.156297457484871,0.231731687431436,41.9000099084084,-0.674475982190029,0.503713386118206,0.0708119358148497,-0.241782979154892,0.273108724436716,0.338925001924859,0.795418345887481,0.475609438608201,0.312594914969742,0.463463374862873,0.500008750340181,,123
0,0,8.07673775082041e-05,0.0277593922457747,0.0239028967264453,-1.80537105574666,0.249920777621347,46.7475987678302,-7.22377336102069,3.85613611300977e-09,-0.183020778251591,0.208408699390241,27.0105179134056,-0.878182047040603,0.387590166634703,0.0719132800576627,0.0540493624592548,21916.2368259369,1.33051116212286,0.183363754480858,-0.229311581208451,0.22938233614255,40.8107450904259,-0.999691541487945,0.323350621785718,0.079681787588968,-0.378941374827935,0.279106564019728,0.328083526614586,0.775269712511733,0.24808430847562,0.458623162416903,0.458764672285099,0.317459806744911,,124
0,0,3.47146080099357e-05,0.0625765140861371,0.0288527611074329,-1.80427958791734,0.251598502486769,46.3410085118773,-7.1712652105798,4.85005758278847e-09,-0.293089112273403,0.217410620273614,27.2246511999456,-1.34809013425631,0.188739884286547,0.0486369049254312,0.0542312137516335,23168.9242238959,0.896843377840981,0.369811816025082,-0.249182580774273,0.228448885626409,40.045615299737,-1.09075857424742,0.281898882199477,-0.00762205043901676,-0.505987211987563,0.287078468517981,0.332015520943461,0.978818328059971,0.127512053271959,0.498365161548546,0.456897771252817,0.275379129085444,,125
0,0,4.57512967303831e-05,0.0904392194719025,0.0285750237311079,-1.78538969966938,0.255194759444573,45.2417069439718,-6.99618481020239,1.00457656947809e-08,-0.347456728612424,0.208896601730343,27.8236193193471,-1.66329526538178,0.107478725740023,0.0558436502959144,0.0542823625473221,23131.6619667573,1.02876233965003,0.303602124591029,-0.238315980618579,0.218656230850172,40.3836232573492,-1.08991168324802,0.282213101310961,-0.0744385964300875,-0.551070557667245,0.276064434918373,0.317870970495891,0.787435601569445,0.0829838058684281,0.476631961237157,0.437312461700345,0.275752049601286,,126
0,0,8.31684717317308e-05,0.124952798739232,0.0383243173064512,-1.78393002992115,0.260479164071757,44.8043658388478,-6.84864770769042,1.7455252478686e-08,-0.405028669451955,0.203161467248476,27.8339178609574,-1.99362937734932,0.0560755010297901,0.0740131698757796,0.0542783344664988,22354.7666920131,1.36358586908118,0.172711672978988,-0.274249802470636,0.214594726523949,40.983473470614,-1.27798947771454,0.208444381489429,-0.0908442466215586,-0.639343851562832,0.263558238675525,0.314551266620841,0.730332122912206,0.0420971475640819,0.548499604941273,0.429189453047898,0.201253136404874,,127
0,0,8.4541741824083e-05,0.169347056371078,0.051775446581989,-1.78080886685139,0.265701030463973,44.9130089875431,-6.70230320048702,2.84492846247207e-08,-0.501403705119061,0.213645585280337,27.0165063847738,-2.34689476246907,0.0265127492656752,0.0750271438330655,0.0542838429855185,22593.7202665641,1.38212660907373,0.166946492921497,-0.33766505403494,0.225861160635213,40.9332723694526,-1.4950115951113,0.14258160419052,-0.11456988005798,-0.789899988127861,0.261446890432398,0.340407959225909,0.661230627375721,0.0203164929127149,0.675330108069881,0.451722321270426,0.134911416053224,,128
0,0,8.05787300543606e-05,0.208503870383614,0.0767060456724868,-1.78849525748807,0.268634900368319,43.6588540215976,-6.65771742627599,3.76685102969872e-08,-0.59542404245897,0.223495933898507,26.9431367658998,-2.66413814369152,0.012872232827139,0.0728197315174278,0.0542712589560256,22341.0170240377,1.34177339752578,0.17968311737239,-0.417532824842516,0.226787804079256,40.7992568755141,-1.84107265616717,0.0728904193262513,-0.117092578209561,-0.952158227894593,0.251783914797848,0.357505650274875,0.64189431802718,0.00773697559889346,0.835065649685032,0.453575608158513,0.0656109121145092,,129
0,0,6.24763340568541e-05,0.223021586703413,0.0850461942081463,-1.80373811433723,0.272359150507522,42.6836177875956,-6.62264554348952,4.6937738322123e-08,-0.622696189744208,0.219931460345263,27.9279946361223,-2.83131930632688,0.00849964954483447,0.0636093692789274,0.054274004264035,21984.4587268103,1.17200435349264,0.241208008840382,-0.44276758006957,0.228367166513235,40.4416238119691,-1.93884080110925,0.0595208193383161,-0.115455435734682,-1.00099059587382,0.252147326386905,0.355165737765336,0.647032336566398,0.00482672485388083,0.885535160139141,0.456734333026469,0.0525207262072732,,130
0,0,4.01097499466643e-05,0.23814832476131,0.0956969644746755,-1.8083790065071,0.274118782631566,42.312546800913,-6.59706346696308,5.31575355880114e-08,-0.669153550496157,0.223995448212515,28.5493406727795,-2.9873533405969,0.00572843393996489,0.0521600402213221,0.0544201631538429,22902.8106198365,0.958469015865836,0.337836425755353,-0.465250126071834,0.22612364677393,40.0033962262342,-2.05750319663372,0.046196465654158,-0.136156476241933,-1.0666567283856,0.259719019525964,0.353071505656415,0.600107934513444,0.00251876065354343,0.930500252143668,0.45224729354786,0.0396378477492317,,131
0,0,1.07217104040389e-05,0.23736750986814,0.0992079730907867,-1.82719935067391,0.277158407513658,41.6995623648667,-6.59261743876151,5.75996617658163e-08,-0.705702630025512,0.235870615742808,28.7600621360096,-2.99190565896944,0.00563916952362599,0.0268114573989608,0.0544564453590655,22608.5929918603,0.492346814452836,0.622478971651631,-0.476935012120227,0.227924368983908,39.7571134864588,-2.09251434695822,0.0428222682270733,-0.159319186315848,-1.1131892105563,0.256187414490668,0.370066403976817,0.534017293826329,0.00262904242932065,0.953870024240454,0.455848737967816,0.0363925297122366,,132
0,0,2.46523800557559e-07,0.202290661984189,0.0828310045551644,-1.83956959251774,0.277231230712647,41.5677680406721,-6.63550635254537,5.07364391803761e-08,-0.658039054045782,0.245235611912998,28.3925962055231,-2.68329321713371,0.0120250595897445,0.00419371226294956,0.0545614293986939,23964.4142765314,0.0768622140066213,0.93873379909191,-0.430845678379157,0.231009664194086,38.5158619394254,-1.86505477977396,0.0698057847183391,-0.164456197937729,-1.02614755469604,0.269369426155047,0.376918663944328,0.541515491510718,0.0064797060997349,0.861691356758315,0.462019328388171,0.0621737261548979,,133
0,0,7.50418160801354e-07,0.149966616269697,0.047661364304924,-1.80727491361286,0.275430553770813,41.33367291052,-6.56163555157608,6.63460558102062e-08,-0.557105230441297,0.247896111251707,28.6270392527055,-2.24733348025628,0.0325006521603197,-0.00768713064953646,0.0547682974141491,26252.2410049904,-0.140357305457345,0.888378765984554,-0.311746437244476,0.229097805133371,36.9986667682554,-1.36075697915565,0.181822516843451,-0.199964136545433,-0.823457011034384,0.29552856731749,0.363089893664628,0.498639361122141,0.023334388781562,0.623492874488951,0.458195610266742,0.17359050144346,,134
0,0,1.2542383604743e-07,0.106434880738224,0.0303714703333843,-1.7834850015074,0.274390801638519,41.5301404496989,-6.49979879375461,7.96214455099789e-08,-0.457980462925085,0.247206139614327,28.8149339085066,-1.85262576261089,0.0742045487874204,0.00319577874828999,0.0548893618245057,27026.942147969,0.0582221880900647,0.953572077589303,-0.244555406623479,0.230478235189293,35.9446505386427,-1.06107809452213,0.295732189007691,-0.177814356740644,-0.666925169987601,0.307714325536296,0.3561456062759,0.563361810016873,0.061120961056777,0.489110813246958,0.460956470378586,0.288654412034906,,135
0,0,5.16387045394984e-07,0.0798197784950032,0.0312808887713549,-1.79367306062,0.272736653420169,42.0028326119907,-6.57657501522805,5.87940303933713e-08,-0.382853036919102,0.23520700364122,30.5440111844372,-1.62772804802657,0.113855900743547,0.00645822655368532,0.0549289717136786,26769.9802680891,0.117574138968945,0.906405978973885,-0.249450308879331,0.238052768988478,34.0048137787476,-1.04787820758936,0.302085935372615,-0.0970792620099737,-0.595979879768636,0.313851389849112,0.346343058394047,0.75708114777175,0.0852909250253337,0.498900617758662,0.476105537976957,0.294694723865535,,136
0,0,4.28684570241039e-07,0.0505614375636657,0.027168018801372,-1.80573558941219,0.268688175535018,41.963903493243,-6.72056217515554,3.6681630620441e-08,-0.294552872223269,0.221729207262482,33.1381431042955,-1.32843514780882,0.193110920248379,0.00586606796089643,0.0550386663138057,26498.4419298822,0.106580852222159,0.915122316577481,-0.237387596313107,0.247639800550613,32.9044794807694,-0.958600337204638,0.344751192962604,-0.0225983101312365,-0.49737350275745,0.319405155607037,0.338431409300529,0.943595741078818,0.14165834686921,0.474775192626214,0.495279601101225,0.337760122625207,,137
0,0,5.82544538268386e-07,0.0307783190428847,0.0283645601134149,-1.80753356471855,0.269512523566116,42.3335414771032,-6.70667745157723,3.68596795511314e-08,-0.223742129645629,0.208458895187205,36.2771277959771,-1.07331533847332,0.290217608756796,0.00680591085699562,0.0551177201806837,26173.4296126625,0.12347954223587,0.901728321380594,-0.259552950307319,0.259205734216708,34.3470960185644,-1.00133953861654,0.323665344470183,0.0736053730748615,-0.445500527539777,0.321255712010734,0.337197944821874,0.818777428929861,0.186440021881172,0.519105900614639,0.518411468433417,0.316662683787141,,138
0,0,2.18654261383525e-06,0.0327599191202798,0.0440827291131778,-1.80418949304683,0.270864381769096,42.7944476738574,-6.66085914014656,4.08345386865333e-08,-0.232380077485789,0.202409863104522,38.9157949037717,-1.14806696631078,0.257949501965675,-0.0128667912774347,0.0551090011078615,24930.8185687699,-0.233478942074295,0.815391436456543,-0.331373044620475,0.259594295441305,35.3342519661459,-1.27650356899079,0.210103860121231,0.147245533281176,-0.515500555959773,0.307878091729963,0.340565409818898,0.632465723819268,0.130111858228934,0.662746089240949,0.51918859088261,0.201777565988218,,139
0,0,2.6404714984162e-06,0.0325713917176004,0.0674112400338269,-1.85097929051316,0.271596351364219,42.9055510777446,-6.81518467098604,2.40994505732101e-08,-0.231260495657285,0.200538448682437,39.499373977853,-1.15319778913568,0.25576006165669,-0.0137235515026341,0.0550720445784149,23517.3293795122,-0.249192700356234,0.803213901868358,-0.421102142857114,0.263046583621712,35.4541789342394,-1.60086528043528,0.118280933738413,0.251160029405339,-0.59104425630889,0.296513234695625,0.350534115637678,0.3969700836521,0.0917717693127194,0.842204285714229,0.526093167243425,0.109406760981622,,140
0,0,6.58810963886922e-06,0.0400162610666239,0.0918380523947002,-1.89044382190577,0.271551644924239,44.0712342282838,-6.96163642254199,1.29057841925652e-08,-0.258908176380026,0.205221503097223,38.1832747152127,-1.26160354774017,0.214744426681037,-0.021099874740883,0.0549919919994465,22345.8650556758,-0.383689951458667,0.701211911594037,-0.490340058842718,0.2600401566473,35.160459932417,-1.88563206992596,0.0676283964630336,0.30283227699593,-0.677847840689506,0.283387304887945,0.359417583139036,0.285242626476282,0.0593000992842035,0.980680117685436,0.5200803132946,0.0593445526583916,,141
0,0,4.95845632324788e-07,0.026198436345002,0.102359927513189,-1.9028611618271,0.270559521974854,45.3944996039894,-7.0330592985153,8.7019954010804e-09,-0.202937405283661,0.198979026463064,38.6638145942053,-1.01989344752037,0.314118594948563,-0.00557228981256375,0.054880360606723,20791.545428437,-0.101535225916156,0.919126574892815,-0.507268761111832,0.250063563707346,36.0867413344688,-2.02855927345536,0.0499320800456474,0.378196807007613,-0.63634071521605,0.267829936225656,0.349964855748833,0.157926944824562,0.0690184595472552,1.01453752222366,0.500127127414693,0.0425032002859443,,142
0,0,2.02789166781248e-07,0.0187666041078755,0.0978674059202727,-1.91168567068959,0.271853057835343,45.5806556627669,-7.03205505912487,8.55012424128574e-09,-0.170586943399768,0.199721934585515,38.1440387712594,-0.854122226253157,0.398369786610483,0.00362178244579025,0.0547910256225143,21546.7126582096,0.0661017457629414,0.947297434248923,-0.49997897578211,0.246319781282101,37.9784469952046,-2.02979628018385,0.0494258233523418,0.402195988505,-0.597761963059219,0.262689945810365,0.349071150107647,0.125752758220749,0.0868163711047919,0.999957951564219,0.492639562564203,0.0423772512393695,,143
0,0,6.18668219891585e-06,0.0337759554620571,0.0965431887160107,-1.92800575905135,0.270795510082595,45.21010709206,-7.11978480907341,6.60582587958182e-09,-0.224911159868529,0.19711446419938,37.2439058582447,-1.14101804138043,0.261146343961434,0.0202542333568786,0.0546661085060264,22188.8506117531,0.370508051705303,0.711007515064519,-0.493066084769357,0.245724559258431,37.678958493656,-2.00658040147626,0.0520102971530393,0.339952267068998,-0.646179902469717,0.266210417068088,0.343737009653125,0.201600172476011,0.0601261899807629,0.986132169538715,0.491449118516861,0.0447943598569688,,144
0,0,6.05061628865655e-05,0.0474451144225533,0.120058845788794,-1.95935817926665,0.268457610560072,44.7640504883637,-7.29857564916461,3.79468892851282e-09,-0.25798280772797,0.193881840948575,35.5472305548259,-1.33061872357813,0.191787631567656,0.0624855907750102,0.0546759444234827,21584.464735845,1.14283514320373,0.253119720551286,-0.567991647579733,0.256801492913893,35.8548802506733,-2.21179262291199,0.0334415374535042,0.392716395551969,-0.743266899607496,0.27850413830376,0.347082292240062,0.158512584736642,0.0322360198639721,1.13598329515947,0.513602985827786,0.0269809970777897,,145
0,0,5.60020060423177e-05,0.0574926996234497,0.118568759956721,-1.98046494253864,0.266936510464239,45.0558404422447,-7.41923590405202,2.42725785280866e-09,-0.292972620886304,0.206741216546327,32.9209196206422,-1.41709827280935,0.165849037492817,0.0618717632582732,0.0546962588869175,22847.6656554542,1.13118821135813,0.257987755776797,-0.575585743541791,0.262561456527657,35.7253319040818,-2.19219435767093,0.0349659002810098,0.366426485311572,-0.784745001772009,0.290165075905799,0.360036569313691,0.206653597723069,0.0292852094411834,1.15117148708358,0.525122913055314,0.0283654757086916,,146
0,0,1.5746993101821e-05,0.0733847466936207,0.106748041944583,-1.98450033919395,0.262950514369384,44.8484586712761,-7.54704870592567,1.61839454651694e-09,-0.342534867084289,0.219095810711647,30.8627818668723,-1.56340217538482,0.128155126288351,0.0342258421623456,0.0548180117352757,24754.6762736527,0.624353950078074,0.53240091429836,-0.520080641667196,0.258656231613518,33.830587903694,-2.01070215251684,0.0523818774032973,0.253276815387077,-0.786884467947315,0.312800727733539,0.353771012340951,0.418108820804463,0.0261298622326115,1.04016128333439,0.517312463227036,0.0443569265436176,,147
0,0,1.66155814657104e-05,0.0706650772832621,0.0929798657010267,-1.99929440407091,0.26076268839931,44.4798319443906,-7.66710305198787,1.13729476486574e-09,-0.345548910975174,0.231544985620277,29.2897534406665,-1.4923618840179,0.146298209757509,0.0364525678493102,0.0550116624387969,26425.5451194591,0.662633453222132,0.50757111863487,-0.459459171854758,0.256059803011317,31.4079108857194,-1.79434322158895,0.0823899907417963,0.180813964851417,-0.738104378858099,0.33809517659378,0.346966340862067,0.592786804028794,0.0333944750746879,0.918918343709515,0.512119606022634,0.0727584034085156,,148
0,0,2.27306567199966e-05,0.070569531438946,0.0703820580158782,-2.01128693040046,0.261246960127232,44.4090815768575,-7.69879553592097,1.03311434768631e-09,-0.352335249470389,0.235425119010233,29.4989299920114,-1.49659157421972,0.145123385174833,0.0433234786955988,0.0551505470032908,27147.2060344899,0.785549392520325,0.432138378667728,-0.414544725630391,0.259475774592788,33.7125566308344,-1.59762400278393,0.119458850696399,0.122573006383375,-0.706516444877408,0.341452543401026,0.353350503346476,0.719613617177874,0.0455566944196394,0.829089451260782,0.518951549185575,0.11012668126274,,149
0,0,4.41101901574178e-06,0.0896208685398378,0.0595958184932105,-2.02902807774323,0.261471959075958,44.6389307036877,-7.76002170524828,8.13795267121839e-10,-0.405835152930251,0.238018482122782,29.5318808491047,-1.70505731030122,0.0986833392682671,0.0187635316453776,0.0552089600947662,26186.0015050035,0.339863884651512,0.733961761136313,-0.394389657833139,0.2631895852114,35.4333650991205,-1.49850024466719,0.142860346987212,0.0459831743768371,-0.742796141289441,0.331832797662613,0.367623842512346,0.889787322849592,0.0433281205966054,0.788779315666278,0.5263791704228,0.134003329108583,,150
0,0,3.82949808786458e-11,0.102492894190717,0.0759378014633522,-2.06559406732862,0.263997229797788,44.9296799763493,-7.82430205389198,6.28347152010312e-10,-0.451470215014437,0.234998478338648,32.3200665247158,-1.92116229094828,0.06356832111252,5.41994073738575e-05,0.0550613982919002,25301.8773666217,0.000984344914136161,0.999214614277534,-0.467124565215589,0.265182233839141,37.758936095757,-1.76152285337089,0.0862460043007469,0.0836742430307911,-0.850574887400387,0.306894402622817,0.382533718963151,0.785123565252728,0.0261801378438644,0.934249130431178,0.530364467678282,0.0781499484523788,,151
0,0,2.03109426215413e-07,0.0941414684936048,0.0922710432570903,-2.09458244785189,0.265974615529306,45.6361756269807,-7.87512163024859,4.76906357704914e-10,-0.433874721365951,0.22608399126661,35.4379411709752,-1.91908643745723,0.063055037694708,0.00390957327558859,0.05490586430599,24962.6726934993,0.0712050219954751,0.943235155007686,-0.545081298654506,0.271305493194199,39.7096581581185,-2.00910527920767,0.0513578630266612,0.190578064636492,-0.89958453267252,0.294066365897233,0.387967922083599,0.516934233319194,0.0204108453722994,1.09016259730901,0.542610986388397,0.0445259699139799,,152
0,0,1.57595399190096e-08,0.0765188228341267,0.0880412997890827,-2.09914120087138,0.263613108313922,46.1400790275404,-7.96296213908918,3.2843874186452e-10,-0.382436314459745,0.227498154466939,34.1053303373926,-1.68105238196701,0.101890035580832,-0.00108233171924225,0.0549370414565082,24628.9953079056,-0.0197013106375431,0.984281804837755,-0.541532346851908,0.275103264154168,40.1371050015113,-1.96846936192088,0.0559473964758749,0.237950742547792,-0.845113951156025,0.296332014454243,0.392666863362309,0.421982273349892,0.0313783321935057,1.08306469370382,0.550206528308337,0.0490140579616907,,153
0,0,3.21775135642139e-06,0.055749909910817,0.089868340591915,-2.10436222258419,0.266353606721797,46.7072749835157,-7.90063347924614,3.73963662984402e-10,-0.321854593389604,0.224876768683881,34.695496276221,-1.43124874691725,0.161305491832232,0.0154204943509772,0.0548561191802764,24557.9750400054,0.281108007299971,0.778629928028603,-0.565315117472848,0.283044173296302,40.3989669655968,-1.99726816803628,0.052561985428254,0.325778339434553,-0.804851895511143,0.298015578568233,0.398678299417893,0.27432410171351,0.0435079733471284,1.1306302349457,0.566088346592604,0.0457960593527435,,154
0,0,3.26019219266154e-05,0.0284106598724549,0.0794321844719647,-2.10905874971299,0.271923188359079,47.1539720221833,-7.75608274689669,5.78021751043799e-10,-0.232922849637867,0.226107280370863,36.2907979359207,-1.03014307746228,0.309759836797261,0.0499912618294489,0.0548203830267009,25506.2554259202,0.911910115715537,0.361824654538265,-0.538144837136281,0.287139772272143,40.7071721567512,-1.8741563834154,0.0680983292267025,0.383583428695452,-0.69270624557711,0.302889787620649,0.402143292959046,0.205365419648046,0.0849724914025203,1.07628967427256,0.574279544544285,0.0609088738408762,,155
0,0,1.22087856574957e-05,0.023414376515298,0.0696835097929692,-2.09638239791687,0.273365808379986,47.3306879756617,-7.66878056308652,7.63979527511242e-10,-0.216295679206975,0.234801580496228,35.393326702533,-0.921184937298366,0.363190621643421,0.0316545239986363,0.0550713903186159,27060.867928424,0.57479071829309,0.565437623181546,-0.482307564855607,0.281119771976336,39.2976034485103,-1.71566575152247,0.0940987987989504,0.336242636320589,-0.628372493390626,0.316322999138015,0.395810602622472,0.287794441038704,0.112386204818629,0.964615129711215,0.562239543952672,0.0862232366015951,,156
0,0,1.44114096269727e-06,0.029389541603438,0.0738729155642872,-2.0662520319901,0.270310744581685,47.1472241788796,-7.6439877933365,8.53096149603357e-10,-0.23798892273039,0.234404787237164,34.0433810978395,-1.01529036815106,0.317129226434379,0.0109208119231949,0.0552516522845008,27108.9206951063,0.197655843249024,0.843315821970706,-0.463933110151337,0.268644197756064,37.3887677906178,-1.72694260299119,0.0924325687549105,0.293499359600879,-0.634366860701795,0.320891225085323,0.37742580920754,0.360381618791728,0.0928071431198666,0.927866220302674,0.537288395512127,0.0841779721556358,,157
0,0,7.52228060135665e-06,0.0564009521794386,0.0959982515909308,-2.06708319566726,0.268267202812705,46.9529763339737,-7.70531460422477,7.08062634954789e-10,-0.336138759000224,0.238974876170393,33.1004388883382,-1.40658618339675,0.168869929188934,0.0251546307766976,0.0553251835962789,27481.3061229643,0.454668726637348,0.64935117424623,-0.499308585550992,0.253519068202689,36.5277359462667,-1.96951096850748,0.0565142106531851,0.23587616444679,-0.762741006655194,0.323836779777066,0.36237443052463,0.466381133518139,0.035305043260021,0.998617171101983,0.507038136405378,0.0488944442792053,,158
0,0,7.17322566673072e-06,0.0799734114657362,0.110595281673991,-2.0848756141132,0.266968119626427,46.807542390159,-7.80945536504737,5.0437732684191e-10,-0.410084713521734,0.246484081847832,31.8437468475468,-1.6637371080819,0.105977201385806,0.0247450932818865,0.0553458568387335,27867.0085466504,0.447099289726215,0.654806846633351,-0.501608236631544,0.237741409158318,35.7999552082876,-2.1098900625154,0.0419246437855503,0.164564722478965,-0.838651750784123,0.326306662580403,0.351051541861083,0.614032764938423,0.016895662449473,1.00321647326309,0.475482818316637,0.0348678264208666,,159
0,0,2.29612821013931e-06,0.0544247107777691,0.093224849531831,-2.08395988610106,0.263093601383907,46.7344049443489,-7.92098278004163,3.47372034697814e-10,-0.318640143225253,0.229719550332514,33.4275884531502,-1.38708326202114,0.174596377156681,0.0137245874428172,0.0552819813892146,26843.1986128789,0.248265114562171,0.803931187837492,-0.442193248755373,0.226124745935001,37.1959752859114,-1.955527896458,0.0580643321760258,0.187942648769938,-0.696443848740808,0.296425420052771,0.337594089748711,0.526061156488658,0.039116218942603,0.884386497510746,0.452249491870003,0.0505207940107756,,160
0,0,1.38710279373117e-05,0.0348920785022445,0.0924688631408459,-2.08522964193075,0.261605401340781,46.9996908918951,-7.97089674465255,2.81542885126821e-10,-0.242582184450778,0.218943888065914,33.954801209174,-1.1079650891088,0.275663830385804,0.0324166185580445,0.0552731681118539,24796.5942181751,0.586480197633043,0.557558203685909,-0.460889680128518,0.233157721835368,38.3495592886314,-1.97672921360053,0.0552953608162667,0.285419501731542,-0.636359858525494,0.277209266664649,0.345354759417149,0.303189614575576,0.0653835506552565,0.921779360257035,0.466315443670735,0.0480722467889892,,161
0,0,1.77853833683627e-05,0.0292613687264824,0.0829115417937395,-2.10693775608897,0.263853179107187,47.5184317312779,-7.9852657573364,2.48442976428913e-10,-0.208317155477576,0.206016620480252,33.9197960566086,-1.01116674466342,0.319095653874174,0.0347424641879148,0.055273304861745,22213.6240349894,0.628557750885641,0.529645089880656,-0.460520455956452,0.245065702787009,39.0597102663179,-1.87917138432341,0.0676973706603223,0.31926154231113,-0.601779369601773,0.270112959434553,0.349723895561993,0.237223293326404,0.0853003641518656,0.921040911912903,0.490131405574017,0.0602210955701797,,162
0,0,1.70429253435567e-06,0.0305616629606688,0.0683260587013686,-2.10229076515083,0.265113421752746,47.8157846205876,-7.92977870094974,2.88603181002624e-10,-0.198364290551788,0.197014005465622,32.1570346492086,-1.00685375175726,0.321521653312236,0.0105817877310761,0.0553650649517765,21433.9188235415,0.19112752311034,0.848427495068127,-0.416124676539724,0.245566812916905,39.1548146445412,-1.69454769395298,0.0981020647611198,0.278353979238457,-0.553895373840991,0.276352546016229,0.337416207477468,0.313818341177996,0.100677274439167,0.832249353079448,0.491133625833811,0.0901612567832728,,163
0,0,7.32483776599554e-07,0.0340795615076386,0.0668879720361699,-2.09514623156752,0.264926622226027,48.061322481898,-7.90840200944398,3.00349699528606e-10,-0.199174633042649,0.195790188575988,29.3314518009427,-1.017286077976,0.317335535300512,0.00709745224349778,0.0553573048477441,22441.7517694611,0.128211665344235,0.897982617492946,-0.396481299298486,0.235229830606097,39.6320359231578,-1.68550603584973,0.0997502505903952,0.255039908083511,-0.53792269051346,0.285600282094287,0.317241515903565,0.371859317425746,0.0899568932284552,0.792962598596971,0.470459661212195,0.0918909812778333,,164
0,0,3.10960876829755e-08,0.0350046603724436,0.0737909948109751,-2.12397032120432,0.264519444860809,48.1761171722811,-8.02954324330282,1.93709955028961e-10,-0.211750860867972,0.208160180250149,28.5268886090996,-1.01724960371147,0.317585066604449,-0.0015248535194861,0.0553712658884639,24388.3030221349,-0.0275387151624392,0.978030286635164,-0.428893322691668,0.239202735931074,40.35263678041,-1.79301177732036,0.0804690110418258,0.279595349163009,-0.578191296220327,0.294140984460972,0.329990563650235,0.34183348847297,0.0797488885123825,0.857786645383335,0.478405471862147,0.0729710409160508,,165
0,0,6.46421498956878e-07,0.0358292277124934,0.0750865875256171,-2.15547343181584,0.263002519029625,48.0841899699127,-8.19563797247525,1.10246605983434e-10,-0.218293900169179,0.21181872438393,28.5805787582047,-1.03056942111271,0.311385586730072,-0.00700261953130837,0.0553891233323741,24726.1218976686,-0.12642589573566,0.89939583273191,-0.438974406718895,0.240649172541419,40.9872108303655,-1.82412597593014,0.0754294408203284,0.284601341212292,-0.593347472225497,0.295091797224836,0.335178138580559,0.334820267277333,0.0766863119210314,0.87794881343779,0.481298345082837,0.0681330292954964,,166
0,0,8.8846463582714e-06,0.0484050194418796,0.092746737668114,-2.19858419219823,0.259678609642868,47.9169712300972,-8.46655870201213,4.44294068882219e-11,-0.268238730140892,0.221936050934607,28.7176570272441,-1.2086307249827,0.236662790447834,0.0260016590211743,0.0554309880160494,24765.829216513,0.469081644614485,0.639015407892702,-0.506217518130638,0.246361781268109,41.3007145580973,-2.05477292591799,0.0462634911930979,0.311691163436839,-0.700743872824438,0.293473682801562,0.354217326912206,0.288201481007652,0.0478962306642091,1.01243503626128,0.492723562536217,0.0399009423938463,,167
0,0,1.74151310220532e-05,0.0818610685728344,0.116989740326682,-2.23453353073396,0.25419089307817,47.6729603174763,-8.79076942401229,1.5306145603265e-11,-0.358196071588764,0.222596666465369,29.0425882875295,-1.60917087068997,0.118396806602028,0.0362686522852004,0.0554323122828876,24581.1691982669,0.654287198053558,0.512932913364449,-0.587915077156668,0.24944941430626,41.9258804132338,-2.35685090218275,0.0231773446050573,0.315327692241595,-0.860502462071741,0.289830516553724,0.360809337842211,0.276607155658558,0.017082699846998,1.17583015431334,0.498898828612521,0.0184306452493973,,168
0,0,2.02055483563293e-05,0.116791999199463,0.113925152688842,-2.26191429282214,0.253102406914446,47.6284823837509,-8.93675536474337,9.41221652069373e-12,-0.411001624285609,0.204396069469971,30.5767905456579,-2.01080982306263,0.053234850792437,0.0387404575882261,0.0554374603414007,24168.1508409379,0.698813714583075,0.484675180956502,-0.578386770234752,0.244855633617204,43.3977575252021,-2.36215422814806,0.0227223055905005,0.251606377404379,-0.905167163065125,0.286891513479619,0.337638692631582,0.380481866943338,0.00734299178665054,1.1567735404695,0.489711267234409,0.0181690817018923,,169
0,0,1.62507867645594e-05,0.165830306806429,0.112000451208357,-2.29980799078529,0.258206942423973,47.9325655646775,-8.90684026229256,9.84802747723487e-12,-0.508927389631127,0.208434525075776,29.989058939733,-2.44166550357293,0.0207336096876837,0.0353029688668889,0.0557097429671086,24710.3388314545,0.633694700184348,0.526285949686158,-0.581179742525155,0.247432239918912,43.7422719100513,-2.34884404197132,0.0234153837312738,0.156880280314357,-1.00547920473595,0.292287539890959,0.34168279979724,0.591452265397673,0.00325335159829842,1.16235948505031,0.494864479837824,0.0188317927252659,,170
0,0,9.0196725344633e-06,0.202042961680555,0.121683160806409,-2.32940667392515,0.262415593019978,48.1647579721601,-8.87678451999539,1.04570633108518e-11,-0.60033482480639,0.222466812238002,28.7602326091252,-2.69853655368664,0.0115318122301917,0.026616871186841,0.0558420855489139,25188.1376916024,0.476645363890042,0.633618809393018,-0.621242829722817,0.255055171541612,42.8228174722869,-2.43571940128829,0.0190995236584779,0.111369680121679,-1.13111597932396,0.294396943639518,0.364589459344487,0.705209470343236,0.00191934127677657,1.24248565944563,0.510110343083225,0.014862208482976,,171
0,0,2.23318859089309e-07,0.196243382354157,0.121095271439895,-2.35922331282584,0.265233418363646,48.102507617359,-8.894894645558,9.9431581314864e-12,-0.597832277554944,0.218770649276195,30.585117150643,-2.73268959768085,0.0103406436128536,0.00405156929924995,0.0557957737537544,23611.2204803235,0.0726142685489208,0.942113687100174,-0.633219638072687,0.262050778530341,42.3791710761035,-2.41640052215823,0.0200585565906969,0.127593027114292,-1.13884624903108,0.286632629155127,0.373663213602181,0.656215108116143,0.00230532521226653,1.26643927614537,0.524101557060683,0.0156748086940483,,172
0,0,8.75492436993453e-06,0.172783350563317,0.108110427364035,-2.37309730082478,0.268606317061157,48.1994121337036,-8.83485290587739,1.19898597748143e-11,-0.573548951793532,0.222769859116073,31.7355110143123,-2.57462546355828,0.0149082517330625,-0.0243152376662337,0.0559340931998866,21584.7803388719,-0.434712288609749,0.66377562328636,-0.585368330591299,0.262633197049182,40.9829019381844,-2.22884363884007,0.0313687735439098,0.0970572234277276,-1.07367943775487,0.27160673575422,0.38663266679074,0.720833781500345,0.00548629510489069,1.1707366611826,0.525266394098363,0.0258243102470094,,173
0,0,2.34642323763216e-05,0.162989077174108,0.105849512123296,-2.36625064893086,0.270002928100515,48.4071609805582,-8.76379625057238,1.47386576090609e-11,-0.575941844299319,0.229618140774473,32.3085522707175,-2.50825933158739,0.0173429129964507,-0.0397639102507987,0.0561492389885223,21373.4130782632,-0.70818253224994,0.47883963498773,-0.563279042829187,0.256583803130987,40.710877906423,-2.19530241564636,0.0339006081978912,0.0693585328365749,-1.0571995528218,0.264591957819764,0.390296547037936,0.793218179772692,0.00675456675884599,1.12655808565837,0.513167606261975,0.0281419117470739,,174
0,0,1.28035933193463e-05,0.154974686663366,0.0967084210315126,-2.35944714993559,0.273959304563847,48.4748373106906,-8.61240012888746,2.45184982383327e-11,-0.550601493037802,0.230697391444368,31.0597784443042,-2.38668278644398,0.0232759813254132,-0.0306001074390068,0.0562764176861586,23091.6827502001,-0.543746540685248,0.586621150366533,-0.520652994245866,0.244904639661278,42.214960181855,-2.12594173375388,0.0393994923134894,0.0458658845807075,-0.995440103911024,0.271818681218015,0.374565660000658,0.866003468626516,0.00787027257509177,1.04130598849173,0.489809279322556,0.0335081113625994,,175
0,0,6.80460282451252e-06,0.139161238421492,0.0598392629214716,-2.3236788651448,0.277836614259358,48.4449368891321,-8.36347243627028,5.8265111062476e-11,-0.520734128715982,0.236203401693955,30.0651460307191,-2.20460046291243,0.0352743033854198,-0.0234814516468609,0.056367125546838,25503.0645804643,-0.416580611820433,0.676988699010123,-0.406819379508266,0.245061427607989,43.298138236477,-1.66007104210228,0.10412663043693,-0.054676137805635,-0.868314896822167,0.286142135567918,0.372771269566973,0.848462646817792,0.0198405116872635,0.813638759016532,0.490122855215977,0.0969001616419886,,176
0,0,8.23665214484663e-08,0.133109370410642,0.0443093020056883,-2.30660911035772,0.280162792365042,48.2786483522517,-8.23310294306422,9.39876005611677e-11,-0.530512401018911,0.252685192587164,28.7069580032519,-2.09949936356445,0.044681170864693,0.00266485068513478,0.0563841194009769,27119.4823188913,0.0472624333490719,0.962304416464277,-0.360470468813807,0.254566500379932,43.2473328208621,-1.41601690825705,0.163932837281783,-0.117552372711163,-0.838493310338777,0.294798218328581,0.396724336170663,0.690073464689885,0.034554455130698,0.720940937627614,0.509133000759863,0.156770554050589,,177
0,0,9.3574895466194e-08,0.12609611982486,0.0436641381065593,-2.31949255538525,0.2815874087145,48.0162340724797,-8.23720267171809,9.64594485811566e-11,-0.549884540849304,0.267029624950346,29.3890856052955,-2.05926417696746,0.0484256809731594,-0.0028941961440675,0.0563818574006479,28159.0352985267,-0.0513320468231727,0.959061296184436,-0.364129586893053,0.259046598622849,43.2754605290638,-1.40565283940746,0.166966450165571,-0.132732575513929,-0.860991749300035,0.29639016981787,0.416695490342921,0.654275486908881,0.038806082003601,0.728259173786105,0.518093197245698,0.159827237430517,,178
0,0,3.69224521370135e-06,0.115506566292782,0.049652389673565,-2.3292060246445,0.280923738716157,47.5260196253773,-8.29123959153169,8.64138203360998e-11,-0.551957626402191,0.281224246555754,29.4980897365811,-1.96269572471861,0.0591739446847776,-0.0182462067044138,0.0563285095941231,28418.1970101479,-0.323924897638645,0.745997277643868,-0.379926875621885,0.253571963964176,42.9674811942656,-1.49830000794394,0.141366732393253,-0.116708065382733,-0.876561816626503,0.292877933795736,0.428916461011533,0.690271198369319,0.0409865938054218,0.75985375124377,0.507143927928351,0.134055322023778,,179
0,0,6.41959478178471e-06,0.114823639730609,0.063963442540068,-2.31405718141587,0.281489065966325,46.7685781042544,-8.22077111049387,1.23940084998028e-10,-0.57359426810954,0.288325465711369,30.5099923724746,-1.98939856628461,0.0556869195418326,-0.0241004474715893,0.0562438678304222,28601.5421983617,-0.428499112903352,0.668291006100373,-0.425133247291153,0.251677020643746,41.7564907342845,-1.68920168477733,0.0986356088571856,-0.0865556532303767,-0.936822147812683,0.287534320236743,0.43784383226376,0.763393748290949,0.0323849851535,0.850266494582307,0.503354041287491,0.0911807862533399,,180
0,0,1.67572680123228e-05,0.130130071168184,0.0732014555813111,-2.31755177770913,0.285096406074234,45.834571144562,-8.12901084802059,1.96035360499348e-10,-0.607010344805905,0.28093436909146,31.2075078581072,-2.1606838165404,0.0385098746599915,-0.0390114848312409,0.056030133397918,28928.8490050942,-0.696259003243611,0.486272236410858,-0.427394059964477,0.236793522453993,41.246106045121,-1.80492293680675,0.078390738965148,-0.117381711197478,-0.972169831126432,0.28649281461194,0.415192410547604,0.682011676663283,0.0192068222913677,0.854788119928954,0.473587044907986,0.0710867420003088,,181
0,0,1.26749014954229e-05,0.128536904340857,0.0832961210305141,-2.32692591893086,0.288665188019794,45.5085665736763,-8.06098558296297,2.59496552009628e-10,-0.56774574846454,0.266828442522233,30.6947925974327,-2.12775573360113,0.0414968262535298,-0.0338539088137477,0.0559019047098119,28934.390038859,-0.60559490753462,0.544788534797879,-0.429747176691104,0.223506852001211,40.6863445390464,-1.92274721263926,0.0615312420395937,-0.075421351307889,-0.934915704690097,0.28503774631807,0.386089562062597,0.791316637260842,0.0154566197479923,0.859494353382208,0.447013704002423,0.0545118044030606,,182
0,0,9.33596035944944e-06,0.133067926540301,0.103059953789843,-2.33169904621469,0.290531799113329,45.6665711074089,-8.02562422884786,2.85306715555639e-10,-0.54944257220796,0.251058181531219,31.203803653887,-2.18850693833946,0.036240145247041,-0.0284909567337103,0.0558239809520959,27900.3341705756,-0.510371282158454,0.609795409818303,-0.468350624401371,0.215961558029549,40.9319819957593,-2.16867589155515,0.0359713111543777,-0.0128935235516525,-0.949594772354395,0.272339736041974,0.36663219527296,0.962239437704482,0.00959627113176388,0.936701248802742,0.431923116059097,0.0301072989515129,,183
0,0,1.84755016946085e-07,0.118261927467984,0.09958687076223,-2.32407820105326,0.290861009715549,44.8683421925401,-7.9903394522563,3.63390646732766e-10,-0.492134805073228,0.236590080644201,32.2603991981492,-2.08011596992239,0.0455400748218048,0.0038799165472114,0.0557903498085473,26177.6272567024,0.0695445818233063,0.944556678564295,-0.476775627631742,0.224460869935515,40.7930842562155,-2.12409239868274,0.0397718252485952,0.0540660455294514,-0.899485209734032,0.263082379666842,0.363586334254481,0.837173728478661,0.0133637863608561,0.953551255263483,0.44892173987103,0.0336624180062183,,184
0,0,2.16961256967325e-07,0.123520957793928,0.0948742472664389,-2.32297474856983,0.288533484429219,44.2536470683197,-8.05097111402919,3.27221977276248e-10,-0.480221038702848,0.225477273660474,32.1867925630681,-2.12979796547465,0.0409300414042985,0.00413663794962567,0.0559353221226898,25208.1198102929,0.0739539488223967,0.941047615168372,-0.465906086327128,0.225665452630643,40.665600615915,-2.06458756046145,0.0453793078766743,0.0535275128263001,-0.878284659827955,0.263925389011084,0.351888931485369,0.839281158352504,0.0125632905985226,0.931812172654255,0.451330905261285,0.0389620412646014,,185
0,0,2.05013191557327e-06,0.119554435186655,0.107526425408153,-2.31803249226253,0.285729936467639,44.2513457860734,-8.11266933006533,2.66866709638727e-10,-0.448715090330842,0.217309226115209,31.3994353226013,-2.06486902720343,0.0472763094564801,0.0122020959608662,0.0560523422131966,23115.2527000202,0.217691098695844,0.82767172106513,-0.490216025581957,0.222665790721415,40.2298272875209,-2.20157763791961,0.0334910962306759,0.112883268800768,-0.867548782363145,0.255905951764245,0.343980821764171,0.659131682827707,0.0116661599944578,0.980432051163913,0.445331581442831,0.0276951569702607,,186
0,0,3.69752440839389e-05,0.0858774117304877,0.1008655462763,-2.29337616324583,0.285605567561894,44.2192641629087,-8.02987204634529,3.52855439551959e-10,-0.370746621005169,0.211742285043888,32.6335789634555,-1.75093331465808,0.0893537392879081,0.0514958099547464,0.0562824958536289,22639.6642886854,0.914952494087488,0.360226314698132,-0.490740027487686,0.229237863851513,40.8518806825487,-2.14074594503096,0.0383119020519097,0.191452042064057,-0.790028012911315,0.260228868865365,0.34287596697111,0.46190939916104,0.0212158036096999,0.981480054975372,0.458475727703026,0.0322945312122515,,187
0,0,0.000109329605638745,0.077140648961076,0.0831656813781233,-2.27056918980686,0.283094495154562,44.3335155120003,-8.02053458710736,3.57392026643046e-10,-0.349169378176643,0.21037424060829,32.9563726829406,-1.65975348106799,0.106451639854289,0.0912782836825705,0.056436793482568,23923.5157835291,1.61735417712497,0.105815034881001,-0.466325093847842,0.239189547941009,41.9024954707961,-1.94960481284429,0.0579364535825875,0.185059194249043,-0.747590993446641,0.278957558770749,0.342038446347352,0.50707727555898,0.0288380828877153,0.932650187695684,0.478379095882018,0.0512232393202874,,188
0,0,0.00010379074597832,0.106595748632741,0.0897514874740399,-2.2679651411548,0.279054765395465,44.0860374398278,-8.1273119917545,2.61250344080405e-10,-0.402341366997048,0.200145830462703,33.8691588414337,-2.01024106306338,0.0524237846335004,0.0887579456150776,0.0564099599540609,23850.5934026992,1.57344457764835,0.115629175979827,-0.497897533116387,0.243766707401741,42.3106297515489,-2.04251654552574,0.0473636919504102,0.168057034976637,-0.827738031256136,0.292182757246334,0.328334999432812,0.565171056475041,0.0117016283720984,0.995795066232773,0.487533414803481,0.0411003199035716,,189
0,0,4.65002176629844e-05,0.164561619679311,0.10928194668244,-2.27213177538366,0.272525381810744,43.6381589103701,-8.3373216846332,1.4162101409087e-10,-0.488422343029582,0.18611149756653,34.9647564661604,-2.62435340866022,0.0127843064483794,0.057203039928361,0.0562369421196576,22249.468512391,1.01717906010337,0.309079315958662,-0.558193323621681,0.244973368383887,42.3178271197407,-2.2785877799866,0.0278009382439589,0.151051762803677,-0.965334884439685,0.291627695181099,0.315578199354744,0.604485503746074,0.0022212137942093,1.11638664724336,0.489946736767774,0.022691581034397,,190
0,0,9.93028897437873e-06,0.212661201347042,0.111745759745554,-2.26251390303494,0.263743682103615,42.8006897710784,-8.57845725436594,7.58588097556116e-11,-0.519904550259049,0.166165612766217,36.2441834824306,-3.1288335871906,0.00345611704266532,0.0242308387109208,0.0560110736394676,18846.1610995492,0.432608002961879,0.665304524518722,-0.542129221459807,0.237087474594155,41.5618288219624,-2.28662109792101,0.0273804452948619,0.101166294676484,-0.983092148243129,0.27691232383498,0.295070270762929,0.714859924267977,0.000863103913046953,1.08425844291961,0.47417494918831,0.0222179486928452,,191
0,0,1.41700184444413e-07,0.219956317122627,0.0986335335989086,-2.24249471708359,0.259593339676053,42.5502080280204,-8.63849095620866,6.57642502464437e-11,-0.52434005533254,0.164058910111688,36.2250431671867,-3.19604741355151,0.00288670454369441,0.00290467289822212,0.0561101936968113,18912.1303374997,0.051767294084162,0.95871466286313,-0.486876178331122,0.232695921602218,40.0070301690417,-2.09232794016653,0.0427990745401643,0.0334321279134647,-0.94032022874878,0.276025897566188,0.28756243680209,0.903596357677946,0.00107559304272571,0.973752356662245,0.465391843204437,0.036409189982667,,192
0,0,2.43963333165003e-05,0.227667022434155,0.0904252878559969,-2.21175684953215,0.256810952894493,41.7321104885187,-8.61239298637242,8.38930714648121e-11,-0.550794393062144,0.170650917414155,35.3399733657805,-3.22760874308935,0.00269353246363304,-0.0394504502120069,0.0561333030961526,20245.4566456666,-0.702799372850569,0.48218886892109,-0.44554478140629,0.228419025657425,38.2707215815571,-1.9505589787188,0.058460627266578,-0.0403720382230089,-0.931461601035588,0.278514131384705,0.286609635854166,0.884746337998825,0.00115432926694829,0.891089562812579,0.456838051314849,0.0511095309992144,,193
0,0,4.27625819386472e-05,0.198867177352,0.0745023993243403,-2.1852023400526,0.254525645759451,40.6259468063978,-8.58539159593294,1.1391836871086e-10,-0.516987069651601,0.174817771423632,35.2313770915766,-2.95729127217163,0.00551052810218183,-0.05240333591858,0.056150203400041,20367.2648045748,-0.933270633860993,0.350691316731389,-0.37742613234784,0.216474751697736,37.7619550510379,-1.74351109950615,0.0893819672604477,-0.0846023952250399,-0.839454659920721,0.270168563039494,0.281056746504348,0.754169206940692,0.00281932559428143,0.754852264695681,0.432949503395471,0.0812443771703186,,194
0,0,2.1983413004633e-05,0.177381195173227,0.0466670873012018,-2.15197399053185,0.253215997985666,40.898136582552,-8.4985704207112,1.41210990458818e-10,-0.481425633993218,0.176126241766325,34.6498486655995,-2.73341229089501,0.00980226999640639,-0.0380788283887864,0.0562163110061213,20870.7378060704,-0.677362632077371,0.498183409367086,-0.292981629580222,0.216127001561647,37.5402028603342,-1.35559938121222,0.18332657489122,-0.145781767123244,-0.731745026283689,0.279585168854425,0.275093962487225,0.602073055233486,0.00781447957998025,0.585963259160445,0.432254003123294,0.175226668842728,,195
0,0,4.85258053485996e-05,0.188380388958745,0.0232727207814603,-2.11127694705874,0.25351997570576,41.4436586942386,-8.32785243522242,2.17209792153216e-10,-0.505585020359386,0.180180356641195,33.9226955509225,-2.80599411492004,0.00824857036905936,-0.0582070507051836,0.0562665920614719,22052.414090067,-1.03448686996347,0.300919955852503,-0.208158961771758,0.22126566089317,37.1439722394976,-0.940764874818331,0.35290371025537,-0.267115192224372,-0.683433115767889,0.293175941314444,0.276104568008095,0.362238028389029,0.0133135805309922,0.416317923543517,0.44253132178634,0.346825364853864,,196
0,0,0.000145595933450653,0.229725085040006,0.0204770220482521,-2.06127571119153,0.254997017988313,42.1237455417196,-8.08352869164138,4.18894391500137e-10,-0.598753302487798,0.192752075198849,32.35452680656,-3.1063390724593,0.00392511386986483,-0.10518360317329,0.0563804284154291,23901.5939098184,-1.86560489392282,0.0621089056313532,-0.189383152398932,0.217043732359455,36.4196707207808,-0.872557573260339,0.388620876510621,-0.381793305090424,-0.760559609888289,0.300352699276101,0.279427664636642,0.203675324265566,0.00649180083194225,0.378766304797865,0.43408746471891,0.382904274262954,,197
0,0,0.000220183728285145,0.228565332910594,0.0321162674754601,-2.0451555699418,0.260099930695376,42.7310016582767,-7.86296084152769,7.74063744569171e-10,-0.653714971604749,0.213410198482405,31.6690703246668,-3.06318524725352,0.00444532649548946,-0.134489557657052,0.0563956577386043,25822.8957358641,-2.38475022811891,0.0170978929255103,-0.226391978222285,0.205960431993361,36.4126766887686,-1.09920131760834,0.278895002008533,-0.394357143922026,-0.847141100366595,0.299677998622687,0.291579608858676,0.188195438075611,0.00366841494263393,0.45278395644457,0.411920863986721,0.271680264159233,,198
0,0,0.000236829728477205,0.206903543326304,0.0524726551605073,-2.06186570577237,0.269635705251239,42.8635317245936,-7.64685709502448,1.53891678373856e-09,-0.651415878464506,0.224064362222728,32.3988196643344,-2.9072712501106,0.00653101181630522,-0.139731441681601,0.0563474157358755,25959.790971619,-2.47981987916859,0.0131511711609973,-0.289390163440729,0.202217030329289,36.9820333118816,-1.43108700078074,0.160801946609851,-0.319886445610477,-0.898666772491936,0.286385654275311,0.310410238827812,0.264003776245598,0.00379045192098052,0.578780326881459,0.404434060658577,0.15240528236421,,199
0,0,0.000175560424147653,0.180930784058532,0.0665627733278248,-2.07727977577328,0.278694535509154,41.9796263039658,-7.45360784336243,3.29576952389498e-09,-0.650128486850761,0.236391168839,34.2408103696247,-2.75022324244924,0.0094453755158287,-0.122031433081161,0.0565168324566596,26551.2470147706,-2.15920510362539,0.0308431853940204,-0.346054307253326,0.209354838784968,38.3156520516322,-1.65295585839678,0.106511943131935,-0.253683815558793,-0.945792430065445,0.282477116747192,0.336067875723904,0.36914900292713,0.00488851203612618,0.692108614506652,0.418709677569936,0.0983398475516051,,200
0,0,9.36366436904315e-05,0.149763353988265,0.0747023806071095,-2.10180151088788,0.286172129367326,41.3613011315785,-7.34453601590964,5.13082465190786e-09,-0.60492103401428,0.241006826549585,35.7662118966563,-2.5099746869196,0.0167414214076422,-0.0888926086736701,0.056656989384227,26286.8053686669,-1.56896103446007,0.116669055042479,-0.38559832809649,0.219112242271189,38.3604771647523,-1.75982101273578,0.0864113339941524,-0.163174177440582,-0.934370833633562,0.276726889567282,0.355430022379419,0.555420071889481,0.0085675120524055,0.77119665619298,0.438224484542378,0.0784381591333099,,201
0,0,8.07465355104563e-05,0.150762373123215,0.0848979461788298,-2.12881113760985,0.29086824906854,40.5465515361798,-7.31881580209264,6.25923694371795e-09,-0.597861749999702,0.237366086683664,35.7355492329218,-2.51873280784406,0.0163973837537886,-0.0823567733187756,0.0566622985522452,26160.8170019776,-1.45346686285306,0.146106169035143,-0.403181137976324,0.216393596334629,37.4182910941295,-1.86318423837667,0.070299760824816,-0.135971779651387,-0.942334055604035,0.278593331318652,0.347122209760857,0.625503482367875,0.00663350284651378,0.806362275952648,0.432787192669257,0.0624363496480031,,202
0,0,9.44285570890323e-05,0.13006607075307,0.0886762139389269,-2.14203789876297,0.293304655551207,40.5858120404351,-7.30311591794355,6.54584371187027e-09,-0.538127866676778,0.228501442095322,37.0949955324158,-2.35503050546303,0.0239209042805751,-0.0874976352250021,0.0564459205174325,25443.868724736,-1.55011441788747,0.121126493438652,-0.40333783709711,0.211422476280545,37.4025474877832,-1.90773395616607,0.0641255276241216,-0.0760583796164042,-0.882734053810625,0.270276063579498,0.336236025308854,0.778395970114375,0.00865623550488251,0.806675674194221,0.42284495256109,0.0564256106004466,,203
0,0,5.05973167971186e-05,0.119012542435312,0.0901007575274656,-2.13451786794592,0.294348460150782,40.5510608937679,-7.2516698978228,7.75988817957171e-09,-0.484298449266871,0.217887338736599,36.5711957438343,-2.22270119996432,0.0325032160096097,-0.0625013562249352,0.0562428654204414,24405.8840616393,-1.11127617267913,0.2664604395582,-0.421823292924992,0.218602472076401,37.6024236953002,-1.9296364259667,0.0612225561290689,-0.00105176456508127,-0.844698350415066,0.265799517706248,0.3344379962967,0.996842791419015,0.0115459877475488,0.843646585849984,0.437204944152803,0.0536519021478529,,204
0,0,1.91616595025541e-05,0.106356733841202,0.0793652817725499,-2.08719230927293,0.292365581357726,39.7888930029069,-7.1389809278512,1.23757431145649e-08,-0.431650033994456,0.214600233016646,33.9940082744071,-2.01141456338016,0.0522639088805932,-0.0377302950011676,0.0561589967747552,23555.9313120356,-0.67184773888497,0.501687222544903,-0.411479626045169,0.229326498498187,37.3460762054283,-1.7942960309422,0.0808645860074805,0.0397468007555359,-0.783212451334803,0.267495796481997,0.341907166705006,0.881878343219245,0.0219798050100085,0.822959252090339,0.458652996996374,0.0727659312842705,,205
0,0,2.11838266959773e-05,0.101278456011813,0.0999734079558843,-2.0707833102307,0.292315092256779,39.3139549900986,-7.08407935506683,1.57340416766053e-08,-0.411623062002734,0.218921464021607,31.3711754129083,-1.88023163394389,0.0693899001957663,-0.0389586348638096,0.0560453797275911,22809.4185247661,-0.695126610849427,0.486983040438206,-0.464653491923717,0.224384386283475,38.6050383416302,-2.07079244514233,0.0451119873404328,0.120690499797595,-0.80861648404984,0.25907245845266,0.345900758182535,0.641318465518464,0.0194021736137217,0.929306983847435,0.448768772566949,0.0383781965543496,,206
0,0,4.11409614488171e-06,0.0862539536904976,0.121178219867716,-2.05834340301172,0.292632777295845,38.1288835139943,-7.03387850818495,2.17321552139429e-08,-0.365296035959156,0.216393918088361,30.1888324847489,-1.68810676005226,0.101696927454811,-0.0163486492536769,0.055946787561458,20755.6921379701,-0.292217837095968,0.770122995229977,-0.499179238446998,0.216766755542671,38.459525068743,-2.30284038342186,0.0267872460033174,0.206570705630124,-0.791787771263872,0.243634615266309,0.343179191166423,0.396509860654702,0.021042903251431,0.998358476893996,0.433533511085343,0.0212878254524992,,207
0,0,1.29006515985152e-05,0.0740247166986632,0.144251821760065,-2.04759798659019,0.291573938438819,36.6063435513866,-7.02256860662408,2.80203709657021e-08,-0.335441485028454,0.218783683337942,29.4053481221181,-1.53321070342489,0.135913738006115,0.0263726811040723,0.0558109255243954,17308.2383915329,0.472536172017871,0.636550087272743,-0.5407611846736,0.218166829140888,36.4467039500314,-2.47865904639604,0.0179471752303462,0.284062117764284,-0.797460251582916,0.222083535992692,0.357929246693897,0.200869664912088,0.0258816533637916,1.0815223693472,0.436333658281775,0.0131877301144482,,208
0,0,4.99464323408334e-05,0.0660089457375966,0.159921808386475,-2.04020126756914,0.289258563576585,34.8920173381427,-7.05320956566587,3.31803182901301e-08,-0.33313586540735,0.234211889482553,28.6262742308209,-1.42236957373663,0.165724848865089,0.0501322708400003,0.0559019009741386,16101.0959219316,0.89679009061235,0.369844344693484,-0.572988739782952,0.218838020034614,36.0129451641927,-2.61832354219035,0.0128447041421437,0.323288076835224,-0.822689402730679,0.213377945600484,0.379002581924992,0.12974808861447,0.0299561528011042,1.1459774795659,0.437676040069227,0.00883629795772777,,209
0,0,0.000130697581721295,0.0551776061101597,0.16401827948362,-2.02506395074961,0.286950327550049,34.1194176991439,-7.05719337572949,3.70975200291254e-08,-0.320337710551694,0.245039459331985,29.2638463077621,-1.30729030918116,0.201293024074188,0.0815832979648187,0.0562482045151138,16093.8841225805,1.45041603848702,0.146962025474141,-0.572595234301404,0.215363408050474,36.0293276061593,-2.65873966002249,0.0116262445812666,0.335635426288336,-0.809555042314472,0.214420450265533,0.387029037990707,0.117509199762081,0.036463879553024,1.14519046860281,0.430726816100949,0.00784335443881635,,210
0,0,0.000282397589577381,0.0541780569669739,0.152706545392639,-2.00455601421034,0.283903409570914,33.0770879728612,-7.06069721825458,4.3606454249012e-08,-0.309971595916998,0.236592889821397,29.9658347838923,-1.31014755410018,0.200100563512221,0.116199401404099,0.0564161450070438,15018.180557022,2.05968347163017,0.0394460054433397,-0.54734740516682,0.210651108053365,37.4606087280858,-2.59835996223746,0.0133179390395719,0.317077273510956,-0.777617536822685,0.211817482741114,0.374281215321846,0.134409840340636,0.0377435357078996,1.09469481033364,0.42130221610673,0.00936702431703609,,211
0,0,0.000374211418731729,0.0577396287611669,0.133419099340013,-1.99002218186587,0.281392365213343,30.2421299190158,-7.07205463928313,6.97626050999712e-08,-0.295449974229915,0.215159836670708,30.7710587971914,-1.3731650795129,0.179625138923627,0.128778068676646,0.0564357305947949,13909.0006693986,2.28185348748765,0.0225130276799386,-0.521600200771136,0.211419084138643,39.5346805483384,-2.46713868284987,0.0180522546816206,0.302102536478071,-0.741097865064201,0.212249344530689,0.351568247068776,0.154638224958468,0.0350329577186788,1.04320040154227,0.422838168277286,0.0136197596815193,,212
0,0,0.000339219448215374,0.0949701775352013,0.131764553491547,-1.97922792442639,0.279260341528743,28.1885911691755,-7.08739348233835,9.98157455779915e-08,-0.351044487716759,0.195961069604175,30.5816105713175,-1.79139912037549,0.0831313086491696,0.123696122882062,0.0564347870398225,14157.6217189969,2.19184175878572,0.0284071624372733,-0.52677289196017,0.217605493739437,38.6141111433885,-2.42077018786545,0.0202928236370449,0.252433930616558,-0.801111853303782,0.219593276742461,0.334650227161978,0.250328362359049,0.0166712880222782,1.05354578392034,0.435210987478874,0.0154876650010019,,213
0,0,0.000170074353624198,0.155760314281213,0.132362563219108,-1.94675205046882,0.277900561568458,27.1780177877028,-7.00521092682018,1.51487521730945e-07,-0.440691663167674,0.19506502321013,27.6643079718356,-2.25920391013897,0.0319458458719124,0.0948321051318454,0.0564945919963267,16564.7288770818,1.6786050094496,0.0932479115979722,-0.526800036480812,0.224241807157823,36.1769156423109,-2.34924987074354,0.024388460358098,0.162817852309466,-0.890782220652157,0.235109132613876,0.333358669570711,0.488610628070509,0.00753683979439283,1.05360007296162,0.448483614315645,0.0188112782816619,,214
0,0,6.94455395751054e-05,0.193271483289233,0.127450770763665,-1.93648653702046,0.274395210770024,25.6263962053878,-7.0572898542441,1.85375462119025e-07,-0.529568760791959,0.209216876173095,26.743048928893,-2.53119523854195,0.017564117504548,0.0651932977162067,0.0564886313734689,19178.2633034369,1.15409589737071,0.248475236455873,-0.537479943194125,0.239672434834827,34.4299048402393,-2.24256053293961,0.0314697913118473,0.0861758057093807,-0.988784080678869,0.250183177168654,0.357621016832514,0.730507259965478,0.00569413557859981,1.07495988638825,0.479344869669655,0.0249251677010266,,215
0,0,7.3944366903696e-05,0.229101181268532,0.124212854054949,-1.94344796681916,0.272541446238887,24.2110628950703,-7.13083457081129,2.15697321944069e-07,-0.564463114875431,0.204127886309916,25.7298059325647,-2.76524254024969,0.0103778839382663,0.0648147722711081,0.0563519776102665,17889.2636906117,1.15017742091273,0.25008617882151,-0.558734275339126,0.25471089696365,33.9271675169093,-2.19360177361734,0.0352144394225366,0.0756307128376372,-1.04183783784061,0.252113121501262,0.369055361404463,0.764186908775536,0.00475787620402188,1.11746855067825,0.5094217939273,0.0282640508071411,,216
0,0,0.000129004272483997,0.253346618994941,0.121075421418392,-1.96293192928267,0.275698689057868,23.7494714629315,-7.11984498725947,2.47508387979365e-07,-0.586003635454379,0.194930492412422,26.6345267221273,-3.00621841253317,0.00570797615834419,0.0820384809149226,0.0561832403781535,16525.7633578533,1.46019489731715,0.144255526975712,-0.567412800431565,0.261972686442444,34.0550757505606,-2.16592350957254,0.037409653216196,0.0640324324084487,-1.07079316845468,0.252371638042105,0.368928754621025,0.799709737556578,0.00370269381472093,1.13482560086313,0.523945372884888,0.0303170324792835,,217
0,0,0.000140898217658692,0.290912853425043,0.136780658202097,-1.9728099635186,0.28153068998582,23.0794025656232,-7.00744193685585,3.77436715740509e-07,-0.626602328868378,0.184399369673117,28.1450385569395,-3.39807196726947,0.00204333947665884,0.0837611620167981,0.0560995414737531,15819.766504747,1.49308104516303,0.135435916108041,-0.588619694676197,0.254446156835374,33.7733593118472,-2.31333694325371,0.0269265638359036,0.0477286546817206,-1.12951073467067,0.251631124847959,0.3503869585166,0.849562189471826,0.0012658588299117,1.17723938935239,0.508892313670747,0.0207041210345636,,218
0,0,0.000165639758841395,0.309720464910244,0.164201586705754,-1.9648867116515,0.283266661662195,22.2941252499313,-6.93652652282357,5.37526980794122e-07,-0.616652090336391,0.175514547307429,27.5111835824643,-3.51339589678724,0.00154903910557805,0.0844810789682135,0.0559560642284172,13759.0374232462,1.50977521620096,0.131123753901338,-0.588079736272269,0.236424383495018,31.4928592612008,-2.48739037648653,0.0183629915920523,0.0570603092878056,-1.11909916325673,0.233617386431767,0.329531520998935,0.807039649325613,0.000683706896102284,1.17615947254454,0.472848766990036,0.0128684106070254,,219
0,0,0.000181520153518386,0.299223733676226,0.169922399631125,-1.93375627923463,0.287118758228754,22.1845614130072,-6.73503985307001,8.67879321679527e-07,-0.598718802348091,0.175082950314202,27.3868087337045,-3.41962938866199,0.00198110763511099,0.0909547303465492,0.0560271485580239,14516.0966326408,1.6234045937989,0.104524656951274,-0.543389378935669,0.218118423982406,30.3183561943738,-2.49125850542319,0.0184229443655588,0.0237956966782108,-1.06298306119313,0.229076973168481,0.309314087838449,0.917267417196837,0.000589105161505011,1.08677875787134,0.436236847964811,0.0127291468049385,,220
0,0,0.000282628174763177,0.288663680914186,0.138417462313178,-1.88689339596042,0.291901468316247,21.8444200745374,-6.46414492823362,1.73040449465166e-06,-0.601686004251679,0.181929893764631,26.953460125752,-3.30724100257047,0.00267517760230227,0.119171800386587,0.056257474078183,15872.6093781944,2.11832831706894,0.0341627673061711,-0.465880015289026,0.213379974648437,29.6720019681295,-2.18333522654413,0.0370581852362917,-0.0679673200696894,-0.999727350647741,0.234966629471102,0.307263074912757,0.772379577408373,0.00113931452023602,0.931760030578051,0.426759949296874,0.0290111321955274,,221
0,0,0.000535172857282627,0.249370742937964,0.144913434621263,-1.87005186419038,0.292841287104915,21.0209315222007,-6.38588869308036,2.47731035204279e-06,-0.530730471804562,0.177196773119094,27.0032736516326,-2.99514749880833,0.00581401064087765,0.162884612217002,0.0563896462629171,15582.4166410377,2.88855531133413,0.00387549015899077,-0.432508565806497,0.199730210363105,27.6696292833646,-2.16546392766626,0.0391299942368112,-0.0352425885209784,-0.900259720133972,0.234242921399734,0.286462652736483,0.880407100259024,0.00167410203135348,0.865017131612994,0.399460420726209,0.030352174978966,,222
0,0,0.000766877203426557,0.230287451109671,0.160752614989302,-1.87067386716427,0.294344760413027,20.4932370435976,-6.3553836138932,2.9857246542351e-06,-0.461588392716113,0.167037419644084,25.523516430402,-2.76338316108837,0.0104662502974048,0.190181610510771,0.0563888824621938,14821.4625190687,3.372679191475,0.000746310916051644,-0.407533033404944,0.183234750684265,25.8250934276856,-2.2241034076946,0.0350988715391922,0.00528717011446334,-0.809778896695424,0.233640046542863,0.255677977018351,0.981945768956654,0.0015392351752618,0.815066066809888,0.36646950136853,0.0261414876840846,,223
0,0,0.000748813210730689,0.249984980044633,0.152405937564042,-1.86662521160466,0.301292092611239,20.2596794384679,-6.195400600882,4.46442697129289e-06,-0.471131020181516,0.171197225677973,22.7219709462372,-2.75197812532153,0.0114282866146016,0.195139306727142,0.0565706542880995,15878.456623294,3.44947940204738,0.000563127113291901,-0.397701715379616,0.181192066534666,26.793076907123,-2.19491792872469,0.0370181938630571,-0.0155183532641666,-0.810921784023398,0.243667184201144,0.25097041178792,0.949219713396336,0.00123295387710881,0.795403430759232,0.362384133069332,0.0281694854937143,,224
0,0,0.000712292738729193,0.2477783994452,0.188162379950633,-1.86402878261865,0.308882930174331,20.327167549213,-6.03474197025585,6.26765372978885e-06,-0.501505861109852,0.184205118921741,22.5025115655254,-2.72254030748687,0.0122824388935846,0.198191358328454,0.0567701409201749,17098.6377574972,3.49111971744325,0.000482213595394,-0.43606204322763,0.17859907593676,25.7202112061788,-2.44156942548815,0.0218195452947745,-0.00194706421925117,-0.874071150674512,0.2469284622793,0.261284479414763,0.993708637851339,0.000821979451108732,0.872124086455261,0.357198151873521,0.014623576274266,,225
0,0,0.000618801725757891,0.216721672407514,0.208814793131973,-1.82498791637204,0.315602821294605,20.6923753260719,-5.78254626776124,1.02643761135783e-05,-0.517395027843385,0.200216931151802,24.1355204236268,-2.5841722019558,0.0162358098631432,0.190057767143331,0.0568487904344987,18051.2984445125,3.34321567250083,0.000829818833160654,-0.441199462820507,0.175075901113707,24.0621320332124,-2.52004679121406,0.0187753331179133,-0.0119507309630494,-0.894349656604064,0.246710057293652,0.277428543380599,0.961365271891158,0.00126540701959248,0.882398925641014,0.350151802227415,0.0117339234941234,,226
0,0,0.000709730423587659,0.187127569777786,0.23861160914835,-1.76706484963396,0.317154708898539,20.8602182239965,-5.5716178888558,1.6131270664744e-05,-0.463060832584025,0.202171669601357,22.7887297356408,-2.29043383525046,0.0315874357280078,0.184168310515667,0.0567183043991281,14845.0466363668,3.24707010314819,0.00116858442708514,-0.449382162368722,0.169250058272593,22.4951392942884,-2.6551374159349,0.0142996439571037,0.0517576797436516,-0.847006644993792,0.226074676205519,0.286684457484509,0.818915057659588,0.00313185304056381,0.898764324737444,0.338500116545185,0.00792761071102747,,227
0,0,0.000921006483820051,0.135919835299401,0.223701158270745,-1.7207029930196,0.313797498985016,20.8971334481449,-5.48348217747193,1.96478778328014e-05,-0.375616329588834,0.198753228822828,22.7055350324516,-1.88986278015974,0.0716106553396908,0.201367786007322,0.0567127708578112,13675.883652828,3.55066033560916,0.000385556785335095,-0.427251980395936,0.163015202883405,23.8381559506364,-2.62093334142291,0.0150239595659395,0.113849535671774,-0.740654425120099,0.21724333238897,0.281380889297541,0.600233623454187,0.00848306695603615,0.854503960791872,0.32603040576681,0.00876894058946149,,228
0,0,0.000897190558326861,0.0685248164423153,0.147980931360134,-1.67257462152177,0.311653794012184,20.1518625230004,-5.36677124956285,2.90215575791199e-05,-0.273563527173741,0.200323594156424,25.3498614532624,-1.36560812182776,0.184057740817158,0.207830738490234,0.0569184263114122,14847.0194995147,3.65137885845877,0.00026173228499712,-0.367504608086607,0.165875400012959,28.2621482333334,-2.21554617536955,0.0349463360608719,0.147454909809688,-0.587554306363526,0.223637479313225,0.282443431207795,0.509672368525824,0.0375021673277278,0.735009216173214,0.331750800025918,0.0267225986144027,,229
0,0,0.000716972397537279,0.0636441361239394,0.111656622072174,-1.62545371243327,0.3133943301841,20.2171543988052,-5.18660854993265,4.33657036574151e-05,-0.280004082568824,0.211821514208639,25.7081679948598,-1.32188688960569,0.197848311395805,0.200827732605664,0.0572199076766911,17168.7682903591,3.50975282484547,0.00044967243703039,-0.352396265367507,0.180843538883205,30.2101571537995,-1.94862513498532,0.0606810279934766,0.123706024948689,-0.581086505786326,0.232272581797415,0.306560417009654,0.594317513551511,0.0580256583813427,0.704792530735014,0.361687077766409,0.0513402082066392,,230
0,0,0.000573747324720347,0.0688716468923261,0.0867253833032292,-1.60979990361236,0.31307389281867,19.5057943028372,-5.14191678238959,5.35287518688602e-05,-0.291835915345213,0.208974520789803,26.3669492520985,-1.39651434175918,0.17420570303566,0.182800765401233,0.0571519186509059,17820.6881301611,3.19850618695432,0.00138383118653531,-0.316476662999837,0.183353107939536,31.3734290423236,-1.7260501692952,0.0941758213835156,0.0707241915651266,-0.562229134434548,0.235403661062131,0.303903807370239,0.763843125778555,0.064310186773509,0.632953325999674,0.366706215879071,0.0843383874509314,,231
0,0,0.000621996706474598,0.0852039690973603,0.0697086076037413,-1.57664161360604,0.311076053447905,18.3518923740499,-5.06834774368152,7.5623951445562e-05,-0.33660583553548,0.214368822613443,26.4718614875072,-1.57021824084214,0.128241723915829,0.191964888626181,0.057187310070857,18104.4762529549,3.3567742282043,0.00079019754761777,-0.286359806225409,0.189641028056652,30.4293105433514,-1.51000977562653,0.141356154574573,-0.0085480224386516,-0.58126763488947,0.236746263201198,0.316036704053633,0.971197629797151,0.0658797600519134,0.572719612450818,0.379282056113305,0.131040929789692,,232
0,0,0.000617142115752352,0.0973210542420109,0.0482232307030283,-1.50499742165699,0.310232827499579,17.1899560611358,-4.85118687724637,0.000145307273517338,-0.384266496724993,0.22402486597779,27.2897211406089,-1.71528502002581,0.0976281574805203,0.197847345396897,0.057293760487161,19310.4551131286,3.45320927993953,0.000555146502896574,-0.24042265399879,0.192909620161129,30.6564456058989,-1.24629686066447,0.222095248014119,-0.10883492995094,-0.58968023794852,0.241111056787576,0.328406006607421,0.651709057101499,0.0725608637971827,0.48084530799758,0.385819240322258,0.212655429981727,,233
0,0,0.000585177355269727,0.0866777304058675,0.0286569924378251,-1.43169447425632,0.311320437824989,16.5183221563673,-4.59878087111376,0.000274239857078339,-0.384222527062703,0.228421234946075,29.8132425828302,-1.68207884504875,0.103000595141213,0.194645651567321,0.057234749177837,19752.7750767016,3.40082999162847,0.000673145914453198,-0.191816039065892,0.193023045687612,33.4729137500147,-0.993746826357338,0.32747595037475,-0.164475380553882,-0.548107458685667,0.240720177388959,0.333973575953856,0.494440171076453,0.100762103298352,0.383632078131785,0.386046091375225,0.320346139297865,,234
0,0,0.000885766961968012,0.0780414674772672,0.0629381811096364,-1.40622131648491,0.311150651880746,15.4713511141296,-4.51942269117876,0.000378216330156941,-0.358725514920076,0.223256854428464,30.500074008056,-1.60678388055951,0.11840673112368,0.221349407253428,0.0570864236763365,16958.4721345139,3.87744393497857,0.00010595770216341,-0.26739464104377,0.178136442196537,33.5470166936293,-1.50106647324164,0.14269281260502,-0.0523944612330911,-0.58718374332063,0.227197024943789,0.320536599020084,0.817615899119627,0.0669696921952184,0.534789282087539,0.356272884393074,0.133338369335247,,235
0,0,0.0012352171518629,0.0696573029609076,0.120537624510749,-1.39166255001687,0.313402632570906,14.878543588128,-4.44049412923171,0.00048570920789755,-0.349278327234364,0.229396107976631,30.9633173652086,-1.52259918581507,0.13800771098055,0.243318325451157,0.0570271964675168,14719.9217564784,4.26670677366638,1.99619454443441e-05,-0.370302517935157,0.174196863422478,32.9706344769885,-2.12577029608774,0.0411007688053077,0.0749454345404748,-0.66565960132984,0.212235515883244,0.331853226195417,0.723995550876076,0.0448684570207577,0.740605035870315,0.348393726844956,0.0335223904563396,,236
0,0,0.00142895869009097,0.0627042625498791,0.152807221340065,-1.36267557272293,0.31392042508691,14.5844468562499,-4.3408311910436,0.00061913317701597,-0.324462874904417,0.222970570869484,31.6529731766747,-1.45518250968798,0.155465320532061,0.244951866867723,0.0568903692634077,12955.1753459062,4.30568249141737,1.67696007059914e-05,-0.434641731673288,0.174558361502191,34.3731946856971,-2.48995079887842,0.0177683351364773,0.173468793135333,-0.695814670211244,0.197226703911439,0.331437459036089,0.379108505444453,0.0357830183434669,0.869283463346577,0.349116723004382,0.012776078038009,,237
0,0,0.00136505745520722,0.057384667171052,0.143068143462072,-1.33006049230185,0.314089976333033,14.1455480990235,-4.23464800701431,0.000814638225276673,-0.290245365957902,0.20374474629357,33.3346871755957,-1.4245538657458,0.163581507972441,0.253523996856227,0.0569436103400962,14501.2010955645,4.45219393961945,8.56319467869487e-06,-0.428984194212415,0.170196241276104,38.0527457519784,-2.52052684005217,0.0160304322501574,0.201204947762637,-0.656763440662193,0.204497030009972,0.301297970596789,0.325163914390602,0.0292737361451689,0.857968388424829,0.340392482552208,0.0117179301326696,,238
0,0,0.00103737635635052,0.0824619460641354,0.13550341632475,-1.28868987281994,0.313273836454194,13.3749768648801,-4.11362112906089,0.00115387690003936,-0.336351656929425,0.193572314572272,33.5947305644738,-1.73760208257388,0.0914418063923846,0.239354561865926,0.0570702974290101,16938.5425837195,4.19403039144242,2.75434798415229e-05,-0.414828901462965,0.167828253426419,38.9781210049289,-2.47174652058712,0.017918752212328,0.138882154746568,-0.690775648179361,0.224832860127147,0.275400552633947,0.536764616653242,0.0121328032572862,0.829657802925929,0.335656506852838,0.013445481326159,,239
0,0,0.000843771853637828,0.130902779231856,0.126524160102876,-1.20885805131236,0.311782491343911,13.0850265294249,-3.8772480330813,0.00188474532298178,-0.403179578587675,0.18067054185346,33.0629692268303,-2.23157341784412,0.0325374847908739,0.21224250949277,0.056941189708451,16452.0505723203,3.72739857701409,0.000194114436854401,-0.376711965478725,0.164436741359345,36.2325199651848,-2.29092332020551,0.0278885345716555,0.0283869362502323,-0.725036994707218,0.231268463369941,0.251597732138737,0.90230940948349,0.00395497164510873,0.75342393095745,0.328873482718689,0.0219678489568814,,240
0,0,0.000798583482162727,0.145426325700333,0.116977559136984,-1.12662552205788,0.309050329827649,13.0296234601864,-3.64544351946228,0.00295269534879546,-0.410265990569465,0.17549510344442,32.114968892134,-2.33776317696179,0.0257903133005944,0.203482852727224,0.0568071424309542,16053.9707053138,3.58199416516234,0.000341989585088138,-0.360426323753521,0.176350602028808,31.5317661329613,-2.04380546256736,0.0494019698867745,0.00264346453763953,-0.718209182969403,0.236478799727084,0.255349915143896,0.991081079494032,0.00491355527900844,0.720852647507043,0.352701204057616,0.0409727693142329,,241
0,0,0.000571047247986999,0.184538590447546,0.082243682081432,-1.0750646711952,0.307136586440585,13.0567294925704,-3.50028201997736,0.00388830853265037,-0.461696173348176,0.177121648325892,30.0251699441475,-2.60666145393298,0.0140985240333151,0.183293726846433,0.0568699413944526,18180.6549949774,3.22303351035829,0.0012706432334686,-0.321643095669664,0.196958730564165,29.7593081904727,-1.63304817587094,0.112996399234016,-0.0932173286599468,-0.736503519999276,0.255890677355997,0.268742805962169,0.715644635854846,0.00613361549161448,0.643286191339329,0.393917461128329,0.102458864826964,,242
0,0,0.000489928201737938,0.209702703011877,0.0652242202412826,-1.04621983288092,0.304691273478419,12.9394121390328,-3.43370461824212,0.00447275387209284,-0.494511031678152,0.178323172756925,28.9816342765726,-2.77311705502363,0.00960686853419714,0.176168726282117,0.056856458747152,19586.3157231424,3.09848221581232,0.00194789962415427,-0.289804309745792,0.204428510155129,28.8021765127967,-1.41763156971538,0.16702671157544,-0.162507147004464,-0.742115766496048,0.264355419814308,0.273509378480007,0.538733194706896,0.00666147311767332,0.579608619491584,0.408857020310258,0.156298358177408,,243
0,0,0.000459757966157491,0.237825393627901,0.0588020550188233,-1.01272146076779,0.303310368414154,12.518097792358,-3.33889496116722,0.0055916761171429,-0.52665743338981,0.182087684678704,26.809674435144,-2.89232868394754,0.00749837264735921,0.167234983757653,0.0566899886266371,18919.6259418819,2.94999148542911,0.00318171817108546,-0.271914472929266,0.204152467447968,28.3951290961089,-1.33191862105987,0.193479807360523,-0.215148396858563,-0.758977342717095,0.25263817138563,0.285483950309227,0.394432337430539,0.0078474452643769,0.543828945858532,0.408304934895935,0.182886931371991,,244
0,0,0.0005164132740536,0.219661527440151,0.028493554590136,-0.973734239366031,0.303373137106188,12.3065680439363,-3.20969169734102,0.00728038727490694,-0.46859410694481,0.166967682895985,27.9806516492755,-2.80649583690232,0.00901605301116212,0.167306641980959,0.0565667547039794,16930.9804306208,2.9576850016674,0.00310386877751507,-0.177953008613186,0.190628311220337,29.7122078179173,-0.933507764266451,0.358082573411614,-0.264728642691457,-0.62063465991783,0.237593995518748,0.262038806762672,0.26519084488565,0.0178611642096906,0.355906017226372,0.381256622440674,0.350557863521366,,245
0,0,0.000463925810074919,0.153476180513906,0.00732511613224844,-0.9531158735936,0.304364878717118,12.4242225135497,-3.13149098414684,0.00834566947896224,-0.397101968665102,0.162468064340305,32.950823123039,-2.44418477118885,0.0200371612056178,0.16264168825668,0.0568471805025353,17635.8268627348,2.86103350806337,0.00422758755527839,-0.0932264610466775,0.193097774594748,31.5875817374538,-0.482794072807574,0.632571242087248,-0.29030042644847,-0.476753348541825,0.242495688855663,0.256789196249107,0.231253377486693,0.0633689007811933,0.186452922093355,0.386195549189497,0.629241959760853,,246
0,0,0.000359218704433665,0.145015012877479,0.00149896960259974,-0.916729696345316,0.30774106483313,12.7591508468684,-2.97889947460345,0.0108521756952903,-0.402689328394497,0.166314032983862,34.5643166111718,-2.42125887497161,0.0208594189243153,0.148857252582348,0.0572095197462854,18840.3261695449,2.601966477651,0.00927634326535617,-0.0450657503723399,0.20312369840879,32.788965443973,-0.221863577344108,0.825796146051122,-0.351061372266185,-0.441192873010865,0.254948160678605,0.265172720410654,0.168514970326134,0.0961535342147828,0.0901315007446798,0.40624739681758,0.824420084978418,,247
0,0,0.000384520504833058,0.164252360082915,0.00167748118403779,-0.881612351065766,0.309281953283975,12.9692292367104,-2.85051339628695,0.0136706539841399,-0.449496253712603,0.175297295056903,33.4553258273911,-2.56419389453039,0.0150112454233403,0.161226250894632,0.0573901831817876,20516.8062544817,2.80930016173561,0.00496962904950436,-0.0497948284743306,0.20824338742298,34.0282215755553,-0.23911841374914,0.812448139245797,-0.392450599337624,-0.492040256286285,0.265596250170967,0.274115041658271,0.139509247660158,0.0726515165403354,0.0995896569486611,0.416486774845959,0.811013763778788,,248
0,0,0.000402624192898966,0.178845613679794,0.000970310449650745,-0.845409512849388,0.312924586547778,13.4026165579924,-2.7016397854066,0.0177414374054922,-0.502253605944746,0.184296516007112,34.1003157415763,-2.7252474264102,0.0100664804060048,0.171090479837339,0.0575174445958027,21967.3547291251,2.97458416380731,0.00293704861842425,-0.0402181579287314,0.217683129158692,35.1449146805524,-0.184755511757699,0.854482844014185,-0.456179119756217,-0.53661543561368,0.276232323831915,0.288722988022087,0.0986502321071601,0.063086367659502,0.0804363158574629,0.435366258317384,0.853420803508736,,249
0,0,0.000349824326290395,0.186175430058848,0.000288876248233225,-0.835327772308763,0.317481774540819,13.6245231947532,-2.63110464692632,0.0201002084871553,-0.525887488041707,0.187501055149479,34.3863972378097,-2.80471748610941,0.00822655819211026,0.161347595535378,0.0576365604077487,22393.7551267018,2.79939667450534,0.00512420009927655,-0.0225029110494015,0.226065272041352,34.2903875377073,-0.099541653816183,0.921287898322715,-0.500107837313183,-0.545113659411985,0.287393170562852,0.295136304542242,0.0818323090203942,0.0647486601893196,0.0450058220988029,0.452130544082703,0.920708217143141,,250
0,0,0.000286025694015046,0.197131578019455,0.00175981615292347,-0.824116593488061,0.322782885624568,13.309375721048,-2.55316074733466,0.0236977547038228,-0.550379169211277,0.190965506979492,33.8300231287217,-2.88208681199366,0.00681566231579135,0.150457633091963,0.0577045410581638,23761.7916288661,2.60737942513584,0.00912952150473556,-0.0551353951105046,0.225495249298639,33.9120417010212,-0.24450801195144,0.808310802853493,-0.487215286742576,-0.597486076963585,0.30119189895064,0.287919349228061,0.10574362328806,0.0379693400810526,0.110270790221009,0.450990498597278,0.806837397613629,,251
0,0,0.000271410930618646,0.199088416621465,0.000977725240486799,-0.779103400818648,0.328465177285026,13.267486936888,-2.37195128950483,0.03346073201929,-0.546899929662159,0.191432684694129,32.8338747507424,-2.85687854472707,0.00736721685913007,0.148549870996242,0.0577722477474684,24353.4674906216,2.57130156412776,0.0101375850680115,-0.0406557453867722,0.224252983548519,33.5834834160308,-0.181294111424725,0.857226484298849,-0.50032413714012,-0.581635627913664,0.31707097058622,0.27373891727175,0.114575648395888,0.0336047758064966,0.0813114907735444,0.448505967097037,0.856136727847564,,252
0,0,0.000311501453764037,0.201326762009659,8.81814741753175e-06,-0.718159663991919,0.332516233181422,13.1727062906943,-2.15977324511579,0.049791262858628,-0.530587379000809,0.191076535438965,30.5891027178174,-2.77683169093409,0.00928500464918389,0.156335831206726,0.05775440090542,23515.3531542283,2.70690767726506,0.00679621712478395,-0.00377218305492533,0.219680107117376,33.4366586675789,-0.0171712546230226,0.986402049682049,-0.526265913150166,-0.533810279260017,0.308470427138826,0.274296574826489,0.087998806341746,0.0516419777148679,0.00754436610985066,0.439360214234751,0.986299994295631,,253
0,0,0.000393251554907286,0.193226068883467,0.00493917914090797,-0.632852002463474,0.331151524157871,13.014537633207,-1.91106474316504,0.0782720251044316,-0.496113861072796,0.188216459192638,29.009060404536,-2.63586863338571,0.0133351891666299,0.171816012200604,0.0577348128016328,22511.8132250162,2.97595166352986,0.00292391215872697,0.0883091834275674,0.220852542378341,32.2108199766863,0.399855860732115,0.691902026636146,-0.597282101034553,-0.420663734179418,0.301392326801437,0.278292408584285,0.0475080241293322,0.130638460385659,-0.176618366855135,0.441705084756682,0.689262684216348,,254
0,0,0.000508866556664473,0.168243577291277,0.0141971061012956,-0.570097475174389,0.325298873225747,12.9651001598059,-1.75253442940382,0.103280592682602,-0.435471933648359,0.180954432191467,28.6312005363554,-2.40652814288399,0.0227900495652491,0.189134552873007,0.057740192543484,21074.6482646731,3.27561347722508,0.0010560296142745,0.147584269809328,0.218438677990718,31.6965010563292,0.675632498634692,0.504173807281462,-0.604546544500097,-0.309378004881442,0.289594010710555,0.275961019233201,0.036837022269524,0.262248219470202,-0.295168539618656,0.436877355981436,0.499274002618726,,255
0,0,0.000346758965731907,0.142242444118606,0.0193150131660582,-0.504786150245579,0.321736254646587,12.999165290588,-1.56894395006887,0.140673658540665,-0.419765593202418,0.187294799186645,30.2898823384827,-2.24120261227386,0.0324910566555026,0.161847397243807,0.0578676811073373,22550.7484106213,2.79685299543282,0.0051646703591651,0.168164191243907,0.210378337594931,32.4413953989258,0.7993417628753,0.429906281636683,-0.612416850890613,-0.276088468402799,0.284500207351051,0.276595954063599,0.031349657275749,0.318199236147112,-0.336328382487814,0.420756675189861,0.424092269039493,,256
0,0,0.000153771809949065,0.132013432543332,0.0333419049211604,-0.418004580466191,0.317618692654269,12.9537634861363,-1.31605787106867,0.210968732949897,-0.43568768122124,0.202916821344014,30.3116334945216,-2.14712451306636,0.0399000407783046,0.111733042345411,0.0581104752319531,24038.6946295602,1.92276937848846,0.0545208205019754,0.218019034590786,0.205607846189821,32.5980739366024,1.06036339872704,0.296772957585479,-0.68545334716472,-0.249415277983148,0.276859859730704,0.294881596024044,0.0132933039618818,0.397655954636891,-0.436038069181572,0.411215692379643,0.288979306819306,,257
0,0,5.97386865056065e-05,0.122333112007114,0.0330504469302223,-0.359905428681275,0.3149174049602,12.7166759060117,-1.14285658084462,0.274158711052401,-0.439662182570849,0.214065089157853,30.264410635138,-2.05387148507265,0.0487146336531856,0.0701053363449572,0.0583767252087113,24140.2121923347,1.20091245430971,0.229796945664651,0.208989272542685,0.200966022227588,31.6394697052312,1.0399234170342,0.306257505400385,-0.679083226378522,-0.261104681293152,0.266208756750431,0.310096201933803,0.0107432054498162,0.399781312154772,-0.41797854508537,0.401932044455176,0.29837548206601,,258
0,0,4.56108851040162e-05,0.0908174923379765,0.029208752917962,-0.320168562971082,0.313296235336693,11.6962210045884,-1.0219355576584,0.327484222190031,-0.398216523020315,0.21923835614505,33.0283625753419,-1.81636338650912,0.078400587754381,0.0612458130064163,0.0584811674918926,24045.4235204007,1.0472741163197,0.294983697121395,0.185442226308528,0.190954315386847,31.3452073555388,0.971133990519394,0.338916257954307,-0.610661740177277,-0.239777287560222,0.260142362873178,0.309434132979636,0.0189042531429226,0.438404905622613,-0.370884452617055,0.381908630773694,0.3314815594197,,259
0,0,5.45875751188737e-05,0.0891444262554745,0.0118468114960981,-0.297224135227628,0.310158793855257,11.1355298180639,-0.958296656796826,0.358257563980012,-0.415542374031023,0.222249885381956,35.7192941310435,-1.86970793400806,0.0697390084030373,0.0685144854247311,0.0585196077741354,25109.8707426263,1.17079536296915,0.241692152888372,0.124713686628,0.196082068105636,33.742346083036,0.636028005175938,0.529049018091354,-0.558416123799592,-0.308988750543592,0.26992271261829,0.31240285699331,0.0385648528951378,0.322628179008422,-0.249427373256,0.392164136211272,0.524758168817806,,260
0,0,7.85919057533498e-05,0.0814544849125698,0.01196609360532,-0.260700887708058,0.308458819818379,10.8135501273509,-0.845172421594426,0.416323194679755,-0.383586363418687,0.209535890442994,37.7915891328765,-1.83064754495147,0.0750474073161898,0.0819249583011131,0.0584750683761261,24973.4778992233,1.40102372816653,0.161219403422855,0.132029928224563,0.200696490325983,35.7342499984502,0.657858680090082,0.514844809864767,-0.534841702244371,-0.270781845795245,0.28136686602788,0.293998358689324,0.0573191040814782,0.357033810017661,-0.264059856449126,0.401392980651966,0.510628943870902,,261
0,0,6.76182608110525e-05,0.0812252680055622,0.00613981681451276,-0.220833161466312,0.310353891794213,10.6440619546561,-0.711552738036036,0.492041834228019,-0.366443647032428,0.202736040840782,36.9547578866157,-1.80749138393313,0.0788315260685087,0.0757259866374845,0.0584222259802223,24845.0752802724,1.29618454906391,0.194923951347079,0.0964362831415326,0.200562945241843,37.4239313423564,0.48082801648753,0.633437950307374,-0.476922406491061,-0.284049840207996,0.288596203503067,0.279957778725672,0.0984205401778631,0.310288571131659,-0.192872566283065,0.401125890483686,0.630638736496709,,262
0,0,4.7840779081313e-05,0.0675887421815671,0.00238337863634889,-0.199649994443617,0.316448968990913,10.9513552952589,-0.630907394264097,0.54104417302728,-0.335477135093449,0.212104019136884,34.5112904916572,-1.58166326342428,0.122849153778568,0.0645847737333376,0.0585354880713006,25445.0188017663,1.10334390062091,0.269888283345981,0.062274208532324,0.204348196797191,38.8727663402369,0.304745574017123,0.762185596094446,-0.406819342412059,-0.282270925347411,0.284891675234403,0.298938642596912,0.15329789001737,0.345045136502051,-0.124548417064648,0.408696393594382,0.760559936466999,,263
0,0,3.60821259861765e-05,0.0633202199772964,1.32370649834997e-05,-0.175878070672971,0.321705890236626,11.2780458242782,-0.546704539800644,0.595232833931938,-0.308712505407868,0.215652067215743,30.3144661010696,-1.43153047125222,0.162508214703992,0.0556978788457631,0.0586885428736975,24961.0510975302,0.949041774058514,0.342608554310066,0.00454218862652407,0.205516139155452,36.9012447492769,0.0221013719175036,0.982486172599894,-0.31391610044843,-0.304831723195382,0.277896698951027,0.309463761015706,0.258638759386151,0.324608327804921,-0.00908437725304814,0.411032278310903,0.982367092112449,,264
0,0,3.50823940571104e-05,0.0792290164447583,0.00439817051943761,-0.16848479250289,0.324232232839181,11.2972640046828,-0.519642328671433,0.613342352522222,-0.320198118637248,0.215848225295254,25.5745468594968,-1.48344105307911,0.15017754865841,0.0533987379461458,0.0587146631692506,23575.6882088041,0.90946170962812,0.363115758062031,-0.0834407499466181,0.21172756206285,35.1572766669194,-0.394094888420097,0.695891301557419,-0.224607224400158,-0.391488724293394,0.270149516568926,0.321730713334538,0.40573742186159,0.223672285692352,0.166881499893236,0.4234551241257,0.693510984726659,,265
0,0,5.27259300616808e-05,0.093536209612414,0.0109736637735559,-0.152922628932927,0.327494616308203,11.2758208712521,-0.46694700101272,0.649430910358537,-0.336189154113613,0.210584927582182,24.6992361766567,-1.59645401963735,0.12310427462051,0.064604194035877,0.0587518866630956,22931.4038301815,1.09961054368076,0.271513389756419,-0.129912528117227,0.210894297334508,34.2001965966648,-0.616007780955632,0.541967878268864,-0.18735953856879,-0.447184594803244,0.267539644830335,0.316286479063535,0.483736412076996,0.157403204230905,0.259825056234454,0.421788594669015,0.537889384396195,,266
0,0,9.02937640223282e-05,0.10164241122795,0.0180932593551808,-0.111698886133952,0.330566818856154,11.3141884448546,-0.337901083116746,0.741624330551997,-0.353041594014906,0.209981755363575,24.9840539182608,-1.68129651742185,0.10516604864953,0.084247117252619,0.0587361120576997,22782.5710618732,1.43433254774947,0.151491111727356,-0.15748711325718,0.204298568598197,32.2487458870178,-0.77086743356933,0.446396879241922,-0.172622146722032,-0.487596373236391,0.261901574565352,0.311674515245908,0.509824644493791,0.117714051352546,0.31497422651436,0.408597137196394,0.440785512058546,,267
0,0,7.86300193342809e-05,0.107080116406785,0.0240387796742094,-0.0971435040837565,0.33031080805923,11.5747843247752,-0.294097261468771,0.773890734828813,-0.371889092655483,0.220417079560623,23.737777422855,-1.68720633354186,0.104662707715121,0.0795534177238016,0.0586427615174999,23402.7194105834,1.35657693575807,0.174928760182146,-0.187105161809518,0.213654082414039,31.1364640346156,-0.875738762842492,0.387878168531683,-0.15753879324914,-0.531749116868176,0.262608986743484,0.333746621318291,0.548573739990179,0.111099205346466,0.374210323619036,0.427308164828077,0.381172067385398,,268
0,0,5.10767552071713e-05,0.123748127366106,0.0316287612576734,-0.0945706106347669,0.3323662624822,11.9905472611818,-0.284537335193074,0.780853012918744,-0.400625681446256,0.227236059557522,22.0096631184518,-1.76303744320493,0.0917752402232391,0.0659121435436601,0.0586524327949579,24723.6921663949,1.12377510024318,0.261119358439512,-0.233265420973463,0.229796506946412,31.5481270941772,-1.01509559076048,0.317782445602534,-0.133393541278412,-0.599924383225338,0.275324930684611,0.351918264183089,0.628034640352128,0.0882454491051534,0.466530841946925,0.459593013892823,0.310060263237412,,269
0,0,3.98586148350185e-05,0.122918434767595,0.0190838824578831,-0.0634853763916415,0.335962302916222,12.6114321657996,-0.188965773363784,0.853126667006511,-0.423147455481628,0.249806759330826,20.4737812158592,-1.69389914274194,0.105444524318164,0.060137071514069,0.0587367269078927,26298.1715744342,1.02384103915719,0.305919780467539,-0.195341972232675,0.249980997934683,31.3864559193036,-0.781427283859853,0.440406177028228,-0.199360950450161,-0.59004489491551,0.285375487313612,0.393686144286097,0.484807224283283,0.133933367560226,0.390683944465349,0.499961995869365,0.434551229286643,,270
0,0,2.50712312713626e-05,0.114950866604301,0.0132931494363884,-0.0331251590145542,0.337065337356447,12.5589590332089,-0.098275186865401,0.923264936214426,-0.461146609130833,0.274199315118024,21.7771197458771,-1.68179343895276,0.106895338632833,0.0484482706010174,0.0588519426486589,27030.1465721737,0.823222962923238,0.410388475561836,-0.162315108438764,0.25269992141989,30.6244244389047,-0.642323541403318,0.525442864075857,-0.275196142796601,-0.599826359674128,0.280016930003116,0.426495201561556,0.325713785826808,0.159602939114851,0.324630216877527,0.50539984283978,0.520663132103225,,271
0,0,2.16783232809418e-05,0.112073162679721,0.00579319705521244,-0.00658511048474169,0.338670552991534,12.5867620127401,-0.0194440007451912,0.984791753527583,-0.469286008737674,0.271555754083551,23.6609810812859,-1.72813870330763,0.0969944490852612,0.0451713638946473,0.0588418200855032,27184.3597305008,0.767674484388971,0.442687266434171,-0.107362685723242,0.254662410063137,30.5025026599565,-0.42158827326194,0.676281925069936,-0.346289809128416,-0.561015180574899,0.27883882556702,0.426112514954255,0.214273629951176,0.18797632514759,0.214725371446484,0.509324820126274,0.673325567219731,,272
0,0,1.83879813409187e-05,0.105342017732404,0.00243582601942452,0.00601066774781269,0.340883768930668,12.6200421430159,0.0176326017711779,0.986207663604198,-0.418265427510391,0.241579025109,25.4589739764722,-1.73138138678087,0.0954868927933624,0.0403537594390446,0.0587869753872785,25624.9914332991,0.686440477217972,0.492441598150877,-0.0654663654449487,0.240414330757676,30.3675905975854,-0.272306418833805,0.787229430637777,-0.343266240430476,-0.474198971320374,0.272751514402366,0.381009997287712,0.208199777624512,0.21328468072099,0.130932730889897,0.480828661515352,0.785386421132882,,273
0,0,2.34897038564033e-05,0.0767919821570749,0.00415765996907001,0.0308588427672379,0.341767700169139,13.0559340183089,0.0902918641871835,0.929425809489036,-0.352077362249279,0.229236858058052,28.359005629383,-1.53586716042025,0.135653992800393,0.0444050434504262,0.0588287530658951,24254.7928183832,0.754818709155493,0.450365095332426,-0.0733415220139918,0.21342877571907,28.2836535941716,-0.343634647047448,0.733662536274165,-0.268056285275355,-0.414739329303339,0.258938644779797,0.345794080435619,0.300570108918636,0.230379293337018,0.146683044027984,0.426857551438141,0.731121065148873,,274
0,0,2.06802509383068e-05,0.0546204266180959,0.00303502018926022,0.0644459933771016,0.337823744822407,13.4259188291229,0.190768098349572,0.851561810460056,-0.291790958580539,0.221966514933746,29.9102374863985,-1.31457196896403,0.198645263667429,0.0403598300064067,0.058824238469094,22762.5673539265,0.686108839770388,0.492651465197056,-0.0563715615322036,0.195436469993386,27.329219567183,-0.288439315006617,0.775186895959523,-0.227210906509435,-0.339954029573843,0.249252157290865,0.323955867068715,0.361994872628024,0.294001524281311,0.112743123064407,0.390872939986772,0.773010476853008,,275
0,0,5.85705219386067e-05,0.0358419234983616,5.9032664883745e-05,0.118133267486573,0.338612077117507,13.9117241272102,0.348874938224894,0.732407027101234,-0.222908185710315,0.204408705988922,31.9897017727113,-1.09050240610787,0.283638140695901,0.0636067473839887,0.0586959675215338,20048.6582334178,1.08366468890139,0.278526529270385,-0.00741911061758977,0.184920011991124,27.2657745748187,-0.0401206475043161,0.968289282461986,-0.214408748458936,-0.229246969694115,0.234550121660001,0.300578885400248,0.360649782047963,0.445651352849949,0.0148382212351795,0.369840023982247,0.967996940725099,,276
0,0,0.00010725686287369,0.0228848973585986,5.96738903604404e-06,0.179451526717504,0.339630388752536,14.3365407042277,0.528372998001241,0.605323806518097,-0.181728424706415,0.203420683171244,34.0762867331268,-0.893362571953571,0.377929184215389,0.0845788404760058,0.0586819785283672,19366.1050706152,1.44130860269341,0.149513686667122,0.00238048641861676,0.179865744451771,29.3526660345595,0.0132347959077614,0.989530016947569,-0.184455543357918,-0.179694570520685,0.227457142756195,0.298224177511518,0.417396471885618,0.546809000843818,-0.00476097283723353,0.359731488903543,0.989440468948318,,277
0,0,0.000165301783649422,0.0120769291797505,0.000262966696092995,0.234404998749067,0.336911416929213,13.9192286798467,0.695746676932342,0.498040286596971,-0.140357720027439,0.224089139090759,32.0920604486243,-0.626347714114752,0.5355170649385,0.10567357937797,0.0587940189515972,19539.6691013558,1.79735254133532,0.0722951046433717,0.0161045389319766,0.187188945431588,28.1398142323566,0.0860336004075746,0.932048955547248,-0.158807305856528,-0.126598227992575,0.226388474920698,0.330633199877997,0.48300263414039,0.701796656881919,-0.0322090778639531,0.374377890863177,0.931439706976933,,278
0,0,0.000270466039922427,0.0057479112789663,0.00148240957598034,0.276462185295615,0.333834353643968,13.0641722115564,0.828141808288731,0.422461624875502,-0.0980642100997662,0.232795527537841,30.6943372200255,-0.421246108707246,0.676510675514484,0.136706659531597,0.059112702844706,19769.126843508,2.31264437173068,0.0207524167355575,0.0406967652499106,0.200974116141325,27.6202137774088,0.202497545610762,0.841012026571483,-0.144686995552734,-0.0632934650529128,0.233590812627443,0.350621523396058,0.535650495247529,0.856745994202972,-0.0813935304998212,0.40194823228265,0.839527776986652,,279
0,0,0.000335541557182684,0.000565782610428836,0.00112694525707054,0.30623640548767,0.329722534191005,11.9347362248194,0.928770022464617,0.371412161121131,-0.0311478725277621,0.234022128318311,31.2930249949924,-0.133097979885883,0.894968120673758,0.156462497579621,0.0593820278371397,20683.2320576704,2.6348459841879,0.00842382034341656,0.0375242707503551,0.204051507225027,29.9745302353509,0.183896072421428,0.855333407423441,-0.0741362037558005,0.000912337744909755,0.243770686107857,0.349915412376358,0.761034399209355,0.997919670439222,-0.0750485415007103,0.408103014450054,0.854094986018925,,280
0,0,0.000309678966479815,1.74285342243308e-05,1.10775424468601e-05,0.353184160844068,0.32414431669803,11.2702891010516,1.08958924358711,0.298643200800289,0.00575135638781125,0.251809160702835,29.9315409503576,0.0228401396190607,0.981929379239294,0.156684063591397,0.0594323463750658,22436.6327001629,2.63634322297483,0.00838626106694218,0.00392920761317041,0.213445535022421,30.590570124275,0.0184084788316498,0.985432533956314,0.00125000099938971,0.00910841622573053,0.253738993172601,0.374873550535328,0.996069376441292,0.980615464430505,-0.00785841522634081,0.426891070044842,0.985312988460101,,281
0,0,0.000319251238618207,0.00432487363529348,0.000939378233763327,0.394341553309675,0.321296658607475,11.1056456066653,1.22734408449432,0.245074456109997,0.090755154372136,0.261285827227574,27.7750678455628,0.347340517222507,0.730953789755704,0.164082928145977,0.0593227326270325,23955.9411267943,2.76593678139511,0.0056803003998611,0.0377795423529561,0.227971615319616,29.208091537689,0.165720378390043,0.869518779580902,0.0474743804133986,0.123033465119311,0.262252811861674,0.395852761999121,0.85634775804557,0.755948009054496,-0.0755590847059121,0.455943230639232,0.868377008170302,,282
0,0,0.000207192058965665,0.00945875418409033,0.0141065732629123,0.44231927813746,0.320305039765832,11.0781805845232,1.38093137235939,0.194521475856351,0.13222634653344,0.263923959678796,26.2855449426363,0.501001677507278,0.620539705436586,0.13814968457866,0.0593491898915846,26146.1113802573,2.32774339179731,0.0199333240917023,0.151729562479094,0.238223286164498,28.3517865720889,0.63692162475805,0.529285615803726,-0.0415971697803293,0.261861955177859,0.278883249928953,0.400716137029016,0.88143036937832,0.51344370421363,-0.303459124958188,0.476446572328996,0.524175896234801,,283
0,0,0.000119515921626103,0.00822938015999059,0.0233215856177483,0.495563156138014,0.323118416021851,11.3037219360751,1.53368898696415,0.152605791508687,0.123928791935486,0.26385796337782,26.5857020891708,0.469679938209907,0.64241334548872,0.108899978920151,0.0593778802811098,28140.2880637577,1.83401594001994,0.066662181709896,0.198701810490377,0.239241334367771,28.8884826535606,0.830549666576115,0.41303981680334,-0.103706790959629,0.293696830021124,0.296224562500225,0.392307754104772,0.726267269528489,0.4540749031536,-0.397403620980753,0.478482668735541,0.406228079136413,,284
0,0,7.18969994480512e-05,0.0146061926728339,0.0320234626291666,0.571870810458383,0.32307248043012,11.5388354321324,1.77010065882748,0.103098485954041,0.172043429865693,0.268018915654369,27.7982909415854,0.641907790148501,0.52619148525637,0.0864996939248917,0.0594777041194539,29415.6708817898,1.45432133276643,0.145867908265539,0.222838118021378,0.231635149158588,27.9747737091897,0.962022036944025,0.344280888226984,-0.0832430456921314,0.362433190350625,0.303710006490515,0.385097053777059,0.784017558618517,0.34662919544762,-0.445676236042756,0.463270298317177,0.336038534404635,,285
0,0,5.01274151373908e-05,0.0249570095949068,0.0371597705755011,0.640250592495841,0.323511491645908,11.5607068349868,1.97906599619841,0.0721249437340057,0.227481890439348,0.260846620992729,29.7135434038998,0.872090616215759,0.390151600671798,0.0728210355427232,0.0596663838603266,29713.7307927178,1.22047006758764,0.222296415150057,0.226257315711969,0.219513650514018,27.5272863273517,1.03072093777384,0.311643361335336,-0.031721665981557,0.420792965442381,0.302162299934618,0.364736064928227,0.916389925185173,0.248626593958412,-0.452514631423938,0.439027301028037,0.302671703190584,,286
0,0,3.5810603672039e-05,0.0255766657214347,0.0315791510738949,0.674167815537035,0.32484945932918,11.8161102901829,2.07532380361416,0.0604742840564813,0.225219911391602,0.250535103624972,30.7879054059318,0.898955508161984,0.375653615320136,0.0618055158110089,0.0596078120149112,30020.7068917351,1.03686939214524,0.299805081731146,0.202800960105269,0.20717244557564,29.3859481365456,0.978899291079833,0.3356204623806,-0.00711171483425888,0.39849020537628,0.303479176209442,0.337984833220064,0.981304126899097,0.238391004520718,-0.405601920210539,0.41434489115128,0.327629742510725,,287
0,0,4.65026264958673e-05,0.02986983753286,0.0161015284654753,0.672429027729898,0.325145133342956,12.4366204589171,2.06808885870863,0.0600896574413206,0.260653364638562,0.26450480577116,31.5396364957371,0.985439050449881,0.331908246217515,0.0711123056664962,0.0595683710269517,30645.0541405753,1.19379302204389,0.232568182868682,0.143349751368537,0.205872284605224,29.6265650629789,0.696304272541693,0.491665439099334,0.0964298775444309,0.383129380281505,0.306141275777504,0.353081642020048,0.752773122749259,0.277876752097336,-0.286699502737074,0.411744569210449,0.486238298051819,,288
0,0,8.04930710926034e-05,0.0379135502705136,0.0154413757512854,0.670812618762093,0.325138685402372,12.9674813923086,2.06315842709377,0.0597158362104834,0.310655814037599,0.275723618336945,32.2129632802004,1.12669279444159,0.268195881243452,0.093565012704436,0.0595763860542147,30639.748417621,1.5705050088015,0.116307996014101,0.14476176457747,0.208583864943646,30.7115619922578,0.694021872768448,0.492885152984392,0.144814704793586,0.434338233948525,0.302710430716594,0.372458877992728,0.632370153563516,0.243558890607686,-0.28952352915494,0.417167729887291,0.487668492064064,,289
0,0,7.93648839756172e-05,0.023021508849975,0.0120286308210056,0.665910497103603,0.325819982476042,12.9075035189498,2.04379882425587,0.0619362733305587,0.243495309527922,0.274512912571152,33.3892652680853,0.887008582755863,0.381419055786667,0.0923846152726991,0.0595941963029505,30278.0930969225,1.55022839477617,0.121097158461831,0.127661978710322,0.202887956043529,32.5191190909663,0.629224036753235,0.533598167919203,0.097243954970307,0.352567912390951,0.302351797721101,0.365676892099243,0.747736656697076,0.334969991981814,-0.255323957420644,0.405775912087058,0.529202394627522,,290
0,0,7.9730284258447e-05,0.0119854018317247,0.00594733583648131,0.650003511096288,0.323899715687519,12.452791002038,2.00680482141385,0.0669841187266947,0.177819999088124,0.283893445771106,32.3415803410225,0.626361762615309,0.535473981577458,0.0905983060556688,0.0597043977997346,28878.1634697907,1.51744778265013,0.129164614055915,0.0855015927908356,0.196547486346342,31.6300845555288,0.435017482951528,0.666503607935681,0.0798681743645877,0.250871359946259,0.295456653688577,0.376312056369523,0.78691321641409,0.50499075300472,-0.171003185581671,0.393094972692685,0.663549737383843,,291
0,0,7.18597062544933e-05,0.00709931770830451,0.00365423978237588,0.626615187589257,0.32471804262814,12.3208875259884,1.92972088190013,0.0769878005224687,0.138762036989894,0.295857440573876,30.7656105574011,0.469016553109959,0.642364526782746,0.0856296532413246,0.0599713995207012,28368.9561495912,1.42784150321132,0.153348491703031,0.069037245572099,0.2079666018431,30.046421550031,0.33196313715884,0.742221747568999,0.0596719995186999,0.197746490662898,0.293899404645154,0.402861521480908,0.839107319772819,0.62352918461936,-0.138074491144198,0.415933203686201,0.73991709435673,,292
0,0,6.72314498081232e-05,0.00644665289172849,0.000629385996654488,0.60548631188304,0.325591990886233,12.5184510889062,1.85964743860855,0.0865896708527633,0.127209527278484,0.281960576338426,31.370352731425,0.451160686825238,0.654977156504967,0.0808520184041356,0.0599547334536443,27047.8720537487,1.34855104420819,0.177492505490602,0.0306296252156439,0.218527828366751,31.1945959548397,0.140163499745391,0.889431930819811,0.0921197987419658,0.153379049173254,0.287021140736582,0.398692568880799,0.748247322031832,0.700455944864975,-0.0612592504312878,0.437055656733502,0.888530810149149,,293
0,0,7.15847889117542e-05,0.00565064694563285,0.000559675918370979,0.625534786789197,0.325279869110833,13.1889839916747,1.92306639971027,0.0763318033009665,0.113308600687085,0.264505424351364,32.2921833115591,0.428379119123729,0.671219036742408,0.0808823320983671,0.0598336305622962,25524.9429396192,1.35178713606817,0.176455398819525,0.0304807707480672,0.223216449294327,33.2981223889235,0.136552529369715,0.892206781332506,0.0783894019178084,0.139350943413943,0.286831863086832,0.381999303493743,0.784627294875875,0.715265400184951,-0.0609615414961343,0.446432898588654,0.891384500973979,,294
0,0,7.38901557694944e-05,0.00582896848833895,0.00368412983239824,0.646049217330252,0.324941270371484,13.7388451948932,1.98820302693981,0.0670911735024611,0.112202872623519,0.258109796531006,32.2305986177106,0.43470985654758,0.666669831618133,0.0822603944617253,0.0600204176535006,25419.375450462,1.37054018745116,0.170530441687312,0.0793729705675334,0.225241934425487,33.5821806071279,0.352389845922723,0.726747942100058,0.021272083534748,0.180018024669815,0.296847007460489,0.370514243745112,0.942872417327932,0.627066479717065,-0.158745941135067,0.450483868850974,0.724545916016519,,295
0,0,3.96200603543171e-05,0.0075423371015093,0.00780209377999967,0.649932023498102,0.324833558873881,14.0082203318208,2.0008155122619,0.0651791321552553,0.126127483880196,0.255557467413983,32.0515002933472,0.493538635972938,0.624997097929925,0.0609637210151863,0.0603237506032726,25777.0920563503,1.01060892941028,0.312213126340593,0.115254703303241,0.223489463931937,33.8213038870552,0.51570531010957,0.609415231396067,-0.00590992183386815,0.224599484772614,0.307174517246529,0.359160097126729,0.984649949052212,0.531743712675297,-0.230509406606482,0.446978927863875,0.606060245324578,,296
0,0,2.87860762232164e-05,0.00987191346971423,0.00321778234308942,0.654468336623719,0.321422142284558,14.1407351127804,2.03616444085645,0.0609140147685492,0.150712220365457,0.268069154143289,31.7024837356304,0.562213958734312,0.577924188250798,0.0543346591023236,0.0606460765797572,27883.8989644958,0.895930325037048,0.370297710996492,0.0766057981944079,0.229036745616947,34.6542555141557,0.334469466844973,0.740041260815232,0.0629515427848458,0.216163139173662,0.330195213056886,0.365759771903341,0.848800228523369,0.554522044048585,-0.153211596388816,0.458073491233894,0.738025327439376,,297
0,0,3.17846368414539e-05,0.011026875121428,0.000581966299622938,0.662902548314512,0.318132971048844,14.4860950566522,2.08372790198075,0.0553424191372296,0.169515589168833,0.274515408559645,34.1993512422005,0.617508467223259,0.540989595410103,0.0597677674477523,0.0609133941614216,30288.4751926204,0.98119253196377,0.326505643403192,0.0325430023386961,0.226894162560329,35.3279091427101,0.143428116314113,0.886767079736706,0.13223386894573,0.197319873623122,0.352655066992849,0.356060598567119,0.707685311997078,0.579459102430856,-0.0650860046773922,0.453788325120659,0.885952078921826,,298
0,0,2.97954963296071e-05,0.0118224694813153,0.000736983373013318,0.656013728061039,0.31483130752983,14.4540043726087,2.0836991505328,0.0553868735044221,0.175720899048741,0.274684033090397,34.2063531742342,0.639720107032624,0.526616255705871,0.0572422475696427,0.0608189598875569,29729.7880810855,0.941190833836572,0.346614720504812,-0.0335686925321473,0.211131031943046,34.2757396936903,-0.158994593183264,0.874606295541749,0.214177664353113,0.147040279288819,0.358805691412925,0.334482941232533,0.550561964035966,0.660223422509298,0.0671373850642946,0.422262063886092,0.873673133660583,,299
0,0,2.32009565763585e-05,0.0106378897057312,0.0109449103204959,0.63436031525125,0.312097566651772,14.2008769512984,2.03257052612348,0.0612342365216468,0.171731824296692,0.285481592526287,33.6546544867028,0.601551304155903,0.551503827319411,0.0502362630769428,0.0605753348159505,29643.3333751633,0.829318785105828,0.406930721773231,-0.119056330666985,0.20046405069778,31.8742708044016,-0.593903646327461,0.556768426748979,0.308124427674834,0.0700117663408645,0.362914772300209,0.335744044415838,0.395866287992482,0.834817344916773,0.23811266133397,0.400928101395561,0.552576560076994,,300
0,0,1.72236416005948e-05,0.00768201984575177,0.0103727656864766,0.625228461981905,0.309311611902986,14.1866800564752,2.02135464018081,0.0625284688947605,0.147210249209873,0.285952885357574,34.2343877592275,0.51480595842141,0.609996661992066,0.0434236471810325,0.0604129546651473,29995.7676826607,0.718780391088601,0.472281840433372,-0.113375324324525,0.199970216739327,30.667863464766,-0.566961051366549,0.574867332954301,0.277094611988672,0.0503439633396207,0.359069099416559,0.339008868798812,0.440290500722261,0.881945517577374,0.226750648649051,0.399940433478654,0.570740643857342,,301
0,0,1.05410905141138e-05,0.00652025109753785,0.00331776334983486,0.617134232931525,0.304338538590681,13.9412705145453,2.02778864546477,0.0621401227954377,0.133072625316146,0.281022173733488,34.16575090904,0.473530695276549,0.638846480356076,0.0334188524024573,0.0603365872940167,29102.5778223554,0.553873758878823,0.579669500436854,-0.0617799801927007,0.196979030681528,29.5506372174003,-0.313637344944526,0.75599977286181,0.203848637712345,0.0802886773269434,0.348552445717276,0.336997941042046,0.558652941505512,0.811689689379213,0.123559960385402,0.393958061363056,0.753796492500731,,302
0,0,2.31349058287816e-05,0.00523739173648151,0.000226184272469474,0.641793806105972,0.301815440700735,14.2177344301488,2.12644457359736,0.0514446649377836,0.116976412191309,0.277668399534956,33.7091710991167,0.421280968188037,0.676224146356677,0.0491699279007392,0.0603911135184839,28653.3420776274,0.814191443674735,0.41554205263657,-0.0165659960267472,0.203977531203638,29.1547820061786,-0.0812148079692603,0.935826100443665,0.135954649744758,0.102822657691264,0.339732675192483,0.345859491850026,0.689023016928901,0.766240503860206,0.0331319920534945,0.407955062407276,0.935271123361499,,303
0,0,2.11238359987216e-05,0.0058657156296154,0.000662335097665643,0.696453377345015,0.299755376048113,14.4826191751343,2.32340579350687,0.0351725691580175,0.126968161712329,0.289954306188298,32.4978466146939,0.437890243402265,0.664362649090107,0.0480380833512504,0.0603399679203898,30004.0051768385,0.796123780089343,0.425966392259323,0.0318058571434783,0.221932073355411,30.9890707799237,0.143313477239241,0.8869704636935,0.0905309253707648,0.154142639657721,0.341415834441861,0.37948052000117,0.79088371963315,0.684600199150149,-0.0636117142869565,0.443864146710822,0.886042612405513,,304
0,0,2.80068573516271e-05,0.00535737969848764,0.0029046563277603,0.755127175178424,0.297960142583524,14.9899713631186,2.5343227742843,0.0229069175780867,0.125599129079341,0.30751403585425,30.9711981622928,0.408433809307066,0.685765475061566,0.0565343558476541,0.0603790890617935,31302.2272829074,0.936323431275941,0.34911391113851,0.0724658463985934,0.235703005020439,32.4472901552877,0.307445577082522,0.760468986448541,0.0425812383806017,0.187512931177789,0.343925535149637,0.41449635664842,0.901466133178966,0.650989918816284,-0.144931692797187,0.471406010040878,0.75850424138593,,305
0,0,8.87617840507688e-05,0.00630472989532314,0.00693660484461019,0.801273496165182,0.296738436050478,15.5335147065524,2.70026865016192,0.0160712833324426,0.143128745350052,0.333115646408697,29.0971465857744,0.429666834605686,0.670603211705104,0.102231946463744,0.0604877318597555,32179.1143151919,1.69012696162546,0.0910133535275571,0.119840128000245,0.254981058229772,31.6241389103131,0.469996198275455,0.64158279364441,0.00583821274626184,0.245518468746752,0.344225506502582,0.465242129290565,0.986468183191151,0.597692358398983,-0.239680256000491,0.509962116459544,0.638357733712112,,306
0,0,0.000192975002713279,0.0120992284041572,0.0127025878740775,0.826184257442178,0.296119728536184,15.4503124132167,2.79003449559499,0.0134401229199869,0.195139491884606,0.329191273828719,28.691242761243,0.592784521943735,0.557969182473123,0.152440054047449,0.0605025127661466,32890.19833951,2.51956566889475,0.0117546694502909,0.161229687524808,0.253448706919886,31.4532593263659,0.63614326340111,0.529285316377479,0.0104324989833792,0.332891874032995,0.352350421136085,0.454269213740119,0.976379441226337,0.463675863502571,-0.322459375049616,0.506897413839772,0.524683049239042,,307
0,0,0.000169297147138383,0.0129234901110885,0.0263369712406995,0.856163121408558,0.294977357177837,15.3057625521605,2.90247064927221,0.0107619406316512,0.192824260185849,0.30706433367763,30.1186567932951,0.627960459869898,0.534762702155543,0.141850376590448,0.0604115544794665,32561.0044442799,2.34806698507753,0.0188770769445427,0.237952743264027,0.253437265313536,32.5899230166557,0.938901952598199,0.35468806974769,-0.0797777421850454,0.396127744343008,0.347292677331162,0.429431920644688,0.81831457006854,0.356296000970348,-0.475905486528054,0.506874530627072,0.347781086616719,,308
0,0,8.03707775034965e-05,0.0161169014414347,0.0396364028008443,0.876071740862018,0.293423592004118,15.4034966284039,2.98568951077977,0.00902622690124539,0.208973827933553,0.286967195730674,32.3728726421139,0.728215040055243,0.471716946874098,0.0970662841405524,0.0604713567463142,32055.6293562401,1.60516134188553,0.108468153253107,0.300334520526477,0.248628798459694,35.3548582263548,1.2079635279063,0.235079759542462,-0.135093614002919,0.465575427050035,0.340153513399404,0.403862451046432,0.691253282200781,0.248989644695157,-0.600669041052954,0.497257596919387,0.227061291620111,,309
0,0,3.30203925277257e-05,0.0214534457818647,0.0503256251368737,0.895543318578632,0.291160000701019,16.1001040810893,3.07577729228759,0.00719642858255941,0.241138806227479,0.28056343622202,33.6943051071819,0.859480513478802,0.396149379011423,0.0619845753919431,0.0606664922383413,31613.5246982354,1.0217267078575,0.306918085073854,0.339583257637265,0.244053314555935,36.5349620912685,1.39143063168452,0.17250993938197,-0.147892539802581,0.53127397547195,0.336697847538616,0.393258785122252,0.660484680748896,0.176710619249421,-0.679166515274531,0.488106629111871,0.164094881256461,,310
0,0,4.1409143055318e-08,0.0198833673898206,0.0637676896551257,0.905018652265321,0.288439996600316,16.9030574430727,3.13763230804423,0.00603263135065564,0.238420383934035,0.285578658906901,34.357621303746,0.834867650288112,0.409560117205209,0.00218614830167427,0.0607778204117542,31244.4393107032,0.0359695080682998,0.971306902034735,0.385562802373536,0.243311095784853,36.8679822379031,1.5846494839449,0.12158737463263,-0.20328577387284,0.567839830874231,0.333792482619305,0.400554658768607,0.542512222627887,0.156297700964679,-0.771125604747071,0.486622191569706,0.113045995292688,,311
0,0,1.78180783967278e-05,0.0215308422402472,0.0555931263497366,0.934783519609733,0.284205264956047,17.1688757685556,3.28911401326185,0.00428538254847505,0.250751027949922,0.288348045245811,34.3666771441294,0.869612373255942,0.390545622098867,-0.0447002109286055,0.060733937406159,30400.9857686859,-0.736000543315219,0.461736045709042,0.351261682859348,0.240642597084471,36.1955003828737,1.45968206425252,0.153002858287562,-0.151659285922279,0.550864079796417,0.328479152092774,0.404519971540035,0.644295463636283,0.173269765515974,-0.702523365718696,0.481285194168942,0.144377473473842,,312
0,0,6.60470166738664e-05,0.0251460935382077,0.0469980515417817,0.976432613532794,0.279176597340626,16.8756478498156,3.49754464677224,0.00278417760110595,0.274219903142861,0.290161346645935,34.624845129159,0.945060071965664,0.351176831288301,-0.0854102074505972,0.0606072187595094,30066.9207896457,-1.40924149298958,0.158774114535628,0.323173605505205,0.245347422914197,35.1821763520503,1.31720807036244,0.196283716887233,-0.0960123150938036,0.550334895916607,0.324535432989313,0.413878603974398,0.767348149608712,0.183616723742007,-0.646347211010411,0.490694845828393,0.187768889487072,,313
0,0,0.000111556355329026,0.0323844956686919,0.0504635709109409,1.01626541812962,0.275125890792141,16.4917624968742,3.69381963727077,0.00188265998437311,0.314539016568426,0.289665714832391,35.2306406261129,1.0858689878104,0.284911273036881,-0.112301125212532,0.06065818989864,30721.7927284139,-1.85137613569061,0.0641250495421741,0.334073646701437,0.247546864603914,34.2691417486648,1.34953697448752,0.186013051254734,-0.0681804418456772,0.599966851557197,0.327995372008753,0.41347609312925,0.83533036960546,0.14677107828894,-0.668147293402875,0.495093729207828,0.177164552443594,,314
0,0,8.76205418034203e-05,0.0314568862854078,0.044460468163543,1.001019336584,0.270597677721044,16.8259366656812,3.69929019722018,0.00180725387182326,0.316618261914222,0.298843762372787,34.5610362375053,1.05947756580331,0.296730986577537,-0.100398264648278,0.0608126804613331,31104.2784120172,-1.65094292648578,0.0987603249641459,0.292660805559728,0.235599377418774,33.1631272994935,1.24219685453382,0.222876866932631,-0.0186580644550797,0.566663546664376,0.334625221251006,0.408964710371431,0.955534519326689,0.165867551270628,-0.585321611119455,0.471198754837548,0.214163939936861,,315
0,0,5.31494346636389e-05,0.0311848694343837,0.0230211768718312,0.937105217358615,0.265284374712536,17.2043544186832,3.53245538254588,0.00251875168565725,0.331869714548146,0.314486551363705,34.5961737932914,1.05527474262115,0.298613732895939,-0.0769392706622322,0.0608436009007176,30084.623434876,-1.26454170238509,0.206045458513972,0.192698563485116,0.224178960087471,31.3563051568996,0.859574705003218,0.396547809946139,0.111111535678355,0.496508662648587,0.327939778048961,0.42229439066014,0.734747676769859,0.239698547071193,-0.385397126970232,0.448357920174942,0.390023523498152,,316
0,0,3.90029096137448e-05,0.0320511586114192,0.00358663325401105,0.892582868942138,0.259350886114941,18.0758666668698,3.4416033132293,0.00289617737111515,0.348028073864883,0.322577631081688,35.153512872276,1.07889710981463,0.287981061376145,-0.0646663628251618,0.0608941828968308,28912.8770243197,-1.06194647417672,0.288268855202249,0.0714598703670227,0.21612195035779,30.3724108481605,0.330646055380866,0.743182056778349,0.266162643426873,0.409082384160918,0.322865935734744,0.428639778241297,0.409726449111159,0.33989468755635,-0.142919740734045,0.432243900715581,0.740911853866483,,317
0,0,3.71947726701272e-06,0.0304457498800242,0.000608915007146905,0.838524418268078,0.255201292747991,18.9498296879997,3.28573734575912,0.00389861081819239,0.35284203130696,0.334688513725729,35.3935765499765,1.05424003763722,0.298916947582089,-0.0197315642249192,0.0609727547828239,28155.8000607388,-0.323612805345604,0.746233595520593,-0.0292843516303361,0.209686930317199,32.0115936510282,-0.139657495991939,0.889805601461007,0.386390595543117,0.327821892282444,0.327620860591661,0.436623112305784,0.238245552983113,0.452765778812787,0.0585687032606722,0.419373860634397,0.888930610480292,,318
0,0,1.48324463286206e-06,0.0339468269240998,0.00654138917024206,0.783517679556276,0.252515794595999,19.0598273205875,3.10284622318311,0.00584203337735928,0.380284012502457,0.344092959991959,34.7589305699339,1.1051781254442,0.276673875451737,0.0121144151397615,0.0609506828089009,26633.8729699188,0.19875766080823,0.842453834023114,-0.0916974159747141,0.202691989468414,31.0828487317542,-0.452397828918658,0.654124119545943,0.485333859224367,0.301939027274939,0.331534972062136,0.44150978274879,0.143221427024678,0.494051921064508,0.183394831949428,0.405383978936829,0.650982410738745,,319
0,0,9.24003096139922e-06,0.0473806854249101,0.00940832492683562,0.746160456935337,0.254303944998009,20.0744726448445,2.93412851672898,0.0081818872862783,0.444704745583515,0.333563097332381,35.7359700759966,1.33319527591623,0.190904787068979,0.0294701435171356,0.0608019093943446,25424.5120454976,0.484691086360467,0.627899665919372,-0.110152192629276,0.201288773773377,31.5304050899024,-0.54723465479149,0.588070314963388,0.5708966434553,0.350592258196748,0.319859355370731,0.432639553531947,0.0742878455188135,0.417735332772312,0.220304385258552,0.402577547546753,0.584217530576315,,320
0,0,1.37349349068752e-05,0.0564248598493131,0.00420538569220038,0.733362724056361,0.255725738067844,21.1062119180425,2.86777048566695,0.00918211950802397,0.477043539589449,0.318951032591581,37.4088203796914,1.49566388204896,0.143130627590948,0.0350945338901984,0.0605107559225787,24489.5739744649,0.579971830712221,0.561938949840724,-0.0752128192010529,0.195082860758015,35.1973076616504,-0.385542937543593,0.702155580608154,0.56320840088469,0.412782762482585,0.308710056787344,0.414191830397206,0.0680927116831548,0.318959662260251,0.150425638402106,0.39016572151603,0.699835200890388,,321
0,0,2.49211692547555e-05,0.0640468851508756,0.0010165103769491,0.724004188633017,0.255430546823203,21.7149562357192,2.83444637940715,0.00972631178731655,0.500545079201682,0.311820940086878,37.6558036026119,1.60523241018459,0.116797833018463,0.0463861758690384,0.0605180460138604,23573.7193049034,0.766485022639605,0.44339543548641,0.0364272017348226,0.186354071252107,37.5508995855617,0.195473066351969,0.84607652179458,0.458813565635297,0.531667969104943,0.304566627059933,0.399886267660071,0.131952392290588,0.183667255849712,-0.0728544034696452,0.372708142504214,0.845022620900912,,322
0,0,2.04895040657962e-05,0.0548410556617443,0.00476096162744776,0.691597413820851,0.257657733438318,21.3300804997161,2.68417099146149,0.0137731968333847,0.47053941082639,0.318542737617884,37.6058695178036,1.47716257587652,0.147958391915244,0.0420790067995064,0.0608303658679139,23353.3806720108,0.691743444234349,0.489105335824884,0.0753438616879585,0.18171212336825,35.9385596070007,0.414633103677236,0.680875187333718,0.384224425418957,0.534912148794874,0.309551939536895,0.402620719876424,0.214521664446173,0.183987957339864,-0.150687723375917,0.363424246736501,0.67841051072022,,323
0,0,1.03321710317044e-05,0.0463770974200842,0.00933541391705672,0.684698143717317,0.258405146911865,20.9361867764699,2.64970784018806,0.0150103362110314,0.441117139033726,0.329254987175859,36.9076377106464,1.33974322702702,0.188520107526661,0.0304773076110134,0.0611708424059459,24025.2657582453,0.498232595993331,0.61832467090758,0.103272908514845,0.184704723730473,33.1749190294951,0.559124349551253,0.57983210556069,0.32280624559479,0.529352062624479,0.315498314167704,0.416317090572287,0.306230717870586,0.203546658340766,-0.206545817029689,0.369409447460946,0.576076857882211,,324
0,0,1.2097339029983e-07,0.0374303386914372,0.0152745363877911,0.667499780348551,0.256472877961285,20.3497412904101,2.60261352254686,0.0168820797291803,0.39566860187771,0.334180813576387,36.0502736035626,1.18399556708024,0.244162995887515,0.00332438934355011,0.0611084914624458,24464.1839116171,0.0544014303739295,0.956615783490749,0.131599594829304,0.186084327733742,32.2430888168896,0.707204074797762,0.484520038641916,0.244906259029402,0.508105448688011,0.317464019551807,0.423049984743248,0.440442784403827,0.229730647208902,-0.263199189658609,0.372168655467483,0.479439666685948,,325
0,0,4.11851483673929e-06,0.0295239817910503,0.0108861359697835,0.662903657798382,0.252272649600585,19.3415266320585,2.62772702014244,0.0164157599840271,0.337908973466233,0.32254766212147,36.0762619952392,1.04762493469563,0.301779744962917,-0.0193781486675574,0.0610494391190611,24463.5109863071,-0.31741730877765,0.750929684214288,0.11313206505787,0.188560703950074,32.7070656210636,0.599976891727263,0.552656103517532,0.20830329191748,0.43456742203322,0.314874415167098,0.410414842173069,0.508263482939847,0.28966846861891,-0.22626413011574,0.377121407900148,0.548521636096923,,326
0,0,1.16134536152116e-07,0.03187017032138,0.0107884499320379,0.665520607994808,0.250831793677283,19.6406010395802,2.65325459040914,0.015407927432853,0.335143882800947,0.308675308812981,35.8103056898038,1.08574891879027,0.284845200575052,-0.00325766258013716,0.0611521357442348,24435.8527586544,-0.0532714440876136,0.957516067672455,0.107880699409162,0.184691074153655,31.2842552507136,0.584114310361364,0.563331988663172,0.211554239442732,0.427315638261055,0.308789063793534,0.391810703913637,0.493274992777022,0.275441194575631,-0.215761398818324,0.369382148307311,0.559143407531648,,327
0,0,1.36311246844494e-06,0.03035280526417,0.004408632984356,0.669420598220835,0.248733151449227,20.8010395934436,2.69132037414595,0.0137411268654262,0.315823682150738,0.299325998965673,35.5643940732379,1.05511610498945,0.29848761675068,-0.0111416685500998,0.0611609825215052,24345.5325983672,-0.182169548145865,0.855451186883613,0.0674925064671859,0.185135028253633,30.0131166874681,0.364558274594703,0.717997307845366,0.238503319478681,0.373488332413053,0.299911404186081,0.384581012174317,0.426470467020701,0.331470374359011,-0.134985012934372,0.370270056507266,0.715441166261787,,328
0,0,3.66882112419726e-07,0.0335962859520866,0.00134331735136402,0.696492303187898,0.246950468088809,22.0686281873876,2.82037247622233,0.00994467354270801,0.317919599201138,0.291436700705147,34.2305157258457,1.0908701561331,0.282949442708415,-0.00584400171915347,0.06096628359187,25044.6247482746,-0.0958562893266596,0.923635477658773,0.0389095642674033,0.190805446203207,30.9149671439239,0.203922713117763,0.839750367742324,0.273344256277254,0.35116338481206,0.294554459444203,0.38181617111887,0.353411588493968,0.357719898023481,-0.0778191285348067,0.381610892406414,0.83841389550776,,329
0,0,5.72136419100915e-06,0.049201098809036,0.00232357286906892,0.720353057196091,0.244264491936869,22.854792365923,2.9490698852057,0.00723019531646133,0.367806983968615,0.274745995722554,34.6330762422797,1.33871644972048,0.189384853165238,0.0234811986099045,0.0609138212231011,25972.0814934974,0.385482278708192,0.699883290514348,0.0502887996919516,0.180287379725281,33.4076017832428,0.278936882706826,0.782012761950906,0.3101954292338,0.410773028617703,0.299458947491608,0.347049756498687,0.300270758220071,0.23656580676765,-0.100577599383903,0.360574759450561,0.780293263109181,,330
0,0,3.13120610425258e-06,0.0688104139777468,0.00668476472803296,0.743014672746791,0.24164235958732,23.1381634525499,3.07485274525427,0.00533319745358411,0.421588530935144,0.255841175993124,36.7468934136038,1.64785253702271,0.107908692798671,0.0176954141364581,0.0608163962402255,27037.5343227985,0.290964529804775,0.771080679327015,0.0816683675110446,0.171566028696165,33.6702329879992,0.47601712373768,0.637136477666591,0.328028102891789,0.491364837913879,0.30524273430132,0.308350707502859,0.282532926741933,0.111042263366362,-0.163336735022089,0.343132057392329,0.63406217855831,,331
0,0,4.49341618287673e-06,0.0865955199893152,0.0129605608361278,0.774694635172858,0.24116003473227,23.4788882984771,3.21236740587181,0.00379616003489044,0.462133434406222,0.247096242796627,36.8952289157854,1.87025682453044,0.069397911359019,-0.0216238780885251,0.0608125011132632,28138.6229954151,-0.355582778091147,0.722155708317382,0.118636080962084,0.173056495242675,35.7905594040445,0.685533824059723,0.497423751544915,0.326222274988255,0.563494436912424,0.313333945168993,0.290769532705199,0.297813878114308,0.0526303212600938,-0.237272161924169,0.34611299048535,0.493007124240697,,332
0,0,8.23082912298018e-05,0.0876572243329255,0.0258017287980834,0.821070209917959,0.242304202756098,24.3527407552161,3.38859252368991,0.00239088413106734,0.44952099053201,0.237960211312509,37.1416833553101,1.88905946944913,0.0667107838545,-0.0930772035280276,0.0607731001467927,28496.041720672,-1.53155266562356,0.125643961539326,0.176094292309792,0.177967709809056,36.9663596180483,0.989473272981522,0.328864386935365,0.247784897763073,0.599973482382657,0.311832519451148,0.283648282877604,0.426841034947519,0.034412714401173,-0.352188584619584,0.355935419618111,0.322431640149127,,333
0,0,0.00015059503043034,0.0847933906118526,0.0220550217797832,0.835829142710079,0.244989918608495,25.2602906756527,3.41168790723087,0.00218003406335642,0.442108615114482,0.233886613538692,38.5659798813632,1.89026900011678,0.0662540472531757,-0.125465493383017,0.0607460945462475,28322.7765444927,-2.06540839078136,0.0388934514929085,0.163810685163493,0.183428315314313,35.3637758296467,0.893050153586133,0.377867553650515,0.254444795093849,0.582066165420835,0.302314565818846,0.291259943388432,0.399980669147416,0.045668739141534,-0.327621370326986,0.366856630628626,0.371830314987418,,334
0,0,0.00013789562018025,0.0862273182215439,0.0118564819124627,0.854545956252181,0.245928180554416,26.1457378053084,3.47477850779731,0.0017983967520982,0.457750618121227,0.235291467262551,40.1087210582026,1.94546204096064,0.0587516638397547,-0.120808321867399,0.0608705382239607,28560.7136986216,-1.98467641969764,0.0471900363146776,0.1284283254498,0.198904594358608,34.7453102105085,0.645678023999056,0.522729501079063,0.310621325983123,0.567477976882723,0.29928771088891,0.312173128922111,0.299331220698343,0.0690899739472553,-0.2568566508996,0.397809188717217,0.51848789557211,,335
0,0,0.000119050786202505,0.0881373385223229,0.00511637827055425,0.866277619204322,0.247904467835513,25.8686072670872,3.4944009955444,0.00172929913005349,0.477043261161077,0.240118294713842,40.8351852881614,1.98670102055151,0.0536935112619993,-0.111941880296448,0.0608621129412303,28412.3509074535,-1.83927035863085,0.0658858583537781,0.0875425287214982,0.208421247383803,34.3055059340381,0.420026891789448,0.677084971751589,0.376753311590659,0.551838369033655,0.294229730107976,0.332145848541187,0.200378731393668,0.0966263361822109,-0.175085057442996,0.416842494767605,0.674465808673672,,336
0,0,0.000137151723049252,0.103190286907238,0.00757278980199458,0.906077752270817,0.25290386135591,25.9528818336523,3.58269639464183,0.001376693186794,0.505165035104953,0.237290796412496,39.3882115784894,2.12888591863798,0.0395701669709853,-0.120110140320274,0.0609364135061872,28323.3574280361,-1.97107334365975,0.0487252074309939,0.112393917073887,0.218375237080407,34.7153538503488,0.514682518844857,0.610036416769852,0.376404986246623,0.601192820394397,0.294614599307947,0.339197107459379,0.201384065541477,0.0763282467814116,-0.224787834147774,0.436750474160815,0.606774891051729,,337
0,0,0.000140329733444807,0.121897962028961,0.0129359081652855,0.943193941295902,0.255211323703175,26.9092493219241,3.69573703709514,0.000987952761125863,0.55072597030187,0.237975828840521,38.57926573325,2.31420969509864,0.0260733463625349,-0.122988900055554,0.0611613174859196,28811.6096256386,-2.01089356984287,0.0443459975181206,0.155540108784409,0.224395606644056,36.6610185283458,0.693151310360246,0.492582806095129,0.37253703865938,0.683617256228199,0.297964214541403,0.34452534469343,0.211199315550494,0.0472302924497317,-0.311080217568819,0.448791213288111,0.488214600141387,,338
0,0,0.000133969626683979,0.125104161367412,0.0172084641131277,0.959458348046368,0.255299427790855,27.8120270733424,3.75816881513879,0.000806944889255894,0.58836177174224,0.253579553669772,37.6482698637897,2.32022559874226,0.0258492282434847,-0.121690652250574,0.0613345347490616,29379.1856669187,-1.98404785735227,0.0472597952941469,0.192252696203873,0.236042406912064,37.8864668498595,0.814483713833232,0.420458181151558,0.368114384687628,0.752619777095373,0.299535608480027,0.374901803393077,0.219090429688025,0.0446952003066932,-0.384505392407745,0.472084813824128,0.415367898408685,,339
0,0,0.000149263101732313,0.123252627614694,0.030660148288874,1.00096533663045,0.25806590714557,29.2041607525615,3.87871977241003,0.00055061376565682,0.630255286086924,0.275205252083682,37.3076457526302,2.29012811825002,0.0277632055183257,-0.129175391043455,0.061437850144847,29612.1716482461,-2.10253761710263,0.0355146274627593,0.271428273532115,0.248078524857052,37.8471903014935,1.09412241018652,0.280816059590943,0.319303246408904,0.862159793473135,0.300925515511052,0.412128053004612,0.288657773745725,0.0364411407205653,-0.542856547064231,0.496157049714104,0.273901294947879,,340
0,0,0.000208109053747187,0.131671080440856,0.0536354490198487,1.04051299268563,0.257890899143867,30.8433651119587,4.03470225641878,0.000333998071621978,0.674412319831715,0.281247052825794,37.9200495444149,2.39793559810011,0.0215168141224591,-0.15283852721905,0.0615012026826021,29669.9699383993,-2.48513070561929,0.0129558545644088,0.376643291584619,0.256905493574158,37.9245323506641,1.46607721907628,0.150870367314916,0.242924478770739,0.996211061939977,0.30001064842433,0.42865564133924,0.418101395487972,0.0201235746815327,-0.753286583169238,0.513810987148315,0.142627251167788,,341
0,0,0.000267261539858795,0.119201218684711,0.060109059039005,1.04372739617811,0.254656767766766,31.6660634909361,4.09856531727458,0.000269263907418198,0.641081551977648,0.277793790835769,39.352968705841,2.30776055162678,0.0263556436092968,-0.168345264822095,0.0612116668770251,28293.1202955115,-2.75021533330079,0.00595939451895757,0.394954681437095,0.260261263233134,36.0091607279464,1.51753156244119,0.137863828505394,0.188615925699713,0.978525288573904,0.28913230448391,0.43372875643257,0.514174370247716,0.0240658357011912,-0.78990936287419,0.520522526466268,0.129132530942161,,342
0,0,0.000194304104990265,0.110164948941667,0.0596555475471291,1.01013404043345,0.250848483205057,31.5135011295869,4.02686923806397,0.000331514776473421,0.63263181480863,0.284398209231577,39.9681837836131,2.22445779992059,0.0318299859547022,-0.136803348622973,0.0608589218483344,26000.3131179129,-2.24787663777381,0.0245924022862503,0.377964278461092,0.260183857247432,33.2641896279878,1.45268150937455,0.15568092481496,0.199630632641799,0.955559189563984,0.276511200937391,0.447054853975615,0.470317722998944,0.0325610826525706,-0.755928556922185,0.520367714494863,0.146312203221426,,343
0,0,0.000107911445586636,0.0990042068672335,0.0533297554107803,0.966761464880164,0.248796372545422,31.2652285065393,3.88575385962938,0.000496098259872755,0.617545310822146,0.292281154103969,40.6261010027275,2.11284683309576,0.040804595104971,-0.101732480206141,0.0606613052043397,26060.4185161906,-1.67705722558147,0.0935432850738832,0.333091069591296,0.246033259941467,32.5362480938939,1.35384569415753,0.185115717603194,0.235951506535977,0.902133645718569,0.280803513117098,0.440192938987613,0.400755543646904,0.0404225208353836,-0.666182139182592,0.492066519882934,0.175785612075312,,344
0,0,6.69773365993107e-05,0.0847729555326053,0.0543942901705589,0.943295754306088,0.245284861971455,31.2599793914236,3.8457153316533,0.000554284216161092,0.559060818459158,0.288046503282936,40.6690864577877,1.94087000566716,0.0592267999098793,-0.0810435063108749,0.0606768485545333,26633.8193537601,-1.3356578042783,0.181672560634789,0.303324279997307,0.223240887587784,32.0939847454408,1.35873084574631,0.183705396924098,0.211568266111366,0.81821682610598,0.290982571719393,0.408487573504513,0.467175564903953,0.0451730275802423,-0.606648559994615,0.446481775175568,0.174231893928127,,345
0,0,3.48762808137206e-05,0.0856070359361744,0.0583821564862479,0.948033247168331,0.243793509895255,31.2211523041565,3.88867303143406,0.000492958799379435,0.550926883161463,0.28509331023359,39.8875435877201,1.93244409246244,0.0604279418350297,-0.0593792230023153,0.0608404847533511,27311.0487072111,-0.97598208237558,0.329081988023619,0.312107593430104,0.219195453855996,32.6994261997727,1.4238780409887,0.163954872910683,0.193372043670483,0.817587230530692,0.300513566608248,0.395783185994959,0.519917925192701,0.0388525416313818,-0.624215186860208,0.438390907711993,0.154481779466475,,346
0,0,1.26088793247039e-05,0.085298405734487,0.0589942394464744,0.932215072199314,0.243506697038302,30.6615170088511,3.82829336333481,0.000595014522306948,0.52679981075614,0.271804941456758,40.2823729935936,1.93815391262836,0.0596351010461921,-0.035735151465258,0.0609846041412292,27231.3311804676,-0.585970048809401,0.557900498797658,0.295446444685208,0.206054233321725,32.7926964569731,1.43382856019226,0.161088358231085,0.188332217107997,0.779225106478414,0.297239090645333,0.368287450237018,0.526338542331699,0.0343612390897009,-0.590892889370416,0.412108466643449,0.151621192610056,,347
0,0,8.53292983306453e-07,0.0896204004012042,0.0661301787704883,0.910650539910775,0.241197063847523,30.0777110985105,3.77554571098121,0.000702714517963523,0.510368593104987,0.257074694482742,40.0373074219144,1.98529300650107,0.053991402435516,-0.00937408985014709,0.0611656439401076,27526.09308968,-0.153257437448481,0.878196387485056,0.31174360230582,0.203439923622737,33.1596070274428,1.53236197081908,0.134919321350621,0.153230746954635,0.776717951566275,0.302639121106228,0.343205239171863,0.612635487321844,0.0236276985091403,-0.62348720461164,0.406879847245474,0.125433136409335,,348
0,0,5.07063532999448e-08,0.0989885710188168,0.0839215550151826,0.882630223390246,0.238988163234007,29.4951185447269,3.69319639703667,0.000897046011457229,0.53717997528872,0.261094549746772,38.5291353045965,2.0574155064122,0.0464596404875223,-0.00231079380266219,0.0613320526513673,27995.291150561,-0.0376767726297625,0.969945664243281,0.36077677796794,0.210884934847658,31.9481107775942,1.71077549104474,0.0968176659618064,0.123869034914922,0.845422590850802,0.315008504254463,0.347849761402705,0.694153738351361,0.0150811467602601,-0.72155355593588,0.421769869695317,0.087122565642763,,349
0,0,7.0936046131247e-07,0.0863406252837645,0.0684968433324163,0.822528239538021,0.236322451944076,28.5401677141437,3.48053362163265,0.00162857855758496,0.495518829798566,0.264571138132213,37.1197052335882,1.87291339976374,0.0689721513244461,-0.00862903930212541,0.0614906359142572,27761.2897759187,-0.140330949157166,0.888399530456494,0.323069654935977,0.216288839536113,30.341558737994,1.49369544738824,0.145582682915406,0.125405698792964,0.771545008664918,0.318432237744601,0.355692352854398,0.693712279677497,0.0300723770983416,-0.646139309871954,0.432577679072226,0.135255239012037,,350
0,0,4.39663973710392e-06,0.0736389477103091,0.0464394428401938,0.766601634652015,0.230396718119792,27.5913270465078,3.32731143441648,0.00249271740294827,0.454084859877583,0.265100860441806,36.9083374433195,1.71287584325763,0.0951255058005059,-0.021278676100182,0.0615579716098543,27176.7685369571,-0.345668896224249,0.729594237663422,0.262984100562988,0.216368025287052,30.3343086097687,1.21544807840295,0.233570601396,0.152806583267703,0.67877478439368,0.315698386375416,0.358271318873138,0.62836661663828,0.0581476560707419,-0.525968201125976,0.432736050574104,0.22419524032879,,351
0,0,1.74763431531252e-06,0.0657294151157367,0.0337071145137459,0.711117527369983,0.227381889808203,28.5365241024479,3.12741497561574,0.00403561804015927,0.423786531118038,0.261706052319072,37.2717405525808,1.61932262308308,0.113809876232145,-0.013180446444602,0.0615032729785693,26279.2195427972,-0.214304797229161,0.830311040039315,0.221240591964923,0.214093226331752,30.6133583545766,1.03338436136272,0.309519041345032,0.170330203831907,0.612811387761753,0.311890711056518,0.354041073155871,0.584982463901888,0.0834687479887556,-0.442481183929846,0.428186452663504,0.301424062039265,,352
0,0,4.11174729501024e-06,0.0565977901989517,0.0194391793688685,0.658477659670755,0.226725067596811,30.0836807691529,2.90430020222438,0.00683634806726836,0.382760427476206,0.253744472323835,37.92785620489,1.50844833769509,0.139725573054395,-0.0202319697171167,0.0614378964487303,26373.9668666235,-0.329307656781514,0.741925772302512,0.165451304468105,0.208835274411689,31.661339603783,0.792257461935964,0.434106863148923,0.193217090953973,0.524119699890184,0.322265617395623,0.330868668224231,0.548800510162821,0.113177399391144,-0.33090260893621,0.417670548823377,0.428210569503618,,353
0,0,4.90653563219503e-05,0.039474572418226,0.0146797187922182,0.632054789228245,0.224578662201967,31.7344849104092,2.81440268203142,0.0083227119065636,0.309517846538485,0.24312658058276,39.436461286109,1.27307284047918,0.210445933279738,-0.0705546417110943,0.0614154351554584,26896.7526052212,-1.14880960352234,0.250644714612191,0.148729461786273,0.209427769515241,33.8520648271429,0.710170681426512,0.482462221641626,0.139131287685088,0.436590211257634,0.327246577286007,0.313487595852664,0.670721972785157,0.163714353512537,-0.297458923572546,0.418855539030482,0.477598299530021,,354
0,0,0.000154305044065505,0.0216070733322795,0.013964926983091,0.629408416102464,0.223602300529356,34.2946189252867,2.81485662093996,0.00802859302706282,0.22015203791809,0.23056180909733,41.2845957197479,0.954850409874925,0.345211221193402,-0.125869158274104,0.0613345185674757,27288.6211822909,-2.05217487988648,0.0401621885923024,0.146141469790922,0.207070412016922,35.1693660644101,0.705757371936746,0.484987988860627,0.0527303190172613,0.345013258599106,0.323434488275712,0.296742436910017,0.870492880245692,0.244963787899459,-0.292282939581845,0.414140824033845,0.480339035729441,,355
0,0,0.000236651037807562,0.013036941475382,0.0233849074823126,0.653610812444674,0.223389888082967,36.6438928092904,2.92587465822053,0.00586579937370332,0.165024368946114,0.223069315681536,41.4325509475559,0.73978964091014,0.463598986944804,-0.154851152463632,0.061206474051621,27041.0131140699,-2.52997995494777,0.0114125326486581,0.184118513179161,0.201793052398022,34.7672447144708,0.912412548356724,0.367835334219163,-0.0459043838714164,0.322332642486906,0.313447542751912,0.288407664445485,0.883566180542441,0.263725666078504,-0.368237026358322,0.403586104796044,0.361551586326998,,356
0,0,0.000138166269455568,0.0222141013081401,0.0352657474643819,0.678790670979043,0.219032477027306,37.5132846105871,3.09904120243512,0.00367064015201397,0.214978049089501,0.224132442495161,40.4942918444084,0.95915632157599,0.343172151790303,-0.116690820735125,0.0612606124793761,26257.2161412896,-1.90482621724374,0.0568135798739524,0.217759866735687,0.197442144405199,33.2759582512246,1.10290468831615,0.277981321712972,-0.0344907105217342,0.40102902294964,0.306837705635453,0.28999742978195,0.910500693565829,0.166704437310571,-0.435519733471374,0.394884288810398,0.270068558041979,,357
0,0,6.9109704912285e-05,0.0432101883491413,0.0607267829948063,0.707426666602026,0.215193458674823,38.2236885954524,3.28739856201211,0.00217429252122314,0.309553047911712,0.227442446013167,41.0163978633592,1.36101705437072,0.180939644140221,-0.082687283209662,0.0614303081232425,26214.5860873347,-1.34603399748172,0.178303192412929,0.298965486314625,0.202950112491339,33.5641134501581,1.47309840159553,0.150041418410751,-0.0329460092171483,0.564984963412102,0.302881474718564,0.30376863745831,0.913380752113808,0.0628970319536335,-0.59793097262925,0.405900224982678,0.140724504385387,,358
0,0,5.2938521752156e-05,0.0517638161259947,0.10909026298465,0.731874070728646,0.21599706998449,38.5126063316476,3.38835184561161,0.00163360443517294,0.347434851539116,0.233771486069961,40.4626128926849,1.48621569456567,0.144973001365279,-0.0720670313968148,0.0615405938549163,25903.3001964876,-1.17104868319462,0.24158998143208,0.40271105135062,0.200202911395421,33.0441081490248,2.01151446072243,0.0524850670732235,-0.113916580973086,0.691505521728154,0.297497351024623,0.312873216144549,0.701781834985446,0.0270928061733531,-0.80542210270124,0.400405822790842,0.0442711444528621,,359
0,0,6.14905755055785e-05,0.0465308531013962,0.12371219823371,0.75542624988329,0.218188560660903,38.3409135252543,3.46226331754089,0.00133137809328473,0.336236466193396,0.240126980160873,40.1766143404624,1.40024442887732,0.169115734218405,-0.0778369185728369,0.0615711050595846,25988.5535894,-1.26417933375585,0.206177004618093,0.438233775945759,0.201936826058021,33.3591429260531,2.17015283690674,0.0372131585334795,-0.165810298179552,0.710657253711965,0.297146793408764,0.323256351906157,0.576838897714862,0.0279183033661602,-0.876467551891517,0.403873652116043,0.0299952695976959,,360
0,0,8.65124187464937e-05,0.0449872039580063,0.12218066857704,0.773043551028534,0.222948204996296,38.4960992965857,3.46736835598823,0.0013082622267838,0.341089810781938,0.248285744449836,40.0639819396971,1.37377927813674,0.1771484968273,-0.0935958015839057,0.0616052136387462,26678.5223991451,-1.51928377576536,0.128702931930117,0.459230537532266,0.215108581078856,32.7452787460782,2.13487781486466,0.0403468548734454,-0.185011138355903,0.733449936708628,0.301495052587232,0.344814007798133,0.539449486835773,0.0334127243199498,-0.918461075064531,0.430217162157713,0.0327709919270079,,361
0,0,0.000156522861518399,0.0457653070686672,0.113834164638471,0.773558766862924,0.228352763167143,38.8296282057555,3.38756035238653,0.00162772398223204,0.349541680903446,0.253178011816114,39.7433793443193,1.38061626440657,0.175112621587959,-0.127100997352369,0.0616725508535453,27131.1580957945,-2.06090060477955,0.0393220323528247,0.464892133138224,0.225657632864036,33.0405079810348,2.06016577962746,0.0473296592367585,-0.183045271621572,0.746738994654875,0.310841090061597,0.356169574740812,0.555947881799766,0.0360305255821714,-0.929784266276447,0.451315265728071,0.0393826951332454,,362
0,0,0.000240461374697456,0.0356433330206585,0.106456714396609,0.801708378993958,0.233839268537131,38.9694993657647,3.42845914635871,0.00144697413153046,0.302049759651484,0.24385128092984,41.5112953329017,1.23866382206288,0.222428814629114,-0.156526725981326,0.0617253866555496,26736.1947055047,-2.53585654885895,0.0112229113855541,0.469392573155247,0.231169739601667,34.6061270155271,2.03051045506244,0.0500452337868029,-0.235692960121106,0.703092186189388,0.308980651921585,0.352032258831563,0.445577818653596,0.0457993405567087,-0.938785146310494,0.462339479203334,0.0423046795257747,,363
0,0,0.00019840484350837,0.0325372328008162,0.105460423782778,0.817122952651423,0.234477649900418,38.5504975506158,3.48486498819164,0.001243680032258,0.278766408870773,0.237030615822862,41.1268679500877,1.17607764677581,0.246326872959636,-0.13760759936586,0.0616098968677737,25138.8512689577,-2.23353075336567,0.0255227266252662,0.47968724923498,0.239318497100185,34.0779814703684,2.00438852427763,0.0530269957259846,-0.270770036305441,0.688604462164519,0.298267875322092,0.360004837030681,0.363979541723147,0.0557782112752895,-0.95937449846996,0.47863699420037,0.0450284576415386,,364
0,0,0.000127743432010305,0.0398614491690673,0.0798980244557741,0.805954526149786,0.233475575209649,37.5922492542487,3.45198646764691,0.00139131469164801,0.293332231566056,0.21956897165872,42.9891106575803,1.33594573654964,0.188596558751207,-0.107308248253748,0.0613523947539156,23944.6840375332,-1.74904742812666,0.0802956335725208,0.41764234727849,0.23746418918064,35.6215430148152,1.75875928374525,0.0872073371681326,-0.185124703123161,0.650159991433818,0.29730370486029,0.338528983943024,0.533495641258366,0.0547891529227062,-0.835284694556979,0.474928378361281,0.0786184031920353,,365
0,0,0.000124832339670424,0.0286468962034245,0.0491055248090259,0.788160352280116,0.230775478367355,37.3245497461252,3.4152690652232,0.00155022561553425,0.249216064169147,0.215773036867531,45.2331961355288,1.1549916884293,0.254158999822554,-0.107258925994792,0.0613598959276127,24474.6410761426,-1.748029790033,0.0804714078181861,0.324365321764926,0.235512055820231,36.7319948318355,1.37727693232196,0.176762036341732,-0.122381400940496,0.526349242589355,0.309402200691875,0.32351957389652,0.692443323642103,0.103748326831511,-0.648730643529851,0.471024111640461,0.168426644300978,,366
0,0,0.000159223551534818,0.0214517433007917,0.0401888947376556,0.750797212050297,0.222752400503455,35.8900149421651,3.37054599794831,0.00180635824664036,0.222981542014281,0.223979090483288,45.2108353622126,0.995546242879838,0.324769342743826,-0.125589583726827,0.0614074316515891,26265.6959547761,-2.04518541728616,0.0408465246010432,0.294580099714731,0.240886169889241,35.7159975877522,1.22290167115106,0.229374997389353,-0.114493554676455,0.474666644753008,0.328971508317112,0.325611517261237,0.727813999439107,0.144903998043824,-0.589160199429463,0.481772339778482,0.221366837305003,,367
0,0,0.000163708114293703,0.0262942354819937,0.046941303197958,0.731163948862039,0.219334083560617,35.5658794193063,3.33356283251786,0.00201220861525409,0.252301119510729,0.227370854413886,45.5969675558745,1.10964582580783,0.272969754004001,-0.131497351785825,0.0614416337729687,27974.813076388,-2.14019946591456,0.0323472725060243,0.320279598572584,0.245833017225048,34.4621710996391,1.30283394064754,0.201270246191947,-0.114615683766285,0.525943513378884,0.348476696387156,0.320866055038148,0.742227590507798,0.101184672075195,-0.640559197145169,0.491666034450097,0.192631460623575,,368
0,0,0.000131015510121224,0.0333117094501868,0.0557446447160376,0.714118159178349,0.218313007073118,36.5056329164766,3.27107472318026,0.0023437737517248,0.287819824993882,0.230047309870794,45.4251771429076,1.25113319149672,0.217291354087856,-0.117372431127565,0.0616393551479429,27671.7364001929,-1.90418006232957,0.0568970983294462,0.342844490178782,0.240260541307444,34.491791408449,1.42696960688218,0.162579203357741,-0.104947634807425,0.58074134555014,0.345059869048214,0.319735809679871,0.761018747263421,0.0693218745510611,-0.685688980357565,0.480521082614887,0.15358865538296,,369
0,0,6.25687327017343e-05,0.0562410034318135,0.0574896582222918,0.699442202906251,0.215277451285752,36.7533384370897,3.24902677325845,0.00247788643851262,0.367082972897734,0.231046702881042,42.3581490156107,1.5887825635267,0.119546823295539,-0.0788196195368979,0.061857366635405,25947.8441452138,-1.27421556758907,0.202598441308367,0.353005354907704,0.241348350370885,35.0727900031529,1.46263835806308,0.152470467422093,-0.0373249161456536,0.668685793669754,0.340171179842745,0.326234576529665,0.912628327619154,0.0403928823162687,-0.706010709815408,0.48269670074177,0.143566361469454,,370
0,0,2.66494009077978e-05,0.0878623950494387,0.0610330454858094,0.667472181839639,0.214240956837561,36.7335302999683,3.11552091482545,0.00355377638472047,0.445457863009261,0.22717609649399,39.9158439498303,1.96084830175364,0.0569005096060839,-0.0488041137992294,0.0618007835042702,23400.5398105398,-0.789700567402309,0.429710661571035,0.355285576648832,0.237120310694218,34.5384552957266,1.49833464543236,0.143131275590067,0.0384377199361252,0.749008873233789,0.322606809809895,0.329481079858462,0.905158683204997,0.02300819264544,-0.710571153297664,0.474240621388435,0.134046327033221,,371
0,0,5.49506087603988e-06,0.115473648675888,0.0800441877454623,0.649607803073515,0.212041764899795,36.4652160132071,3.06358421125433,0.00409725759508996,0.516509695585163,0.231393113948874,38.1666447285848,2.23217401231432,0.0315489004552852,-0.0214557385759729,0.0618053858019481,21931.0487320467,-0.347149982118493,0.728481976341547,0.385549126939958,0.227483059118527,33.0140263794071,1.69484764462866,0.0995184345428718,0.0748192045469303,0.845917458426846,0.315235961272666,0.328312404909881,0.812390322391331,0.00997881391618924,-0.771098253879916,0.454966118237054,0.0901043265462722,,372
0,0,6.56757557500306e-06,0.122871021289412,0.0893591960205446,0.665183500645441,0.205596324656089,36.3684660065719,3.23538614689794,0.00258898195180954,0.539036526638911,0.238052506365847,36.602004082756,2.26435980392704,0.0295688286723133,-0.0232544715839133,0.0619040502830611,21486.5599368036,-0.375653474652796,0.707178238857459,0.403403168427037,0.225668643615093,32.5644709035828,1.78759069919831,0.0831525405950271,0.0768921950900414,0.883698531944116,0.315005834636693,0.334589245721594,0.807155165201275,0.00826264805105586,-0.806806336854075,0.451337287230185,0.0738420671327179,,373
0,0,1.52741276776723e-05,0.119600322972589,0.0779869369757342,0.671906854636804,0.206034611443798,37.8156473203411,3.26113583503462,0.0023535957456168,0.527630416750112,0.244114789672411,34.3889555501627,2.16140290991039,0.0377135150934359,-0.034612438355848,0.0618439318963734,20507.2371621045,-0.559673961446131,0.57570795878961,0.377740890665477,0.227727043217591,32.5292459509447,1.65874410578698,0.106780525307624,0.0948851507772056,0.85036693210816,0.299652273087859,0.354522015098747,0.751508537324239,0.0164565603183555,-0.755481781330954,0.455454086435182,0.0971673676882071,,374
0,0,8.32691337294913e-07,0.144247856265648,0.0875305157474847,0.666368395342967,0.209297542188332,39.3096587200652,3.18383287436481,0.00284135275867249,0.583798041282077,0.243941390356728,33.9776161436112,2.39318977574228,0.0223728903361797,-0.00806365610756943,0.0618059748858452,20441.77791536,-0.130467258585645,0.896198040354311,0.397109971616928,0.222789619473912,33.1200164230839,1.78244378061531,0.0838467071651734,0.128863284324439,0.923083227558294,0.288780203524764,0.355680059447278,0.655428878328756,0.00945186178717768,-0.794219943233855,0.445579238947825,0.0746768914200201,,375
0,0,9.75382098445758e-06,0.185577433635793,0.0957214413622156,0.676215267878758,0.211428650387243,40.5398284464507,3.19831426176269,0.00268235456001281,0.662676185322373,0.235709617659958,34.6874803607954,2.81140919026211,0.0080587545093159,0.0285730747891112,0.0617440094413433,21955.5986883066,0.462766753368285,0.643536150724075,0.43335365780461,0.228566311892681,33.9588907569615,1.89596469495506,0.0665003153621426,0.166220152784811,1.03292746839403,0.289628573553302,0.351716741017656,0.566030065274906,0.00331600435793725,-0.866707315609219,0.457132623785362,0.0579647131295552,,376
0,0,2.98470543943354e-05,0.210118485185069,0.102490837802333,0.693685422689986,0.218960056960469,42.0638539589308,3.16809116840531,0.00285679283778284,0.704751419767742,0.230381160158855,35.1783678735647,3.05906706642936,0.00422886780027715,0.0502563043389433,0.0616889350549502,22235.7668863469,0.814672911668468,0.415268287815748,0.46121903711815,0.232782605594671,34.3769424402673,1.9813294723629,0.0555978131077937,0.176372417595545,1.09881049183185,0.287217457889395,0.35175285252421,0.539167246592628,0.00178523258025873,-0.9224380742363,0.465565211189342,0.047554337306654,,377
0,0,4.51237233913813e-05,0.232693494723195,0.0990994427154292,0.681678676975598,0.219887247846517,42.5114608372266,3.100128286891,0.00342679143656132,0.756974835508248,0.230837526247709,35.459670804638,3.27925380163686,0.00233753509161544,0.0620851061723712,0.0616521354254484,22472.6394016923,1.00702280211277,0.313934659245286,0.445473134295625,0.22766600550777,34.8058547188232,1.95669587693636,0.0584437416076664,0.246634560604663,1.13758082919591,0.285954922099643,0.347291623611486,0.388415433280605,0.00105445962538136,-0.890946268591251,0.455332011015541,0.0503832349440727,,378
0,0,8.0313462940198e-05,0.277009173806285,0.0936593878038089,0.648265246263527,0.213492745663463,41.965243463654,3.03647435068081,0.0041027360841671,0.82595471596565,0.222503400832906,35.9648126716594,3.71209928870219,0.000692659566324391,0.0826300444308486,0.0617483328874515,22294.7324924515,1.33817449908256,0.180853207363568,0.415946061318976,0.217521076728163,35.384370174309,1.91221038243933,0.0639722269431248,0.349441070279174,1.18133319291713,0.285413602087492,0.326387373583145,0.220826925439824,0.000295263356666617,-0.831892122637951,0.435042153456325,0.0558492149519158,,379
0,0,0.000107125193687543,0.306341506440544,0.0892859428705568,0.613416732941821,0.204607262293722,41.1597974053859,2.99802033449446,0.00459287512273529,0.862781819694387,0.212588911381567,37.2958594100244,4.05845165717895,0.000242947630930231,0.0960217589934254,0.0618942536266895,22464.6940304384,1.55138406826219,0.120823757713942,0.379819039554865,0.201559694484956,36.2197151587407,1.88439975822256,0.0675560985308992,0.427655797186796,1.18729387629653,0.282204556681393,0.298204929694891,0.129668436182554,6.84904683418848e-05,-0.759638079109731,0.403119388969913,0.0595109225261577,,380
0,0,0.000110052280004274,0.284714723371153,0.0904979251976875,0.589076336212173,0.197339693789042,38.7541964999896,2.98508792073986,0.00489063950616643,0.820906014460654,0.211948477324761,37.6873527657941,3.87313947626436,0.000414359089184388,0.0987171338759252,0.0620079515236356,23027.3236205281,1.59200766111903,0.111396709311507,0.369289590270354,0.194695001002457,36.1567679238405,1.89675948724381,0.0658705819856597,0.397842676835143,1.13642185737585,0.297559231966464,0.277784632033569,0.181216072895881,4.29484274770181e-05,-0.738579180540708,0.389390002004914,0.0578596884953715,,381
0,0,0.000130718016935409,0.253272969704706,0.085135746672289,0.559558419376524,0.196504207091097,36.7300233328944,2.8475645771651,0.00717206878425656,0.769376777261051,0.216690288716095,37.1682642629068,3.5505826394882,0.00106344280668569,0.111025866320776,0.0623830502830612,24228.2978607672,1.77974411025109,0.0751303788137137,0.364163444872153,0.197416212385285,36.5655218676553,1.84464811917999,0.0732014267307718,0.352186023749619,1.08051291349393,0.312505204270931,0.275201459582644,0.25975241365933,8.6276333331183e-05,-0.728326889744307,0.39483242477057,0.0650887423886925,,382
0,0,0.000130955901377147,0.234065972020473,0.0730215474749338,0.539072835077491,0.196929543399421,34.3572275421675,2.73738935139924,0.00973853565614431,0.715574516233749,0.214344506353351,36.4701962185147,3.33843180031921,0.00195036727942718,0.110847344301269,0.0625576354632669,23972.2050579334,1.77192349871275,0.0764199572282199,0.3595049850917,0.209427605393191,37.407663834309,1.71660743776708,0.0943220479668161,0.303720559628697,1.0227305298121,0.319524052684946,0.28109181083125,0.341837674436269,0.000274314054766633,-0.719009970183399,0.418855210786382,0.0860509225903863,,383
0,0,0.000132299927107277,0.208225492113027,0.0631541450918424,0.526828281845932,0.196782475130196,32.6410558803583,2.67721138021753,0.0115235875555619,0.676720669066627,0.213960104174573,38.0382824724621,3.16283576172913,0.00306656719679424,0.110589886899874,0.0623706517211295,23760.3699203984,1.77310776540128,0.0762236594975983,0.343554660665926,0.21495927437002,37.8918311502798,1.59823139370367,0.118298232771159,0.283139627987943,0.970248949319796,0.319569744061874,0.287601907767973,0.375616119634399,0.000741966342604615,-0.687109321331852,0.429918548740041,0.109991489422313,,384
0,0,0.000120003151486314,0.181335077805648,0.0726900553020936,0.53375928868413,0.19700296412967,31.2774577462787,2.70939724710336,0.0108393468422211,0.622540892410082,0.208494194089198,40.2505848993873,2.98589078285674,0.00479385821743403,0.104595884383948,0.0624055690261884,23406.5672766713,1.67606651162904,0.0937385207626044,0.367881903420815,0.218316842410357,36.2236563442711,1.68508255872137,0.100570493703653,0.201090220596411,0.936854027438041,0.316843027045533,0.287164908430183,0.525644782324545,0.00110463328879539,-0.73576380684163,0.436633684820713,0.0919726441725163,,385
0,0,2.81290654854459e-05,0.15607102896463,0.0619300476103822,0.525756376808113,0.198072298939386,29.94208821902,2.65436600485465,0.0125994242889437,0.551860398245084,0.201831964933402,40.4261297640066,2.73425667944708,0.00923568860770448,0.0507718576451805,0.0625092576809942,23452.5409932634,0.812229412550159,0.416668249482021,0.350024138227758,0.232223405341691,34.4126266490378,1.50727329879922,0.140866724501506,0.15086783287188,0.850916109327397,0.32889443566137,0.287391259859184,0.646440976999935,0.00306813160778111,-0.700048276455517,0.464446810683383,0.131740618785158,,386
0,0,1.5683841460709e-06,0.136169217144612,0.0565983131013949,0.519304017533601,0.200752711468094,29.5727240281286,2.58678457559033,0.0148615802425918,0.50471363400234,0.200702388888494,40.1175798105043,2.5147365549433,0.0160215166161889,-0.011996158466213,0.0624576170930673,23521.2523691177,-0.192068782392669,0.847689985706639,0.342675149902587,0.23927320948513,34.1877275206163,1.43215009586722,0.16118114650582,0.112140172798149,0.797490472603322,0.331894481142627,0.293259912832698,0.735454379330787,0.00654008271835445,-0.685350299805173,0.47854641897026,0.152100870169018,,387
0,0,1.13283805897704e-05,0.104428100440088,0.0605553972116085,0.529218551758827,0.198786377496648,29.3359813130582,2.66224757663664,0.0124684475424645,0.451253797694545,0.206293153531815,41.0350710920467,2.18743952462266,0.0344632724192292,-0.0319544754150918,0.0622975129863425,23224.6519836123,-0.512933404293316,0.608002784421047,0.335426819400927,0.230180337418082,32.9440844090189,1.45723489314243,0.154518347213143,0.0669841256440085,0.737837764445863,0.317065036385806,0.299761277434328,0.832682016453719,0.0138389079148942,-0.670853638801854,0.460360674836164,0.145051551822887,,388
0,0,4.33246701082467e-05,0.0849006143578309,0.0676197672804366,0.553606743390357,0.203529324895372,30.0989331507315,2.72003429321523,0.0107369634070023,0.403709046115954,0.207535195208269,40.7859776696789,1.9452558189507,0.0586596949993973,-0.0627714864476457,0.0622557101647918,23464.5571572086,-1.00828480281549,0.313328153714712,0.347389811263624,0.227751313155521,32.0798079594183,1.52530321977291,0.136982945781401,0.00573440268587266,0.700514025213121,0.310465433355082,0.303219523793835,0.985263637305651,0.0208741128934896,-0.694779622527248,0.455502626311042,0.127183485068226,,389
0,0,0.000112276210541928,0.0852668719165586,0.0887480213604422,0.573505999219405,0.211127956528691,30.9897275006965,2.71639061282473,0.0106980038801676,0.396099736214424,0.203669796444723,40.5760647288277,1.94481333574626,0.0587507223775574,-0.0991928655130795,0.0622132125627061,22639.0973523423,-1.59440191925631,0.110860002191963,0.368746387533596,0.214690798512677,30.2906429158733,1.71756959351857,0.0960841348999632,-0.0263413007319592,0.711151474335233,0.300656053800217,0.289419797600734,0.930184475903261,0.0140039324494261,-0.737492775067192,0.429381597025354,0.085875150436064,,390
0,0,0.000188817353562581,0.0815040439860227,0.133659772307528,0.603084130493826,0.209015194066082,30.6709048947599,2.88536023990274,0.00709430732971386,0.373126476747409,0.197783288824059,40.1080028368107,1.88654197716031,0.0664762806599262,-0.118168115562714,0.0620430325432265,19208.3769143672,-1.90461540512843,0.0568450050564018,0.416447591282149,0.199612140547631,28.2120450874372,2.08628388102865,0.0461102961036259,-0.103961728703895,0.728933453860403,0.273729011171962,0.283721794417941,0.704095373259692,0.0101938357649812,-0.832895182564297,0.399224281095263,0.0369529158956286,,391
0,0,0.000224401895409797,0.0912070904318323,0.174021558763881,0.622455376175892,0.205660882291858,30.4951256423476,3.02661045328276,0.00499136369465617,0.377746692186682,0.192037040511093,38.5538416766596,1.96705120627425,0.0564039018097659,-0.117477309323266,0.0617570023771229,16121.7275832552,-1.90225083474556,0.0571561727453838,0.45472432261414,0.187572659692431,27.8947808500229,2.42425694320146,0.0220744420911864,-0.143191873895832,0.766256771332447,0.251777603097186,0.277894156935614,0.569543704973654,0.00582685314545249,-0.90944864522828,0.375145319384861,0.0153397478974672,,392
0,0,0.000201171170618663,0.096768545889716,0.204462496049845,0.598035829699695,0.203135845818265,31.2715137420178,2.94401919705854,0.00606321181625522,0.385075439300551,0.192303389259681,37.4267916845189,2.00243709059415,0.0525223112487798,-0.105948707032655,0.0615149265354879,14742.7052693204,-1.72232518186514,0.0850316018644536,0.440747275708296,0.168776177126527,26.5340768057293,2.61143061308871,0.0146486734485636,-0.11985082567755,0.761643725739042,0.24315418313593,0.26294747116748,0.622082872967084,0.00377275752326477,-0.881494551416591,0.337552354253054,0.00901642826811648,,393
0,0,0.000158847998244196,0.110324153536917,0.213915279438274,0.572207020445911,0.196764905918611,31.878092825536,2.90807457648264,0.00657146631640288,0.435264615828298,0.203533532173873,36.8804306573492,2.13854007828284,0.0391632131838381,-0.0944913235337148,0.0615447647937247,14837.1638643479,-1.53532674713137,0.124724909846044,0.445887978437479,0.163117270996485,27.4586500175326,2.73354241223842,0.010834749166168,-0.0755509103465686,0.81622504652839,0.25577393378662,0.262672522578812,0.767702397957736,0.00188749458567892,-0.891775956874959,0.32623454199297,0.00626570532825566,,394
0,0,0.000130182920819447,0.113868698471854,0.190230398440176,0.558168721253291,0.187763793737706,31.2486306196752,2.97271753058535,0.00564165135452186,0.471811723190696,0.215831694063728,37.1878214753953,2.18601686484184,0.0351841423859732,-0.0870352076949055,0.0617403624235686,15263.0398583812,-1.40969706490872,0.158649527082515,0.471322661361945,0.179422937922922,29.3739443139188,2.62688074790314,0.0135539838904494,-0.068142132720445,0.874503190003445,0.267996287744111,0.28769842955398,0.799290674159163,0.0023685142355565,-0.94264532272389,0.358845875845844,0.00861715275059204,,395
0,0,5.15283343074116e-05,0.136512203021053,0.167268514694076,0.556246296433351,0.184659971906996,32.908251523684,3.01227326468728,0.00495602472801056,0.528664016464591,0.218345946467432,37.0812156869719,2.42122203328124,0.0204786383387259,-0.0553851341259095,0.0619332552763909,15519.2284276585,-0.894271322873972,0.37119060775491,0.481621314181759,0.190385988587044,31.8590055068406,2.52970986865224,0.0165620098252385,-0.0230881206594247,0.940154507704094,0.280552679754273,0.294052829598741,0.934412022994766,0.00138754275620997,-0.963242628363519,0.380771977174089,0.0114156879794963,,396
0,0,2.81852207383447e-06,0.165269009043639,0.142434407673613,0.546921740281329,0.186343761800187,35.1783920522975,2.9350150227609,0.00584144413099295,0.58750776318331,0.213894032547996,38.1052659788128,2.74672348819025,0.00914037395044774,-0.0135184075506417,0.0621310903955691,16796.1774840368,-0.217578791303585,0.827759953658205,0.466540359359786,0.198627419528515,33.2163931334516,2.34882152961167,0.024930713030759,0.0530325795658709,0.986113298285442,0.295760084525777,0.286443303284056,0.857694723158038,0.0005761241672453,-0.933080718719572,0.397254839057031,0.0188329312865069,,397
0,0,1.94550189696571e-06,0.160638134256701,0.0857697822539162,0.537398382443467,0.183399422946185,35.6606991346365,2.93020759722432,0.00587558630353268,0.592997235486907,0.216644828858714,39.1479717181238,2.73718619830817,0.00927226282352217,0.0121058496995962,0.0622550432647169,19436.0932107627,0.194455727034362,0.845821091043715,0.401649941636767,0.219345812030185,35.7402829952903,1.83112655728068,0.0754285341917807,0.132861425155664,0.936161308429197,0.315782226166288,0.299638334051052,0.673946772945366,0.0017822608898678,-0.803299883273533,0.43869162406037,0.0670816554464726,,398
0,0,2.26168645501413e-06,0.174941124450303,0.0680770855101778,0.526018915205213,0.181540948797483,35.8714473487914,2.89752212208614,0.00637477999603399,0.617883791671395,0.224314472842607,35.7842601259176,2.75454269107701,0.00918034058743486,0.0133065714116386,0.0623293997118665,20151.7640795587,0.213487880087914,0.830948601231855,0.387258867548415,0.237835331319472,36.2935153761478,1.62826467119063,0.112120063694339,0.174234597795755,0.948752332892584,0.326921193359644,0.323716852869778,0.594064067897403,0.00338080351008041,-0.774517735096829,0.475670662638943,0.103468777149651,,399
0,0,1.8620746329706e-05,0.197840355334609,0.0716092268426011,0.517716628196725,0.181901558415805,36.9493518827796,2.84613629869672,0.00718008414925477,0.680497204007662,0.225394418588516,36.958326814101,3.01913955220865,0.00457573043872189,0.0396712530970765,0.0623082390430774,21769.8638043369,0.636693536943796,0.524331178733071,0.406083021417488,0.237400764845984,37.9338800606894,1.71053796596206,0.0953343883594147,0.215282795260961,1.02744883809594,0.331888406474584,0.32069769225817,0.516558044506599,0.00135630223647107,-0.812166042834976,0.474801529691969,0.0871664390623204,,400
0,0,0.000113289552492019,0.229587923216928,0.0672176079997223,0.506669429508688,0.177726848609166,38.1000258443765,2.85083223763726,0.00700241569231455,0.739935540982281,0.217101391406975,38.9795305993763,3.40824872741239,0.00153153576351124,0.0993161991220393,0.0622199041448088,22487.5654611766,1.59621266678415,0.110455372189788,0.403570920115646,0.241914263031687,38.6201597864513,1.66823946243626,0.103357422968618,0.277599030744531,1.08474087097582,0.336076328358741,0.3131311070453,0.408804119623841,0.000531860902432461,-0.807141840231292,0.483828526063374,0.0952681999955634,,401
0,0,0.0001584891107154,0.254371773788217,0.0456885219117404,0.465039853257737,0.172106982208402,38.1829537461297,2.70203943669541,0.0102249982580449,0.809714947571818,0.219122946929124,40.0259837590844,3.6952540065725,0.000657216459671547,0.119609863697247,0.0622206222473914,23312.938924886,1.92235081194903,0.0545738018954929,0.343431268141485,0.254148808072169,38.1405148932682,1.35129993623249,0.184560768935263,0.416275266700959,1.10313780298393,0.346895027445862,0.323188498637129,0.230137959163159,0.000641823405927617,-0.68686253628297,0.508297616144338,0.176599372460218,,402
0,0,0.000151055792669661,0.273889538904882,0.0332106134625691,0.441225878092277,0.172921569135737,39.0149489753407,2.5515953868423,0.0147549771568973,0.851018551250954,0.222466985134355,38.7948578467581,3.82537009137332,0.000462351513796011,0.115015915482235,0.0621867691942593,22642.1102406537,1.84952389346595,0.0643952241198711,0.290079668665884,0.257479299010681,36.9491899252271,1.126613556043,0.26716983112106,0.518699211533723,1.09885854886549,0.344561090528191,0.333382762551278,0.132223546611584,0.000980416915807789,-0.580159337331767,0.514958598021363,0.259905905098743,,403
0,0,0.000136837842446716,0.255567427785058,0.0167511853526302,0.413709038568654,0.175705985822161,39.3434336074435,2.35455290059034,0.0236276301308577,0.788034022505238,0.217284515819992,38.3135367751439,3.62673805600616,0.000833719689847264,0.106834880626035,0.0621669454660661,21579.5025945869,1.71851584190107,0.08571691077536,0.204860005096863,0.260686292678049,36.248985299107,0.785848780126954,0.437063054150074,0.55334352543813,0.963063535631856,0.336880417408932,0.337503155272812,0.100475706837615,0.00432412206246944,-0.409720010193727,0.521372585356099,0.43195608475522,,404
0,0,9.58681056828383e-05,0.251819948415892,0.015040614788147,0.372993794662655,0.174496149535427,37.225945013245,2.13754742242566,0.0391859111051032,0.749910919873298,0.214390130808018,36.3517874827152,3.4978798559754,0.00125638310813727,0.0887534875062532,0.0621969632274543,21238.1512958729,1.42697461259775,0.153601913434486,0.194314945309418,0.263290991793682,35.6691814186597,0.738023522892439,0.465328292597747,0.527300991299526,0.915930881918362,0.329997397593672,0.342757262764899,0.110066482165201,0.0075345942845345,-0.388629890618835,0.526581983587365,0.460500154955872,,405
0,0,2.53633522287132e-05,0.266879281462738,0.0439660777889102,0.358511311720375,0.176154485698337,34.1752801278331,2.03520966439834,0.0496441854453868,0.747088277093258,0.21005431686932,34.7489154618065,3.55664329221113,0.00110814831499155,0.04550134939394,0.0622701619230301,21050.9109645234,0.730708705241244,0.464965229492011,0.309433751327869,0.24908100445649,33.5590552624015,1.24230168415722,0.222736728315075,0.392596628642208,1.01146413129795,0.312288201157855,0.332131584300983,0.208695247922804,0.00232392897484829,-0.618867502655738,0.49816200891298,0.214125274216762,,406
0,0,8.93754589673486e-06,0.253579487124038,0.0768190662916271,0.343406565864694,0.180744776391984,33.2081236271244,1.899952921018,0.0661517935666804,0.709576388539381,0.199969506027369,37.0629693762621,3.5484229702616,0.00107252058056975,0.0272249420090415,0.0624409954371344,21270.2269680291,0.436010698074978,0.662833392642136,0.373928932628172,0.228684868911042,32.1307661773106,1.63512756400874,0.111783073561935,0.281198155195178,1.02905602045152,0.303780903390983,0.300582785619794,0.354622146778499,0.000618120389827885,-0.747857865256343,0.457369737822084,0.102022308971229,,407
0,0,1.52961611676271e-05,0.263282081692982,0.0939017608859277,0.327309128063769,0.182374624340127,31.6038379198009,1.79470762036138,0.0822709053076411,0.731009654396542,0.195470408209625,39.1348897991133,3.7397458832367,0.000589206875749347,0.0352838223896357,0.0625920372667657,20774.1845725062,0.563711039461089,0.572956887932206,0.398181738909653,0.218350430922942,32.0889954045431,1.82359035073384,0.0775407644112613,0.274847065786009,1.07121054360531,0.295907443678697,0.287873385420981,0.352978324558178,0.000198343523855043,-0.796363477819305,0.436700861845883,0.0682140264505306,,408
0,0,7.69924399255573e-05,0.30432667454706,0.0971798034641823,0.322938989934004,0.182142728947487,30.8374760122618,1.77299962397681,0.086107470937933,0.825700677615973,0.198730405282623,39.4622620759816,4.15487844671635,0.000169239647043256,0.0787616200638137,0.0626040351435091,20556.2128829838,1.25809174893066,0.208372867054143,0.416401786590054,0.22147030743449,32.8412289791131,1.88016981334269,0.0689796884128328,0.348664946662806,1.18146851984291,0.292731316991078,0.298083312640404,0.233624152207853,7.38429671077327e-05,-0.832803573180108,0.442940614868981,0.060084938242883,,409
0,0,0.000181365806866794,0.285604815968702,0.0750176402651196,0.306942922764555,0.182686410095493,30.9421057242109,1.6801628681855,0.10299599987897,0.842644697523406,0.208933362662677,40.6861305435376,4.03307871363682,0.000235894902631038,0.121347099383499,0.0625756528413098,20730.6937143,1.93920628668841,0.0524897752250168,0.362079775934017,0.22407596571037,32.1949706536918,1.61587957363542,0.115879038735461,0.42784102439198,1.15200057626001,0.296425055086839,0.310605633344045,0.148925775762446,0.00020817393910601,-0.724159551868034,0.44815193142074,0.106120352742874,,410
0,0,0.000239592586647531,0.231901323058687,0.0591867684305234,0.269094334789129,0.185279019968571,33.7399218023904,1.45237347884707,0.155634793737821,0.816649954253872,0.229777632823988,41.8379284383342,3.55408811648536,0.000956376286875816,0.14116354589091,0.0625597234420849,21246.0419675691,2.25646051683066,0.0240519248188564,0.310161029231646,0.21776534937735,32.2459884349504,1.42429009077192,0.163968730564636,0.461325126028846,1.08164718449214,0.291282410609792,0.331556802297404,0.113245456971486,0.00110501036662563,-0.620322058463291,0.4355306987547,0.154362514799417,,411
0,0,0.000288863940875825,0.220959757466555,0.0604529834194333,0.248596503409024,0.184198502775983,36.7468775533354,1.34961196569203,0.185396783918469,0.820338748034306,0.241770687862374,40.5906369953708,3.39304468745722,0.00155379425881125,0.158237265605584,0.0625330341665028,22160.5091275239,2.53045878414048,0.0113982100002652,0.325126013260082,0.222827830756782,33.0876064681487,1.4590906896857,0.153969189176326,0.44786982407144,1.0981218505916,0.286234036790485,0.354666954037101,0.117653738346757,0.0019601432103698,-0.650252026520165,0.445655661513564,0.144540148412228,,412
0,0,0.000442067463630803,0.222288230373729,0.0500040722527674,0.239632891671018,0.183433428388795,39.372207426048,1.30637525436807,0.199005294641891,0.829179458019437,0.244563910425679,40.2174501397688,3.39044079143238,0.00157532809051676,0.195433470379369,0.0625321767653642,22085.6513783718,3.12532651970013,0.00177837898548649,0.296294198635353,0.22734064122951,32.2707088237353,1.30330501855245,0.201693116918593,0.489740665547708,1.08232906281841,0.283472291436919,0.364424235598022,0.0840511438976475,0.00297828790455687,-0.592588397270705,0.45468128245902,0.192470648443112,,413
0,0,0.000529695723570831,0.193215032556415,0.0340069909678053,0.21986484819967,0.181851819681935,40.8911220398808,1.20903298402084,0.23359471926753,0.783695818830656,0.255347477758634,39.3322508009673,3.06913475594007,0.00387854348895407,0.218427469133784,0.0625200691955975,23031.3309418234,3.49371764849495,0.000477238585244106,0.244007079816791,0.227837128543339,32.5807918486557,1.07097153732947,0.29205201755606,0.50415788353177,0.992172043165352,0.288019685222609,0.375052370451335,0.0800443910333333,0.00815889332730624,-0.488014159633582,0.455674257086678,0.284182227745676,,414
0,0,0.00035954698029826,0.151496834690572,0.0198199381450854,0.203303976325483,0.177265000087498,41.6304605634381,1.14689293557743,0.25797491955723,0.69549536540187,0.25929578594876,40.2946577167033,2.68224708263986,0.010552491808445,0.185413384464343,0.0624540642557529,24504.6739531837,2.96879613318782,0.00299258125120101,0.193497703065968,0.236556364289391,33.0891738381089,0.817977160104018,0.419221811397613,0.473821681012261,0.860817087144197,0.298872329281055,0.382597153172541,0.112883465989506,0.0244533436920626,-0.386995406131935,0.473112728578782,0.413370229143386,,415
0,0,0.000306824725349734,0.135885106270614,0.0049919105837673,0.204775724555606,0.173224575457805,42.4327210492234,1.1821401438821,0.24373240875295,0.670784928766015,0.267146138215071,40.0929879784114,2.51092878694726,0.0161737374070753,0.173419955694005,0.0622354469944054,25298.7398243452,2.7865141823372,0.00533179673884551,0.103302816146105,0.253218188706537,33.1737326421684,0.407959699395156,0.685924389760317,0.552439772724951,0.759045405017161,0.304957913398109,0.405955016825421,0.0700591721273213,0.0615147739415396,-0.206605632292209,0.506436377413074,0.683303262383473,,416
0,0,0.000325563598562502,0.125681190233901,7.49447727068997e-05,0.203363077376247,0.170852272373955,42.7024041416424,1.19028605561144,0.240509280349351,0.645273393662941,0.268159944166459,40.2809069561829,2.40630044755078,0.0207918636284813,0.176689375617544,0.0620432518003487,24903.1631913295,2.84784195686776,0.00440528061926536,0.0130400602823941,0.261181951877957,33.2582180049036,0.0499271109226082,0.960479120059517,0.63033451758504,0.656414638149828,0.307039587061332,0.414483869623502,0.0400781860428045,0.113263908778565,-0.0260801205647882,0.522363903755915,0.960180472847628,,417
0,0,0.000294267242442721,0.120427833518437,3.24501616198981e-06,0.210181686062823,0.171310476917259,42.0606345027407,1.22690503140878,0.226681881070505,0.634508068012891,0.268715810931913,40.7223151528473,2.36126064116735,0.0230810042419439,0.168720069854898,0.0619500698279306,25198.8171769173,2.72348474059071,0.0064641684111005,0.00275600255167242,0.260937429016331,34.377017810872,0.0105619288197246,0.991634014385816,0.631350752808958,0.636862757912303,0.309532575719435,0.413465064912746,0.0413811299487336,0.123485759766007,-0.00551200510334484,0.521874858032661,0.99157295674161,,418
0,0,0.000268692204754569,0.126437424034941,0.000203279330745321,0.22979490277123,0.171368371456414,40.8878963159108,1.34094115978499,0.187341799124229,0.654414087088809,0.270784068920289,40.3531498721233,2.41673777079348,0.0202715757183904,0.166614525872471,0.0620322500622197,26842.2477351242,2.68593394089933,0.00723718737790558,0.0224585633352072,0.265261567569704,35.256059020217,0.0846657265165472,0.933006100089009,0.628685241724089,0.673602368394503,0.328400285507923,0.40964968101938,0.0555707236909999,0.100106489207797,-0.0449171266704143,0.530523135139408,0.932527144375149,,419
0,0,0.00030407845862901,0.134201232006391,0.00040899105906927,0.247042889026193,0.173842518106063,39.8014938120932,1.42107288664255,0.163083482889443,0.668215630822015,0.267092696472078,40.3803144220871,2.50181169177671,0.016505749908364,0.181979940180937,0.0622274368269617,28116.773078047,2.92443252462697,0.0034536033570798,0.0331189010987066,0.272211772565257,36.1781667754091,0.121665939671169,0.903836875994822,0.630274152896654,0.696511955094067,0.345627340724318,0.402579260617672,0.0682177606888535,0.0836081610952541,-0.0662378021974131,0.544423545130515,0.903163588996385,,420
0,0,0.000243743752050595,0.138516371525283,0.00158307205094264,0.247649135970766,0.176417388183279,37.2029699203611,1.40376829359635,0.168680638438759,0.694393326979165,0.273192629744628,40.1808428128834,2.54177181730071,0.014988848770595,0.163915703442926,0.0624578247465375,28250.6244942584,2.6244222258479,0.00868428065581691,0.0684700595069354,0.284343873760031,36.5699960478485,0.240800192392118,0.81105491070175,0.615953065824728,0.752893184838599,0.354090045335173,0.418264781612139,0.0819401857813871,0.0718543800654662,-0.136940119013871,0.568687747520061,0.809709980500376,,421
0,0,0.000149295399425277,0.14439729138467,0.0025824913161706,0.246054498733461,0.179007564684378,35.8124012067936,1.37454804866654,0.177812314048482,0.707114068201406,0.270816598651454,40.3962918320191,2.61104404871237,0.0126080378981947,0.127113832173775,0.062577070929638,27634.0089214116,2.03131642765291,0.0422324563233477,0.0931601600050855,0.303952524280052,36.2816525745228,0.306495760236723,0.760979282084877,0.600388481388562,0.786708801398733,0.363517400206759,0.432845658423419,0.0986143562150762,0.0691364118552402,-0.186320320010171,0.607905048560104,0.759227207454566,,422
0,0,7.13528345266983e-05,0.156920671659622,0.00600841128579188,0.272944027438206,0.182629518050396,36.2004790410904,1.49452306698246,0.143705609487082,0.714545605763061,0.261181979651861,40.2125644010299,2.73581510759473,0.00921613684098507,0.0879037702399513,0.0627726371319119,27480.9686928778,1.40035171782298,0.161419310789685,0.150382657191072,0.318206115904822,36.9489005283058,0.472595118932448,0.639281772093272,0.542265123051184,0.843030437433327,0.373695451182068,0.433548822329787,0.146755254607814,0.051836643617356,-0.300765314382143,0.636412231809644,0.636502065494289,,423
0,0,2.27288916989812e-05,0.171580057192268,0.00951261451561902,0.299450119533087,0.1823504432861,35.0462851223071,1.64216831139403,0.109499573870788,0.707764413229432,0.244995509965067,40.2944220832383,2.88888728340511,0.00619471175423756,0.0488386338928874,0.0627898957361749,26617.015690675,0.777810399591892,0.436687709571353,0.188266355549324,0.31262837287238,37.7604969869188,0.602204956061929,0.550637014145613,0.492083833977312,0.86861654507596,0.36949462195016,0.412282380850219,0.182934016333946,0.035130707717044,-0.376532711098648,0.625256745744759,0.547037717093988,,424
0,0,4.72958690477615e-06,0.193004764066028,0.011583709472835,0.291766444265799,0.176014437457036,33.5404922736978,1.65762791098893,0.106718318539352,0.748901283846229,0.240259719025841,40.6246995692259,3.11704886230089,0.00334906023651946,0.0218352662664669,0.0627105731909701,25633.6340388298,0.348191144736835,0.727699496949749,0.196293857016494,0.295623154562396,37.620863650182,0.664000278689481,0.510739342950565,0.524024286246631,0.91661200027962,0.354600162964293,0.395390383647602,0.139464213709653,0.0204359793877223,-0.392587714032989,0.591246309124792,0.506690132716285,,425
0,0,8.89613826226787e-06,0.233602641536542,0.0214845842650081,0.27745357344646,0.173237195170141,34.7181066514727,1.60158199960444,0.118309212691242,0.841471409889457,0.241871617799264,39.7086534920428,3.47900021319499,0.00123620617507362,0.0299713438307764,0.0626889196728248,25693.6304252634,0.478096352388869,0.632585695702707,0.254621053459832,0.279645795162533,37.7583277488613,0.910512719534523,0.368328371240736,0.549773957417053,1.05901606433672,0.338375935232934,0.387774927126881,0.104217315011104,0.00631411186894003,-0.509242106919664,0.559291590325066,0.362552176845186,,426
0,0,1.16689547573688e-05,0.251491316823756,0.0348588722849238,0.25661734300681,0.174218903919686,35.2944418618856,1.47295923251308,0.149624867543446,0.895451732449623,0.248655421264083,38.5977816886429,3.60117518410593,0.000891514734685043,0.0357021124386933,0.0628535833912072,27649.7187329238,0.56802031821288,0.57002578398661,0.319250599850347,0.272391068993973,38.0325290126812,1.17203034970802,0.248474584239812,0.529713764550891,1.16821496425159,0.338961067307261,0.386056665290174,0.118109772931034,0.00247796391520397,-0.638501199700695,0.544782137987947,0.241184871394842,,427
0,0,1.57174628529733e-06,0.244404035407134,0.0490054119109529,0.225952750916301,0.17692177830775,34.8778357073217,1.27713361846987,0.209992039643211,0.87192085289638,0.24611759968206,38.8016366500159,3.54270013206186,0.00104948757055258,0.0134674943080121,0.0630878284802327,28993.4114107276,0.213472148787493,0.830960211486977,0.379698810592227,0.267835057731997,39.0011694837813,1.41765911381236,0.164230667607919,0.436932566375812,1.19633018756027,0.346094075662336,0.372823815807325,0.206780568126486,0.00133273852952156,-0.759397621184454,0.535670115463995,0.156290312477811,,428
0,0,9.44997259014322e-09,0.254770756155973,0.0545800888367282,0.187659541100281,0.180046900298524,36.3808447723766,1.04228143216648,0.304158178114005,0.885541558397951,0.248147104732934,37.2511584224367,3.56861531530261,0.0010085694425095,0.00105973298368611,0.0633458278170653,29615.9943551402,0.016729325674715,0.986652664618359,0.39905098485938,0.269497302505087,37.9785548697406,1.4807234846139,0.146929400485521,0.428383149427469,1.22648511914623,0.349821542260176,0.374620448344465,0.220734924062315,0.00106058879645159,-0.79810196971876,0.538994605010175,0.138680273237067,,429
0,0,1.3027755649097e-07,0.290831386673944,0.0622854276323114,0.156858890016368,0.183728300952896,39.0740230119895,0.853754643148761,0.398444800149205,0.941525835987544,0.238518024819499,37.995337557652,3.94739909782522,0.000330028666466089,0.0039247293615549,0.0635312472593306,29293.7522845123,0.0617763625123619,0.950741348963319,0.40775670025335,0.260931998164907,36.7647609734163,1.56269335735379,0.126692667437184,0.47439403727625,1.28990743778295,0.348196000928416,0.353895810792725,0.173060989744315,0.000267517550716832,-0.815513400506701,0.521863996329814,0.118124737575189,,430
0,0,1.41737290484141e-06,0.307658247632834,0.0564396692680091,0.138791928568214,0.187691105220235,40.8491598698118,0.739469930689347,0.463850196401312,0.937625856220599,0.226588607501136,38.5331905491813,4.13800970208045,0.000183716607074162,0.0126632432838118,0.0636382690877989,27936.2714429352,0.198987864775845,0.842273685393485,0.363359162409261,0.25445129846349,34.0916563863382,1.42801064330744,0.162386237543511,0.521356499986831,1.24807482480535,0.34168177284101,0.336452133005853,0.127046228712248,0.000207655215268358,-0.726718324818523,0.508902596926981,0.153288795075552,,431
0,0,5.86734434903861e-09,0.274656353030358,0.0562120812964396,0.127990967434439,0.185450856838827,41.6372113696233,0.690161100445466,0.49392212177031,0.854970876451012,0.225417476381758,37.9910798659738,3.79283314751988,0.000519562797468014,-0.000806597284281228,0.0636544227835181,27366.2167501554,-0.012671504178498,0.9898899653824,0.343735020075586,0.249453927460711,31.8795085391354,1.37794992275567,0.177814800762519,0.461183213101262,1.14865325325243,0.340079866857169,0.32982927005484,0.175066505686147,0.000496626869555585,-0.687470040151171,0.498907854921422,0.168218749871228,,432
0,0,4.46134722878729e-07,0.261371654851684,0.0551114597261032,0.123841601113928,0.185491187859985,42.165951660019,0.66764142568006,0.50800036454434,0.843988016355901,0.234357037612201,36.6508493373189,3.60129153771127,0.000932435613161994,0.0070491117656588,0.0637069719922172,27442.8142726696,0.110648984643627,0.91189551095635,0.327664806451381,0.250163440719712,29.4137623818318,1.30980292527437,0.200400822394112,0.468610615280899,1.12394022818366,0.339421135528619,0.341909948619419,0.167396730479047,0.00101174390193756,-0.655329612902761,0.500326881439425,0.19026251329969,,433
0,0,2.73744673496819e-06,0.277449329308632,0.0742355002365303,0.101036097033827,0.187634746299097,42.0173496622085,0.538472212778603,0.593092503016898,0.876408983430641,0.240576679279234,34.561391403869,3.64295070518205,0.000875259799460687,0.0173722659906372,0.0636732769408772,27192.6586848221,0.272834489212294,0.784982518195619,0.359458066365654,0.249247488541295,25.9372405072278,1.44217327311645,0.161220792270577,0.464608777576655,1.18352491030796,0.334054474960993,0.352098266386676,0.164280804207339,0.000775629490270862,-0.718916132731307,0.498494977082589,0.149253498379551,,434
0,0,1.8660249105903e-06,0.255061567583846,0.0756644348132102,0.0879613316071947,0.18492422280291,41.6859859132751,0.475661491360938,0.636798840729034,0.817192526218226,0.236613396628766,34.8373786076572,3.45370354283176,0.00147031797584293,0.0141813775638934,0.0635294649614112,26703.5005504214,0.223225200660943,0.823361946908088,0.356719063682687,0.24757581703111,25.3614492988819,1.44084776922239,0.161860851571959,0.408530160279989,1.12196828764536,0.332693418420342,0.34630780581215,0.219466553871006,0.00119613252623569,-0.713438127365374,0.495151634062221,0.14962769463182,,435
0,0,1.586827165409e-05,0.247683331317929,0.0414944439320382,0.0748783440599749,0.181749216530396,41.2865292700807,0.41198716280272,0.68248008951998,0.812588894032842,0.239043771513632,35.0986816613173,3.39933096305964,0.00169729221114639,0.0415844998668456,0.06334200525025,27160.8171069167,0.656507474030141,0.511503222117992,0.289139522391403,0.261605841859295,28.2179024984027,1.10524872203319,0.278386835215027,0.481346599082691,1.0596256438655,0.341565175198287,0.360129488452818,0.158764826761848,0.00325735509387694,-0.578279044782805,0.52321168371859,0.269051830407949,,436
0,0,3.48612365679405e-05,0.231971432701715,0.0127349539974011,0.0496163457687234,0.177396113952095,39.5932327526377,0.279692405111659,0.781169519412298,0.81152766868534,0.245132906595205,36.286602128612,3.31056193130953,0.00211273603456876,0.0623869623241983,0.0632742131023338,27885.3593813508,0.985977687676644,0.324152616746374,0.167659635867661,0.26976364359066,29.9451560204655,0.621505676732586,0.538970002451309,0.61945443671765,0.954773708452973,0.352043715194477,0.369901352545667,0.0784764634298406,0.0098469601168576,-0.335319271735323,0.539527287181321,0.53426696060133,,437
0,0,2.79998668824285e-05,0.161240437424742,0.00102459513962058,0.0183655968209871,0.172930329166235,38.570396811529,0.106202289150404,0.91597230227942,0.665808510000689,0.247771707395346,37.5628705222325,2.68718538125228,0.0106746693554928,0.0554884678184215,0.0631757211376198,27550.9718464777,0.87831950026415,0.37977801580969,0.0462288008526487,0.266752915979366,29.2825848143462,0.173301951294225,0.863606509817928,0.61284814691862,0.705305748623917,0.346290624417772,0.3732744245046,0.0767686452436323,0.0588235274089271,-0.0924576017052973,0.533505831958733,0.862414089989273,,438
0,0,2.36130122715759e-06,0.101030501830062,0.00018641821931184,0.00251303164974771,0.171948693653959,38.9482412798223,0.0146150086769783,0.988413935310949,0.50922366910662,0.243362542039628,38.9584925068506,2.09244884129991,0.0429622904308362,0.016140462874061,0.063131884847231,27681.0169146272,0.255662616649547,0.798213263191329,0.0188670050597557,0.258021294229034,28.67645813307,0.0731218914164827,0.942216779296907,0.487609363310093,0.525343373429605,0.343629414604365,0.359294828532245,0.155899674449379,0.143699774273546,-0.0377340101195115,0.516042588458068,0.941709121456418,,439
0,0,1.20271336894842e-07,0.0850637736114672,0.000779877320719194,0.0109403650696709,0.172186520972023,39.9798548766796,0.0635378716516868,0.949654823270052,0.464776138156595,0.237832116713657,41.0764423786302,1.9542194072812,0.057506183850789,-0.00364293806058278,0.0632158057117946,27611.5017854398,-0.0576270130478317,0.954046149119222,0.0367559543375494,0.248065312391967,28.1292535106188,0.148170471651722,0.88326529544351,0.422668000994455,0.496179909669554,0.351383758857838,0.334391581685072,0.22902771176139,0.13785430466369,-0.0735119086750989,0.496130624783934,0.882208234768292,,440
0,0,3.06051921062187e-06,0.084418849407084,0.0029363895362051,0.0191657010684788,0.170895624792311,39.7290470129649,0.112148576604994,0.911270330578223,0.458661576705449,0.230753575073482,42.8494505317318,1.98766834515735,0.0532629991897699,-0.0177430134537358,0.06316694066653,25779.7462216268,-0.280890815140225,0.778796399782085,0.0605408691885104,0.214992920865041,26.925153142579,0.281594709932399,0.780407247263597,0.389305107266682,0.510386845643703,0.341100345318552,0.291837391366154,0.253736219889145,0.0803127901202773,-0.121081738377021,0.429985841730082,0.778254296991437,,441
0,0,1.32708412664692e-06,0.094655748696352,0.00282356450191717,0.0243859448715221,0.170849577729995,39.6715572735364,0.142733421969944,0.887223205502367,0.479055522778172,0.224039517056292,43.7309790284281,2.13826350401302,0.0381215923315605,0.0115735952513168,0.0629762317791184,25449.790287419,0.183777195369672,0.854189710996279,0.0570793377886723,0.202702586550055,28.0035806010413,0.28159156111497,0.780327152748169,0.413664632293956,0.527823307871301,0.336065322586872,0.271309607341121,0.218358234398253,0.0517190547820689,-0.114158675577345,0.40540517310011,0.77825671172333,,442
0,0,2.23029723702987e-05,0.117678869148219,0.00361895774704137,0.00726738793553531,0.170382695348896,39.4059495555405,0.0426533218097866,0.966193286908173,0.536599139132981,0.21972424154367,44.7169515554606,2.44214810056055,0.01861918247703,0.0482258199755772,0.0629499605268769,26314.5461726061,0.766097700013439,0.443625043237122,0.0688779385563216,0.211376657585489,29.2339952448142,0.325854043408102,0.746855862540492,0.457691606014949,0.595447483127592,0.344060230714769,0.26897585797389,0.183430665240204,0.0268454241157957,-0.137755877112643,0.422753315170978,0.744534787542877,,443
0,0,2.10400867382745e-05,0.115215838868528,0.00227760401315833,0.00383698093651506,0.168387082483579,39.3943923172421,0.0227866703307794,0.981935471828038,0.53839033588671,0.222741341662298,44.8660671702264,2.41711005181505,0.0197722932653797,0.0475437597603694,0.0629899701345728,27076.1915018779,0.754783017975656,0.45038574969646,0.0600629234947634,0.227737835002252,30.4701127003101,0.263737132190483,0.793758007742888,0.469581407742709,0.589707254732236,0.360728947228804,0.279631282389622,0.192999490599294,0.0349554238752736,-0.120125846989527,0.455475670004504,0.791982480873213,,444
0,0,2.00996020320418e-05,0.108710917192538,0.00156618945045416,0.000488112296688978,0.17080798485426,40.1408599483163,0.00285766673674801,0.997734069947578,0.518438178949431,0.2258405598255,43.2051479468288,2.29559375583381,0.0266141004113329,0.0463719120231074,0.062800740852617,27125.9080035067,0.738397531518531,0.46027930242079,0.0531300427187809,0.234691756794976,32.6707905500283,0.226382227668928,0.822314576129334,0.457571656325985,0.563831741763547,0.359261732708366,0.29479395465609,0.202789506502537,0.0557954448573079,-0.106260085437562,0.469383513589951,0.820904149424893,,445
0,0,1.73633701737786e-05,0.113353153189882,0.00339280400339663,0.011731947627487,0.174200946338334,40.72685710065,0.0673472094962167,0.946634843086173,0.510334204861132,0.220759275076929,41.8011764882608,2.31172259776308,0.0257928820032647,0.0431687841633202,0.062693413685758,27305.757752881,0.688569685799815,0.491099953094038,0.0840179677347889,0.241348566915299,35.5975527944052,0.348118776127951,0.729801292751622,0.414082041824611,0.582117977294189,0.357452221550859,0.298871067728368,0.246690125989527,0.0514481466929447,-0.168035935469578,0.482697133830599,0.727750983906274,,446
0,0,7.01568505298233e-06,0.130918127240527,0.00640040262376422,0.0410936291683157,0.178161956601005,41.4495897464213,0.230653221104577,0.818718905781626,0.526551858698292,0.207211213235627,42.8663692385922,2.54113592829329,0.0147507576724685,0.0270725293083024,0.0625160659276004,26730.141188077,0.433049151551779,0.66498255639572,0.119912429607019,0.248636953721751,36.1078113617602,0.482279193869197,0.632518426330135,0.389178496359023,0.629003355573061,0.348775011088287,0.299790196705375,0.264488924678412,0.0358923227153904,-0.239824859214038,0.497273907443503,0.629607625501629,,447
0,0,1.07643815219922e-06,0.167982737460259,0.00990069568414704,0.0606137415444099,0.181181995679791,43.053832414725,0.334546163469435,0.739591822333984,0.58320270399953,0.197877296522803,43.0243981732214,2.94729468336112,0.00516062182731652,0.0103167645709635,0.0623447542313665,25438.8606316371,0.165479272444914,0.868568078060594,0.150674051332199,0.250361554597463,36.2205212357652,0.601825833740554,0.551038897487437,0.410588396069835,0.711936498734234,0.333459997290319,0.304197430375296,0.21821168939653,0.0192643117379718,-0.301348102664399,0.500723109194926,0.547290077002353,,448
0,0,3.24809837777276e-07,0.186319791524172,0.00964536418148211,0.0551993337502578,0.183138338687368,43.2189251429033,0.301407854553532,0.764548993316868,0.614879086048301,0.195852099815576,43.044507369994,3.13950724361548,0.00305464828978243,-0.00552115169567241,0.062249426964539,24219.1740332326,-0.0886940163933973,0.92932582136525,0.142713645624517,0.237727017776114,37.0037744352028,0.600325730577756,0.551948354829374,0.45138433062232,0.736811621871353,0.310809319197988,0.302472821993498,0.146421823438298,0.0148523368021245,-0.285427291249033,0.475454035552227,0.548289173830919,,449
0,0,1.67712058530466e-05,0.167311362962021,0.0106847239630476,0.0159085629269291,0.183589621065336,42.3625466892712,0.0866528447230007,0.931355752675177,0.56896004829955,0.193909342132145,42.8472821056348,2.9341549099363,0.00535482516300703,-0.0388053047120451,0.0621576757633227,23239.1954924139,-0.624304307320046,0.532433884236201,0.137259574550361,0.218597534273753,36.5061628944927,0.627909985381942,0.533971446124832,0.411713553244487,0.68623270234521,0.294540702212049,0.28739564198283,0.162168484372654,0.0169512657127884,-0.274519149100722,0.437195068547507,0.530062909288943,,450
0,0,7.76005435134529e-05,0.164901238312653,0.0199052595715375,-0.00269512800692349,0.185067810645678,41.8292654377561,-0.014562921544922,0.988450120236882,0.533929825113611,0.186842916795613,41.3550935912242,2.85764017320323,0.00665349397172204,-0.0805169527546847,0.0620553474543077,21692.9078465754,-1.29750224690903,0.194472229959515,0.180660086437286,0.211426257047683,35.9506542132699,0.854482735304454,0.398496024915272,0.326963094510895,0.688283267385468,0.288583952228875,0.274262799701435,0.257217925295381,0.0120876291971141,-0.361320172874573,0.422852514095365,0.392837571387692,,451
0,0,8.86697737576805e-05,0.178029970950371,0.0356901916868591,-0.0142564758722342,0.186139086844609,41.1557449017396,-0.076590447035639,0.939320487493794,0.545549525675109,0.188614707910702,38.6260337561752,2.89240182654999,0.00624954833635689,-0.0843570085329039,0.0621162460331658,20797.8205667476,-1.35805065373498,0.174462343792985,0.238073807096249,0.206138424368863,36.0390250057432,1.15492202788085,0.255722862073888,0.272808830878879,0.748956445071378,0.278478300945932,0.277276425751073,0.327263235519129,0.00691067400242878,-0.476147614192499,0.412276848737725,0.248122357951198,,452
0,0,7.78530216926062e-06,0.215916820470309,0.0658483817382923,-0.0129237636250468,0.185275825229852,41.540352352791,-0.0697541819555451,0.944724034094518,0.621135478564079,0.192347404877823,37.8682879860653,3.22923763363804,0.00256625517585556,-0.024917049687935,0.0621367006906284,20654.6577405787,-0.40100374514563,0.688421514656629,0.323949759153954,0.198951387182514,37.6126249673615,1.62828600363952,0.111813152894237,0.250014087814022,0.897913606121931,0.266229636200225,0.281719196787044,0.347683576298381,0.00143625346126278,-0.647899518307909,0.397902774365029,0.103464255858096,,453
0,0,2.19665196633152e-05,0.262753536993909,0.0882099501937802,0.00497589091066025,0.185091856885018,43.0807986873483,0.0268833594000376,0.978676913423835,0.692998902547076,0.188492844435196,37.9262133801938,3.67652631389585,0.000729072606727769,0.0405190082778804,0.0620879496263809,19387.9631140227,0.652606641412814,0.51401764036082,0.377726264349338,0.197053039047416,37.9809098713832,1.91687611708667,0.0627997397176842,0.26027039268722,1.0157229213859,0.256602632606429,0.281553094381354,0.310442705460239,0.000309076370493469,-0.755452528698677,0.394106078094832,0.0552536718777179,,454
0,0,8.24917742962256e-05,0.26317876033984,0.0805582319578684,0.0126112914783589,0.187618661488771,43.9098330222685,0.067217681750244,0.946713550764206,0.686069687123508,0.191163826179972,36.0608810158822,3.58890957998301,0.000979669661658077,0.0764687208559826,0.0621724812276499,18336.8519788332,1.22994481394406,0.218733550638699,0.385231977165935,0.211382881762236,37.9069928674724,1.82243696345878,0.0762845687879261,0.244742527317621,1.01520648164949,0.250530405300532,0.305516305813299,0.328619898201862,0.000890802081947312,-0.77046395433187,0.422765763524472,0.0683887102933787,,455
0,0,0.000117842219323808,0.236957785139872,0.0647690516771006,-0.013632206895106,0.185758202220752,43.6143388268086,-0.0733868369317321,0.941833833061589,0.645489340778045,0.201668271057647,32.9898684546501,3.20074812657828,0.00302769176312641,0.0906833922223729,0.0622031043629806,18033.4700059333,1.45785958998442,0.14489666294458,0.36232628768206,0.225820155575094,37.1728291554938,1.6044904705664,0.117069677014636,0.230403260328245,0.955055835692366,0.245859023650389,0.336242971844244,0.34868877632444,0.00450606529123875,-0.724652575364121,0.451640311150188,0.108605983317345,,456
0,0,0.000131886161978412,0.198154737494383,0.0394277404908235,-0.0462346155585663,0.18215398774891,43.2557923923241,-0.253821594190397,0.8008360328887,0.59985827911914,0.214495579379277,31.6480335344936,2.79659972879186,0.00870858427527944,0.0969408840620724,0.0622619928005739,18378.5568889973,1.55698331681377,0.119491665097289,0.294292012250753,0.238551066266277,37.0785187253069,1.23366462727212,0.225091087259165,0.26271321947047,0.851297243971976,0.245946026148409,0.363935347950922,0.285441904192928,0.0193279738516602,-0.588584024501506,0.477102132532555,0.21732790003778,,457
0,0,0.000140163881649941,0.207558308464237,0.025257912935761,-0.09147187337677,0.181921300911197,43.0471088636585,-0.502810132285834,0.617660673795844,0.63252471803071,0.218468760101952,32.003944550469,2.89526391661459,0.00677324678365249,0.104894915612691,0.0623943437364489,20161.4350292728,1.68116065225018,0.0927472029896311,0.241202945956823,0.243369461168673,37.9075145959865,0.991097834537474,0.327922264135324,0.356199237838069,0.838605129751716,0.258543763870066,0.366988046050587,0.168291756803914,0.0223068456934128,-0.482405891913647,0.486738922337346,0.321637810291744,,458
0,0,0.000134168365325556,0.221689603212049,0.0189249298467538,-0.117014085914075,0.183374883200868,42.4397117976325,-0.638114031057885,0.526827861875095,0.66859506967862,0.216459980712683,33.4948945133473,3.0887698847487,0.00402374388848,0.106331926222949,0.0623638868632232,21664.6966093766,1.70502403828929,0.0882042777568622,0.207905149375875,0.240318881586399,38.799190580101,0.865121991261971,0.392289590113803,0.430416012586608,0.846226311338359,0.268272176849777,0.35610588278262,0.108625802594282,0.017485654495418,-0.415810298751751,0.480637763172798,0.38697183565825,,459
0,0,0.000123567157269522,0.196404651255402,0.00419848389015005,-0.141864976233992,0.18395841283792,41.8853939628869,-0.771179605463242,0.444929318619644,0.632765791823219,0.21422848215966,35.6958073817241,2.95369591122637,0.00552617903619751,0.103173760923595,0.0622202526687368,22249.3977283659,1.65820221709636,0.0972907539378783,0.0968964147497154,0.238073834496416,39.2891265903517,0.407001529398116,0.686215770951116,0.521759899136265,0.715552728635696,0.270917610604913,0.349620543693721,0.0541170122576544,0.0406919438964278,-0.193792829499431,0.476147668992833,0.68400686490884,,460
0,0,0.000128603650793769,0.161816338274305,6.26008088894202e-05,-0.165284278257709,0.184982024306887,41.5258340828749,-0.893515350353721,0.376730593555968,0.580259052723633,0.218955743746795,36.3787679463301,2.65012026080786,0.0118367338928425,0.108368468675307,0.0621251106356679,23657.1470703474,1.74435856236672,0.0811095726259861,-0.0117696061958742,0.237794753516183,39.1302113567038,-0.0494948102169684,0.960776753603839,0.593742478769082,0.570203266377334,0.278897896934952,0.349728875553328,0.0332635003099241,0.10301377924517,0.0235392123917485,0.475589507032366,0.960524972979674,,461
0,0,0.00012251192558763,0.126275918865635,0.00149337373550936,-0.16072428309887,0.185304718083413,41.8575774755602,-0.867351272872187,0.390694914675964,0.509608881281521,0.212944281107962,39.6274185918416,2.39315598723758,0.0215342965342745,0.105438741186095,0.0620698675104065,23550.8839496785,1.69871058881215,0.0893869356515328,-0.0560447118547391,0.227968123959533,40.411360621556,-0.2458445105452,0.807046977208346,0.573814489774757,0.461725066065279,0.278292960170664,0.331976118284046,0.0392164927181916,0.164274497118095,0.112089423709478,0.455936247919067,0.805802599775377,,462
0,0,5.05602021590927e-05,0.099987509920332,0.00308870240239651,-0.171149379016414,0.183697963479387,41.2142607813038,-0.93168903876073,0.356923162285475,0.455983284597539,0.212563232941959,41.4213582039772,2.14516536226209,0.0378508653493498,0.0681962645882683,0.0621201297621045,23835.5789616238,1.09781265508351,0.272297394002389,-0.0784605441686883,0.223166391883418,39.8956458307578,-0.351578674129733,0.727004416682922,0.545868785197809,0.388947696860432,0.281756631660345,0.3236924362984,0.0526992901515748,0.229519900188812,0.156921088337377,0.446332783766835,0.725154260936651,,463
0,0,3.27110569048413e-05,0.0813241829238584,0.00616696360944699,-0.158433721020734,0.185859414040745,41.4924240622757,-0.852438504869066,0.39886456235542,0.412561140442217,0.214954613493846,41.6126786115504,1.91929418837074,0.0618220927698178,0.0548711954469708,0.0620558553290278,23900.9150944507,0.884222691896469,0.37658490552788,-0.11012564285544,0.223144606089098,39.2505882454032,-0.493516938569732,0.624397633099568,0.538722622520467,0.318471336809586,0.286103075510888,0.32358038541716,0.0597048531764795,0.325011835960446,0.220251285710881,0.446289212178196,0.621647374347462,,464
0,0,4.9500175196783e-05,0.078192418523178,0.0123979100717355,-0.145379430387394,0.186041423656251,40.8425951780465,-0.781435808919693,0.439052697531202,0.405650386668267,0.21636897247361,41.4371094746503,1.87480849047219,0.067879227843235,0.0650548652459483,0.0620903482915489,22175.9961228059,1.04774521380488,0.29476742915778,-0.15249366827112,0.219964165735602,38.2854071417417,-0.693265958849032,0.492327278838094,0.580349273301673,0.275361936759433,0.280491517214017,0.325165122898327,0.0385419637941453,0.39708584533661,0.304987336542239,0.439928331471205,0.488142661728987,,465
0,0,3.73376232635982e-05,0.0836363112469682,0.00824710583039852,-0.108035670788019,0.185323694780937,39.7687451830418,-0.582956598807955,0.56321380525841,0.416120810180481,0.21398822789481,41.4316384270308,1.94459673914881,0.0586330772533289,0.0546266045662887,0.0622048021930665,20653.6922587134,0.878173430995615,0.379859823691291,-0.119114904322969,0.213893496316113,37.2939996379648,-0.556888855315776,0.580930246465731,0.552580516361005,0.314350707715067,0.276994631444742,0.317642862549643,0.0460522413594127,0.322352227663024,0.238229808645938,0.427786992632226,0.577603369521288,,466
0,0,4.12737324150691e-05,0.0816592615812372,0.00385137219603223,-0.116405012411357,0.183998147037904,40.2381029842454,-0.632642308008556,0.530546189821936,0.39960808169027,0.215290097428528,38.7452813686488,1.85613777160806,0.0710509320296965,0.0538980103746238,0.0620656220363851,18270.5479767575,0.86840361227713,0.385184824466154,-0.0807401383750039,0.217450063735147,35.6589499564821,-0.371304275511021,0.7126079817899,0.492105117407599,0.330624840657591,0.266170274084791,0.329967993227081,0.0644815339478748,0.316348113582157,0.161480276750008,0.434900127470293,0.710410913826717,,467
0,0,9.35743200903033e-06,0.0779833825205195,1.04712403736308e-06,-0.121458158298245,0.186625115436734,39.6924534180885,-0.650813573585808,0.518916807168857,0.387314286743059,0.226941653502043,34.437790838217,1.70666900838269,0.0968870907994954,0.0250420642474654,0.0620092891057152,17428.740424466,0.403843756453537,0.686332572328281,0.00134677032304321,0.229169781950891,32.9817570838323,0.00587673606693842,0.995346472909429,0.385771407758941,0.388464948405028,0.264629446829039,0.35697127901492,0.144901304444508,0.276495941213012,-0.00269354064608642,0.458339563901781,0.995311070013794,,468
0,0,1.89008173269177e-07,0.0822818167650866,0.00151157731051768,-0.107832722645827,0.189299455184309,38.5675723974904,-0.569640956128675,0.572224522174605,0.392396302136756,0.224360329859678,34.1163952165001,1.74895580864127,0.0892917733781956,-0.00358205242802209,0.0619894351018656,17666.3915521585,-0.0577848857976493,0.953920630977984,0.0517596252634626,0.237212675669838,31.4498900661919,0.218199238794067,0.828683554056844,0.333099748984053,0.436618999510978,0.267267727929291,0.361604589369979,0.212648813393287,0.227259381416971,-0.103519250526925,0.474425351339676,0.827273878148589,,469
0,0,3.48796055417918e-06,0.0905128382339327,0.000911200941013801,-0.105337855385425,0.185521645872291,37.0352548642852,-0.567792803314916,0.573602008890999,0.403893902563648,0.212822137032585,36.1899000495696,1.89780023918192,0.0657217885602582,0.0162690921989709,0.0620168155094033,19730.3430881521,0.262333563330161,0.793067026825151,0.0408266110421373,0.238559637254163,32.1131317839101,0.171137965801987,0.865189094583894,0.357122363948708,0.438775586032983,0.279112857059766,0.343831296501777,0.200724237985257,0.201907354457376,-0.0816532220842747,0.477119274508326,0.86411528381969,,470
0,0,1.15367424169624e-05,0.111458593502378,0.000798012506144565,-0.118031338403848,0.181644264173108,37.8252812385339,-0.649793919676779,0.519752316119635,0.44482583051127,0.205745102061672,37.2636248195952,2.16202391237452,0.0371071131192135,0.0315997629299391,0.0621232475676662,22426.9978024779,0.508662443886563,0.610993854934914,0.0364373550384553,0.225000214194569,32.8376006733849,0.161943646004471,0.872342598501586,0.403082685177741,0.475957395254652,0.289529536358065,0.312874282028638,0.163862193421186,0.128199202033605,-0.0728747100769107,0.450000428389138,0.871350231892151,,471
0,0,5.53453268077384e-08,0.102128496637989,0.000147004578703153,-0.138579870483773,0.179823789417245,39.5291862043399,-0.770642588129574,0.445500646250594,0.425494943749682,0.204880528733705,37.9188086407548,2.07679542013835,0.044647416085107,-0.0022486862341295,0.062179425438065,23631.0670742751,-0.0361644743142465,0.97115151830298,-0.0151320368947518,0.213152955744357,34.2781484045606,-0.0709914476292802,0.943817142318144,0.442830417595775,0.412566343806271,0.293170936463351,0.294648939005017,0.130919613457388,0.161454554095551,0.0302640737895036,0.426305911488715,0.943404562121135,,472
0,0,6.70294026362006e-06,0.0888395708319767,0.00340252506565868,-0.14943773169633,0.179170522678632,40.3868616946659,-0.834053110200322,0.40915725886854,0.389546999615729,0.197093829676233,40.0647160793377,1.97645456611016,0.0550157380647103,-0.0248705791195791,0.0619841193979176,24018.3221117466,-0.401241146299397,0.688246159181768,-0.0753746022264043,0.213246265692127,36.5936429611535,-0.353462706518041,0.72576986681492,0.475897201815452,0.325147997362643,0.296462606880048,0.282796900968668,0.108438351103665,0.250243561068052,0.150749204452809,0.426492531384253,0.723741582551362,,473
0,0,8.80935798070703e-06,0.114264735412567,0.00399265154455175,-0.165732608963003,0.175608127699374,41.4533835559051,-0.943763885728134,0.350758702672668,0.430889054389633,0.18963993261085,40.0187074348152,2.27214304739202,0.0285244863779007,-0.0279772362545793,0.0619417336465666,23157.6680020924,-0.451670216629949,0.651510807276591,-0.0766432931750019,0.198242623446499,37.2868224664989,-0.386613594203601,0.701239911354379,0.518692686746258,0.365406100396254,0.288075128966303,0.260860744345709,0.0717743763363568,0.161282638204387,0.153286586350004,0.396485246892997,0.699042292388152,,474
0,0,5.88220090651493e-06,0.151077033186481,9.66037060235606e-05,-0.186938225961838,0.172129555821934,42.4175584154528,-1.08603211731531,0.283598302133257,0.470845100748683,0.180976379385094,38.0348892714935,2.60169367045844,0.0131457980346849,-0.0217633398553149,0.0619683087812122,20968.5979342221,-0.35120112656541,0.725440993535471,0.010783382410528,0.176377983176977,38.6888236482253,0.0611379165148291,0.951564118325452,0.458491506513464,0.48005827133452,0.268858714732286,0.237545851077942,0.0881338144471545,0.043289306820606,-0.0215667648210559,0.352755966353954,0.95124937260345,,475
0,0,2.36590914497895e-06,0.174571395165021,0.00635144258385127,-0.2146928913684,0.172287319332324,42.7895221731704,-1.24613286805096,0.219495170560737,0.46950209277573,0.167928604268749,36.9600151378635,2.79584347657859,0.00816402777423978,-0.0128599252076386,0.061716524286129,18351.6397640123,-0.208370859447912,0.834941720173046,0.0858861495293137,0.166415270870261,41.6696970452637,0.5160953624038,0.608515756511416,0.371109714455306,0.542882013513933,0.252677757614904,0.221220276797948,0.141912145810272,0.0141263743671668,-0.171772299058627,0.332830541740521,0.605787806829597,,476
0,0,7.53551107266084e-07,0.187078728514073,0.0159143004736486,-0.226021864700225,0.174308490388616,42.4681007145349,-1.29667731156592,0.201743738624779,0.483348092885309,0.165654001043141,36.9947619585521,2.91781719633461,0.00596340733761019,-0.00699958317113849,0.0616851177781376,17087.1849600411,-0.113472802245654,0.90965705754306,0.13548528834244,0.165190436841395,41.5967925003639,0.820176342729359,0.41679082847156,0.328134245012303,0.599104821697184,0.242028766735481,0.225496412707694,0.175173800652425,0.00788800512799124,-0.270970576684881,0.33038087368279,0.412115586261191,,477
0,0,4.63886706750748e-08,0.183836324943725,0.0371352782664998,-0.239689038605556,0.174498555321644,42.6443299104285,-1.37358752434225,0.176748187502831,0.494917178423842,0.173569524884079,36.0964123792323,2.85140596400423,0.00715556181018897,0.00171802759447355,0.061745202685059,16689.4444897159,0.0278244708862098,0.977802481253871,0.209278702123793,0.169945553208404,39.3195961284222,1.2314455905013,0.225470961532528,0.255164560025883,0.673721964273469,0.232690352461316,0.248124153608887,0.272823204915225,0.00662234544178933,-0.418557404247586,0.339891106416808,0.218156254534873,,478
0,0,5.48184120708677e-06,0.16973544949289,0.0635873039572,-0.254884002784906,0.172714526365797,42.3178792284878,-1.47575312944483,0.147412723196127,0.491117890293176,0.186206253960872,34.0272556300482,2.63749406825174,0.0124997492548288,-0.018056525885687,0.0616855445485494,15630.4957198169,-0.292718918473285,0.769740893673618,0.293814594500615,0.186496313098664,36.5513237016663,1.57544452015614,0.123770843204285,0.154519767119664,0.742148956120895,0.224724329476962,0.286881191741988,0.491706619391205,0.00968280185902526,-0.58762918900123,0.372992626197329,0.115153874964381,,479
0,0,1.79444758147072e-05,0.17229131663691,0.0638812417285419,-0.281323181723698,0.176673155815657,42.5989855918444,-1.59233688007042,0.118703328538551,0.502859614023958,0.194970692922705,31.9572180932517,2.579154879566,0.0147121861128635,-0.0319511965897372,0.0616112338567157,14987.0402083351,-0.518593681536122,0.604051772630143,0.316194240505766,0.205678231250115,34.6328993408645,1.53732477464403,0.133300874495378,0.140623054286651,0.773011535298183,0.223600288686579,0.318376337044465,0.529412087766129,0.0151831599541658,-0.632388481011532,0.41135646250023,0.124213797520397,,480
0,0,3.40741482397555e-05,0.178963424211147,0.0682850514275001,-0.289117064003715,0.183542850281768,43.1458213020977,-1.57520199539167,0.122514852359402,0.511501142627334,0.189943494692962,33.2692179363296,2.69291213923467,0.0110078209220964,-0.0448600866532092,0.0617038298662803,15511.5846622108,-0.727022726959193,0.467223005197699,0.333876146255937,0.211196027248382,34.1001836239823,1.58088270222656,0.123137183257154,0.129007943495532,0.796760236007407,0.231474077296197,0.315029530526273,0.57730051849222,0.0114335738117387,-0.667752292511875,0.422392054496765,0.113904860116268,,481
0,0,3.9267191493331e-05,0.140297064982391,0.0596500641240659,-0.308075059736785,0.188935560667275,43.3466065059758,-1.63058271639673,0.110224380585039,0.453480943125425,0.186053512499902,36.4034177247583,2.43736835189104,0.0198057114088049,-0.0502201646626678,0.0617725357974068,16831.3329471384,-0.812985318060652,0.416237975270088,0.301772212028369,0.206716478600812,33.5959464710423,1.45983626497004,0.153623598618796,0.107766461626259,0.711310885682997,0.236726886197323,0.302749209427994,0.648939886601835,0.0187983742225019,-0.603544424056738,0.413432957201624,0.14433507911304,,482
0,0,1.20376309179838e-05,0.10690079931415,0.0461300224571788,-0.337979544534054,0.187453770785002,43.060457803224,-1.80300211150031,0.07838864438313,0.395672990369892,0.188062558175517,36.9817007304915,2.10394346545373,0.0422426938719568,-0.029554866769864,0.0619586327308609,18902.0152710232,-0.477009667050692,0.633360752571174,0.262158648658654,0.207401105849935,33.0378485449329,1.26401760291644,0.215069562567284,0.095340363046907,0.619657660364216,0.248337763755488,0.298753092231296,0.701042133398871,0.0380657134216802,-0.524317297317309,0.41480221169987,0.206223708879441,,483
0,0,6.04346133652267e-07,0.106344290341732,0.0256891674966634,-0.334791998320753,0.183895831819285,43.3350869679844,-1.82055240191498,0.0755849858832127,0.394926179365773,0.188453814469527,36.9043907289912,2.09561255354496,0.0430349500386695,0.00690802708228349,0.0620381236673908,20516.5694267866,0.111351321960025,0.911338848620619,0.207205504303984,0.213119454470236,35.8512155464149,0.972250538173756,0.337440338905091,0.157548645487699,0.571959654095668,0.262809930882359,0.296821051894406,0.548854496726872,0.0539857236347389,-0.414411008607969,0.426238908940472,0.330925923939302,,484
0,0,9.48681811248973e-06,0.117903124658965,0.0102873036542278,-0.306114359969793,0.181531122523772,43.1300466285615,-1.68629134064715,0.0989615919095323,0.404146881600274,0.180887567968571,37.346679409525,2.23424354774063,0.0315345874336851,0.0276310800391863,0.0619911586638244,20941.6800512207,0.445726142804147,0.655799685778881,0.137978213525374,0.217740015038046,38.6324383640508,0.633683310351867,0.530021669829944,0.246077103649275,0.522033530700023,0.2768417103352,0.284567409441539,0.37407137243589,0.066582612677085,-0.275956427050748,0.435480030076091,0.526287518975972,,485
0,0,8.51610338314098e-07,0.119469807427717,0.00486918938622497,-0.300224519435903,0.180586845665027,42.4429824687109,-1.66249384516519,0.103782784879712,0.414312683955376,0.184540358872216,37.1500861450654,2.24510609217068,0.0307988950775554,0.00854479873021435,0.0620147097998085,22293.2275367415,0.137786643810768,0.890410284758015,0.0961492959664615,0.22106962583237,38.6596191088456,0.434927664098769,0.666033282923175,0.304162701032395,0.496461292965318,0.292602779431857,0.281268694724077,0.298568903201923,0.0775505931216131,-0.192298591932923,0.44213925166474,0.663614933700356,,486
0,0,8.85451473600515e-06,0.116944464820561,0.00108161558165204,-0.287839987877583,0.18145026892902,42.0466220210385,-1.58632990502858,0.120157429912858,0.40563272021642,0.182297573081974,37.3863039423596,2.22511311236173,0.0321869614266191,-0.0277414744686215,0.0620450339739945,22577.5294038983,-0.44711837018655,0.654793885016867,0.0456287665540362,0.223346680895506,38.5456632781939,0.204295700169298,0.83919731224856,0.353359764848375,0.444617297956447,0.306655909905935,0.270415106950248,0.249197602834419,0.100134302023016,-0.0912575331080724,0.446693361791012,0.838122429886249,,487
0,0,2.39960937770313e-05,0.116592048414725,1.03864771871473e-05,-0.282913783711352,0.177093667266408,40.4857846280945,-1.59753755217998,0.117922724008122,0.408863468969579,0.182273441067272,38.1243286372604,2.24313244198138,0.0307785634238315,-0.0457819591831267,0.0620749399939358,22667.5800900089,-0.737527240261516,0.460809418236838,-0.00441913257011461,0.218769376385933,39.2851323317635,-0.0201999596246907,0.983986109950618,0.413926089264816,0.405087824124586,0.316112681544988,0.255457817126267,0.190390169279989,0.1127999491019,0.00883826514022923,0.437538752771866,0.983883860094644,,488
0,0,3.28856701938341e-05,0.0971519076007332,0.00126530741862262,-0.294719217983118,0.173048757074395,39.2516974346636,-1.70309930545422,0.0964565779688088,0.386141616147125,0.190613799893337,38.1371200503282,2.02577996117385,0.0498254185861402,-0.0549348010557514,0.0621861408301161,23729.4089378082,-0.883392992754216,0.377032924946273,-0.0474698233186909,0.21176338640687,39.663183165537,-0.224164451297001,0.823780082229979,0.440523711984151,0.345584065346769,0.320552110363996,0.251845233533234,0.1693592671516,0.169998669578509,0.0949396466373818,0.423526772813741,0.822629343365881,,489
0,0,9.40613765639538e-05,0.0638999635714531,0.000723366883758124,-0.333656269459129,0.173195373795794,38.6826651430763,-1.92647333555529,0.061415806872982,0.321349922996108,0.205066261137967,35.9740741468537,1.56705408882403,0.125857382522591,-0.0960628904669605,0.062322033148091,25256.6584795116,-1.54139532384468,0.123233129511977,-0.0371275279952399,0.216037837921092,40.7999408460027,-0.171856598605661,0.86439986709852,0.363883740155567,0.289628684165087,0.326831809721014,0.271112851220926,0.26555085674257,0.285387162523359,0.0742550559904799,0.432075675842184,0.863550268135365,,490
0,0,9.47909652849902e-05,0.0636666977636407,0.000390675262298422,-0.367597038669019,0.17133372513594,37.5345025296205,-2.14550310149014,0.0384462403189269,0.332496625636589,0.218339643548016,34.1057367741552,1.52284129548589,0.137017655595909,-0.0984417952175571,0.062498177298909,26170.7537856915,-1.57511465889223,0.115242068526028,-0.0286165263097382,0.227484176155398,40.4898185759951,-0.125795678597837,0.900516226783283,0.365280119812482,0.308047067193006,0.336602422243056,0.295218846142938,0.277834174533661,0.296738417793612,0.0572330526194763,0.454968352310796,0.899893662579584,,491
0,0,7.47898636422684e-05,0.0828558960161496,0.00026422373889229,-0.377812042038811,0.16903091072444,37.3220983196644,-2.23516539323825,0.0314728224792388,0.38751656577954,0.2253466561985,32.7335018825685,1.71964639864987,0.0949404571677872,-0.087194407117042,0.0625034427715915,26019.212950768,-1.3950336693561,0.163017594200522,-0.0238429070224417,0.233841741368731,39.3357774058461,-0.101961723697761,0.919305054975561,0.414831334701741,0.367145520656858,0.336188416982354,0.312731644368391,0.217230805921325,0.24039685695116,0.0476858140448834,0.467683482737461,0.918787056757807,,492
0,0,0.000128411865674778,0.0865263565063859,0.0029244309061362,-0.428913040219609,0.168826668530952,36.9274315816513,-2.54055265054865,0.0154046358660142,0.395467993946214,0.221022566966806,33.7984706483553,1.78926522921801,0.0825372872464205,-0.111611185327551,0.0624303389287485,24886.460183321,-1.78777157456941,0.0738250319260255,-0.0774182736681659,0.226529311275929,39.8221649185698,-0.341758305943308,0.734329797765499,0.484159454832727,0.329322907496395,0.321006406347005,0.310032476636163,0.131489325458711,0.288135514714068,0.154836547336332,0.453058622551859,0.732532789271885,,493
0,0,0.000164817387824593,0.0745699789057133,0.00817333631434997,-0.49431023708694,0.166941380576917,36.9345695115616,-2.96098088669627,0.00533288132544563,0.371327350089409,0.215941075791237,36.6963542069523,1.71957719821862,0.0939346495490912,-0.125515324439333,0.0624711147284658,24488.3984496129,-2.00917375950297,0.0445296622783675,-0.127142721635576,0.216598122973338,41.812875948571,-0.586998261527994,0.560361239953519,0.516983836454376,0.262698393183224,0.317759490260106,0.293718551996952,0.103744352743635,0.371114248964932,0.254285443271152,0.433196245946675,0.557204874293335,,494
0,0,0.000117168103700131,0.0802126966497044,0.00753963004204206,-0.551589025100976,0.164890317879725,37.0441964504269,-3.34518746881983,0.00189341992910753,0.387322996483409,0.212682859771096,38.02996072306,1.82112934206486,0.0764614904675328,-0.104925314609666,0.062497855577988,24053.0435893434,-1.67886263679456,0.0931918068822647,-0.122429893636553,0.216707545004372,42.0136117370534,-0.564954458018909,0.575109183612705,0.527580400947741,0.282720613674634,0.313397249983979,0.293201081464356,0.0922930720500172,0.334918087549244,0.244859787273107,0.433415090008744,0.572104741135999,,495
0,0,9.69186248433483e-05,0.0766104279716334,0.00153173135523868,-0.561996080129947,0.165006593583716,36.6601373437319,-3.40590074568638,0.0016126831080748,0.387791374885163,0.214744241038794,39.3052276863576,1.80582898525837,0.0786077145405677,-0.0972662459344114,0.0625077427704444,24980.857343568,-1.5560671626172,0.119704790435534,-0.0542876822306182,0.215401655021198,41.4053245914429,-0.252030014464261,0.802264714230094,0.449984105580941,0.341408741119705,0.313004380005493,0.294490013389945,0.150539409933181,0.246324971553776,0.108575364461236,0.430803310042396,0.801017864265479,,496
0,0,6.00511554848949e-05,0.0945436004641524,0.00094963533350172,-0.556397523015069,0.165280098066385,37.9372077863569,-3.36639153488154,0.00175557645744979,0.443582688213547,0.212412346027459,41.7662103131163,2.08830934975975,0.0429057222522791,-0.076961026017317,0.0625607656700836,25199.3963926222,-1.23018037252251,0.218641051945966,0.041971140124243,0.211412529926227,41.4639435180949,0.198527211887058,0.843602820887853,0.395499961018581,0.479442241267067,0.303128572164105,0.294302594413756,0.191985904631115,0.103296249379999,-0.0839422802484861,0.422825059852453,0.842632596427146,,497
0,0,2.02482905309433e-05,0.123869148771499,0.00966062722383574,-0.554513443940589,0.166136517225051,38.255142998238,-3.33769753454887,0.00189045446487968,0.507714086691147,0.203987254694887,43.8165501030331,2.48895004470038,0.01668429554078,-0.0439596309688517,0.0625142175212016,24420.4307044764,-0.703194132661788,0.481941478922036,0.132446935049383,0.21111492344634,40.3482477260652,0.627368889357777,0.533951927303026,0.355981018994222,0.620874889092988,0.291431046737047,0.292337866586489,0.221899368381494,0.0336846596311254,-0.264893870098766,0.422229846892681,0.530417455880129,,498
0,0,1.83618079726667e-05,0.135565128070924,0.0271760460769589,-0.543147290435537,0.165457171536162,37.9337150856661,-3.28270624592919,0.00221358914015934,0.519327920779615,0.199255118213638,43.3160316768546,2.60634670484499,0.012498684876736,-0.0400815884552694,0.0623359837520293,22515.8733947637,-0.642992795537049,0.520235322464924,0.221021780327663,0.214756536683274,37.9162473671394,1.02917370405181,0.309918872679737,0.266122267176169,0.708165827831496,0.278060297959885,0.300764042811983,0.338533562093615,0.0185448415140866,-0.442043560655327,0.429513073366548,0.303398056705515,,499
0,0,1.4277284796334e-05,0.136108970549811,0.0401571055398543,-0.531092259608033,0.161211838877831,38.1129528070085,-3.29437504903411,0.00213686751232027,0.502744223524892,0.19446001614734,42.4234280252917,2.58533467951566,0.0132525006833935,-0.0337716450700699,0.0622283806707919,20628.8781131378,-0.542704867233051,0.587338885528755,0.269455067323519,0.21921234161793,36.1144046910044,1.22919661062313,0.226947048329781,0.194052716573563,0.7329628512206,0.274355127143939,0.303304833873102,0.479377041966979,0.015666734582794,-0.538910134647038,0.43842468323586,0.218998099403118,,500
0,0,5.80011595622016e-06,0.155198713209534,0.0512194052257545,-0.51676562670023,0.15833029782134,37.2681380922125,-3.26384547879364,0.00235828126814602,0.519486058139056,0.185120552865757,42.8652110567414,2.80620411994863,0.00751004818301413,-0.0204926174385871,0.0621651180673285,18735.3644021481,-0.329648170480307,0.741669505683288,0.302924953971514,0.218523239063076,35.5964022065077,1.38623679234443,0.174297113957945,0.172450979290988,0.778300887234015,0.273515622120629,0.292630210494731,0.528368986487976,0.00782163768772084,-0.605849907943027,0.437046478126152,0.165674610286744,,501
0,0,9.29063107248579e-06,0.162558160989621,0.0559395391791485,-0.515921734668956,0.157797814081863,35.0542487322382,-3.26951128994286,0.00241887594723396,0.511136855215958,0.182685851235721,40.3283491219563,2.7979006133126,0.00784923426896321,-0.0249537281087011,0.0620953601699901,17382.1433422107,-0.401861395769163,0.687790975684887,0.31592048976993,0.220035713217691,34.7896581905732,1.43576915378903,0.159999137925886,0.14921390816374,0.7810548877036,0.266251534563676,0.296861427133915,0.575189860133491,0.00851235114797361,-0.63184097953986,0.440071426435382,0.151068039897428,,502
0,0,8.3283103568063e-06,0.178851180482783,0.0612063167569549,-0.504506395878844,0.157397485254229,34.4915338362005,-3.20530150188844,0.0029050175274306,0.528984392521255,0.18689432920654,36.7809998385286,2.83039295395991,0.00749013454874567,-0.0243629986257517,0.062231453070741,18402.6802514983,-0.391490113497065,0.695439527799943,0.349076310251355,0.23037883386621,35.2151478070985,1.51522735137238,0.13864028470392,0.129077672180668,0.827230292683377,0.271707620036218,0.310827434435047,0.634743551664917,0.00778207957358232,-0.69815262050271,0.46075766773242,0.129714838776859,,503
0,0,2.6399882379771e-06,0.201230079504396,0.0641766766295391,-0.500205796821061,0.164361674350234,35.8976436936313,-3.04332380890198,0.00435925658914099,0.554776251638896,0.187008131615144,34.9336162153073,2.96658892235021,0.00540245172003194,-0.0139670709786494,0.0622921926219459,19043.2165548419,-0.224218644275634,0.822589582177608,0.377604555395059,0.238867854911888,36.4397737817233,1.58080942090072,0.122563867789898,0.122187173265258,0.877396284055377,0.277554305608539,0.317961917311117,0.659771991450925,0.00579008244078018,-0.755209110790118,0.477735709823775,0.113921619818452,,504
0,0,2.94390680895277e-06,0.225528488106721,0.0608700296151547,-0.510057366427746,0.171658728722272,37.6924899906488,-2.97134535612791,0.00513930835222367,0.594644789615848,0.1913986320681,33.1468005819504,3.10683928714952,0.00386243383015908,-0.0151909625854264,0.0622798654659651,20209.2371431887,-0.243914505462894,0.807299510654062,0.381361465663622,0.245111665859557,37.3480421442293,1.55586827875476,0.128173688664096,0.15775174210998,0.920474673437223,0.287042431427225,0.32429733240249,0.582609959012558,0.00453450881773338,-0.762722931327243,0.490223331719114,0.119739417822902,,505
0,0,2.09523550400754e-05,0.224111714787084,0.0581469557850818,-0.501606089566858,0.173119485294945,39.2090197250366,-2.89745598949921,0.00612773848237548,0.593890842021097,0.200801689793976,30.283995047062,2.95759882613753,0.00596338210796052,-0.0412071323728616,0.0623409253739625,20852.414647162,-0.660996482257421,0.5086218720744,0.389785215075196,0.259537963115316,36.5346627784066,1.50184277628013,0.141732253879083,0.147347428961267,0.926917859111659,0.291718041220554,0.349326667257704,0.613487045274297,0.00796755916039353,-0.779570430150392,0.519075926230631,0.133137718022089,,506
0,0,2.17512825844607e-05,0.217445623823256,0.0432779298904305,-0.503481496660553,0.173207829203351,40.5819359270104,-2.90680565062363,0.00589168572423171,0.562095564926451,0.203576152533851,27.4366046628859,2.7611071234534,0.0101505985503178,-0.0409699684125085,0.0621867032918239,19954.546986796,-0.658822002836337,0.510017678163827,0.333839704376462,0.26820791683737,34.2493317141691,1.24470488534792,0.22169045797395,0.179644114123241,0.847323522876165,0.289267748048701,0.364510645287025,0.534579510296776,0.0200959906268763,-0.667679408752925,0.536415833674741,0.213240249541514,,507
0,0,1.12370626175583e-05,0.198772476736743,0.0318435503552983,-0.482952531449644,0.171453633326747,41.3423212634331,-2.81681129806831,0.0074036662296465,0.559129408332332,0.2083700140277,29.0237710160455,2.68334870994444,0.0119102812949676,-0.0290340489368914,0.0620089996036895,19509.5870972541,-0.468223147002099,0.639630251637362,0.277650181307159,0.26672318045746,32.9456788504066,1.04096757106359,0.305469834688688,0.241049463782202,0.796349826396519,0.280399091667565,0.372459815099819,0.38997338203231,0.0325100449932318,-0.555300362614317,0.53344636091492,0.297890599110315,,508
0,0,1.69672840778581e-05,0.171944142048571,0.0287947918539233,-0.464593621269757,0.168954097169194,41.2499675049974,-2.74982157316081,0.00881199134657338,0.545553295433582,0.208626318075693,32.9312661836855,2.61497830410661,0.0133572604389994,-0.0357354376402253,0.0619637441354015,19602.1273484173,-0.576715273404672,0.564138435372,0.257955364877222,0.255931249519762,34.2641177892823,1.00790882458183,0.320563346449084,0.250036009004062,0.765946738758506,0.278426034272722,0.360689559923564,0.36916749280677,0.0337067637625172,-0.515910729754444,0.511862499039525,0.313498234826413,,509
0,0,4.43584170339275e-05,0.137025831828922,0.0258345814724454,-0.461175002936469,0.164849510336544,41.3372198512944,-2.79755154865168,0.00778409708562922,0.497519519380086,0.205904281161489,36.7692561581082,2.41626602697923,0.0207647316255013,-0.058579907693977,0.0619934754640252,20128.4388553105,-0.944936660761516,0.344702556027348,0.238590752673747,0.242901525491807,36.3812828084167,0.982253002284231,0.332462572909985,0.224186604474899,0.701368109822392,0.277195503393829,0.342827281255643,0.418649121521811,0.0407725903230295,-0.477181505347494,0.485803050983614,0.32597522175309,,510
0,0,4.01467132931714e-05,0.115269362435945,0.0166161323325574,-0.456559927411162,0.160124195056318,41.1604735004351,-2.8512863234103,0.00677784337380438,0.473866418019247,0.20798917928551,39.8407548006514,2.27832245719266,0.028145118779336,-0.0555455740762676,0.0619315791398896,20035.8226707281,-0.896886125748587,0.369790460395774,0.187043162066321,0.233854883241184,37.8602888252955,0.799825770041396,0.428801792406252,0.259587146388883,0.633673470521524,0.270534985140919,0.338212631417961,0.337290488636182,0.0609862777731072,-0.374086324132641,0.467709766482368,0.42381175009622,,511
0,0,5.75645066211924e-05,0.0883916593669287,0.00640224939492743,-0.510261885629327,0.154400618361535,40.8727554609167,-3.30479172327231,0.00198421795937448,0.432304338971469,0.21928093798482,40.0843117934476,1.97146337909862,0.055600922679337,-0.065821554920026,0.0617477313730478,19738.514971927,-1.0659752748221,0.286447857408503,0.111708977565956,0.231719234572687,36.0686589342944,0.482087634079917,0.632656317541546,0.304328966426611,0.527746921558523,0.267446250112825,0.349786787756046,0.255159308164941,0.131358220400967,-0.223417955131912,0.463438469145374,0.6297436939695,,512
0,0,0.000129908491971886,0.0466761798400226,0.000574918338099094,-0.557739884843898,0.147894896775583,40.3714075421363,-3.7711908727332,0.000521410472115507,0.330626050593466,0.230822263204094,41.9048112692521,1.43238371378902,0.159451940896655,-0.101953720779555,0.0617538065013266,20978.997487064,-1.65097062927391,0.09875954026789,0.0325398340623177,0.229320701864787,35.0016264881972,0.141896626853619,0.887975274453304,0.293347959992249,0.358427628116884,0.279356631306722,0.353090864511633,0.293679442971596,0.310051288643941,-0.0650796681246354,0.458641403729574,0.887161658739199,,513
0,0,0.000215503441047668,0.0256848296144251,0.000702771114689374,-0.599692203878891,0.148577489701681,40.1922632948902,-4.0362251716796,0.000237036780297596,0.250929229780463,0.239218013455444,41.7385659607184,1.04895624771669,0.300234376203754,-0.137777364765755,0.0619052664841427,22980.1437803563,-2.2256162131383,0.0260495631555132,-0.0360837214491828,0.233330490511919,34.0063825003294,-0.154646404634115,0.878014296172496,0.292267247510842,0.220099804612477,0.290143536093294,0.360764671783356,0.31378125230038,0.54180056378637,0.0721674428983656,0.466660981023838,0.877100084430385,,514
0,0,0.00031183812929977,0.0139348421979819,0.00117502135187804,-0.623889055692157,0.153904710818638,39.7784848286981,-4.05373592772835,0.000227609825086508,0.179544462153489,0.239814303875698,39.6640832116378,0.748681205632134,0.458466287032588,-0.170547141028742,0.0620581474464716,24211.7736960226,-2.74818292273143,0.00599709327439773,-0.0472757731283248,0.235880943465787,34.1456357800722,-0.200422180926124,0.842339398517686,0.233704251368921,0.139152705112271,0.290753029331236,0.363910238285505,0.421518516478263,0.702178079734073,0.0945515462566495,0.471761886931575,0.841150413537451,,515
0,0,0.000422982814722864,0.00897760470527284,8.07316680770398e-05,-0.634282490726922,0.154090034507011,38.4531968302451,-4.11631091365654,0.000196633830342193,0.139399530416211,0.228436037092307,41.1070561874082,0.610234410430972,0.545065618683507,-0.201167388580704,0.0621414983743971,24765.3946939962,-3.23724715114991,0.00120847567499244,-0.0118754510998016,0.221372653038539,35.6429222192448,-0.053644616608241,0.957517862166825,0.153004213869142,0.129253311669539,0.29622168177111,0.33075583615169,0.605491767121535,0.695958639182616,0.0237509021996032,0.442745306077079,0.957218308753737,,516
0,0,0.000429279359943725,0.0123125385498375,9.84873715855733e-05,-0.63970033560263,0.152651896839587,37.5912522504116,-4.19058229112512,0.000162163632992491,0.159502176918647,0.216565462853115,43.5137759120787,0.73650791228345,0.465374030265647,-0.20403270288211,0.0621428322027297,25100.9985663586,-3.28328619166391,0.00102744717711623,0.0125718204679576,0.205583153320651,37.9662735639979,0.061151997451606,0.951558947416307,0.145099722943952,0.170243363879867,0.30383532141849,0.291977153424837,0.632963109253007,0.559845613345594,-0.0251436409359151,0.411166306641301,0.951238158623885,,517
0,0,0.000402635342309422,0.016789134526042,0.00120509793769998,-0.658806526341755,0.151334624185005,37.3319295516594,-4.35330995725321,0.000100373569882693,0.170904847535555,0.199191864476759,43.1105863024385,0.857991103123068,0.395642510213066,-0.193073836798626,0.0620640026149597,24025.9462955398,-3.11088277687215,0.00186747361709083,0.0420947610798862,0.19172389621996,39.9537528948821,0.219559282435988,0.827332305326063,0.122680498438773,0.206870020598546,0.298227786476026,0.256416023405383,0.680804852462973,0.419796162454357,-0.0841895221597724,0.383447792439919,0.826214405484642,,518
1,1,0.000380081742190561,0.026687617719217,0.00997501085108974,-0.660893091613294,0.151427808498887,35.4852470446706,-4.36441032967964,0.000105134316516631,0.197945309278724,0.132953630358356,80.8411473947518,1.4888296674953,0.140423108075079,-0.176112907459591,0.0611903525986971,21785.8422939257,-2.87811558489599,0.00400447470184359,0.11677039577022,0.203823610440725,32.5753659928407,0.572899260874289,0.570646601341482,0.0641715050016121,0.297712296542052,0.262204380757949,0.2248893905934,0.806658921108862,0.185563979235182,-0.23354079154044,0.407647220881449,0.566712905075481,Model failed to converge with 1 negative eigenvalue: -3.3e+03,519
0,0,0.000285961247010759,0.0461964804159163,0.0185488595592981,-0.658264779327257,0.157784233723463,35.2211280671788,-4.17193000715744,0.000187638487869947,0.268590748265832,0.199513769329935,37.4185007416174,1.34622662469809,0.186328795632114,-0.163743683406603,0.0623181777808241,24136.1628891491,-2.62754286530163,0.00860583911133072,0.17006045044178,0.200870101732521,37.9251687668493,0.846619028790225,0.402518267641618,0.0737671094263893,0.41388801030995,0.30941987070096,0.258915070076742,0.811567327760789,0.109921206792252,-0.34012090088356,0.401740203465041,0.397207504029764,,520
0,0,0.000158193439025246,0.0677441663362149,0.0393843280819893,-0.637122973577742,0.157877013341792,33.3591761058891,-4.03556515348068,0.000299789613610406,0.331616394936889,0.196475946316218,39.2027394315938,1.68782184870187,0.0993870899562568,-0.121865565774091,0.0622443631901812,24227.287138119,-1.95785705770245,0.0502582491520705,0.250348071954678,0.201872835501883,37.5110277041634,1.24012758493375,0.222629885082248,0.044814130048459,0.545510273957816,0.310611300697984,0.255100114169859,0.885281578395879,0.0324829606317043,-0.500696143909357,0.403745671003767,0.214928207460515,,521
0,0,7.60186162028953e-05,0.0818361095583649,0.0600763899474515,-0.632590050502208,0.160935528326716,30.6800812180531,-3.93070478022718,0.000448638856013308,0.359075446449341,0.193109321338226,38.7918218687535,1.8594412945009,0.0705613230448873,-0.084468861523817,0.0622707748730915,24203.1429707407,-1.35647680145245,0.174960164293999,0.319662447232132,0.210932931468795,35.9321492093668,1.5154696092555,0.138402034928818,-0.00713433959027659,0.632190554873987,0.313060055775226,0.260841409295336,0.981818546856841,0.0153650375473015,-0.639324894464264,0.42186586293759,0.129653520930402,,522
0,0,6.55914655989347e-05,0.0917055044184396,0.0682357395944686,-0.635199388976225,0.167457651726124,29.4896654202472,-3.79319417434021,0.000685564066297674,0.368784745065481,0.200535096913823,33.4962654665811,1.83900349984103,0.0747938742385223,-0.0797071035642537,0.0623454812752875,24917.7182005597,-1.27847442884121,0.201094103202061,0.347335447214796,0.230097940974158,31.1147914907622,1.50951132263198,0.141257191074854,-0.029127618147259,0.665543276282333,0.313462771934169,0.295628767930388,0.925965450707627,0.0243677779669165,-0.694670894429592,0.460195881948316,0.13116816399112,,523
0,0,8.0280049976253e-05,0.0939224323683302,0.0738493116608716,-0.630971676765683,0.166563156241754,28.5972484571873,-3.7881827590363,0.00072074244877311,0.381745467397289,0.196521709579526,36.4017915696462,1.94251041380651,0.0598421115309946,-0.0874215664817629,0.0622380793349852,24574.3649675089,-1.40463149595655,0.160143525084117,0.370766830395642,0.235011480431269,31.2146733202513,1.57765412019552,0.124726996463496,-0.0430102172489468,0.698523443542337,0.316172937382794,0.295375806125766,0.891794532980257,0.0180367205332169,-0.741533660791284,0.470022960862539,0.114645091826481,,524
0,0,0.00013627723905564,0.0705219640521568,0.0860505528952517,-0.617532751345087,0.164671293399418,29.544507407728,-3.75009352630293,0.000768400258778442,0.327932284489968,0.191972601085006,38.4595840567642,1.7082244165914,0.0956553519000555,-0.112129987327017,0.0620623207573045,23949.9719034322,-1.80673210345296,0.0708166050589038,0.398877968636182,0.231708833727683,31.4748323615255,1.72146207038859,0.094983599172917,-0.129027914666921,0.668728022605442,0.318106298689536,0.283924380310987,0.685027288380809,0.0185075938832057,-0.797755937272363,0.463417667455366,0.0851670092451664,,525
0,0,0.000231955311642414,0.0438042083732462,0.0557632975696565,-0.643744867271332,0.165547964957431,32.0556240726423,-3.88857010375733,0.000477477443190817,0.259111152639251,0.199049516173691,36.9897121496005,1.30174218767329,0.201053453921414,-0.148689501907918,0.0620197131577043,24773.99445285,-2.39745549176967,0.0165167437469715,0.319859206571164,0.235194342519197,31.3181715837125,1.35997831897277,0.183547125633532,-0.107324043660697,0.532394369481632,0.316442401120034,0.298349328446266,0.734490536329803,0.074347900399217,-0.639718413142329,0.470388685038394,0.173836784947298,,526
0,0,0.000217045292869815,0.0309350617968578,0.0257337604226421,-0.66628325049243,0.169682845846992,35.0372184233304,-3.92663882531318,0.000385322516317734,0.22200156341767,0.207347480930548,35.9100848746079,1.07067403192629,0.291459737600013,-0.145576784538331,0.0619604752739874,25427.8781094956,-2.34951045637715,0.0188057218387318,0.222630958908391,0.239197713908021,32.7967994861972,0.930740328872875,0.358788804382593,-0.0330475877528207,0.412214330063962,0.315928156178993,0.313667592771888,0.916689440515253,0.188787082103201,-0.445261917816782,0.478395427816042,0.351987902965281,,527
0,0,0.00018834188015897,0.0254835355180582,0.0204941628820096,-0.65961202990467,0.176247121892992,36.6276608499327,-3.74254071680757,0.000623484858474859,0.208891041187057,0.218245564008734,35.0330766356459,0.957137626763848,0.345056719317259,-0.13628386528128,0.0620803619758016,25583.0134361641,-2.19528142143246,0.0281523665956272,0.210569498566953,0.246235101014486,34.9516631901656,0.855156302653071,0.398288842111132,-0.0323403317326287,0.388798665401278,0.316464050002107,0.33476754868175,0.91860368182222,0.245479712956089,-0.421138997133907,0.492470202028972,0.392464623601648,,528
0,0,0.000155531161118011,0.0253570112907629,0.017892558314443,-0.647968591463122,0.178588611981929,37.4073138079603,-3.6282749738191,0.000847912046714057,0.215748165879454,0.228391538904093,34.2990192595528,0.944641675058076,0.351449171462535,-0.123020678384999,0.062230755299199,25122.39994057,-1.97684694317992,0.0480698505962613,0.204374349001698,0.249515229851392,36.8252085905705,0.819085669132985,0.418007045700477,-0.0183859567488069,0.390362741254589,0.310364318127424,0.354415944355206,0.952761015506778,0.270711533683816,-0.408748698003396,0.499030459702784,0.412737537627721,,529
0,0,0.000112380512184791,0.018872203567543,0.00764917876787573,-0.673069230305583,0.178327883125297,38.6837210586312,-3.77433533393468,0.000538557083854844,0.194110850096158,0.237439978997719,34.7452067443609,0.817515445021256,0.41920482709331,-0.106399214395836,0.0622249802047013,26014.021350512,-1.70991158286937,0.0872941492106766,0.137683606045207,0.252608073989038,38.5407739285253,0.545048318808612,0.588860745449505,0.0363785786092804,0.311745790699694,0.314602462785288,0.365578418003888,0.907943025105531,0.393799785484344,-0.275367212090414,0.505216147978076,0.585720285923654,,530
0,0,7.11929825300483e-05,0.0131486376159385,0.00134248341588941,-0.701612707001078,0.180419773867754,39.9627223693164,-3.88877943897299,0.000371505567086029,0.167851653308221,0.23827524153956,37.2446929810514,0.704444373757366,0.485537856069898,-0.0878866123644931,0.0622660329018647,27981.7549200989,-1.41146959696321,0.15811731298729,0.0593400630100887,0.254597966437264,40.4104597138982,0.233073593793652,0.816880827363426,0.0998708442808735,0.218550970301051,0.329286855632406,0.359185715686548,0.76166554825787,0.54288089601236,-0.118680126020177,0.509195932874528,0.815704259375493,,531
0,0,0.000104578153707065,0.0134835392945108,0.000760508564294512,-0.696923490658728,0.181308094191517,40.6501362586498,-3.84386308711933,0.000417330558892023,0.178131859278556,0.239443446596845,40.4927919875104,0.743941259659865,0.461207371794946,-0.108457970873337,0.0623238523839793,28955.2940166488,-1.74023213785188,0.081828888469262,0.0455021546390786,0.257777126813193,40.9393221139143,0.176517424961655,0.860757801314427,0.126003952297296,0.217008261575453,0.331962407443996,0.36256400741495,0.704262438887428,0.549481148050928,-0.0910043092781573,0.515554253626385,0.859887460473068,,532
0,0,0.000131978120921444,0.0176769694087349,0.000214500130196935,-0.681537414991673,0.184374465976838,42.5872364953024,-3.69648482169593,0.000619713912364063,0.2144086518084,0.243933744588607,42.9326170496192,0.878962655084882,0.384314664879256,-0.122179194518639,0.062314674766775,29124.2391217749,-1.96068093071045,0.0499257717866682,0.024279104398227,0.259800637768442,40.7065384550848,0.0934528283177918,0.926002286077606,0.186594169050431,0.235152377846885,0.333491805127651,0.369151084765829,0.575809270613272,0.524119308605748,-0.0485582087964541,0.519601275536884,0.925543823176048,,533
0,0,0.000190587247221242,0.0147278504665604,0.000593852102776921,-0.673427636136976,0.188457096210207,44.0392823389686,-3.57337372632457,0.000868630914926085,0.197743369374718,0.247310005881165,42.7698103971663,0.799576906199808,0.428374532639149,-0.14457222025829,0.0621651077610083,28372.6371245138,-2.32561682051759,0.0200460137107186,-0.0413712362655033,0.267581484509642,40.2298671131911,-0.154611730110244,0.877900507071851,0.245138838289409,0.162396365758402,0.333180624803808,0.382537135037918,0.461880674336521,0.671183380072326,0.0827424725310066,0.535162969019284,0.877127421914584,,534
0,0,0.000265030951473447,0.015034452291683,0.00331133126214792,-0.696736299183484,0.189830416345657,44.3809024156952,-3.67030907162325,0.000647004587545258,0.198081286169116,0.251542174634274,40.6254982953982,0.787467495091483,0.435578660565548,-0.163809054208643,0.0620165062911536,26317.7950243343,-2.64137830402114,0.00826182557385515,-0.0970589744809624,0.271336724692741,38.5133353689552,-0.357706737231648,0.722515769145726,0.309273409565728,0.115155460603803,0.319466472226917,0.400192147371343,0.332997684688762,0.773537787847798,0.194117948961925,0.542673449385483,0.720562790704558,,535
0,0,0.000240408924743874,0.0308122040711028,0.0022929242719211,-0.722519407528717,0.189620714942447,44.0677187053662,-3.81034006621066,0.000426766673433668,0.288168289155107,0.261784459439337,38.1144646794803,1.10078455295733,0.277894057197637,-0.155679089007774,0.0620391950317756,26186.2462750368,-2.509366682273,0.0121007728689448,-0.0798398299928753,0.274666708003688,36.7655022334164,-0.290678948945656,0.772930331279164,0.379633918953962,0.219954258968212,0.314424131710426,0.418118519558546,0.227280311844005,0.598848462774591,0.159679659985751,0.549333416007375,0.771296873045121,,536
0,0,0.000180531992638489,0.0471684079062629,0.000500495165216099,-0.730564063612698,0.188349436366214,43.7408198856368,-3.87876957694867,0.000349001570495566,0.358516135015587,0.26644311027499,36.5740751560148,1.34556354129619,0.186726364016951,-0.139994094100914,0.0623321860910586,27935.865118705,-2.24593589412061,0.0247158971414054,0.0374673169912006,0.281580191202824,35.3576739866031,0.133060911817524,0.894899629329833,0.315593050813387,0.390527684795789,0.329723941522499,0.422303727236318,0.338494947337462,0.355093114724257,-0.0749346339824012,0.563160382405648,0.894145208048933,,537
0,0,0.000187939226590933,0.0486417875978736,0.00661636708822865,-0.744592869681283,0.182919761597736,42.8433653809731,-4.07059829499853,0.000197976563306681,0.360464948116981,0.259198257371692,37.8265270734281,1.39069201997015,0.172446763755124,-0.145178091574644,0.0624759300593741,28726.164438632,-2.32374438342373,0.0201461392965156,0.127462896214927,0.267065942178594,34.2001457318657,0.477271250595065,0.636204970096154,0.214441665260232,0.469367457690085,0.338884265229735,0.391812656751555,0.526872539644436,0.230940968660562,-0.254925792429854,0.534131884357188,0.633168980242501,,538
0,0,0.000118435781997712,0.0613658748956401,0.0203034013745748,-0.746703997790741,0.177927772642564,41.1534208857665,-4.19666916918462,0.000140977668177352,0.401964483435014,0.24879681672052,39.9259385064968,1.61563354681725,0.114049378559322,-0.114664260708018,0.0624905585116734,28424.5087201253,-1.83490535912874,0.0665301574637381,0.201602335010893,0.243562725014184,33.0591944649335,0.827722448084583,0.413763128593784,0.171006018940079,0.574210688961864,0.338316394139555,0.352238183651488,0.613234511044493,0.103064031431234,-0.403204670021785,0.487125450028368,0.407827703142808,,539
0,0,2.18983299428855e-05,0.076333895397748,0.0384872550849259,-0.768262686539746,0.176838961334812,38.9111857701692,-4.34441980851257,9.68311934501875e-05,0.457458586499609,0.252991651765299,39.5629591580578,1.80819637054267,0.0781819366193014,-0.0485039190519566,0.0624877398993113,27513.3530638844,-0.776214968410006,0.437628741911057,0.265283498693891,0.231877157955818,32.6996152507763,1.14406913139947,0.260901053728056,0.153546087118713,0.684113084506495,0.332293827418921,0.348231247607838,0.644024479948854,0.0494678784237596,-0.530566997387781,0.463754315911636,0.252594968178844,,540
0,0,9.12214079834582e-06,0.0882172636564372,0.0532861533165128,-0.769435345792177,0.180158050963888,36.8856435200792,-4.27089070777308,0.000130960732715435,0.480985445029377,0.256859006694809,36.241991479933,1.87256600895007,0.0692133783707353,-0.0304535541586417,0.0625100002858927,26018.1393878941,-0.487178915683263,0.626135649954724,0.309075561485046,0.229496301748237,32.2242122974654,1.34675617485161,0.187454940025176,0.126904143889491,0.745055266859583,0.319344798720439,0.359337316753717,0.691080548121722,0.0381337041060979,-0.618151122970092,0.458992603496474,0.178058773598559,,541
0,0,2.39090798352583e-05,0.0919367244372104,0.0791601886238088,-0.75765177857168,0.181433453992542,35.3752883116845,-4.17592104377191,0.000184317141302241,0.473166549971025,0.252580689051874,34.6620997928622,1.87332828866362,0.0694752651927507,-0.04880717508493,0.0624436728934875,25551.5480791363,-0.781619222946451,0.434445628474814,0.389836811608478,0.233936334875404,32.3033525130485,1.66642266929636,0.105298349085916,0.0265640271985053,0.806237650415462,0.320182976685025,0.35837770111477,0.933879254017532,0.0244688221934763,-0.779673623216957,0.467872669750808,0.0956292587375997,,542
0,0,3.2568319143097e-05,0.078469298366439,0.098492312707819,-0.748322613773244,0.181641153595438,34.4438902575407,-4.11978562655439,0.000225341551259755,0.435278749221449,0.25693138811976,33.7062659169716,1.69414392070523,0.0994604086663962,-0.0589441343650869,0.0624128578589057,27385.6819671821,-0.944422934427063,0.344961898139862,0.449136491169922,0.240684169801037,31.873424642664,1.86608239146431,0.0712551361113137,-0.0792583187328659,0.819014663606979,0.333564991548134,0.362288056788642,0.812183730734224,0.0237795417627739,-0.898272982339845,0.481368339602074,0.0620298391469982,,543
0,0,2.90414492619486e-05,0.0919961577003237,0.117014297666018,-0.742555707407509,0.181328230211588,32.3825665288542,-4.09509157256451,0.000263487501148754,0.470186327083476,0.266597747867291,30.7004708448723,1.76365453513707,0.0877412551719852,-0.0568195247126256,0.0624148831303312,28535.6632928983,-0.910352176643162,0.36264449938729,0.490520201052791,0.247197004005225,29.7127008570275,1.98432906995274,0.0565226402360021,-0.0917604997366511,0.88927990236893,0.337071234891567,0.379161387016513,0.785446094122246,0.0190073776132443,-0.981040402105581,0.49439400801045,0.04721916752677,,544
0,0,5.74494832257936e-05,0.107549260804528,0.122386983478557,-0.72474256650962,0.180744976671034,30.5617020289726,-4.00975219260833,0.000362449246607058,0.488904656887777,0.267052244186513,27.8120312016261,1.83074535987168,0.0778736408617181,-0.0800116780801476,0.0625215864667658,28505.9619800478,-1.27974484656878,0.200645301841887,0.497294435760547,0.251584827828875,28.0172903895852,1.97664716132564,0.0579999666590951,-0.080802828290534,0.91378604323056,0.333741916058123,0.386771448903453,0.808693599499114,0.018147267792044,-0.994588871521094,0.50316965565775,0.0480815273044976,,545
0,0,0.000130088358126997,0.0881227122874671,0.100185293175351,-0.708047769174534,0.182367636853484,31.0068664421431,-3.88252971520045,0.000505664390317398,0.427768139431691,0.268454658769193,26.2738382836519,1.59344651120199,0.123020812037868,-0.120955409680815,0.0626043045997115,28691.1046248739,-1.93206218732397,0.0533616640830011,0.469755343562186,0.264244518411639,28.3844574817163,1.77772975721829,0.0861650754628156,-0.110390175210603,0.82912051191377,0.339724835582115,0.398819422815148,0.745226511173769,0.0376231281135996,-0.939510687124372,0.528489036823278,0.0754482499228836,,546
0,0,0.000201559497018647,0.0693027690816941,0.0897268402235291,-0.710642114069921,0.185164139035672,32.6008382160526,-3.83790359067862,0.000539231941723712,0.365608685922028,0.257018986068479,27.1744292866295,1.42249680272498,0.166260449159903,-0.149987094884622,0.0625466219317798,28523.9231588991,-2.39800472435128,0.0164910380787559,0.464385855994132,0.26941401536131,30.141645754023,1.72368855930285,0.095008764975255,-0.166398268401074,0.762373443587189,0.338788483588672,0.392114936398403,0.623315548741268,0.0518640880089493,-0.928771711988263,0.538828030722619,0.0847640814644166,,547
0,0,0.00028344557422509,0.0692968225976031,0.0992045435171822,-0.700111294666031,0.188751101884912,36.557909751751,-3.70917725869973,0.000687366362264637,0.364960317747105,0.243824374910719,30.0908827135191,1.49681637810306,0.144857613252826,-0.175211656423918,0.0623506825766771,27851.6397951426,-2.8101000531702,0.00495606401694897,0.50041307238991,0.264258837648198,32.5606357365057,1.89364744370858,0.0671861237543718,-0.208319921324143,0.792506223455678,0.325327705472311,0.379714434797049,0.52195242342307,0.0368780901229175,-1.00082614477982,0.528517675296396,0.0582718216467635,,548
0,0,0.000341606020016338,0.0676226218186777,0.0789164654967605,-0.716302820224881,0.187513103598628,37.1563020382058,-3.82001474285301,0.000491205572207858,0.358566630018319,0.238264194415389,31.2263983973663,1.50491193566917,0.142395570839422,-0.18371320498638,0.0621213949384516,25593.1917496364,-2.95732581614433,0.00310603456989771,0.413398914172461,0.245012772193042,33.2271129524939,1.68725454788434,0.100921990911239,-0.115028968147676,0.711768860197246,0.298682114451885,0.367634726410543,0.700147240308439,0.0528583636142509,-0.826797828344921,0.490025544386085,0.091554416687843,,549
0,0,0.000416888254493209,0.0479889121653414,0.0490279903407351,-0.747635619520747,0.184166007396155,36.33417244579,-4.05957445725869,0.000250293373655127,0.28933791119539,0.23286808360378,30.6261106091346,1.24249706837324,0.223483031199031,-0.18950381032583,0.0618413416492034,22515.2792573416,-3.06435477096851,0.0021839794924072,0.308719278767374,0.234694596862144,33.5617780997965,1.31540854751212,0.19728872011704,-0.0643352274626714,0.553103330072077,0.283482705173649,0.358968306761115,0.820465838018891,0.123362103542201,-0.617438557534748,0.469389193724287,0.188372634406383,,550
