singular,convergence_false,effectsize_valence,effectsize_pe,effectsize_interaction,coef_intercept,se_intercept,df_intercept,t_intercept,prob_intercept,coef_pe,se_pe,df_pe,t_pe,prob_pe,coef_valence,se_valence,df_valence,t_valence,prob_valence,coef_interaction_pe_valence,se_interaction_pe_valence,df_interaction_pe_valence,t_interaction_pe_valence,prob_interaction_pe_valence,coef_neg,coef_pos,se_neg,se_pos,pvalue_neg,pvalue_pos,coeff_diff,se_diff,pvalue_diff,time
0,0,0.00424952593696561,0.165503067338569,0.342041505549559,-0.644367496966975,0.318375098098303,23.5489907552047,-2.02392555452945,0.0544666147476695,-0.628546314057821,0.21583480288063,42.7612424510237,-2.91216386638742,0.00568332705045516,0.372912124068254,0.0532767936938373,11480.1320546585,6.99952264791395,2.71149968291853e-12,-1.59149936212291,0.353903539647819,38.9011834722774,-4.49698627967006,6.05971136094632e-05,1.19621854708726,-1.98678017715856,0.396417894679069,0.421983044272324,0.00254810606629107,2.49914972507623e-06,3.18299872424583,0.707807079295638,6.89234339261892e-06,1
0,0,0.00464617473732912,0.139166780986503,0.362439077216108,-0.590127738440549,0.314128484168156,25.1025983650015,-1.87861899885732,0.0719579328133676,-0.537590914440952,0.202952338809913,43.4009419833042,-2.64885301442358,0.0112191473563268,0.388878512534768,0.0531896996679204,11451.2993638319,7.31116202878859,2.82485493140603e-13,-1.63945164002647,0.349313659718629,38.7483093193833,-4.69335107406634,3.31922454173264e-05,1.34215457303223,-1.93674870702072,0.394158419365991,0.405560576553811,0.000661363026646546,1.79274089837364e-06,3.27890328005294,0.698627319437258,2.68765666898502e-06,2
0,0,0.0049621735999937,0.140757397785355,0.359004965571038,-0.497211530363474,0.30607611422746,25.8535305979505,-1.6244702126412,0.116406418622466,-0.507904133423192,0.192603864293268,42.4500371034026,-2.63704020314895,0.0116367025636783,0.390460988394249,0.0531295097263085,10830.5701319725,7.34923003064908,2.13717035124922e-13,-1.58240830963758,0.339982064865953,38.6793622599961,-4.6543876079507,3.75906894287575e-05,1.30643720288684,-1.85837941638832,0.382265286590724,0.39145045801041,0.000631714126467482,2.06028663352341e-06,3.16481661927516,0.679964129731905,3.24945023897038e-06,3
0,0,0.00499823850281983,0.121492719436394,0.33989699070105,-0.457188475162366,0.298270624634939,26.2210019851681,-1.53279752480463,0.137303763885038,-0.455019836323305,0.18545578119976,43.5286320826914,-2.45352198448421,0.0182226163895883,0.396725216719276,0.0530176075237883,11146.6979873756,7.48289549922204,7.81748938837433e-14,-1.505979074242,0.337616919833048,38.6414897081042,-4.46061493300368,6.85318414902427e-05,1.27169005857163,-1.74026808991237,0.383882753220512,0.380607054059852,0.000923986045659877,4.82287932736379e-06,3.011958148484,0.675233839666096,8.17248160178619e-06,4
0,0,0.00481525304304627,0.106424939206567,0.334532064510568,-0.399599191730658,0.29265161239268,25.7002650337703,-1.36544332854888,0.183946945947453,-0.429013736883486,0.18764678305552,43.8882009206064,-2.28628346245911,0.0271207726135806,0.395427112526951,0.0527909302232198,11595.7502830943,7.49043653625607,7.36255560517357e-14,-1.4106472073235,0.322395406985978,38.0845228373149,-4.375518933447,9.09861622878623e-05,1.18839153305187,-1.63290288159512,0.375145316261321,0.366164275118537,0.00153588414957006,8.21580900708526e-06,2.82129441464699,0.644790813971955,1.21143925692273e-05,5
0,0,0.00429959766477995,0.129196281375845,0.329077113330254,-0.339069680003384,0.290719361849651,25.9098308035496,-1.1663126867303,0.254111712804781,-0.466106029004464,0.179094612263691,45.6535611847422,-2.60256868206728,0.0124357213187803,0.358633405500799,0.0524680856497705,10819.6174835655,6.83526759285084,8.62578453007243e-12,-1.34971928688769,0.312654794306301,37.9954550551719,-4.31696334573202,0.000109093591277335,1.08144113673059,-1.61799743704479,0.357050622487344,0.357643116573064,0.00245513029878127,6.06657019476172e-06,2.69943857377537,0.625309588612603,1.5819041489134e-05,6
0,0,0.0033428109501446,0.185160879399805,0.346629383512136,-0.300429155848691,0.28921231609562,26.6320784127049,-1.03878410125993,0.308244896615218,-0.56884512013355,0.172170457900879,48.0389428027336,-3.30396472814775,0.00180637095304962,0.299983760678534,0.0522656010003205,9821.94687377995,5.73960224195442,9.77125596680677e-09,-1.33425824872813,0.301170335998084,36.99556212241,-4.4302445800526,8.06971017417495e-05,0.960974888543301,-1.70754160891297,0.343697824512759,0.34438100067052,0.00517413701918073,7.11155705039819e-07,2.66851649745627,0.602340671996168,9.41262730653111e-06,7
0,0,0.00315569387005598,0.166392122126927,0.408983762307126,-0.253784429460052,0.291033798993824,27.3981667328398,-0.872010159429756,0.390780661518139,-0.557359231311412,0.178518805770138,48.8350347251943,-3.12213174912829,0.00301487087478976,0.266661236251321,0.0522308093087004,8233.77001752744,5.10543948640101,3.37415727019592e-07,-1.29340572299024,0.263093893594687,34.9253982663667,-4.91613737330909,2.07616853896482e-05,0.925620511368669,-1.66119093461182,0.313744919769612,0.316965510993601,0.00317534707148771,1.59777845627403e-07,2.58681144598049,0.526187787189373,8.82684692560121e-07,8
0,0,0.00310535014998585,0.144379596292126,0.393468890988263,-0.177933042024585,0.2939613820427,26.6477030234994,-0.605293936190364,0.550104385454029,-0.53053414092968,0.183242630982521,49.6762661989615,-2.89525498561679,0.00561655051552569,0.259944526401707,0.0523380483576658,7918.9024664481,4.96664538626485,6.95458967597828e-07,-1.21978152051821,0.257326295398572,34.6368543402834,-4.74021327135998,3.58261426788159e-05,0.868030325943069,-1.57153271509335,0.302199727295462,0.321897279263815,0.00407401841293712,1.04965295775954e-06,2.43956304103642,0.514652590797144,2.13493377784657e-06,9
0,0,0.00297333358343409,0.167595927273235,0.336994888250903,-0.128784378652398,0.295782124270828,27.188652340481,-0.435402845827421,0.666707107825455,-0.573050462753836,0.182488981495333,48.9759846636353,-3.14019212589277,0.00286081471476209,0.251938995030421,0.0521574126725952,7823.87393332966,4.83035837325565,1.38877598717134e-06,-1.1585684018846,0.275032936259747,34.9114198549698,-4.21247148665287,0.000168737699233828,0.75532890032175,-1.56180790344745,0.29655940225204,0.348912872710572,0.0108661724778191,7.59791276379465e-06,2.3171368037692,0.550065872519494,2.52591608410464e-05,10
0,0,0.00307458429733572,0.158232730402505,0.321681120841374,-0.140222919856497,0.289848249886425,29.4650505322629,-0.483780460677069,0.63211781135234,-0.541236001246959,0.179914538676573,48.143376645005,-3.00829496731181,0.00416982780547118,0.258582483736893,0.0522443862801068,7943.19464383935,4.94947882726597,7.59434289728789e-07,-1.12964128027792,0.277237280382806,35.0095219209325,-4.0746369994617,0.000251340428260241,0.753976402231776,-1.50530615832406,0.301742385191035,0.346240528484596,0.0124634976325293,1.37651926618875e-05,2.25928256055584,0.554474560765611,4.60861765693263e-05,11
0,0,0.00327852924814981,0.1424065629154,0.288863157007872,-0.158375487995897,0.283253996996122,30.5921837520715,-0.559128872585918,0.580144311511277,-0.485171217813025,0.171280138749543,48.3200627969753,-2.83261808026951,0.00671468077805671,0.272619867049764,0.0522852586208952,8265.1593967282,5.2140866133311,1.89198208328395e-07,-1.07709644765226,0.280423968572116,36.3195075029558,-3.84095715190361,0.000473674834112317,0.74979487549305,-1.40439801981147,0.306930697025034,0.339522780671167,0.0145705793059584,3.5281514560792e-05,2.15419289530452,0.560847937144231,0.000122555507618602,12
0,0,0.00274737579461906,0.151341293862273,0.255396194947364,-0.190859901481911,0.281861261421791,31.5118614806883,-0.677141301784989,0.503257482279502,-0.490364382645439,0.166876553272934,48.4197811232841,-2.93848580299611,0.0050398106252096,0.242884469593905,0.0516564424749099,8024.86297831859,4.70192018569372,2.62027511536902e-06,-0.959357873211646,0.27135903116071,36.4404353422522,-3.53538214338433,0.00112868554420552,0.609606234976645,-1.30910951144665,0.28947964966412,0.33449623601256,0.0352157287406778,9.09020164013135e-05,1.91871574642329,0.542718062321419,0.000407185836917591,13
0,0,0.00292136928913937,0.126143205511476,0.232980986415405,-0.181364788254667,0.287370184480744,31.8078956106751,-0.631119016687062,0.532472010572693,-0.472200662241499,0.174707664330369,50.6064266635096,-2.70280450517944,0.00933606168421615,0.261693737275231,0.0516799675190846,8751.5533372471,5.06373648897111,4.1950114812636e-07,-0.883661060749344,0.265965326027346,36.3418509927278,-3.3224671574613,0.00204279798854942,0.540978287869235,-1.22634383362945,0.308167772558562,0.321393265472627,0.0791794978305506,0.000135791336076375,1.76732212149869,0.531930652054692,0.000892251742887629,14
0,0,0.00453329857275118,0.0971411995608467,0.221737387502812,-0.157697889825471,0.292664142963309,30.2328112584414,-0.538835705080692,0.593946139080999,-0.409629228922667,0.17541813753443,50.6814764346898,-2.33515892187755,0.023533488396995,0.314469810891755,0.0516384120813677,8143.75266067011,6.08984277820623,1.18145877958473e-09,-0.834282784217478,0.263747189407926,35.1186751807891,-3.16319118353573,0.0032134708378231,0.546934088116708,-1.12163148031825,0.307717537983381,0.3192623106685,0.0755040878493023,0.000442748614543119,1.66856556843496,0.527494378815851,0.00156049814910461,15
0,0,0.00700847141630342,0.0666944736224075,0.237236392814657,-0.119176294701086,0.295880602267939,28.9605008443169,-0.402785088943288,0.690064314951616,-0.333466922641023,0.174795034105319,50.9308977010641,-1.90775970466128,0.0620680465725454,0.370735218221177,0.0514672073680355,7351.71592632105,7.20332882198361,6.45910624000416e-13,-0.833806062974312,0.256063690712305,34.0912360555756,-3.25624480634046,0.00255497133985329,0.622549800291062,-1.04506232565756,0.303733477026676,0.310715098139777,0.0403978004237987,0.000769858823744303,1.66761212594862,0.512127381424609,0.00112896365772599,16
0,0,0.0079992538671357,0.0555127985767229,0.228066346077133,-0.121623916089247,0.299824395034083,28.4705558007994,-0.405650501105558,0.688031927430994,-0.301430410300006,0.175540618250629,50.1674281559164,-1.71715477194935,0.0921193470984489,0.397527324983815,0.0513602613632627,7429.1998486183,7.73997862223031,1.12572732643379e-14,-0.841092833898554,0.261241308233819,35.0851175819488,-3.21960121691686,0.00276512565687546,0.662941102995322,-1.01924456480179,0.312510342124319,0.312322429092941,0.0338930891654181,0.00110069660815096,1.68218566779711,0.522482616467637,0.00128369034255963,17
0,0,0.00884102196203033,0.048547554190868,0.211212342966401,-0.161216329871544,0.304973312462345,28.3602776140237,-0.52862438542536,0.601178975282001,-0.281318242818848,0.175144687588406,50.5616904776709,-1.6062048280902,0.114457056708142,0.387123055214187,0.0512550982544321,6395.35684823765,7.55286924419684,4.8530129611388e-14,-0.81480148982565,0.26507584693479,35.286137768479,-3.0738428236583,0.00406065971088323,0.652908413394969,-0.976694566256331,0.297143847430147,0.328208720510913,0.0280004118162027,0.00292193277447804,1.6296029796513,0.530151693869579,0.00211320734954293,18
0,0,0.0081828146306898,0.0397342212920431,0.217617663146476,-0.211320226531091,0.312426027934674,27.895459636077,-0.676384832365108,0.504366410636976,-0.257846339434674,0.178629636668555,50.3548905821404,-1.4434689799717,0.155081216419069,0.377807998275178,0.0513201436032311,6568.94288469268,7.36178762857926,2.03629489500586e-13,-0.839181044233202,0.266805696796642,35.5669012152417,-3.14528907856424,0.00334467382199675,0.704333173859735,-0.974028914606668,0.301099198383204,0.331180736615493,0.019324753687421,0.00327070453577001,1.6783620884664,0.533611393593285,0.00165922789969713,19
0,0,0.00715097559330723,0.028247042773348,0.210470288375788,-0.212575192285996,0.321502734838059,28.0397295664935,-0.661192485323868,0.513885592619374,-0.221968716758856,0.188333197520069,47.7873190085969,-1.17859580616531,0.244394599245681,0.383769908171549,0.0515756965685803,7687.22423846482,7.44090596355301,1.10821433572629e-13,-0.84175594574504,0.269550765013656,36.5821250419912,-3.12281044983268,0.00349341357722812,0.743163100451933,-0.940348791038147,0.323498066470835,0.328620792325542,0.0216032491824347,0.00421639909753777,1.68351189149008,0.539101530027313,0.00179133074063835,20
0,0,0.00520383908826056,0.0299751607160148,0.202423902415553,-0.197448206536272,0.322362379060661,29.1978234354394,-0.612503875643369,0.544945681665099,-0.233115110127624,0.198408251176882,44.6727539231609,-1.17492648992607,0.246248859092424,0.345706492144847,0.0516567505814389,8561.91958936106,6.69237782581441,2.33372890700625e-11,-0.80735822529684,0.260065847522713,37.973116247337,-3.10443771447663,0.00359372458942648,0.692577324906071,-0.922139125687609,0.330189589225993,0.320871137027595,0.035948088766177,0.00405487062540663,1.61471645059368,0.520131695045426,0.00190641062566767,21
0,0,0.00480511502657207,0.0562372350846652,0.195013680870162,-0.181941138329444,0.322233487035467,31.2946328524006,-0.564625172893402,0.576353881586086,-0.300790770991386,0.174757868834536,49.7157977334298,-1.72118584986969,0.0914353878802035,0.300560852974925,0.0512273323201107,7129.6087039178,5.86719704818459,4.63068066348628e-09,-0.76103890288396,0.248467749744536,38.7255042590668,-3.06292830223009,0.00397559917905947,0.571793334914028,-0.950284470853893,0.290984979482536,0.309230039828188,0.0494111151628907,0.00211871280142107,1.52207780576792,0.496935499489071,0.00219182567784602,22
0,0,0.00509792339471304,0.0624542310143123,0.180289978441067,-0.190180118704365,0.32515013269216,32.2717027572749,-0.584899403637706,0.562682835213957,-0.302898030451868,0.164251616491475,51.0509945179987,-1.84410989019149,0.0709739221408524,0.282938472943723,0.0510374177615058,5997.82315420449,5.5437458506595,3.08693466311681e-08,-0.700591721724743,0.244499346775394,37.3304524992711,-2.86541347027946,0.00680252647856364,0.500379172315691,-0.900804271133795,0.266592763848352,0.310152582665635,0.0605260349053239,0.00367968678867938,1.40118344344949,0.488998693550788,0.00416465073294482,23
0,0,0.00562747389421885,0.0605163217791959,0.147425203560961,-0.247287404143014,0.326681718590698,33.5754500499415,-0.756967378553689,0.454348917641993,-0.279551611892549,0.153147072999026,51.7277175402817,-1.8253800508112,0.0737195302187027,0.294138457892007,0.0508123177389892,5921.08423563418,5.7887235021029,7.45611073745003e-09,-0.632372096407932,0.253037561043198,36.1190371716472,-2.49912342579043,0.0171334394353881,0.4455070391864,-0.819237153629463,0.269608906863925,0.309989832641718,0.0984490448314427,0.00822267027196934,1.26474419281586,0.506075122086395,0.0124500940556119,24
0,0,0.00597736002152116,0.0458782845372027,0.136522355237082,-0.358820526658104,0.3273920347217,34.2718148782743,-1.09599650756048,0.280722441271002,-0.2410510558379,0.151141358203124,52.8990709548721,-1.59487157389404,0.116698852620548,0.304869215391197,0.0507083895498432,6011.10579605879,6.01220464892755,1.93768927498143e-09,-0.608393097761976,0.253978994879713,36.292783889821,-2.39544651340209,0.0218795946500593,0.456514003238462,-0.760272192285491,0.27219306320439,0.307898819052062,0.0935092699085584,0.0135405151403265,1.21678619552395,0.507957989759426,0.016600135996952,25
0,0,0.00601889375354259,0.0502579268998398,0.136177105718944,-0.47213915060197,0.331430203668881,33.9834412940128,-1.42455076627134,0.163406202333119,-0.260081429596958,0.157213690287214,51.7176842613757,-1.65431794853117,0.104120416377762,0.316169336615752,0.0506875796441664,6425.36554721016,6.23760966365535,4.7256094965981e-10,-0.596017729457358,0.244081448532078,37.8241714952663,-2.44188049948838,0.0193991112448491,0.423294407816208,-0.768741051098508,0.272217498949903,0.299405796150944,0.119949396638324,0.0102418341003013,1.19203545891472,0.488162897064155,0.0146109821661105,26
0,0,0.00691925375905871,0.0800250129056245,0.113303111541644,-0.552670052217264,0.33882124348483,34.1198277336591,-1.63115525618455,0.11205524947033,-0.326490455733721,0.158809766665879,48.5888736455596,-2.05585879627055,0.0451898125096061,0.31886823595232,0.0503526149139404,5755.77440132225,6.33270459731456,2.59135494553961e-10,-0.515519388652883,0.233654592446454,38.0955907300139,-2.20633107723326,0.0334626737900893,0.264588427513815,-0.766450349791951,0.247822162419537,0.302430701512121,0.28567642512734,0.0112671987418489,1.03103877730577,0.467309184892908,0.0273608269549724,27
0,0,0.00666815694841556,0.1214287361853,0.0992867868736222,-0.646918942935373,0.343033375303526,34.1230131884892,-1.88587755451772,0.0678474151163794,-0.407340026806898,0.158516374040037,47.7772815538713,-2.56970315700014,0.0133549356265095,0.318028755835636,0.0501603578539063,5988.25206083063,6.34024096801514,2.46156207053927e-10,-0.461356354346777,0.224560121777499,38.291538885176,-2.05448924187841,0.0467989874328512,0.121637165339148,-0.801075543354407,0.239502158844894,0.295308306298981,0.611540989372872,0.00667424726765376,0.922712708693555,0.449120243554997,0.0399283635625301,28
0,0,0.00544469254610656,0.148804143314945,0.0921929499781486,-0.733631899540711,0.341650375528943,34.0821157041613,-2.14731770279749,0.0389667269893941,-0.470754276692392,0.16236647318985,48.0850764328545,-2.89933178595284,0.00562062405237395,0.313246192230629,0.0501304461535975,7132.20865224178,6.24862167136626,4.37917079817196e-10,-0.451932181064307,0.225245608746862,39.6396406330797,-2.00639729927966,0.0516700992831266,0.0474174444239599,-0.856446917704654,0.254823632290299,0.290259973250803,0.852382447505044,0.00317136699528521,0.903864362128614,0.450491217493725,0.0448138762415276,29
0,0,0.00585487689608118,0.118383095505382,0.118856017149398,-0.830207101941678,0.338560875391867,32.6698779596893,-2.45216492006277,0.0197163932605581,-0.433448874767364,0.170625374408016,48.0594439964667,-2.54035413121414,0.0143597336372795,0.346248803518604,0.0502673134485841,8056.32970288459,6.88815016686269,6.07722507724237e-12,-0.51395516563911,0.218646036578018,40.9631135333072,-2.35062649057313,0.023637628600212,0.155836517852114,-0.872073813426105,0.269554017431075,0.279818406890131,0.563178223119868,0.00182967879037659,1.02791033127822,0.437292073156036,0.0187418363663243,30
0,0,0.00615048983234057,0.096479881919823,0.12538125567398,-0.904267796740347,0.336339471241857,31.7474500718822,-2.6885568720244,0.0113332182662957,-0.394631149277734,0.170679931441769,50.0632303214833,-2.31211218532959,0.0249231726962408,0.359034358218871,0.0503132033632042,8228.46842172602,7.13598686267401,1.04256900982674e-12,-0.515223447249172,0.214682974098841,40.1774341165729,-2.39992691275071,0.0211226505842314,0.196108416539145,-0.8343384779592,0.268077396282977,0.27566378534987,0.464451481263516,0.00247278073479399,1.03044689449834,0.429365948197682,0.0163983456455452,31
0,0,0.00568922949044733,0.0823993808279274,0.125509520532886,-0.956610482335144,0.332814508578185,31.7786064622533,-2.8743052291256,0.00716406255417324,-0.368845009361042,0.174154195710827,49.9516328276742,-2.11792203946373,0.0391805625744174,0.34505201195516,0.0503568554301522,8205.79408113595,6.85213580172349,7.80100145753236e-12,-0.502633060911058,0.215580300122088,37.8758486983083,-2.33153521275554,0.0251458045026836,0.207458801641969,-0.797807320180146,0.275101019472661,0.275498848557839,0.450777996619372,0.0037811569279353,1.00526612182212,0.431160600244177,0.0197251555437338,32
0,0,0.0058280485190039,0.0578556687829977,0.116524228020871,-0.974673995602057,0.328701719662713,30.9071997273149,-2.96522329302745,0.00578445772861093,-0.313683617424196,0.183994792136268,47.3308315920182,-1.70485052202934,0.0947788130208339,0.365049680960818,0.050434991789294,8936.72481562595,7.2380239990107,4.928804427161e-13,-0.493288955679454,0.221899911722263,37.468554174219,-2.2230245692791,0.032325623073873,0.251906526145906,-0.734671385213002,0.298179006412735,0.277342145933568,0.398213335174273,0.00807371873643627,0.986577911358908,0.443799823444527,0.0262141432960252,33
0,0,0.00559211858256441,0.0495634404069844,0.103327749254759,-0.985778536366058,0.324817619758378,30.5150494266354,-3.0348678039675,0.00488604715936805,-0.286712238820004,0.182146319268735,47.5130985040914,-1.5740764895556,0.122105802124083,0.36960359873156,0.0505077072666968,9522.37451993216,7.31776631197957,2.72527508331359e-13,-0.483758494743694,0.228197591058471,38.998855135284,-2.11991061123753,0.0404306099133177,0.267950567523337,-0.699566421964051,0.302978525791279,0.280051266459647,0.376486807366328,0.0124898259140398,0.967516989487388,0.456395182116942,0.0340135843618146,34
0,0,0.00563026494756177,0.0658716733267076,0.0956347222489887,-0.987298206032473,0.31868655048841,31.0161301462179,-3.0980228206034,0.00411729244594024,-0.319522452964686,0.171243552833722,49.3721625168078,-1.86589478948117,0.0680025615587148,0.364606051402797,0.0506479258233021,9152.57889433505,7.19883480865171,6.55168351070332e-13,-0.46716529453327,0.23415350853856,37.6416006775782,-1.99512404255236,0.0533058571828986,0.216115093677931,-0.71821549538861,0.303779545910245,0.275765083351527,0.476823500972219,0.00920226996436705,0.93433058906654,0.46830701707712,0.0460293527371731,35
0,0,0.0049118393409025,0.100116719234908,0.0825029642590388,-0.969977098820259,0.307902654212607,30.6765003621014,-3.15027196274343,0.00362530901784348,-0.392814579780621,0.165960897446817,50.3550720418177,-2.36691043386591,0.0218216450746676,0.343717546560622,0.0507957993809968,9276.09555352731,6.76665296637127,1.3977158587985e-11,-0.440474952491266,0.243653065074148,36.3440895490749,-1.80779565550395,0.078920304007899,0.112220630820072,-0.76872927416246,0.314189628174307,0.275496125298873,0.720960918521584,0.00526518812188208,0.880949904982532,0.487306130148296,0.0706383101975351,36
0,0,0.00490635480543325,0.0977953858240221,0.0694681358626098,-0.890387285068556,0.299663417426602,30.1460705312249,-2.97129123306031,0.00577687620164299,-0.387784987995379,0.169076668359943,48.5289954618482,-2.2935452404931,0.0261880142592915,0.338345226116566,0.0505572894414221,9083.59043481193,6.69231341028653,2.32661954745106e-11,-0.388657379948674,0.237131888212447,35.9831784472905,-1.63899247325385,0.109930418104054,0.0578377667690571,-0.719476993128291,0.313057400208616,0.269992867838902,0.853424094345428,0.0077034122829727,0.777314759897348,0.474263776424894,0.10121482724871,37
0,0,0.00472959817837473,0.0930167430685764,0.0618652228897456,-0.737491331410909,0.296094362298033,29.9048141763725,-2.49073074437192,0.0185294233960154,-0.378628998754918,0.174701502749283,45.8007516832356,-2.1672910238116,0.0354485634019635,0.319741271696699,0.0503567859073784,8483.95260859915,6.34951706975106,2.27086758838753e-10,-0.350563652049184,0.223982974060303,37.1468856650047,-1.56513526762441,0.126031424052237,0.0233166438752795,-0.677810660223088,0.302622624709106,0.265898755077738,0.93858489758596,0.01079918419615,0.701127304098368,0.447965948120605,0.117551195713101,38
0,0,0.00446438582442265,0.10015762877834,0.0807801132748847,-0.603665107392222,0.287366544151923,30.8140072611303,-2.10067984487812,0.0439492299645776,-0.396824697510591,0.176539625951529,45.3936796637612,-2.24779391806089,0.0294923360878081,0.291856269309775,0.0500157989324232,7593.09289578059,5.83528156181419,5.59064812179894e-09,-0.377728471860823,0.206166510610286,38.1977828920582,-1.83215242253791,0.0747340514129952,0.0362673029701653,-0.71918964075148,0.278849258085612,0.262748397355776,0.896518478652584,0.00619683884859423,0.755456943721646,0.412333021220572,0.0669287149660296,39
0,0,0.00392153561415671,0.089471704202569,0.0999772411890301,-0.494142826050357,0.27848627863416,32.3092299951758,-1.77438841322412,0.0854233788001168,-0.37087618927676,0.17962988342399,43.3818896013004,-2.06466865204917,0.0449644721661184,0.262543254283521,0.0499412192819259,7019.73686688461,5.2570453436754,1.50705737167167e-07,-0.395850576388132,0.192969961443191,37.8822256086871,-2.05135852972986,0.0471934180062806,0.0829940661869708,-0.708707086589293,0.266294166406527,0.258960758995807,0.755296571793121,0.006205217408839,0.791701152776263,0.385939922886381,0.0402320444691383,40
0,0,0.00342738533548061,0.072607595068492,0.0946039542029602,-0.379223876284765,0.270702196068014,33.1536988700822,-1.40088954501679,0.170538117312683,-0.321065746748033,0.180015577857448,40.6302275464811,-1.78354423861185,0.0819687120426701,0.25029392419394,0.0498697556723381,7324.4015923475,5.01895228519786,5.31787609087948e-07,-0.39346188852342,0.197352812828239,38.0406568359792,-1.99369790014525,0.0533910076867295,0.13006571171489,-0.656858065331949,0.271831201659952,0.260777258122443,0.632308819633794,0.0117739740308013,0.786923777046839,0.394705625656479,0.0461850790091341,41
0,0,0.00259471572926258,0.0491720677889414,0.0802977456178205,-0.24124500090374,0.2631160762183,33.7654662769308,-0.916876704651018,0.365709958020027,-0.278039512993938,0.189529706690891,41.6142351567704,-1.46699700985345,0.149894127090848,0.2307236610961,0.0501040538731756,8151.17876404853,4.60489008893596,4.18939140385089e-06,-0.38684591510802,0.21170420398317,38.243793508545,-1.82729444115703,0.0754666789286604,0.165506271168376,-0.608185559047664,0.280939754727846,0.283566914509961,0.555783063116979,0.0319713120865866,0.77369183021604,0.42340840796634,0.0676555105892105,42
0,0,0.00270268105973027,0.0230703363765851,0.0811320170333496,-0.0770982833884451,0.255298851607469,35.7536956583744,-0.301992284348331,0.764407687989975,-0.202748338457187,0.205842508273875,41.0822146159259,-0.984968266065963,0.330405296734995,0.240986536308233,0.0503265290659632,8460.99532064907,4.78845930329052,1.70920506668328e-06,-0.390772885938806,0.218519366657508,36.2184469965614,-1.78827575750426,0.0820999486200291,0.24529999126267,-0.536245780614941,0.292972812218284,0.302530623675896,0.402435745118185,0.0763059762345951,0.781545771877611,0.437038733315016,0.0737315290580649,43
0,0,0.0027682041591846,0.0210163392669778,0.0777270783551774,0.0865069007891976,0.246942452200477,38.2487267179368,0.350311985721143,0.728026474396095,-0.183786245245118,0.196857489349334,40.6013523511224,-0.933600473380918,0.356029285570568,0.244606446977821,0.0504918178315039,8454.57508940139,4.84447693672066,1.29202369979748e-06,-0.386151967244237,0.225895574811368,34.6727406272244,-1.70942687817896,0.0963090868059925,0.258963879360281,-0.513340055128193,0.30122939298726,0.295223320843679,0.389959980622042,0.0820665246261527,0.772303934488475,0.451791149622736,0.0873719056856063,44
0,0,0.00177090584577994,0.0378651774465245,0.0596586758104011,0.265147465282844,0.242737478550821,39.4906462449012,1.09232190622484,0.281310854572725,-0.251340018795808,0.199854266819394,40.1876280393668,-1.25761647622435,0.215789542230579,0.211188568237836,0.0507431265799569,9763.85042032613,4.16191477490182,3.18297498874051e-05,-0.368055730348622,0.241386802464943,36.6447730438851,-1.52475498490468,0.135905206948703,0.170661509867945,-0.565449950829299,0.319551244551031,0.305156054707925,0.593295753157982,0.0638843401247544,0.736111460697244,0.482773604929886,0.127320221548143,45
0,0,0.00169175814003204,0.0485248814374883,0.0857696856671127,0.384648784679698,0.239183478940228,39.8044730785588,1.60817455446336,0.115701178130115,-0.287500423195508,0.205039000669375,38.5511179269676,-1.40217432906387,0.168864468602436,0.210536566714606,0.0506990411569212,10176.1139874816,4.15267353997808,3.31295084972986e-05,-0.444297768545742,0.239135890803146,36.7942994679378,-1.8579300959532,0.0711949334174534,0.221917912257666,-0.666677624833817,0.330212335398212,0.299632658644063,0.501554348465091,0.0260823675033252,0.888595537091483,0.478271781606291,0.0631789418719137,46
0,0,0.00242634560269789,0.0261111932829793,0.0961231217444031,0.448898236018757,0.236672309659615,39.0779804263063,1.89670788553324,0.0652757809952613,-0.218056507755782,0.215638670103385,38.1388391552529,-1.0112124492849,0.318287426153007,0.254760954431805,0.0506244740828136,10412.0679981358,5.03236742795701,4.92554253546831e-07,-0.487191135611639,0.243327648801439,37.6961716557368,-2.00220212545266,0.0524960651014463,0.34054206041432,-0.633840210808958,0.32571637243051,0.321254974533778,0.295784008505445,0.0484940919760927,0.974382271223278,0.486655297602879,0.045262997199752,47
0,0,0.00356122800074465,0.00909447720674384,0.0792334233487459,0.485174321031529,0.237091695402628,39.5561729268289,2.04635729736383,0.0474079898566565,-0.130382732238936,0.21490809740047,40.1041306821914,-0.606690645052681,0.547475612042427,0.321698565663085,0.0506697414392186,11278.5095390941,6.3489285029998,2.25148845440835e-10,-0.465033115114681,0.252728295036715,39.3460510586796,-1.84005164537324,0.0733130038273066,0.402810122201286,-0.527256108028076,0.324585706003089,0.333410989348904,0.214606589886277,0.113786628399067,0.930066230229362,0.505456590073431,0.0657606554341128,48
0,0,0.00390192041706494,0.0140546246746309,0.0955530784280148,0.471883333891127,0.236242411052762,39.205809596088,1.99745393635412,0.0527489188615481,-0.161015204186675,0.211531103966747,40.6461021398238,-0.761189258540376,0.450937861320512,0.329359234372203,0.0506278778108551,10803.9841348464,6.50549161082129,8.08643035027246e-11,-0.506359800518111,0.246355500398301,39.9882423376743,-2.05540286171586,0.0464111876909349,0.419561573330452,-0.59315802770577,0.313781715689909,0.32917432985183,0.18118579376482,0.0715521520967978,1.01271960103622,0.492711000796602,0.0398401093283796,49
0,0,0.00307615350129643,0.0414450582265675,0.106993940284422,0.438878613660904,0.230245053075619,39.0675315125643,1.90613699533759,0.0640084528029628,-0.270169550794102,0.196263540585507,43.8266019423578,-1.37656515310033,0.17563905470002,0.297468591628279,0.0502521982134212,11356.018403241,5.91951401538554,3.32228481263723e-09,-0.556081691356686,0.249307206062528,41.5243414715211,-2.23050789481479,0.0311755288653888,0.367416837528585,-0.744746545184787,0.30755225450425,0.320739283435098,0.232224394103593,0.0202346264012998,1.11216338271337,0.498614412125056,0.0257137439257166,50
0,0,0.00228318468164817,0.0581358452998768,0.10405823195528,0.435113403036509,0.229226079281617,41.5155819266395,1.89818455386984,0.0646387771654107,-0.325231500125213,0.196838117062564,44.2294030744138,-1.65227906555233,0.105560408256889,0.260827973494407,0.0500087399333338,11887.2873353909,5.21564778161007,1.86254322161924e-07,-0.551363795093101,0.248640806993902,42.3384561577505,-2.2175112836833,0.0320086295365857,0.306945491545982,-0.795782098640219,0.307886726164428,0.320231268546175,0.318792217398228,0.0129543029487049,1.1027275901862,0.497281613987805,0.026588172848965,51
0,0,0.00253905787318958,0.0733331524582574,0.140412740484069,0.42277042383718,0.230177954379968,42.7791351129725,1.83671118711607,0.0732069762507021,-0.352102912741114,0.187233683048571,44.6883732657962,-1.8805532584101,0.0665594085203425,0.268467958711421,0.0499896515896076,11330.4719643417,5.37047069092262,8.00839758831747e-08,-0.650702270099156,0.250280352634357,41.3803901940026,-2.59989353239321,0.0128711170190622,0.393972559108542,-0.90743198108977,0.30923330049326,0.311273609697815,0.202652718732854,0.00355434490776314,1.30140454019831,0.500560705268714,0.00932526874023995,52
0,0,0.00309512742657578,0.0656794864367725,0.155200660397391,0.380371785746885,0.232615390513828,42.5291354109404,1.63519612742165,0.10938905905292,-0.333604756146027,0.187581687897926,44.9934944651427,-1.77845055071453,0.0820873585960628,0.291042166768564,0.0498939498315236,10959.512668132,5.83321560532536,5.59068151697229e-09,-0.682029649871686,0.248457695659754,41.0167839437533,-2.74505343076867,0.00893832306550302,0.448389738457372,-0.915669561286,0.305528233873098,0.311869515615603,0.142216019421773,0.0033240331608826,1.36405929974337,0.496915391319508,0.00605010464863423,53
0,0,0.0026942347181284,0.0609781081761589,0.167764247070828,0.343508769525929,0.231108226328642,40.8073042967241,1.48635457500959,0.144871289155146,-0.328002631423093,0.195940081536403,43.15288717061,-1.67399456431355,0.101365994199206,0.285741792724253,0.0501961083459626,11995.0023021779,5.69250888445092,1.2812157406203e-08,-0.714033776836176,0.248342125781297,41.0094250905556,-2.87520200042498,0.00637508460372642,0.490686823722752,-0.9373807299496,0.329725496388488,0.30218342991933,0.136706681021049,0.00192201348283466,1.42806755367235,0.496684251562594,0.00403769088429692,54
0,0,0.00289746245018148,0.0315670976465818,0.140336049715017,0.322428139275661,0.236720972758387,40.671283107329,1.3620598780014,0.180675595071516,-0.236289275331966,0.200277851804544,42.7028690077164,-1.17980731869726,0.24460785826261,0.314833064418737,0.0504763367994609,13387.7322887899,6.23724074251956,4.58755535708256e-10,-0.673268127523779,0.261245183103831,40.6854379674634,-2.57715039766375,0.0136874724359677,0.535659523689581,-0.810876731357978,0.354150182237839,0.305127655310034,0.130401420453505,0.00787226001160399,1.34653625504756,0.522490366207663,0.00996185957934376,55
0,0,0.0026082071781125,0.0138630702637415,0.120061253267967,0.252016974909517,0.241454838945002,40.1329836958035,1.04374373282666,0.302850473180237,-0.152864053860478,0.206886365535318,38.8351335789917,-0.738879304418841,0.464422835054711,0.312427415456269,0.0505305740534051,14618.8601870459,6.18293817770739,6.45922477762031e-10,-0.624891243700137,0.267138542879255,40.1037830241753,-2.33920286067662,0.0243922119198946,0.563617278573255,-0.686165208827019,0.377036001780833,0.301091371382554,0.134950124289187,0.022671414369452,1.24978248740027,0.534277085758511,0.0193249371121302,56
0,0,0.0018076883334133,0.0186118921618499,0.123684581034059,0.169201014649618,0.239298570338655,39.1773379709242,0.707070729299238,0.483707305292752,-0.173974492377583,0.199026943509509,40.290037574165,-0.874125328509962,0.387230801243992,0.262350362630586,0.0504970554765025,14904.6538192925,5.19535961364449,2.07018177760103e-07,-0.641818957080663,0.272617058243595,39.2702727584766,-2.35428759013007,0.0236521766304958,0.561915642404092,-0.721722271757234,0.378485435755998,0.298870120127853,0.137638495689508,0.0157423037281838,1.28363791416133,0.545234116487191,0.0185582467495856,57
0,0,0.00167737388354791,0.0252473127241288,0.149356230011531,0.101436672695982,0.239206248924518,38.1496724219604,0.424055279291598,0.673907191678699,-0.197312328385858,0.193124041787563,40.3009274578963,-1.02168702850007,0.313023190322386,0.246074161697782,0.0502861434893908,14252.0194137988,4.89347849372657,1.00152258565181e-06,-0.704029005908489,0.271726324440799,38.2333241706153,-2.59094884294832,0.0134766619399006,0.609905960093417,-0.79815205172356,0.372879412444437,0.295961445039923,0.101909630843614,0.00700070122677203,1.40805801181698,0.543452648881599,0.00957117182060186,58
0,0,0.00176637518083525,0.0113555621260676,0.176394088271208,0.0175192580265321,0.242928724470149,38.7060493502222,0.0721168649971028,0.942880274912242,-0.135434657520921,0.202889649391747,38.7946049831602,-0.66752866854937,0.50838617978006,0.248438181764939,0.0499827449427366,13961.9384523158,4.97047895327809,6.75795822155413e-07,-0.74817238311733,0.263607861836578,37.6116216618379,-2.83820208511517,0.00727324174971128,0.722397087363086,-0.773947678871573,0.367353399325883,0.299942687631476,0.0492419417407155,0.00987092166172904,1.49634476623466,0.527215723673157,0.00453684488423764,59
0,0,0.00126306032561983,0.00684861687818259,0.150100888448065,-0.0735280847759055,0.24965277898091,38.330134684101,-0.294521395179534,0.769948752235317,-0.111291561723496,0.213513512239079,39.3991020853999,-0.521238963082013,0.605117997675735,0.227549909758324,0.0500325740348152,16355.9080896536,4.54803523800281,5.45379079613545e-06,-0.739198553627552,0.281753062151781,38.9734668497956,-2.62356883713066,0.0123573493460161,0.73625106265404,-0.742146044601064,0.386134698356602,0.322551302792605,0.0565567514508849,0.0213994310455043,1.4783971072551,0.563506124303562,0.0087013859645844,60
0,0,0.00115492105371718,0.00749023848974451,0.1290340195114,-0.139607032602452,0.256572126482361,37.317682086389,-0.544123925371333,0.589592749732639,-0.115808887665655,0.207616820236833,41.2285300500146,-0.557801085353054,0.579996644529144,0.22165187598408,0.0500891888093252,16935.6028961971,4.42514405309783,9.69796227283557e-06,-0.712109377470813,0.293517549381121,39.7303352813825,-2.42612197796107,0.0198959819329154,0.700674109579985,-0.72354464536164,0.3865839762243,0.333167982368054,0.0699127067004346,0.0298774517233402,1.42421875494163,0.587035098762242,0.015261139984775,61
0,0,0.00150027818203684,0.00805194123121303,0.120210511135576,-0.2005536624193,0.258194100840635,38.0134747061979,-0.776755401329204,0.44210994317607,-0.115309762139779,0.196305928992002,42.5063344021575,-0.587398265207142,0.560043808501332,0.235687483054294,0.0497969664416562,14908.8250254795,4.73296869058146,2.23292227992215e-06,-0.661440297052019,0.285593251429548,39.2574190220013,-2.3160221529786,0.0258674087742697,0.643077605478077,-0.679802988625961,0.356556204214166,0.334377551915733,0.0712971883905607,0.0420484667080865,1.32288059410404,0.571186502859096,0.0205570591671433,62
0,0,0.00163802671506571,0.0193921777730604,0.0978384617526101,-0.237504108219837,0.262387321033772,36.9132583660668,-0.905166100572626,0.371247706825318,-0.172073217564738,0.190251057312071,41.3657754940366,-0.904453410119471,0.370992641981925,0.233354805584274,0.0496227051659935,13478.4414407218,4.70258130433792,2.59440186700142e-06,-0.591092074375085,0.289403750708226,38.4659669084865,-2.04244787059107,0.0480047301914694,0.505655013241622,-0.676529135508547,0.334508876338673,0.350437138297055,0.130626980130282,0.0535412982200343,1.18218414875017,0.578807501416452,0.0411071253697808,63
0,0,0.00128526895881692,0.0275554883470698,0.0878132216230585,-0.301408305263536,0.266479909048134,34.6595493834077,-1.13107328181012,0.265790153310524,-0.206319455999903,0.193661111784597,40.054585696706,-1.06536337677016,0.293091628820793,0.212104217947278,0.0496695406564115,14169.866538462,4.27030762000612,1.96475077350252e-05,-0.573880280377306,0.297793159777742,38.5777620851628,-1.92711035003498,0.0613540123001886,0.451674254245595,-0.696086306509017,0.347841073816297,0.355987119507587,0.194112989856931,0.050539489742576,1.14776056075461,0.595586319555483,0.053965879159189,64
0,0,0.00119856075062916,0.0367326750042743,0.0728892368365134,-0.373304427261361,0.26784689043826,33.3708335773455,-1.39372320750317,0.172614130428835,-0.22535811289943,0.180992085558342,40.655705168227,-1.24512689162194,0.22021427780362,0.207594348501768,0.0496583401416678,14563.5000740418,4.18045282845806,2.92629248033342e-05,-0.527104713792389,0.299579415591734,39.3765879891858,-1.75948241554328,0.0862638141381495,0.379004152498704,-0.675205275086074,0.364032710704093,0.334199341179303,0.297816777680543,0.0433453478134014,1.05420942758478,0.599158831183468,0.0784956044084533,65
0,0,0.000933751293508437,0.0498059772696077,0.0627764273961814,-0.467560315194462,0.267290743373109,32.6273034227636,-1.74925741645231,0.0896490960223915,-0.275456670441787,0.186617302608845,41.5655565438549,-1.47605107667402,0.147466321146141,0.183068611585234,0.0495607397078649,14598.737085471,3.69382322911906,0.000221713536747525,-0.475943175055992,0.293144710059511,39.3543452006503,-1.6235775667225,0.112450250516185,0.270245327569397,-0.681641022542587,0.361829959868483,0.331626917211611,0.455133051212405,0.0398360039294118,0.951886350111984,0.586289420119022,0.104465996439955,66
0,0,0.0010164936430781,0.0620642126530373,0.062269139008904,-0.559563839871339,0.268365979719437,33.4957622594633,-2.08507740234561,0.0447581430749659,-0.308849979383683,0.181046694203151,43.9790467109282,-1.70591338738903,0.0950781184965782,0.186309096696212,0.0494208797136562,13966.9258585029,3.76984581771276,0.000164021170362559,-0.472244890870439,0.292324629380646,39.3014948116821,-1.61548102146231,0.114207176841268,0.232611678235958,-0.71187810350492,0.356714252547129,0.329120601517847,0.514339712678267,0.0305434599720031,0.944489781740878,0.584649258761293,0.106206567008584,67
0,0,0.00118846049611729,0.0786329327771955,0.0693301123836149,-0.635161318083977,0.267632875168461,33.1128162801816,-2.37325596746729,0.023588630450303,-0.348916959798088,0.178703241396482,44.6691317044888,-1.95249373806242,0.057163723395006,0.180463318975676,0.0490613713300278,11370.964800827,3.67831787174739,0.000235860319621932,-0.458225522689737,0.266915762421454,39.5625126283132,-1.71674208571545,0.0938472144009018,0.176470515801475,-0.739980529577999,0.308167114731071,0.326529547560939,0.566884736155643,0.023439277676118,0.916451045379474,0.533831524842909,0.0860263068494829,68
0,0,0.00123237441020333,0.0666907009999124,0.0829184666853947,-0.678422155085497,0.265908431143525,32.4197562682652,-2.55133751181931,0.0156428758982908,-0.332709233628789,0.18647227899646,44.551410782152,-1.78422892356619,0.0811977982668746,0.176850637637388,0.0491330245996526,10499.9696811654,3.59942501155604,0.000320390523237183,-0.476760781590767,0.251204495295693,39.8384945279746,-1.89789908428817,0.0649721842875557,0.213930207218006,-0.739591355963528,0.289556359700391,0.325508766790592,0.460015933192453,0.023079935568996,0.953521563181534,0.502408990591385,0.0577093770283954,69
0,0,0.0010408696312727,0.0731119473013072,0.100354927072251,-0.695203380088259,0.264115371671866,32.7761273161664,-2.6321958305099,0.0128347752733325,-0.344005196096212,0.182246332343129,45.1701303641427,-1.88758364392501,0.0655166270175911,0.160834744997728,0.0492208684298033,10247.3740431699,3.26761290746229,0.00108815636446871,-0.535743346666298,0.255625896590209,39.3764338548269,-2.09581014213572,0.0425754179225714,0.270261863543005,-0.801224829789591,0.285591223671142,0.329788339658815,0.343983294415392,0.0151191516214028,1.0714866933326,0.511251793180419,0.0360990363060927,70
0,0,0.000948439981696417,0.0832949696785814,0.123247456870949,-0.697504484274519,0.266941969353723,33.7706391853944,-2.6129442513787,0.0133040536377195,-0.344539104563191,0.17421802220764,43.042919727458,-1.9776318213081,0.054395902141115,0.145952911224413,0.0491302675394749,9296.19691713998,2.97073308438925,0.00297849655239472,-0.595552359673304,0.256211330880528,38.4363644153276,-2.32445753912036,0.0254803315259006,0.338303153981148,-0.852801565365459,0.28262707878983,0.324859241682228,0.231308567317892,0.00866128953153637,1.19110471934661,0.512422661761055,0.0201009847715419,71
0,0,0.00109690726870689,0.0945564043012144,0.14378318454695,-0.741541901054472,0.274031885439878,33.9695678109713,-2.70604240037302,0.0105719440062434,-0.348423272384678,0.160476515993246,45.1400243305304,-2.17117919234577,0.0352134328790819,0.159384800424099,0.0491346259617804,9582.34803731618,3.24383868410999,0.00118334644737717,-0.658560811193167,0.255405236021004,39.5920353991399,-2.57849377504152,0.0137510935259146,0.406662564149691,-0.910459058236643,0.296417588795127,0.301435404567837,0.17008693008226,0.00252431202453706,1.31712162238633,0.510810472042007,0.00992320876399355,72
0,0,0.00123756182366547,0.0915448687381835,0.148265014155866,-0.839455239819234,0.277546747428794,33.8756622432426,-3.02455441325105,0.00472503480028367,-0.336143899120996,0.153378233937472,47.6642185454889,-2.19160105375859,0.0333277229497496,0.170551326045316,0.049086147717609,9742.88548385091,3.47453067668892,0.000513974014415872,-0.66625483603993,0.249917022675718,40.8276962778466,-2.66590418254317,0.010950379143688,0.427763672762625,-0.904745999317236,0.297742251174879,0.285758156983493,0.150805755928983,0.00154484476882226,1.33250967207986,0.499834045351435,0.00767815733009413,73
0,0,0.00121001667539263,0.0463170055949098,0.12577079367232,-0.941244484761573,0.279933850858979,32.3143932492981,-3.36238179796176,0.00200021430038745,-0.241988996082062,0.157405641597834,48.6647181081459,-1.53735910368661,0.130682514694995,0.173121645968569,0.0491554807168566,10238.6258435491,3.52191949796558,0.000430299645863925,-0.588116294773542,0.242288995888783,40.9547759599613,-2.42733390600827,0.0196941651900229,0.432327296158288,-0.743905293388796,0.305298813974818,0.272104108966165,0.156752321179255,0.0062589140701356,1.17623258954708,0.484577991777566,0.0152102496768071,74
0,0,0.00146998585472335,0.0312699347462218,0.101450439740762,-0.997054171061064,0.283426079399956,30.7267678637589,-3.51786318736771,0.00137721861416785,-0.200974716553508,0.157844379770433,50.22274052815,-1.27324594544198,0.208792763619279,0.189391501282589,0.0491607519428876,10081.6567538475,3.85249398753328,0.000117645256591976,-0.508316794096582,0.234673198436385,41.5556456179927,-2.1660624114022,0.0360938574080387,0.381845890399226,-0.634787697793939,0.302900812871438,0.262996977684549,0.207442138753886,0.0157927944878092,1.01663358819316,0.46934639687277,0.0303064180607052,75
0,0,0.00231299417364068,0.0355735273870406,0.0815601975678227,-1.0042092104898,0.280490774400644,31.5008720913581,-3.58018623833746,0.00113726233573266,-0.207247876966858,0.153987495895865,49.1079109143215,-1.34587471379501,0.184523748540901,0.225067886320503,0.0489604694392443,9114.97948130875,4.59693072591538,4.34529767027043e-06,-0.428944244412534,0.21977986064659,42.894176023111,-1.95169950126725,0.0575228884222515,0.284566573747305,-0.573321915077762,0.282263470726359,0.253979655144767,0.313377941042064,0.0239859821587306,0.857888488825068,0.439559721293179,0.0509738918620384,76
0,0,0.00306087260909259,0.0219085313102027,0.109125077902577,-1.06227824090189,0.276100506350459,32.0480896364137,-3.84743315013525,0.000535645940598816,-0.158627010650893,0.159621078537714,44.0899904011292,-0.993772326963781,0.325756634135652,0.259369959262187,0.0490941969058902,9090.80649755618,5.28310830217631,1.29951240669791e-07,-0.489668070680647,0.21394204155354,42.7664762698177,-2.2887884359938,0.0270935228615494,0.402811536085857,-0.576524605275437,0.289996343312464,0.244891527768969,0.164825813577771,0.0185624226722552,0.979336141361293,0.42788408310708,0.0220916476956785,77
0,0,0.00267584962788998,0.0247417760698951,0.0928695491389206,-1.09984920763859,0.276470634942304,33.1182638321383,-3.97817731300149,0.000356319075197991,-0.17368730889969,0.167158564673681,42.5566717107557,-1.03905719242537,0.3046458564408,0.251459066627076,0.0493050346027133,9694.52855206339,5.10006875876399,3.45951447962673e-07,-0.445792911828539,0.217879616429809,40.8911686077253,-2.04605148078252,0.0472185318643289,0.337445312458812,-0.554140511198266,0.31096903521616,0.240393576877826,0.277859121514267,0.0211588127591817,0.891585823657077,0.435759232859618,0.0407513059152311,78
0,0,0.00318310945066485,0.0160892391291595,0.0827000375321289,-1.1309521182786,0.277013369879246,32.6737261855626,-4.08266257607563,0.000269583479063454,-0.147267566433244,0.180213413176938,40.8375989837523,-0.817184269678379,0.418565228650317,0.287452014695982,0.0494499931041158,10581.8611656059,5.81298391873906,6.31427283775863e-09,-0.425159729040641,0.226237417427443,39.1724778103545,-1.87926353595773,0.0676628532859842,0.340207673828531,-0.510111784252752,0.332939859019488,0.248001580482693,0.306861740755928,0.0396968805163263,0.850319458081282,0.452474834854886,0.0602085180018459,79
0,0,0.00403717888338674,0.0104527517506944,0.0850891822654863,-1.14560585379378,0.280717571340667,32.5097655541796,-4.08099089886867,0.00027275384156043,-0.119008495443847,0.18063406583849,41.0924952639626,-0.658837494973158,0.513675153671293,0.323494119732368,0.0494626814761693,10552.1899862214,6.54016543539445,6.42942018284507e-11,-0.430759809217268,0.228438693700077,38.2327404452768,-1.88566920183331,0.0669545584136688,0.374887626766804,-0.486631991667732,0.334887027679329,0.25001997992017,0.26295031934438,0.0516100208872565,0.861519618434536,0.456877387400154,0.0593395456123757,80
0,0,0.00446721648361164,0.0230157698014451,0.0641913133182333,-1.15272206686301,0.285364637239358,31.6331692413493,-4.03947061561146,0.000318370080868065,-0.171707439999241,0.166779396257646,44.994090806105,-1.02954827665872,0.308724977654251,0.315129199449684,0.0492690771701875,9116.89606506792,6.39608487817117,1.67245133305012e-10,-0.356811767164634,0.223132068909339,37.2790780455593,-1.59910571756322,0.118239446080487,0.237402101770604,-0.476221432558664,0.304691715603811,0.253768777118133,0.435888360240065,0.0605735073818936,0.713623534329268,0.446264137818678,0.109797114481734,81
0,0,0.00415156795643335,0.0116757078500364,0.0484178210862593,-1.18352484681196,0.284477725152859,30.975037920276,-4.16034276910789,0.00023376643980194,-0.127243503346075,0.177671945403571,43.4159962438255,-0.716171048034903,0.47772040476192,0.299843154558477,0.0493776567529043,8845.21546488302,6.07244600647925,1.31167734685344e-09,-0.301822509219632,0.221408697221587,36.5220339903153,-1.36319174904663,0.181167534777933,0.218817024376642,-0.384827994062622,0.304033386420283,0.264450173808515,0.471701226743058,0.145613795060802,0.603645018439264,0.442817394443175,0.172822086940667,82
0,0,0.00471791888811027,0.0100491653422009,0.0608646025654435,-1.20200243974569,0.27714727312842,31.8058562043713,-4.33705309880037,0.000136055240899558,-0.119982188670244,0.186862525118372,40.6137197355614,-0.642088019490475,0.524423970137615,0.279423187753646,0.0489481719162198,6874.60338436882,5.70855206261655,1.18690112207959e-08,-0.289165907113057,0.19451219323378,34.1007502456135,-1.48662097889932,0.146303217835032,0.211566663248364,-0.366765150977749,0.28060328917186,0.258610746654038,0.450866805128456,0.156128555856717,0.578331814226114,0.389024386467561,0.137114943798204,83
0,0,0.00515741537967779,0.0114805481285351,0.10488489180526,-1.20839646990277,0.270221783742485,33.4702133572792,-4.47186919265674,8.44959564574693e-05,-0.125766736185075,0.18356731203281,40.4169446865668,-0.685125988893905,0.497175190747496,0.278142033222215,0.04858471096924,6322.02573337847,5.72488809078875,1.08253383276615e-08,-0.361396066382789,0.183572803457311,33.07623847851,-1.96867978031849,0.0574165570365694,0.2885990239191,-0.434193108846478,0.273520339259238,0.2461952072463,0.291366695137284,0.0777971295719097,0.722792132765578,0.367145606914622,0.0489898746293459,84
0,0,0.00479566592851799,0.0173517060595847,0.112055947870971,-1.21276507728343,0.267948899119038,34.31913730746,-4.52610584059408,6.89045719630682e-05,-0.14629126378142,0.168367799282349,42.7537915243233,-0.868879111118464,0.389764887227414,0.270560756476132,0.0484148739250579,6480.90022092434,5.58838089498977,2.38520391175659e-08,-0.379433290890175,0.181616957237962,34.5866710400217,-2.08919528584011,0.0441162568437834,0.288755430451286,-0.470111151329064,0.268192931233911,0.22849546197057,0.281627474175853,0.0396458353948264,0.758866581780349,0.363233914475924,0.0366901476242942,85
0,0,0.00579690299835248,0.0111488675559276,0.125315900449694,-1.22035926214142,0.268512840380818,35.1733722965789,-4.54488232447523,6.2347463479592e-05,-0.112856995739741,0.161534736439936,43.2937569226609,-0.698654656125344,0.488504127802286,0.303189916434351,0.0483991274793543,6730.2860078079,6.26436740132729,3.9743320517308e-10,-0.409557361025554,0.18245776493333,35.1681743294637,-2.24466939609397,0.031179777373086,0.356729042941325,-0.462385679109783,0.274041862606309,0.215499118885811,0.193008040112238,0.0319009150821487,0.819114722051108,0.36491552986666,0.0247893641135398,86
0,0,0.0047093871564544,0.00768445712240982,0.069960445118856,-1.20920491078535,0.267672920147958,35.2263927820289,-4.51747195837722,6.74805987975309e-05,-0.0942470964629532,0.158830007726803,45.4681670660298,-0.59338344064721,0.55586502398601,0.297380781462833,0.0485618955199542,7925.37917142831,6.12374740068865,9.57554389542313e-10,-0.327625243511144,0.194247831482344,37.8173602582278,-1.6866352690322,0.0999073729998128,0.281398063196914,-0.373852423825374,0.27962216921188,0.224074820417802,0.314246732224351,0.0952310422288096,0.655250487022288,0.388495662964687,0.091673505885696,87
0,0,0.00334654642829687,0.0157949092404438,0.0351695446504947,-1.1670947785461,0.268796179146958,34.8194647943312,-4.34193217422193,0.000115804991271231,-0.134165786877777,0.150174513015945,49.7347079430309,-0.893399180615496,0.37594625545938,0.257735309536676,0.0487241760217285,8333.09160033686,5.28968020765993,1.25643417263431e-07,-0.24069631835884,0.200743596250479,39.4402585209326,-1.19902364436328,0.237673213942471,0.141809305793534,-0.339583330924147,0.280641241109586,0.222482788446875,0.613344923169729,0.12692638475701,0.481392636717681,0.401487192500958,0.230518751902772,88
0,0,0.00331881775710161,0.0160206342303781,0.0342794075023109,-1.1742308923744,0.270564606104136,35.8880370338604,-4.33992793544645,0.000111078754530375,-0.140259017101211,0.15381334679041,51.0716424114758,-0.911878065382267,0.366117259579815,0.261881277749413,0.0486947497189583,8685.95310031606,5.37801876507962,7.72677300381211e-08,-0.238371414511679,0.196583483556314,41.4221349433584,-1.21257091490799,0.232164522910295,0.133050411387752,-0.343692417635607,0.279615812973574,0.221437156324991,0.634193408075672,0.120638506189498,0.476742829023359,0.393166967112628,0.225293914542943,89
0,0,0.00291710083929405,0.0104131691253782,0.0314557463930057,-1.25134354176805,0.271076134515088,37.9308543420015,-4.61620697080732,4.38326106655772e-05,-0.120690498578228,0.166382893246169,50.0034309206325,-0.725378049530984,0.471601413520078,0.247320943320607,0.0486001820268231,8851.68238906431,5.08888923881205,3.67568967552638e-07,-0.222055667429881,0.189716278665038,42.1826639793966,-1.17046185489407,0.24838539054868,0.133911789545637,-0.310199545314124,0.275175920209061,0.230998628256156,0.626513008861782,0.179316290921937,0.444111334859761,0.379432557330076,0.241815156138061,90
0,0,0.00272715418065011,0.00763538678457274,0.0649761645113289,-1.33697899314021,0.273890459225327,39.3828600018666,-4.88143689605594,1.7827678570885e-05,-0.10812735320406,0.180964817841605,46.4005439625811,-0.597504832672514,0.553075338989808,0.237316134220021,0.0485518507993567,8736.69657855375,4.88789058115918,1.03736821080693e-06,-0.313714119679196,0.185926880191493,40.9687183710606,-1.68729835812923,0.0991467176341925,0.251567734120423,-0.375860505237968,0.279380373255636,0.240894726949301,0.367881437430906,0.118696394036509,0.627428239358391,0.371853760382987,0.0915459965565208,91
0,0,0.00315368987140524,0.00289649722504002,0.117695742062663,-1.3929228643216,0.275719889629338,39.680081097051,-5.05194915823507,1.0216966663962e-05,-0.0693411976511262,0.196152442699551,43.019203034279,-0.353506674180637,0.725435217392551,0.252592540760512,0.0486222571981221,8530.60892096309,5.1949982439373,2.09455019410283e-07,-0.415753938453521,0.183872510380022,38.3262878230717,-2.26109894075113,0.0295100281080522,0.407349648621466,-0.424158228285576,0.29122477183623,0.248382159519371,0.161888995831264,0.0876950010728333,0.831507876907041,0.367745020760045,0.0237531309674958,92
0,0,0.00331261488908877,0.00460339624538321,0.13034446609488,-1.39621006693046,0.275871083799968,39.2587646671343,-5.06109610220274,1.01699839146034e-05,-0.0860729071784098,0.192316688252606,43.3128534230969,-0.44755818104227,0.656702547126082,0.251265519621796,0.0484584902140259,8089.35780880149,5.18517020468519,2.21043526428039e-07,-0.42141199991645,0.175417703163123,38.5053985797814,-2.40233449827224,0.0212151356203958,0.397105300626002,-0.445718699206897,0.281463551113446,0.240978131996075,0.158286281163566,0.0643679032018615,0.842823999832899,0.350835406326246,0.0162908043270488,93
0,0,0.00322958072974427,0.0273326541721883,0.137296935861187,-1.38390729537404,0.276504974727613,38.735669940448,-5.00499962699525,1.25174957768384e-05,-0.197302651159032,0.175482867962632,44.9861600767037,-1.12434138699538,0.266831958822345,0.234325473448443,0.0479731553092901,7363.62111607848,4.88451243070653,1.05872390773977e-06,-0.403991631698931,0.161477108892109,39.3299418016819,-2.50185078535718,0.0166208618865147,0.265901891215106,-0.542081372182756,0.25553427151384,0.222751542333103,0.298074080685161,0.0149507625639533,0.807983263397861,0.322954217784218,0.0123545983173282,94
0,0,0.00319263092419877,0.0321820405007097,0.140749666637138,-1.37060132533856,0.273653984045707,38.0134329386881,-5.0085195365167,1.2917374741875e-05,-0.204604961765451,0.17156737556322,42.7703699297839,-1.1925633360875,0.2396148127802,0.230923925902097,0.0478393119181122,7274.95882317778,4.82707456782355,1.41379191540112e-06,-0.413690356317717,0.162076488675244,39.7725182552205,-2.55243903479817,0.01464330326479,0.269719843867025,-0.557660868768408,0.246169951168004,0.225999788755023,0.273225325998553,0.0136049476410659,0.827380712635434,0.324152977350488,0.0106971628683676,95
0,0,0.00291647557199743,0.0320642535004375,0.110485682771371,-1.3790093340736,0.268445465065039,38.0405887311474,-5.13701855138245,8.6247657297863e-06,-0.197003044753663,0.169723153024602,40.6713969806484,-1.16073170479638,0.252518856135918,0.220691152095251,0.0476794247464771,7324.55132726271,4.62864544336932,3.74402787392252e-06,-0.363019182508162,0.161326642386798,40.7656055083702,-2.25021222246592,0.0298967707506794,0.219223731032723,-0.506814633983602,0.244648223015724,0.223874992032492,0.370211453868317,0.0235846521038547,0.726038365016325,0.322653284773596,0.0244354767916986,96
0,0,0.00292976224779455,0.0248855535459221,0.0735949405172706,-1.35652707612936,0.263488120479513,37.6804656637598,-5.14834245149519,8.52019221020806e-06,-0.155983513746913,0.154019117153333,40.1898536032563,-1.01275423875872,0.317236156143724,0.209654486963169,0.047315749709733,6681.7503604854,4.4309661846073,9.53091395752074e-06,-0.283317011555967,0.157338786905647,40.8156454946598,-1.8006813013365,0.0791457107857523,0.16885917205998,-0.397774851051953,0.22884680347713,0.211309430591997,0.460593500789585,0.0597778872124392,0.566634023111933,0.314677573811293,0.0717531264740205,97
0,0,0.0034093535846553,0.00868870283859184,0.0496756584651738,-1.34817758680689,0.257898982314666,37.8028825696015,-5.22754132143863,6.59617976420484e-06,-0.0796142167404507,0.13533607158763,39.4829171760019,-0.588270486992083,0.559700999873068,0.217649714974048,0.0471989720979142,6215.78360546964,4.61132319836403,4.08124699266978e-06,-0.236834269824819,0.161907869141344,40.933737137391,-1.46277182870009,0.151166221327336,0.191932768308173,-0.281735771341466,0.228100006397263,0.194847331649041,0.40010075084501,0.148196593049757,0.473668539649639,0.323815738282688,0.143529824045129,98
0,0,0.00454935577616335,0.00159284927283006,0.0502007284760222,-1.35378378181823,0.253226340506808,38.5803224218141,-5.34614123913321,4.30339048503261e-06,0.0361100800246013,0.141940106483703,40.5676312188178,0.254403641924471,0.80046890595524,0.281108613022276,0.047818834246081,7561.71258773684,5.87861702306794,4.31288926889649e-09,-0.273437827415611,0.189115271778339,39.553580200481,-1.44587914473722,0.156088814668038,0.34962559316329,-0.197250061667931,0.26625995067197,0.208372713797162,0.189149694308191,0.343831755735489,0.546875654831221,0.378230543556678,0.148211102380454,99
0,0,0.00430612125717598,0.00293951101017394,0.0343019529722109,-1.33120761084796,0.245048946939917,38.9125084107702,-5.4324151459192,3.19593146048306e-06,0.0535084211315058,0.149679670877609,43.3475992086064,0.357486229210504,0.722462567103988,0.29453467585167,0.0481344658913575,8657.65213577943,6.11899748750621,9.82541534796408e-10,-0.234934909139247,0.199700006314143,38.9638135152391,-1.17643916730617,0.246556981689385,0.322877656870164,-0.14699216140833,0.275607236991107,0.224968268839082,0.241392350041214,0.513504470775447,0.469869818278494,0.399400012628287,0.239419428033091,100
0,0,0.00439839218034622,0.000384452280417509,0.0152777279119311,-1.29600202689359,0.243948586295412,40.012839043734,-5.31260314550128,4.34859123595141e-06,-0.0187314327414826,0.138749471544637,47.3881637124196,-0.135001831235491,0.893182227401554,0.286913964793112,0.0479479985836044,8105.01914572133,5.9838569547973,2.27173327121688e-09,-0.152963260282086,0.19478732353212,39.7473219318485,-0.785283444057708,0.436943462373249,0.15665159853829,-0.149274922025883,0.254570452283831,0.22384236176833,0.538319270749335,0.504851846810476,0.305926520564173,0.38957464706424,0.432287400539343,101
0,0,0.00381751350238411,0.0123227936376657,0.0235129006047634,-1.31620322940545,0.245360684926303,41.1279030794185,-5.36436075649522,3.42219381140811e-06,-0.108865746381194,0.137611344040918,50.1625829866113,-0.791110261584418,0.432604370282481,0.267452145344248,0.0479740636638458,8110.31043864798,5.57493205533482,2.55573301197635e-08,-0.193693219208916,0.197696585175619,39.8649112012838,-0.979749948826139,0.333118271303406,0.11321701951011,-0.274169418907722,0.26160273281911,0.220915984559389,0.66517296910227,0.214584542657401,0.387386438417831,0.395393170351239,0.327209563784277,102
0,0,0.00324950672237622,0.0213671709537799,0.0353603457805978,-1.33606494061337,0.246090326640875,41.5077562655249,-5.42916480647822,2.70238436373602e-06,-0.148122475043705,0.141616096921103,50.1059654917328,-1.04594377520676,0.300606678581892,0.244844457712608,0.0481421734013645,7934.10949142295,5.08586215398552,3.74339301477724e-07,-0.239464524822302,0.199339586398601,39.3680470398822,-1.20128936328516,0.236816489428352,0.12644028054777,-0.352488769096834,0.265383953349222,0.224465342348328,0.633758930874659,0.116334102813607,0.478929049644604,0.398679172797202,0.229638975034033,103
0,0,0.00233382870372508,0.0328766880792616,0.0266231182106348,-1.34758475175573,0.248889908873784,41.9824221335627,-5.41438083148283,2.75073730042801e-06,-0.182786556242941,0.14030660078648,49.925921062839,-1.30276519578082,0.198632101722392,0.200626901744665,0.0481060658081662,7435.23878119468,4.17051152228307,3.07370897304216e-05,-0.2044820617624,0.195667153281629,39.9297585854816,-1.04505052755627,0.302285164252539,0.0516663690418063,-0.357297754482993,0.253740760778273,0.22751624565766,0.83865146279396,0.116315703596596,0.408964123524799,0.391334306563259,0.295999617383345,104
0,0,0.00157924119910121,0.0536197530726872,0.0151475068637138,-1.38383864664071,0.252022389008046,41.1756887471589,-5.49093535732069,2.25797347205591e-06,-0.232374687990059,0.137121531761555,50.6882368141036,-1.69466228246446,0.0962756975674415,0.171287280026477,0.0483150246852473,7946.04373863236,3.54521768626517,0.000394545689617067,-0.166736697989104,0.211107988089637,40.5586125684312,-0.789817095496675,0.43422808985341,-0.0411994511065022,-0.37467284708471,0.266980805679339,0.236244125277417,0.877360460882081,0.112749234289387,0.333473395978208,0.422215976179275,0.42963459365686,105
0,0,0.00148876689647631,0.0550135034857816,0.0189066509418375,-1.42961538592088,0.252616970134137,40.9532452640281,-5.65922148920466,1.32422757589733e-06,-0.235250685305336,0.138816083511365,49.3331127831521,-1.69469329024886,0.0964381088812513,0.177208031394766,0.0484510912912209,8971.93104009552,3.65746212669672,0.000256183293240074,-0.203141916943962,0.230443645366028,40.324161430145,-0.881525357843123,0.383257994981215,-0.00233432939141681,-0.408618163279341,0.297347397014117,0.241752207981194,0.993736261797779,0.0909829099324784,0.406283833887924,0.460887290732057,0.378033535254716,106
0,0,0.00156835917340123,0.0241528444868896,0.0231745939613343,-1.48516049329621,0.250074785297348,41.378729123591,-5.93886541392128,5.12003348827943e-07,-0.156156274901446,0.145770067821316,46.3655786834542,-1.071250615681,0.289601464134906,0.181222845922893,0.0483026244607074,8961.0158030673,3.75182193402994,0.00017666172988146,-0.214803993607777,0.222515778734571,39.279675451366,-0.965342749306812,0.340279252671091,0.0901314641311712,-0.339476523084382,0.301897945927143,0.231812682443082,0.765283844200781,0.14307287228961,0.429607987215553,0.445031557469141,0.334373166497625,107
0,0,0.00171017363208621,0.0124487332486408,0.0201394239229169,-1.54050047793729,0.249346124795789,40.4489103371186,-6.17816089662088,2.54268607875923e-07,-0.114686646555468,0.151405587981587,45.5172891850758,-0.757479615411654,0.452666301844024,0.183853610790871,0.0482195265565264,8486.23164751402,3.81284562334607,0.000138348702805866,-0.195957818899705,0.219777671043558,38.6790056561413,-0.891618415871136,0.378110802207716,0.109992640602925,-0.281922997196484,0.297248895509727,0.238043377884945,0.711356047340915,0.23628065673943,0.39191563779941,0.439555342087116,0.372597495837854,108
0,0,0.00183885004593879,0.0188946022591482,0.0211570036268608,-1.56346369070469,0.253022233969742,39.2187006535282,-6.17915535000638,2.85714268020628e-07,-0.132940715575131,0.142118699127037,45.4350999686313,-0.935420295793007,0.354517099508118,0.186702461901801,0.0479807530858386,8219.02528428252,3.89119490408553,0.0001005394638213,-0.205481059616741,0.223268879878076,39.1873669258218,-0.920330051053024,0.36303134969317,0.102657630326393,-0.308304488907089,0.290356124631396,0.239926156232507,0.723670414027491,0.198793189744143,0.410962119233482,0.446537759756152,0.35740030977734,109
0,0,0.00203706237446023,0.00666065210337095,0.0272086638124623,-1.59443089860142,0.260002398027664,37.1206192425153,-6.13236997310992,4.10405205788442e-07,-0.0773359945810869,0.14342062949528,43.3631667129633,-0.539225039335307,0.592489614618182,0.200723959928631,0.0478813651404748,8609.45122486513,4.19211021531539,2.79136854946043e-05,-0.226012720866892,0.213007460913606,40.2521067340965,-1.06105541983133,0.294989904241187,0.181803330903509,-0.270222110830274,0.288882514498535,0.226289779646681,0.529131000131947,0.232422459630474,0.452025441733784,0.426014921827212,0.288664715978299,110
0,0,0.00182435607444663,0.00889069543821505,0.0316831122903164,-1.61914678718043,0.269289684863193,36.4945505269655,-6.01265803405357,6.35231070531522e-07,-0.0916976133316834,0.144525961422487,44.8755878091483,-0.63447156780108,0.528994559582876,0.188159545788188,0.0476888575548614,8517.57637761083,3.94556622732529,8.02509384091738e-05,-0.231285151547672,0.198764758466819,41.3815165945994,-1.16361246999569,0.25124671092813,0.173486921135138,-0.289083381960206,0.280708407657809,0.212644011679769,0.536553910250367,0.173997363968794,0.462570303095344,0.397529516933638,0.244581095576609,111
0,0,0.00188218442847994,0.0264310277325326,0.0275176875411869,-1.62935640389612,0.277210941267528,34.7953957452841,-5.87767710915736,1.1426899805657e-06,-0.156890303641722,0.138788284032184,47.0694657183535,-1.13042901809593,0.264022893967414,0.191151761390169,0.0476881223542793,8520.31779471828,4.00837256644506,6.16597468029608e-05,-0.221251560599888,0.204091190364862,41.5330613920116,-1.08408187636295,0.284581666540364,0.0967900199982744,-0.345713101201501,0.28401542883212,0.211315923208153,0.73326061352182,0.101839338969379,0.442503121199775,0.408182380729724,0.278328497792242,112
0,0,0.00218596189927082,0.0403186783737273,0.0394371866701642,-1.6910604785042,0.278175259916303,32.683106393481,-6.0791188943726,7.94158711187301e-07,-0.194634057867428,0.139740205897356,46.1759321472818,-1.3928279024463,0.170342019574524,0.206411710611488,0.0477388187359296,8533.60134823959,4.32377080281914,1.55127404716616e-05,-0.26454050031114,0.203760658528838,41.0547596110654,-1.29829036783222,0.201433719722584,0.108680050077674,-0.420400950544606,0.281815564924553,0.214040461302448,0.699761476402036,0.0495162858689506,0.52908100062228,0.407521317057676,0.19418757503134,113
0,0,0.00180554417880431,0.048355016188388,0.051265886415486,-1.73230182709822,0.274867166009325,30.4993760875226,-6.30232359960903,5.58935637737023e-07,-0.222861506199575,0.148308711423023,44.4396090151101,-1.50268655199831,0.139993352737765,0.185376965862299,0.0477921170912226,8317.75328755304,3.87881887526479,0.000105774054234248,-0.282488258849956,0.18635058083168,42.5260796186686,-1.51589685199378,0.136944095056099,0.101030956910094,-0.463945560789818,0.272149235345044,0.206183378374456,0.710463503900402,0.0244387996496891,0.564976517699912,0.37270116166336,0.129545436449182,114
0,0,0.00209727721153157,0.0310449627503945,0.0396880062812187,-1.7599956245677,0.276272209672835,28.9690415242256,-6.37051271516563,5.82218286683032e-07,-0.18941965221884,0.159989099299779,43.7503734656546,-1.18395348838058,0.242824278992876,0.207378922299938,0.0481278708718485,8834.22177028321,4.30891536532193,1.65833879814869e-05,-0.25506291821896,0.191084722576483,43.1117633204225,-1.33481585958223,0.188943304134296,0.103027747776495,-0.407098088661424,0.28153784085219,0.219028684314271,0.714405102580018,0.0630764900336779,0.510125836437919,0.382169445152966,0.181936621465005,115
0,0,0.00287658553705142,0.0105100782990504,0.0266852656653817,-1.78524868219368,0.276224742342698,28.2700201101942,-6.46302958617231,5.08020729267862e-07,-0.110444940261059,0.161875675098609,43.8262071953226,-0.682282499787446,0.498650756502133,0.250211310106411,0.0482193406214452,9333.46624314478,5.18902388298381,2.15842890225422e-07,-0.221886076014612,0.206187295127754,42.2394314734615,-1.07613844915678,0.287973699068615,0.14396289949374,-0.299809252535484,0.284504822416059,0.24088082881991,0.612848113826392,0.213265121116764,0.443772152029224,0.412374590255507,0.28186534221566,116
0,0,0.00345396962473286,0.00262748333484336,0.0184262910585076,-1.79316842222818,0.277515040440392,27.9184940328464,-6.46151797532337,5.40882299235424e-07,-0.0551675088417453,0.159259003283182,45.5487209836832,-0.346401193681029,0.730636372961783,0.266688739813169,0.0479381299860269,8929.47715782186,5.56318612951535,2.7254102924615e-08,-0.187540360660531,0.211463315970593,41.8990723779369,-0.886869478045125,0.380211631331494,0.159860576198344,-0.215220145122718,0.270361215334401,0.257216473790719,0.55432936683364,0.402745652677166,0.375080721321062,0.422926631941186,0.375149176000711,117
0,0,0.00277964706120331,0.000340801804816088,0.0130738460363431,-1.78297375576037,0.280582195167047,28.8326122129878,-6.35455059683622,6.21025034446138e-07,-0.0200412981288388,0.16124740242069,45.3123225409612,-0.124289122354676,0.901636096591679,0.223254549574138,0.0475769329810764,7899.67509159554,4.6924956188945,2.74433107659958e-06,-0.155895942213714,0.212872920061921,40.4864855325074,-0.732342761908686,0.468178026354043,0.158704257236782,-0.153087627190647,0.244335865561809,0.279755960992936,0.51599379274871,0.584228652744319,0.311791884427429,0.425745840123842,0.463959385239106,118
0,0,0.0024134510028361,6.21121739552222e-05,0.0184084557343359,-1.81001327678582,0.279239379027352,30.1866897875076,-6.48194134756519,3.55132423682349e-07,0.00895626472661021,0.172108824387793,43.5957207070007,0.0520383818695436,0.958735828293977,0.200822380520121,0.0474443246027983,7405.72843933463,4.2328009135212,2.33585998848615e-05,-0.1782425884619,0.208189447735082,39.0857982172725,-0.856155729317804,0.397130167049757,0.21332380638303,-0.14316137054077,0.226553187763566,0.295712633694784,0.346394474802021,0.628298379567735,0.356485176923799,0.416378895470163,0.391911646381939,119
0,0,0.00209076098710585,0.000139231776349224,0.037838956488361,-1.84226870015872,0.273273957419618,30.3085898880874,-6.74147188248119,1.7013827675383e-07,-0.0137222038491505,0.172706437148704,45.334814974153,-0.0794539223650094,0.937021274815006,0.179166698339652,0.0471371268722546,6895.64701087777,3.80096773452502,0.000145374081462672,-0.237524491649833,0.193934377811598,38.1430845078781,-1.22476733795274,0.228173161427201,0.258616168593433,-0.216432814706232,0.213290126052833,0.286990178349801,0.225317651326972,0.450760889786378,0.475048983299665,0.387868755623196,0.220662894524703,120
0,0,0.00192674158793951,0.000254051191925419,0.047230965960139,-1.81558256113406,0.272622415618775,30.3248734760538,-6.65969655141237,2.12560842148561e-07,-0.0188885339188674,0.173486892276722,46.6478446378668,-0.108875856100639,0.913767958307136,0.170078617510893,0.0471034573659081,6753.5607618475,3.61074594142192,0.000307531780257934,-0.256795779913676,0.187023892248699,38.0314066357461,-1.37306403383048,0.177774425747906,0.275545712697333,-0.23804584713002,0.212245964744746,0.280485109803561,0.194205667670801,0.396051948175301,0.513591559827353,0.374047784497399,0.169732440888135,121
0,0,0.00187592543735379,0.00355968863396114,0.0439776700921711,-1.79535859648506,0.272000795769254,31.0106475335815,-6.60056376455648,2.24589769236472e-07,-0.0694279967794675,0.173646647722088,44.7482173620278,-0.399823421242103,0.691188752615795,0.1776045313474,0.0474730186354594,7447.03417539938,3.7411678560238,0.000184543456730315,-0.271528098285239,0.203179586897122,38.8244425861383,-1.33639457797857,0.189200184029453,0.241897878905168,-0.301158317665311,0.223897778784262,0.292824336020355,0.279966643104781,0.303733174531414,0.543056196570479,0.406359173794245,0.181420337603277,122
0,0,0.00240814122558949,0.00362060887723446,0.0349018766995211,-1.76447625325503,0.267181394729292,32.8402121397698,-6.60403863466164,1.68782423746435e-07,-0.0677811591953989,0.167470435065287,45.0800937811034,-0.404735075590953,0.687586374165269,0.198244431256844,0.0474814433687628,7221.46170026549,4.17519808143122,3.01226314942371e-05,-0.244778953305745,0.207623408544828,38.434231776928,-1.17895643377271,0.245662714152252,0.212874958784057,-0.276682947827433,0.232789311254947,0.286643623289843,0.360478694905367,0.334419276080465,0.48955790661149,0.415246817089656,0.238415524160653,123
0,0,0.00295694691473975,0.00243665764040808,0.0420426922979234,-1.74165443674591,0.262084305100754,35.5351602152482,-6.64539769398384,1.02411200976911e-07,-0.0555791893195598,0.162391017589527,47.9563783001697,-0.342255317717428,0.733654250771701,0.22201046956447,0.0476644632100886,7315.22825717731,4.65777761066822,3.25287219901866e-06,-0.264876465972614,0.206881980432556,37.3505543811682,-1.28032642291417,0.208324797417044,0.248120126655277,-0.281632805289951,0.250369957762836,0.269062833645552,0.321678757162716,0.295229840827276,0.529752931945228,0.413763960865112,0.200430358629496,124
0,0,0.00304104388477993,0.00113887033769047,0.0378577375582095,-1.70189796513579,0.254190628894049,36.8057638736935,-6.69536077132558,7.42826858523714e-08,-0.0373268968555479,0.156062018426666,50.1741663688191,-0.23917989291602,0.811940424340751,0.231534197079232,0.0478531837683693,7674.73176166571,4.83842826842955,1.33422199000341e-06,-0.24957637391415,0.206821608269975,37.0083527225079,-1.20672291450497,0.2351959855241,0.248829797975333,-0.250322949852967,0.263429030601261,0.252670157220747,0.344873333371582,0.321827016485884,0.499152747828299,0.41364321653995,0.227538871323742,125
0,0,0.00270984599316336,3.3200916362339e-06,0.0182127110296788,-1.64241802929777,0.251062737807318,37.5481373068369,-6.54186297672841,1.08905038178704e-07,-0.00193955742827752,0.151482327888307,49.3775835812608,-0.0128038528012827,0.989835876494176,0.214403243199611,0.0479633579776914,7353.9464094467,4.47014663358921,7.93379601108345e-06,-0.171804919116826,0.207445876378698,36.9746766112911,-0.828191536587557,0.412876074937359,0.195046747962429,-0.148563090271224,0.269496575954146,0.243762108625079,0.46922241800875,0.542220025372759,0.343609838233652,0.414891752757396,0.407562036125431,126
0,0,0.00172178697757122,0.00558793102700374,0.0115556693393964,-1.61550152415257,0.247369704777488,38.496126610659,-6.53071695099338,1.00772669263813e-07,-0.0811582502594748,0.156455857201466,47.8847304950634,-0.518729382914495,0.60633854270577,0.182841624933967,0.0482289493456338,8333.10236100849,3.79111772938755,0.000151029277792541,-0.138766359718261,0.208448342509475,37.9078023300278,-0.66571102484038,0.509626630895389,0.0779470457584484,-0.199585673678074,0.287884435204071,0.234892311270442,0.786577079634227,0.39549739870073,0.277532719436522,0.41689668501895,0.505595825283852,127
0,0,0.000867615503297954,0.0306167892290798,0.0052391040080939,-1.59222355624948,0.248390146783463,39.060357129872,-6.41017196884836,1.38697415157019e-07,-0.192422192783433,0.157021161872374,47.5477307690423,-1.22545388461609,0.226439902797498,0.135918489507872,0.0482892291471467,9123.30650534338,2.81467507161281,0.00489311752347222,-0.0946569222979152,0.211682477784788,37.9661555724306,-0.447164655707357,0.657296934946913,-0.083891438838942,-0.273205283434772,0.304246833245523,0.224924674493256,0.782751767054813,0.224498715174879,0.18931384459583,0.423364955569577,0.654756178772624,128
0,0,0.00061149914624019,0.0388389236993674,0.00364612633495208,-1.55430149529716,0.251194737713288,39.2301028536365,-6.18763557487907,2.77735811392781e-07,-0.211361248825919,0.154395894095508,46.3775954353056,-1.36895640952195,0.177606986804134,0.117666721420288,0.0483780160295208,9668.29048567249,2.43223536385797,0.01502397772519,-0.082944717931827,0.221574973135541,38.2928737293284,-0.374341545699244,0.710215247464358,-0.116259352902005,-0.282148788765659,0.312678247796491,0.229366376535541,0.710028474858027,0.218651156874028,0.165889435863654,0.443149946271083,0.708150226254118,129
0,0,0.000476464610944823,0.0385592635312203,0.00449999838050209,-1.53826222641378,0.250641959558284,40.1360745848053,-6.13728933944148,2.99142329702873e-07,-0.221143479715866,0.162432941094188,46.2161592474706,-1.36144477977305,0.179973990495006,0.110647977521743,0.0486041661748658,10871.8222087522,2.27651220522246,0.0228347217466712,-0.098105936042108,0.233660525619927,38.9985787969995,-0.419865254440485,0.676888103321872,-0.108658191301682,-0.304870063385898,0.329247463600563,0.24191842459618,0.741384980116042,0.20759056696618,0.196211872084216,0.467321051239854,0.674583891528013,130
0,0,0.000475676710773287,0.0429650257292129,0.0129898653938944,-1.54495655831869,0.250364074397515,41.1014587775717,-6.17083965435747,2.44889692473149e-07,-0.241126352588607,0.167747083259521,46.0248234782785,-1.4374399119391,0.157357428229733,0.107999913515867,0.0485253750114531,10408.556235772,2.22563789543876,0.0260597826138689,-0.156084112236388,0.223054909957448,37.2058116689514,-0.699756451297864,0.488431797137015,-0.0621650471865937,-0.374333271659371,0.330392203029314,0.229685679645424,0.850754904640028,0.103151551104076,0.312168224472777,0.446109819914896,0.484079415490947,131
0,0,0.000577711255153665,0.0323569962323969,0.0130671683142761,-1.53451311390078,0.249868171254163,40.9001092278866,-6.14129085028556,2.74873392901158e-07,-0.213419224819169,0.170110489220153,47.0708295041311,-1.25459179970358,0.215820959663739,0.113541088905219,0.0484673919986558,9493.90779422408,2.34262839866375,0.0191689856143491,-0.145193349810262,0.212061928254942,35.4057786227417,-0.684674288331988,0.498007316967669,-0.0469449370429546,-0.337331636663478,0.321598683215773,0.224168523147476,0.883942181446718,0.132372242180415,0.290386699620523,0.424123856509885,0.493549477326478,132
0,0,0.000776065105305011,0.0174939889598182,0.0132407581571881,-1.54424172362319,0.247312090090627,40.9530298343261,-6.24410122067752,1.95351242649364e-07,-0.157711891306731,0.172519140285995,46.935416625394,-0.91417039897882,0.365299877503644,0.13518036353029,0.0485232945908147,9992.89515694019,2.7858859269601,0.00534822524937105,-0.148878336021259,0.215913594780015,35.4324665222201,-0.689527383270815,0.494982768959332,0.0129874898070416,-0.284769182235477,0.332502063370427,0.221802127768605,0.968842649793287,0.199181001406742,0.297756672042518,0.431827189560031,0.490491447126543,133
0,0,0.00108233070852396,0.00563623660904434,0.0182439521988753,-1.5566411581258,0.246518423131781,40.81369596901,-6.31450233353823,1.57307452357093e-07,-0.0888716046984499,0.173266961571231,46.4141709682082,-0.512917199519969,0.610441942465277,0.165950558275821,0.0485150090584146,10798.7855422828,3.42060243822706,0.000627139083135757,-0.184312744788635,0.223227527864783,36.6859604580772,-0.825672113791809,0.414327418175551,0.122455793952137,-0.246169695625133,0.340811270328225,0.225754512071717,0.719365616391551,0.275523376824824,0.36862548957727,0.446455055729565,0.408990115244591,134
0,0,0.00131105194103704,0.00638898622241916,0.0190462011440405,-1.55225202492848,0.250140904504755,41.6088214320966,-6.2055105621439,2.08420808698932e-07,-0.0892641414231484,0.161870542070001,47.2936537378318,-0.551453898168489,0.583918806693907,0.159571124885197,0.0481279318894621,8373.83808501237,3.31556164207706,0.000918481280429757,-0.168871082932063,0.203686731630312,35.4017951427787,-0.829072574243868,0.412618629125278,0.1043583164501,-0.233383849414025,0.296659959778888,0.225861042951646,0.725005089668193,0.301460143292038,0.337742165864125,0.407373463260624,0.4070633417354,135
0,0,0.000959445795354892,0.012969834452264,0.0153489540570483,-1.53745348043851,0.251242261335573,41.5193237810281,-6.11940631431032,2.79132091797245e-07,-0.121113795179092,0.154591152161635,46.7104392776916,-0.783445840758465,0.437319877810993,0.127588958127125,0.0477651932535557,7429.60590532395,2.67117014370348,0.0075752066906536,-0.13937286560225,0.19195202661525,33.8200788669286,-0.726081761468505,0.472783952902812,0.0386869020758789,-0.240058829128622,0.279731567467765,0.21525143025403,0.890003251222361,0.264743958881962,0.278745731204501,0.383904053230501,0.467788649203458,136
0,0,0.00118519487499351,0.00372547932878373,0.0319125139704601,-1.55233072644072,0.24696141072906,40.8898312020848,-6.28572181320981,1.71529561055028e-07,-0.0662777265465815,0.158608172183511,46.6961365922824,-0.417870817336561,0.677956918667608,0.137726763792806,0.0475566461293331,7068.210161781,2.89605712350383,0.00379042388428766,-0.191662907388005,0.184805696812186,32.6286437856478,-1.03710497400298,0.307312132878034,0.153477145437794,-0.229848669338216,0.272240808186169,0.21681732448241,0.572920809298207,0.289097799363674,0.38332581477601,0.369611393624371,0.299686937346929,137
0,0,0.00170192667200645,0.0011794905324413,0.0575050636512372,-1.57533786093109,0.244748272416218,40.7360063826435,-6.43656376152911,1.06448168075954e-07,-0.0369511025236651,0.159233784670821,45.6013142470472,-0.232055669593316,0.817533042208927,0.160188234306773,0.0475488880548245,6657.32695584537,3.36891651645089,0.000758927738395664,-0.250410953047498,0.179845180607229,31.7747374468124,-1.39236954919787,0.173478911567884,0.250162495409173,-0.250659410685823,0.269232111338772,0.213264517015114,0.352800810144929,0.239856667473539,0.500821906094996,0.359690361214459,0.163810520591062,138
0,0,0.00201273366556162,6.69102058097515e-05,0.0839475296612592,-1.60087848703281,0.245246387972709,40.5556727561571,-6.52763329265,8.06685799649993e-08,-0.00861968854447514,0.155429355341171,45.9616520438113,-0.0554572752718092,0.956014543226999,0.182223237459625,0.0476873233165872,7240.02912471543,3.82120917649077,0.000133910811094478,-0.324956608393415,0.187753904725887,32.6877645152735,-1.73075819045062,0.092926269857604,0.363965695091633,-0.285947521695196,0.281906076866953,0.207741647775003,0.196672989860396,0.168680077463635,0.64991321678683,0.375507809451774,0.0834949017580822,139
0,0,0.00266820112800372,0.000372805453991514,0.0818943863259771,-1.60561126288521,0.244163139019518,41.0152490487361,-6.57597731309009,6.55297255088375e-08,0.0200171684110668,0.151693620554456,46.6902777311449,0.131957878900259,0.895584625065812,0.215397072073584,0.0476461119322226,7639.16271504182,4.52076913180219,6.25438888865487e-06,-0.330450377832598,0.188110441879011,34.595945821471,-1.75668280044304,0.0878208111907332,0.398901541331395,-0.261999214333801,0.287997865952411,0.196976833190862,0.166026459744339,0.183484776135323,0.660900755665196,0.376220883758022,0.0789718907943863,140
0,0,0.00268482269750883,0.00272301917679297,0.105803558379242,-1.63449831601437,0.242488656529193,42.6231668221055,-6.74051454368792,3.19011628463471e-08,0.054789795363003,0.154501582682981,46.0573118282315,0.35462287448165,0.724490781385048,0.224922893591543,0.0477470745124341,8243.10073084535,4.71071570118855,2.50887423881105e-06,-0.394443778797767,0.190804603376513,36.1181242719294,-2.06726552618552,0.0459321625311425,0.507047059410754,-0.281840498184779,0.2998243981039,0.192009256741533,0.0908087763784378,0.142145381737005,0.788887557595534,0.381609206753026,0.0387091407699027,141
0,0,0.00324588704052381,0.00395990692721331,0.13684329054214,-1.63454053272582,0.243108785151063,43.520593512431,-6.72349430609901,3.06258809342326e-08,0.0664541890920159,0.155261042180695,46.0799048312742,0.428015863855117,0.670633472047375,0.231667711173098,0.0476568969222686,7256.61577902502,4.86115811423816,1.19153378924004e-06,-0.420600940890603,0.177415831996938,35.4504601988669,-2.37070692145367,0.0233173977281352,0.548702461235816,-0.292499420545391,0.284295937144909,0.188718116528386,0.0536019119484048,0.121158890316421,0.841201881781207,0.354831663993876,0.0177541029355274,142
0,0,0.00527900186772251,0.00018213108938945,0.132761840134645,-1.58094666336915,0.243369187103401,43.2279165208635,-6.49608392165706,6.78046151888898e-08,0.0144401714376576,0.155984524010676,47.0455427956815,0.09257438537088,0.926634795599176,0.264190851383323,0.0473723328227266,5860.5108639862,5.57690186742457,2.55784737817413e-08,-0.363759313807453,0.159433393508126,34.004373654664,-2.28157543287136,0.028896078885159,0.431515559306286,-0.29600306830862,0.254836374490697,0.193623822823085,0.0903975372397532,0.126325600408597,0.727518627614906,0.318866787016252,0.0225144185127435,143
0,0,0.0061980201332987,0.000170666098509022,0.142218703141374,-1.55779527765161,0.240180587063165,42.2986959702267,-6.48593334165649,7.70039377168255e-08,-0.0138957449720241,0.157105187992942,45.8312001806484,-0.0884486702797388,0.929905443684029,0.267722034571821,0.0471477495431892,5170.03130655205,5.67836295826965,1.43411229245323e-08,-0.347354527908925,0.149618233194809,32.5084859773426,-2.32160559907599,0.0266726601823628,0.384370413326879,-0.310338642490972,0.238516368706218,0.197275585850961,0.107069613780076,0.115690479804939,0.69470905581785,0.299236466389618,0.0202541821370602,144
0,0,0.00464940473253596,0.00171595194182778,0.154891800271541,-1.58519086646595,0.23767893856579,41.9923366372595,-6.66946291510454,4.3291699052267e-08,-0.0437456516330788,0.158718501782685,44.1940375694365,-0.275617846323768,0.784126268514892,0.23509198488993,0.0472397927645741,5301.98390703516,4.97656681225388,6.67681843192643e-07,-0.369178722870791,0.152604363124587,31.9317935449341,-2.41918851670966,0.021429463824008,0.379543466169918,-0.358813979571665,0.24567578835997,0.196892296999716,0.122371496546086,0.0683962725227253,0.738357445741582,0.305208726249173,0.0155551763948514,145
0,0,0.00361214728715845,0.00479700206740138,0.179944980157509,-1.6060650920239,0.238702884158416,40.9128883760654,-6.72830199637651,4.03201939386832e-08,-0.0755502694916773,0.165669694421912,43.1447208340589,-0.456029509532825,0.650655982756515,0.223508520543771,0.0476839929332161,6060.46449859483,4.6872861686899,2.82909078674715e-06,-0.441714152681761,0.166213146143706,32.1851208611514,-2.65751634530676,0.0121541940281232,0.430905770433461,-0.452522534930062,0.262626353387026,0.209026914417225,0.10084807095671,0.0303952826898343,0.883428305363523,0.332426292287412,0.00787187730876484,146
0,0,0.00315942902269995,0.00895543441595589,0.205670424465206,-1.63657166167407,0.238297107629062,40.4159662292146,-6.86777811932822,2.72179633023743e-08,-0.105728803064955,0.169908720850458,42.8510844581532,-0.622268254011578,0.537062793059959,0.218881845924362,0.0477950458040266,6617.14761526497,4.57959276410865,4.74409364007828e-06,-0.523607796336344,0.177157311027826,33.7382799889383,-2.95560930169064,0.00565708810562673,0.494624002921518,-0.55259158975117,0.266031405821252,0.226380093697733,0.0629889883666177,0.014647052315029,1.04721559267269,0.354314622055652,0.00312052106043256,147
0,0,0.00290538316175429,0.0211982969115653,0.215398758871019,-1.65423493439568,0.237566256645433,40.9560588218539,-6.96325714667727,1.86720240347797e-08,-0.167017926898414,0.173756054233639,42.6618840956789,-0.961220762263827,0.341857812733094,0.21391367096638,0.0478698314305412,6853.08694008123,4.46865310726585,7.99789952023263e-06,-0.579817855885405,0.18254351845923,36.749897420426,-3.17632672350898,0.00301763843177528,0.497783627198885,-0.661852084571924,0.255708713047325,0.246718480600042,0.0515728341963143,0.00730478032435948,1.15963571177081,0.365087036918459,0.00149152863454819,148
0,0,0.00254509190531798,0.0229324315732881,0.184919580174525,-1.64312886810705,0.237160285775123,42.5599566505074,-6.92834747916044,1.72112130133979e-08,-0.182611577977272,0.186623465516954,40.7942178432397,-0.978502770117526,0.333593183635951,0.222044454628127,0.048208947130698,8314.0833021409,4.60587645745816,4.16840352608201e-06,-0.601719744921396,0.203672843345269,38.471563313721,-2.95434450188998,0.00532269792126081,0.507302017291231,-0.69613747255156,0.278403112439748,0.271781609140773,0.0684268969881226,0.0104255600917913,1.20343948984279,0.407345686690538,0.00313334013222715,149
0,0,0.0021451656791856,0.0413236863141034,0.161669824677378,-1.63406213178898,0.23673793496614,42.9023176538989,-6.90240933301497,1.8022212072954e-08,-0.245142572640063,0.18780850721959,39.5257298976573,-1.30527938414119,0.199345256384404,0.218732816094375,0.0483674900965017,9513.21499148732,4.52231066069305,6.19085340304326e-06,-0.600217268706087,0.223481621713703,37.4041229119562,-2.68575672622876,0.0107288529843657,0.443048329005274,-0.7573862084069,0.301404117293815,0.281345224395083,0.141575883294298,0.00710212633414406,1.20043453741217,0.446963243427405,0.00723657569115524,150
0,0,0.00244502514656182,0.0495447025617399,0.171708588815017,-1.62564593676272,0.23401946019567,43.7027259789987,-6.94662715401304,1.41642422555969e-08,-0.26021814878156,0.181451288796082,39.4538620310018,-1.43409369262732,0.159424345287011,0.22577320697282,0.0482156395673,8945.86723757638,4.68257206580622,2.87468994199632e-06,-0.605797402616559,0.222509634887156,35.755949129828,-2.72256706062992,0.00994890906402694,0.434370765029319,-0.7772240402038,0.30051376361203,0.273348414831091,0.14833793054766,0.00446426194560526,1.21159480523312,0.445019269774311,0.00647768850860347,151
0,0,0.00291708866444911,0.0415902710848726,0.191072917049333,-1.62768415677247,0.232310981598689,43.5262258738731,-7.00648822354967,1.182547688117e-08,-0.236059642707567,0.18324078181116,38.2435924428682,-1.28824839303971,0.205399458114655,0.248661341742406,0.04822605965864,9087.29508417795,5.1561612850503,2.57373712347644e-07,-0.661011114466029,0.225679686812587,36.3197478628107,-2.92897922627373,0.00584310333352,0.521835637184356,-0.800186591747701,0.30449074423669,0.276571649074912,0.086565825612059,0.00381296699690584,1.32202222893206,0.451359373625175,0.00340077149880704,152
0,0,0.00318643911525277,0.0217421543769948,0.174795807419979,-1.65188407351886,0.234322098489102,43.7189681131869,-7.04962990759357,9.99867357961893e-09,-0.162038518105018,0.176018124669721,38.1305009384904,-0.920578596147792,0.363058280795184,0.281310830089335,0.0482490944641256,10634.1524877001,5.83038569352832,5.69086451801525e-09,-0.693011743314235,0.245698989023921,37.5582080270913,-2.82057222159252,0.00761449501002101,0.632547711495398,-0.753475775133071,0.32084495429005,0.283655696084782,0.0486660419821717,0.00790023480825437,1.38602348662847,0.491397978047841,0.00479380813215281,153
0,0,0.00388797540779928,0.0117093752192712,0.159022050242614,-1.66229385603644,0.2353233355592,43.7488405521719,-7.06387172392538,9.49729533150016e-09,-0.108173428843015,0.158861330653565,39.1341362552991,-0.680929892743459,0.499925353470312,0.307197450788179,0.0479102305525812,10533.2736442228,6.41193847838054,1.49835149960163e-10,-0.675031661678531,0.249009033263311,38.8638071922207,-2.71087218335862,0.00993767631729814,0.665797384911059,-0.684265938446003,0.306803723884743,0.282477139952438,0.0299986235001806,0.0154193729805627,1.35006332335706,0.498018066526623,0.00671064889897134,154
0,0,0.00429319866661048,0.0111831043945781,0.141072806276582,-1.63265571592927,0.231501534641131,43.5022728324567,-7.05246174052444,1.01651136615074e-08,-0.103910856040419,0.15579803011754,39.3324881268334,-0.666958728310139,0.508692506102183,0.305419617020072,0.0476757358314545,9518.08403597941,6.40618569789474,1.56266440100609e-10,-0.579425531241471,0.229154128108524,38.9271789773583,-2.52854066398081,0.0156202961391356,0.560440870528544,-0.598410191954398,0.285640123063843,0.266907994774142,0.0497563914551675,0.0249607747798882,1.15885106248294,0.458308256217049,0.0114537817466513,155
0,0,0.00393929399005601,0.0227793861163206,0.108748808446392,-1.62140127615682,0.22953729941256,43.9121248731996,-7.06378126912865,9.31613714053844e-09,-0.147851582146959,0.156913705289549,38.0873538258132,-0.942247727017423,0.35200437942529,0.276973723914566,0.0475316151690484,8585.77315999149,5.82714731930519,5.84165441151331e-09,-0.486324091611166,0.225228072266729,38.2104493947851,-2.15925167194625,0.0371723332803758,0.40975285968996,-0.562895323532372,0.266973755778999,0.276552977197594,0.124831546091812,0.0418108617415092,0.972648183222332,0.450456144533458,0.0308306472597137,156
0,0,0.00363402240112548,0.0136803596358845,0.0927557276011383,-1.62377865813159,0.229830553147482,44.4893940898741,-7.06511225724462,8.66072392804373e-09,-0.113994476414431,0.161593434852878,35.8790023149515,-0.705440023093864,0.485091569646412,0.269826786851951,0.0476283129296862,8799.76381940496,5.66526022557836,1.51422432245552e-08,-0.467906963390794,0.232992311877768,39.4474862996204,-2.00825065694127,0.0514982845985541,0.422493445228029,-0.51332048155356,0.268115840493626,0.291031278497469,0.115074908577975,0.0777659396132938,0.935813926781589,0.465984623755537,0.0446166624197947,157
0,0,0.0032500781865578,0.00371969293512931,0.0883533279954371,-1.60918318031004,0.233442819016335,45.2729312725065,-6.89326485642479,1.42442244775738e-08,-0.0574638033375411,0.160161926195489,34.4782031170548,-0.35878566587294,0.721943232907461,0.261212311403021,0.0477985132886817,9159.06009266532,5.46486267941881,4.75419742546314e-08,-0.469703950598439,0.237591205048434,40.3265755019583,-1.97694165700573,0.0549133312255083,0.481084489292478,-0.458323411904401,0.274713517672816,0.291417109946965,0.0799075936741323,0.115778980955085,0.939407901196879,0.475182410096868,0.0480482253887876,158
0,0,0.00242543055565139,0.00488861169069565,0.0864915247310482,-1.58522692702182,0.238428331270971,45.7946659490146,-6.64865168737111,3.13294329738125e-08,-0.0695069396539794,0.167950501610796,34.864213974907,-0.413853718728706,0.681516186595399,0.237656767776713,0.0480369265182399,10067.1484304044,4.94737663298406,7.64373047556762e-07,-0.467605973838676,0.239284647208046,40.3338296808823,-1.95418293356747,0.057637348313634,0.466635876504087,-0.468576071173265,0.282012181038135,0.296201841196735,0.0979923330182229,0.113661317865456,0.935211947677352,0.478569294416092,0.0506795868911965,159
0,0,0.00237751828695122,0.00202241430409259,0.0809228806151928,-1.59493287815879,0.233535299062316,45.9831205087182,-6.82951521488495,1.6453988843073e-08,-0.0483656678794008,0.181423344291697,35.0702370143105,-0.266590102107462,0.791346064402293,0.248544346163972,0.0482627658718466,11128.2205407161,5.14981563269578,2.65199571822342e-07,-0.45816486032708,0.241403296696261,40.9107820450873,-1.89792296375949,0.0647776648616593,0.476952254096451,-0.439377466557709,0.293463559516033,0.304597017373353,0.104108862150431,0.149164824638128,0.916329720654159,0.482806593392522,0.0577062308306175,160
0,0,0.00259534190241527,4.56830062079633e-06,0.072142637460784,-1.59164583298773,0.225585132100989,45.0469767671714,-7.05563269247366,8.38196411709694e-09,0.00232302003102606,0.186004185680083,34.143168032968,0.0124890739556879,0.990108112217198,0.269922192135983,0.0484392161138802,11933.2787491718,5.57238976579222,2.56715775056077e-08,-0.44997019675213,0.250653187068387,41.4486356828934,-1.79519040637358,0.0799172525457788,0.51824518948799,-0.38169520401627,0.30589373278235,0.312951481962702,0.0902272678318008,0.222592822089467,0.89994039350426,0.501306374136775,0.0726233684644299,161
0,0,0.0028481837618741,0.00292633718905242,0.0631654144138975,-1.58340855497951,0.221348019737002,43.5600955011599,-7.15347965100777,7.19543784640548e-09,0.0609721958726891,0.194638445546593,33.4356134318313,0.313258748555374,0.756029930678645,0.278475820545496,0.0485664355376291,11510.5427630487,5.73391515071626,1.00606872924391e-08,-0.424322210085516,0.254582399730042,41.2020042609525,-1.66673819767378,0.103151797498593,0.547487162322091,-0.301157257848942,0.292725600729011,0.336046544591078,0.0614409978685809,0.370158120548552,0.848644420171032,0.509164799460085,0.0955664739940848,162
0,0,0.00245188610093885,0.00273727065394773,0.0533841291310688,-1.58316699630205,0.219728979399033,43.0451535662337,-7.20508965468309,6.46474522814012e-09,0.059331232073306,0.190955295485141,35.171846410782,0.310707445544094,0.757856956491397,0.247657383886804,0.0484608955964593,10625.5947921465,5.11045825378636,3.26964123534981e-07,-0.364163718815244,0.236701834206522,41.9712325717451,-1.53849132616992,0.131434333646413,0.476870298448789,-0.2514571391817,0.280808297292882,0.317086212992384,0.0894689132918111,0.427763541932269,0.728327437630489,0.473403668413044,0.123928527719905,163
0,0,0.00206895289298184,6.16836328595985e-05,0.0533567287279232,-1.58529619556982,0.224800623977312,44.4326927799126,-7.05200976546137,9.11463145880283e-09,0.00880007183663785,0.180712761045341,38.4412993469924,0.0486964605362314,0.961413330218488,0.224522829540325,0.0483732084809548,10391.0912165225,4.64147069402525,3.50173457038776e-06,-0.34248262878435,0.219464474048699,43.2061726225485,-1.56053789693703,0.125928501916561,0.401480258478153,-0.283484999090546,0.28165388305265,0.283069008038653,0.15403051659098,0.316599842326116,0.684965257568699,0.438928948097399,0.118632821618033,164
0,0,0.00224662228763688,0.000253436739227548,0.0738576031711109,-1.6059976402285,0.228580160892403,45.1995245225791,-7.02597125646644,9.11547881041613e-09,0.017261385286715,0.169121171705944,41.0937413238473,0.102065194514664,0.91920134663404,0.226826682393842,0.0482772676436691,9803.83651798151,4.69841591011392,2.65754306561979e-06,-0.387807492614339,0.208894716715819,43.2175392286719,-1.85647343652982,0.0702114391849628,0.461909685030599,-0.31370530019808,0.278898968222766,0.257829294350776,0.0976833456492333,0.223711887067957,0.775614985228679,0.417789433431638,0.0633861058595685,165
0,0,0.00246002169838624,1.97109105342464e-05,0.0870871256157485,-1.63006333443926,0.234119359113293,45.9299413593078,-6.96253116620935,1.04506331944475e-08,-0.00475423260701908,0.162790835075641,43.2698812706034,-0.0292045470791401,0.976835742570596,0.240210757205119,0.04833238049738,10016.1289000507,4.96997571262066,6.8069615287961e-07,-0.436827487170914,0.216558259069868,42.6526274175782,-2.01713612330981,0.0500033827921186,0.496098904970443,-0.377556069371386,0.289041993936386,0.253156556056941,0.0860969397322202,0.135858185480826,0.873654974341828,0.433116518139736,0.0436813098192394,166
0,0,0.00224014454518048,0.00170557217159646,0.0671075886926533,-1.60858257053592,0.237645062010686,46.0385006095026,-6.76884491908184,2.01815718435343e-08,-0.0448238580431355,0.167369871440299,41.9809680301792,-0.267813183205582,0.79015461148614,0.231911716231205,0.048279746318174,10276.9774822208,4.80349906362092,1.58120347242904e-06,-0.390766678431808,0.224029934965238,42.2943999021909,-1.7442610001759,0.0883779427066863,0.403217354337617,-0.378316002525999,0.299008876546997,0.260732931593758,0.177493444802848,0.1467878501477,0.781533356863616,0.448059869930475,0.0811135888455063,167
0,0,0.0018363413053736,0.00530264972913865,0.0566129573098187,-1.60313368109554,0.233092948047475,45.8334808597609,-6.87765843850851,1.41535269561214e-08,-0.0791669859194818,0.17086948238125,40.2677379998166,-0.463318462818549,0.645630660735546,0.207893618136034,0.048274102492565,10080.9683196064,4.30652477004731,1.67409175419311e-05,-0.358763227334534,0.225485763875847,42.1843783904049,-1.59106819502836,0.119061364427391,0.332180040847661,-0.385346413821408,0.299373504991816,0.266460196358296,0.267178343919568,0.14812987144727,0.717526454669069,0.450971527751694,0.111594229296803,168
0,0,0.0013053999663962,0.0150679016763903,0.0626671494925386,-1.61884045779699,0.232851271469572,45.6832763174521,-6.95225088349381,1.1123176623689e-08,-0.132691115267665,0.170519081696891,39.5814073486047,-0.778159921735514,0.441101751976573,0.172783139706361,0.0483280763134843,9778.96316808514,3.57521244143028,0.000351631251281356,-0.387589132009538,0.230636653518514,42.2416061838737,-1.68051836556163,0.100238002462023,0.311706818834747,-0.463471445184328,0.291112584553246,0.280059570895303,0.284284914965392,0.0979441603272605,0.775178264019075,0.461273307037028,0.0928565040780904,169
0,0,0.000886580215444279,0.0338426821061616,0.0688089374951576,-1.60962853759638,0.229873016871974,45.2812794654956,-7.00225089268676,9.79551804546227e-09,-0.205212048760292,0.179867582072238,37.1606235260658,-1.14090625112131,0.261208480262278,0.143031877563226,0.0485692485824459,9773.26482477543,2.94490612347916,0.00323813885619931,-0.413210877767548,0.233794585659937,42.2735324896233,-1.76740995349045,0.0843777770451374,0.268563001320379,-0.557858754214717,0.289515104638067,0.295534835527714,0.353599342600762,0.059076397660301,0.826421755535097,0.467589171319874,0.077159597209948,170
0,0,0.000990792651711222,0.0408196522677038,0.0664558747562514,-1.56570498380244,0.227857468975802,44.5295230348898,-6.87142269612728,1.66431522189199e-08,-0.231191668135291,0.187149623421415,35.8589371779543,-1.23533066168508,0.224740102935257,0.149304410121642,0.0486660455491897,9490.29843173215,3.06793799325097,0.00216148749663516,-0.395169639834081,0.229639294063192,41.5983598348549,-1.72082761988172,0.0927133614038601,0.221897846144326,-0.568441433523836,0.29166667250913,0.29628558025954,0.446780954986009,0.055040139962419,0.790339279668162,0.459278588126385,0.08528210888333,171
0,0,0.000928115927730143,0.0568406404906132,0.0516327933438727,-1.52847628308909,0.229349316268824,44.2293216327976,-6.66440305101037,3.47167980895163e-08,-0.275715266571339,0.185560198994834,36.6334722592365,-1.48585347539434,0.145873825793158,0.142669853930705,0.0486038516215609,9275.07802728673,2.93536107059088,0.00333977273695452,-0.344809637387313,0.229063395106824,41.6196392857967,-1.5053022209267,0.139798630334183,0.11963299750164,-0.569986277272986,0.282632985403214,0.300270797932336,0.672090707229794,0.0576643695096332,0.689619274774625,0.458126790213649,0.132246394470059,172
0,0,0.000638016692760545,0.0857309172505369,0.0484483276520754,-1.51897457905718,0.226148177533564,44.5656524361351,-6.71672261799122,2.80681965637552e-08,-0.336893061659676,0.179776133218017,37.450414332986,-1.87395877099616,0.0687541437069528,0.118608520507677,0.0484791527968334,9375.89029010012,2.44658814490306,0.0144397895468164,-0.327650811327667,0.225509283641932,41.4617120260325,-1.45293712984303,0.153768222882042,0.0387814132825456,-0.616520209372789,0.281134178385518,0.29042707794977,0.890282876132524,0.0337701506143452,0.655301622655334,0.451018567283865,0.146241210668,173
0,0,0.000789852189916258,0.0815488739795967,0.0371070010104007,-1.49746000408896,0.224011072545103,45.0939181299435,-6.68475886961998,2.96608446334473e-08,-0.325605245344884,0.174877076276556,39.0440715260107,-1.86190924664112,0.070155010924429,0.127660674734246,0.0483746782560079,8810.26763436542,2.63899790834044,0.00832978333957504,-0.272029580949663,0.217003829468919,40.7774104038732,-1.25357041677748,0.217137991933023,-0.0137043848589408,-0.557763546758266,0.27540347537268,0.277969187260443,0.960312751549024,0.0447958844323954,0.544059161899325,0.434007658937838,0.209998189537654,174
0,0,0.0014616913436193,0.043798430804406,0.0411478176919564,-1.44802352033529,0.222448063255544,45.1509849769488,-6.5094903463908,5.38004109450325e-08,-0.234212980282211,0.175031296473337,39.0914160355235,-1.33812058186914,0.188589198508672,0.158138696798234,0.0482179313637641,7347.98427592305,3.27966572446274,0.00104414018557918,-0.255160936533631,0.195441488530633,39.7191280295993,-1.30556177427822,0.199213559106659,0.0583468045375339,-0.451975068529727,0.254475627764086,0.265396841105317,0.818649365144196,0.0885650729437108,0.510321873067261,0.390882977061266,0.191701626814504,175
0,0,0.00192127871633564,0.0204659778852336,0.0743854738880841,-1.45822618268736,0.220492644902265,44.6621200524837,-6.61349127239017,3.95178150657073e-08,-0.154516622725052,0.17234940214679,38.4696182193666,-0.896531237128691,0.375545367736464,0.171292214944439,0.0480686139209035,6596.69609348365,3.56349395109039,0.000368537263194515,-0.320543054727461,0.179658884501291,39.6111428345565,-1.78417591547029,0.0820567751536742,0.213008314244168,-0.428077795210754,0.243690782496244,0.250409102552877,0.382067816877653,0.0873558333954224,0.641086109454921,0.359317769002581,0.0743950845833823,176
0,0,0.00207300345135816,0.0106017185111245,0.107164667711511,-1.46465086678187,0.219240612332496,44.7461498902733,-6.68056365652096,3.11682945718039e-08,-0.110939921456907,0.175383037377421,37.3418144436354,-0.632557875127719,0.530876968637553,0.178048581383589,0.048050958530928,6609.54663144098,3.70541164686628,0.000212771485785449,-0.392142078374259,0.180052720808681,39.5191197307152,-2.17792920103073,0.0354402619337712,0.338678282749755,-0.445605873998764,0.239277790489345,0.257629650327023,0.156945741094693,0.0836950827294125,0.784284156748519,0.360105441617363,0.0294113081115275,177
0,0,0.00301228740771743,0.0001482794844949,0.122257064497974,-1.44919747917872,0.223574667952933,45.1318430650415,-6.48193953477683,5.92397264550259e-08,-0.0132865167801486,0.177657226656737,37.7147345245159,-0.0747873702082513,0.940779175947888,0.214201510495039,0.0479873448206063,6594.54773371224,4.46370832342987,8.18934694253892e-06,-0.429822944167796,0.186129483230344,38.2861965971967,-2.309268454992,0.026416987207132,0.479535424401847,-0.380110463933746,0.232809605849824,0.271743439845605,0.0394200480075726,0.161877668373885,0.859645888335592,0.372258966460688,0.0209286889844657,178
0,0,0.00391311016965751,0.00620252576923738,0.147463489917032,-1.46135697665786,0.223548989223523,45.0373086983104,-6.53707709318547,4.94750857267969e-08,0.0881284727900259,0.176232672812258,40.0671953751599,0.500068865685932,0.619762102134898,0.251656511178063,0.0480667713464756,6977.52801636171,5.23556095257716,1.69287758284906e-07,-0.500231816710489,0.193410851061319,38.6731394657812,-2.58636893413956,0.0135818673484201,0.661679090078664,-0.338784543342314,0.241645282315667,0.273060080554026,0.00617718470816469,0.214718081138784,1.00046363342098,0.386821702122639,0.00969930504978372,179
0,0,0.00428946376052697,0.0130771847090078,0.156013270288425,-1.4523916639723,0.219689156726951,45.3411345255715,-6.61112130252954,3.72650889814371e-08,0.123404750475694,0.166836608280865,41.2904848831997,0.739674294192948,0.463682517578953,0.260478816044085,0.0481056260479392,6805.86258568514,5.41472666387311,6.34803091897062e-08,-0.535596589722153,0.199713199874558,38.9077524077267,-2.68182869263807,0.010688322676308,0.737503543057331,-0.333689636386975,0.245308128834574,0.268030320412793,0.00264328437438378,0.21314287617793,1.07119317944431,0.399426399749117,0.00732209440287195,180
0,0,0.00365225180471329,0.0110073392257246,0.134503915176055,-1.43510901057517,0.213775695133129,45.6015234998115,-6.71315328752156,2.55635183798203e-08,0.111565524181604,0.163346306246647,41.9133237546926,0.682999981726821,0.498364993738009,0.250279146420887,0.0483890186612065,7298.03483988855,5.17223025689372,2.37470925424998e-07,-0.519195835946516,0.211017556793103,38.9542997826611,-2.46043904515288,0.018415816134378,0.706859710303233,-0.331531961589799,0.26356975879169,0.266154096630922,0.00732120024333441,0.212896904018952,1.03839167189303,0.422035113586206,0.0138767141941129,181
0,0,0.00321492390448392,0.0124615414825104,0.123325194861457,-1.43093979658478,0.207711812265146,45.851210144439,-6.8890631735386,1.35817050064138e-08,0.120715881857214,0.169770983448511,40.0667525638972,0.711051319873079,0.481171577837175,0.262563871421614,0.0486382375650997,9035.35258312241,5.39830151267685,6.89802636168059e-08,-0.533184072559482,0.222793967339081,40.7131022546672,-2.39317104914248,0.0213996890659229,0.732048555488305,-0.33431958963066,0.292143762960731,0.267342183622148,0.0122180956742235,0.21110577300838,1.06636814511896,0.445587934678161,0.016703451948008,182
0,0,0.00311710552329416,0.00721041270781156,0.110072186057799,-1.4202047618649,0.202645782887243,45.9924477848018,-7.00831145672121,8.86175200932312e-09,0.0934285560649917,0.175563395596837,38.9931589242453,0.532164211949629,0.59763167289711,0.266533488309427,0.0485205493806166,9650.38826361802,5.49320837690069,4.04720772905272e-08,-0.497075764290507,0.219967410854006,41.2862730767408,-2.25977003757352,0.0291757723022979,0.663360539445895,-0.330790989135118,0.296425948646365,0.26636245132553,0.0252300176529769,0.214279748477927,0.994151528581013,0.439934821708012,0.0238355269032517,183
0,0,0.0027458794891189,0.00158697705419756,0.0841323325901486,-1.37172789711749,0.199628563976209,45.4766608079382,-6.87140091475573,1.50216416754228e-08,0.0451446458786714,0.18103706842543,39.1216419856884,0.249366863213799,0.804381684948407,0.243757791123792,0.04847807506079,9182.28237906017,5.02820689183981,5.04445940261625e-07,-0.405420232666966,0.207412490707405,41.5920973693628,-1.95465678698632,0.0573674800227382,0.509987178759819,-0.300853286574114,0.28612087820695,0.263938593176418,0.0746809925127787,0.254344250299203,0.810840465333932,0.41482498141481,0.0506235938057156,184
0,0,0.00297172552559309,0.00276337747351379,0.0716694049885151,-1.33060114932623,0.196691384144636,45.3222119306378,-6.76491832681284,2.20111797561573e-08,0.058913916528223,0.175410549563058,40.7082448401593,0.335863017788699,0.738699154881378,0.25139108891419,0.0484604854227499,9028.65416323471,5.18754789022756,2.17707503619715e-07,-0.366160921402094,0.20637977953575,40.7735533357912,-1.7742092865191,0.083496179763529,0.478742914767838,-0.25357892803635,0.278625462290931,0.261890431434293,0.0857544839610915,0.332912822505896,0.732321842804187,0.412759559071501,0.076028538698967,185
0,0,0.00311947553948643,0.00780393009152624,0.0510910813549847,-1.31298882850399,0.197264951142279,45.5658160271296,-6.65596610498225,3.12414086254811e-08,0.096659822391174,0.170479450314092,40.8725792903168,0.566988116239744,0.573823149236922,0.263803164228386,0.0484378584721316,9478.76289840228,5.44621856848116,5.27384609665251e-08,-0.31350254714212,0.209994607343963,41.3947531256162,-1.49290760894929,0.143044702099606,0.456112327066599,-0.170892767217642,0.281035837821214,0.259184032968175,0.104596127443354,0.509671598874128,0.62700509428424,0.419989214687925,0.135461373125723,186
0,0,0.00352564342998038,0.00764685349606686,0.0465278357432375,-1.31181806789758,0.197533528193562,45.6986849992821,-6.64098940516131,3.24715558377015e-08,0.0924503631324192,0.163674835878512,41.4034847949693,0.564841642493172,0.575229305855744,0.275511199967799,0.0483601007818151,9173.43233297493,5.69707662957146,1.2563935019677e-08,-0.293123662005751,0.20299938615432,42.7274990426067,-1.44396329249449,0.156042319370314,0.428537056679554,-0.157710267331949,0.276622513062328,0.245175281691379,0.121339331693686,0.520058540600275,0.586247324011503,0.40599877230864,0.148749301169186,187
0,0,0.00344535012175728,0.00400122773391896,0.05151979779368,-1.3181749489142,0.201894886013993,46.134752330327,-6.52901603868682,4.58921691750079e-08,0.0648383690655409,0.160359561239427,40.6948993191063,0.404331170305044,0.688086464910175,0.263294659123777,0.0484347943392486,8547.45724241974,5.43606435653673,5.59713838910341e-08,-0.296053600493874,0.195959308834217,42.0206742586641,-1.51079120586375,0.138325813775597,0.404284441149473,-0.187822759838274,0.279424416335948,0.228655465096683,0.147939717066639,0.411405611781842,0.592107200987748,0.391918617668434,0.130841655994005,188
0,0,0.00257540303818828,0.00324313292774898,0.0422130705778222,-1.31616588149608,0.207797294435929,46.3207785272863,-6.33389325433159,8.88418795922337e-08,0.0566019666397582,0.157685156643146,39.6009770452286,0.358955578601813,0.721535144069261,0.235950255450148,0.0484167278072771,9197.81996141843,4.87332098090867,1.11571573135144e-06,-0.275467325426025,0.200067660694558,43.0138541979153,-1.37687082694778,0.175676524714902,0.372444440594961,-0.178490210257088,0.279572782749876,0.231333064946308,0.182797320923976,0.440367720833806,0.550934650852049,0.400135321389116,0.168552188149324,189
0,0,0.0030530138284506,0.00107486491153022,0.0379179415959738,-1.33043728269488,0.21264779148772,47.1007888335959,-6.25652998033467,1.09082300436301e-07,0.0306361661494266,0.149379324903947,39.0901109274471,0.205089734935716,0.838566258108984,0.236340393964271,0.0481593714983371,7864.25491726309,4.90746425070002,9.41163677373838e-07,-0.266126346084448,0.203667559398888,43.3210910963482,-1.30667027615936,0.198219168656221,0.335768556722344,-0.196484135446552,0.268859804228248,0.236474465173736,0.211715873627803,0.406036090923097,0.532252692168896,0.407335118797777,0.191324717778737,190
0,0,0.00259526930569245,0.00129097882199602,0.0392047391089102,-1.3148223608238,0.210789677249746,47.561666939985,-6.23760317857492,1.12375515022718e-07,-0.0348420749463457,0.16004414815881,36.6647119668663,-0.217702898526302,0.828867671335056,0.218965468874488,0.0482194704853226,7924.92904422949,4.54101769825819,5.68105177656939e-06,-0.272029941584356,0.206004945515297,42.7336912187483,-1.32050199525019,0.193696343340105,0.277059199032391,-0.267000684136321,0.268432077770308,0.251956077986985,0.302007036316483,0.289275994365023,0.544059883168712,0.412009891030595,0.186667470307416,191
0,0,0.00229666037196974,0.00323896104138782,0.0481658393813089,-1.28314099329104,0.201163017688761,47.8537532842406,-6.37861276905435,6.68278292547869e-08,-0.0565196322267878,0.163833757566881,36.6249634730053,-0.34498160248638,0.732081591217729,0.188976707281439,0.0479260342143797,6754.26688805001,3.94309085613302,8.12514124460753e-05,-0.267644728923122,0.186052225683699,40.8949615382796,-1.43854623581948,0.157888908457139,0.250353690020826,-0.284935767825419,0.242638116046456,0.249164415135554,0.302166433597693,0.252803978076541,0.535289457846245,0.372104451367399,0.150279128595682,192
0,0,0.00259769474517278,0.00125572371861342,0.0639538010292611,-1.29820075631667,0.191009240277222,48.4737288102355,-6.79653379298574,1.44117466856216e-08,0.0338296543050658,0.158664770642656,36.1571598463383,0.213214654822505,0.832357200806276,0.190186870655172,0.0476121749689765,6126.4271716194,3.99450079268791,6.55900639896802e-05,-0.284893649155032,0.174463733904431,39.028883948016,-1.63296773936463,0.11051877796226,0.360480064926688,-0.209307233383376,0.232462938963949,0.235886453259694,0.120973815787418,0.374905578225379,0.569787298310064,0.348927467808863,0.102475781831212,193
0,0,0.00205004770445682,0.0156963770501158,0.0573839464661704,-1.32399294741074,0.18488124053772,48.6347215206033,-7.16131579147759,3.88304030681354e-09,0.127133460719978,0.168101340329098,35.867990570252,0.756290583234403,0.454413921880291,0.172121753848832,0.047707753484869,6336.33874648996,3.60783607015624,0.000311141186882224,-0.283564617297653,0.183995991317097,39.0150147562126,-1.5411456264227,0.13135396326654,0.452260043754605,-0.1148691908407,0.234562483011549,0.257144970443709,0.0538426252357151,0.655084569899371,0.567129234595305,0.367991982634194,0.123281347423753,194
0,0,0.00141953871106167,0.0145807083997085,0.038209700434245,-1.38034589594096,0.185250757390356,48.5138246289367,-7.4512294329374,1.41022521123853e-09,0.122870683035779,0.165964881216443,37.0430366918766,0.740341463418015,0.463759772282627,0.140988533739895,0.0477337729215684,6136.9401273022,2.95364319873801,0.00315238564708047,-0.239168985263622,0.191007535606889,39.4653064021359,-1.25214423872707,0.217887372456793,0.397094581939911,-0.0812433885873331,0.225683775544483,0.269087628401339,0.0784896283974467,0.762711768990357,0.478337970527244,0.382015071213779,0.210517310231555,195
0,0,0.00100820701877857,0.00542476845872505,0.0296600717815215,-1.47611536811847,0.190367255281788,48.4085045849144,-7.75404029402788,4.91763185261309e-10,0.0740250615767317,0.159587548944638,39.4471815407619,0.463852362331924,0.64530309331855,0.120676915878642,0.0476508430496825,6355.0567249288,2.5325242567654,0.0113483213694952,-0.205278964207103,0.185342118869089,40.1321431507809,-1.10756780735898,0.274642786905702,0.309391691015853,-0.101166237398353,0.219918815539854,0.258958331363163,0.15947334882545,0.696044071071027,0.410557928414207,0.370684237738178,0.268048512992165,196
0,0,0.000934219574320711,0.000528546347324203,0.029329354954432,-1.60406833070152,0.197089117048263,48.5969609213566,-8.13879708187398,1.24443388487878e-10,0.0232524218407771,0.162046100645574,38.935569847107,0.143492634183371,0.886641215345058,0.121381723326521,0.0477133423009706,6921.05084882134,2.54397863308041,0.0109813303982178,-0.21012842999225,0.187242751898231,41.6801223352797,-1.12222464080456,0.26819034077972,0.264179301551226,-0.156077558433274,0.229691158749294,0.257637443232743,0.250082068263435,0.544645519597121,0.420256859984499,0.374485503796461,0.261766938272549,197
0,0,0.00116537597614818,0.00190117806174064,0.0403133525489268,-1.76930958253787,0.204668912136985,49.080954679126,-8.64474024933338,1.98085950466543e-11,0.0449700108845848,0.167229906199384,37.9637270120948,0.268911296469712,0.789454014402965,0.146434408771402,0.0480080175402867,7974.18411487968,3.05020736689489,0.00229434377611233,-0.269060879128618,0.197547745319041,44.1608572086651,-1.36200430277796,0.1801040596493,0.353467047972802,-0.184654710284433,0.246349241858011,0.264990765962167,0.151338132461738,0.485906367021574,0.538121758257235,0.395095490638081,0.173196527209711,198
0,0,0.00115044029733998,0.00126933563421312,0.0493390207726239,-2.00184212889103,0.217600600806996,49.296833024557,-9.19961673573958,2.81414916352914e-12,0.036858819005512,0.16518605066166,39.1749096816112,0.223135179138143,0.824589741195539,0.153769947869722,0.0484149682042383,8758.29620996952,3.17608280193522,0.00149796114176678,-0.318872509472226,0.209267974422002,44.7366809552582,-1.52375207125195,0.13460916381207,0.402468359491859,-0.235276659452594,0.260564501578824,0.267973231741205,0.122442646461094,0.379951491256002,0.637745018944453,0.418535948844004,0.127570656443791,199
0,0,0.00111615792896525,0.00424178699573207,0.0632286524831983,-2.25496100172019,0.240739947103918,48.9347435863127,-9.36679196305885,1.70839982304366e-12,0.0662269361818494,0.158844806569879,40.8064043381387,0.416928558207,0.678915899536327,0.149326526225212,0.0483646253131519,8531.15060019693,3.08751541562353,0.00202485038240689,-0.372620299506884,0.21597811771524,44.0994516986549,-1.72526876078332,0.0914814818194277,0.493462061292134,-0.251778537721635,0.258891221255361,0.271556443023902,0.0566424916933275,0.353839135732392,0.745240599013769,0.431956235430479,0.084479048976797,200
0,0,0.000627020989349516,0.00450196592950452,0.0619562675518645,-2.42922255013196,0.266733442839136,49.0883385831311,-9.10730399711067,4.01506687616618e-12,0.0691642839028209,0.15903861724611,41.8212288872809,0.434889872035231,0.66587834458933,0.110282681013352,0.0482649019624082,8321.41723399104,2.28494571685337,0.0223410586702115,-0.373937504907902,0.221331635472557,43.2164316851662,-1.68948963897331,0.0983286308956576,0.49790967674421,-0.249965333071595,0.253784584373339,0.282480229617949,0.049769676921414,0.376213283543144,0.747875009815805,0.442663270945114,0.0911256357596805,201
0,0,0.000439511419573971,0.00430226812232966,0.0469980897239805,-2.5152703914519,0.29201261720431,49.7888723295335,-8.61356750791375,1.96498679973684e-11,0.0737445473139391,0.17189368097831,42.596120768804,0.429012555285522,0.670076133694733,0.0928139118767795,0.0484222423078145,8355.5545489712,1.91676195593695,0.0553022508821417,-0.322161484002805,0.219680687320502,43.6090917861834,-1.46649888951225,0.149687011988339,0.443125126165388,-0.201197841840222,0.251158291502626,0.294889950857963,0.0776770940135241,0.495061217786632,0.64432296800561,0.439361374641004,0.142512423509775,202
0,0,0.000602266294163096,0.00851940709142791,0.0254073644711209,-2.54251477577238,0.313698725319923,50.3311447496679,-8.10495730634357,1.09305101588219e-10,0.105989553156331,0.17467909762323,42.8468688018569,0.606767235453339,0.54720727251362,0.10905311923951,0.0484062957339581,8422.13670759353,2.25287057367224,0.0242929391092046,-0.234108520881757,0.218183124418258,44.1627019652297,-1.07299096346686,0.289103473345145,0.37441127720267,-0.0938057645608444,0.240172436829352,0.302559776248463,0.119013677982935,0.756530207846285,0.468217041763515,0.436366248836517,0.283275170619552,203
0,0,0.000820605893334548,0.00943820199935826,0.031492076566453,-2.56552464404762,0.331843088545469,50.5764622485151,-7.73113779555512,4.03890551216905e-10,0.111706612030035,0.180381934015381,40.2498243400737,0.61927826996527,0.539222808470154,0.130550625345581,0.048477563397604,8830.49775417821,2.69301128595984,0.00709435538733275,-0.267735699104061,0.222437102160368,44.5553631191618,-1.20364676802449,0.235082288486475,0.418684237925855,-0.116787160282267,0.242117822758947,0.312370608496607,0.0837628885916042,0.708498272003776,0.535471398208121,0.444874204320737,0.228726135021661,204
0,0,0.00163196785740616,0.021531939027436,0.0429927390577148,-2.55055754495586,0.344294785451918,50.7716993789241,-7.40806324326992,1.26706810861341e-09,0.170911087954829,0.184169970279421,39.1350915525724,0.92800736024187,0.359092263766431,0.184298287186357,0.048439803702724,8855.57803876272,3.80468691238715,0.000142939278556222,-0.309895930742039,0.218092101104379,44.9440279646195,-1.42094064467618,0.162235373325139,0.526228355739101,-0.0935635057449772,0.245819730442101,0.308824575393378,0.0322975627028815,0.761915379210735,0.619791861484078,0.436184202208758,0.155334015655775,205
0,0,0.00221103187461621,0.0364898087051325,0.039220563453332,-2.51525464781949,0.350511628960066,50.7040026208166,-7.17595206550494,2.95907940747513e-09,0.224527944446879,0.182904841297933,39.7901086458601,1.22756698430495,0.226822578065399,0.209722311896123,0.0483047462363958,8506.54801462159,4.34165021527647,1.43054138615174e-05,-0.283820565070506,0.210367787033842,44.590168623873,-1.34916361992651,0.184095807232306,0.549947989428967,-0.0176931407120455,0.251248418539424,0.294796656415109,0.028606908344276,0.952141204080785,0.567641130141012,0.420735574067683,0.177284417199573,206
0,0,0.00286603890917151,0.0394585862933781,0.0320828751525182,-2.40629064572537,0.357019040779162,49.9003998568019,-6.73995045326954,1.5454746172063e-08,0.225382149886666,0.173338070655058,41.1552923008099,1.30024609732259,0.200751420257593,0.233790866051014,0.0481171265545753,8213.47872872715,4.85878693911293,1.20293680779909e-06,-0.246291628483325,0.203455180299946,44.2106284760408,-1.21054488816764,0.232502031960603,0.507772655309855,0.0151893983432046,0.250522985593437,0.27631235198387,0.0426776972793078,0.956160898456359,0.49258325696665,0.406910360599892,0.226069877153153,207
0,0,0.00371044212002587,0.0489923993493474,0.016874732523672,-2.14618080711213,0.368015821089664,49.1360024239425,-5.83176234314456,4.21051080443978e-07,0.241761247119893,0.164811412031424,41.7690014526373,1.46689627945058,0.149893708514713,0.265679978599408,0.0481223908173341,8184.33091406979,5.52092225857797,3.47544925281482e-08,-0.174604134043492,0.202411662787409,43.3520800144902,-0.86261894022815,0.393094022772177,0.441957047379739,0.092748779292754,0.252705520912061,0.264156558078613,0.0803080590384105,0.725503638765319,0.349208268086985,0.404823325574818,0.388347013265422,208
0,0,0.00489217548072069,0.0439048701130347,0.00262493120406712,-1.71965765759365,0.383160840691288,49.5774910768416,-4.48808300579749,4.28911688065357e-05,0.236253648285222,0.167784947399583,43.1757076668428,1.40807415651286,0.166269156244539,0.308633443767831,0.0483586174938041,8285.26361448846,6.38218087618767,1.83962002445231e-10,-0.0709248484889663,0.212282132500296,42.4141269965516,-0.334106538565451,0.739945584084489,0.317573926750222,0.175724229772289,0.263813114547398,0.2724333339448,0.228673191961773,0.518915935963455,0.141849696977933,0.424564265000592,0.738299166248599,209
0,0,0.0060311509821843,0.0285113367653952,0.000147072060593727,-1.16303499395336,0.399450093365517,50.7770026084716,-2.91159024186063,0.00532996954713831,0.19582983028152,0.17288523045722,43.7181791891717,1.13271578933388,0.263507848043503,0.34459668497409,0.0484020573040095,8353.47391196324,7.11946359655141,1.17322340629815e-12,-0.0174030193763252,0.218347962041894,43.1873809310745,-0.0797031454453698,0.936841545240244,0.215783604057078,0.180977565304428,0.25478769792285,0.291878717008225,0.397042324102026,0.53522900388445,0.0348060387526503,0.436695924083788,0.936473357711282,210
0,0,0.00669188447952467,0.0186126491672507,0.000104074814652294,-0.56372451259927,0.423740545121355,50.7019406683308,-1.33035301693357,0.189355008527672,0.156008763548598,0.167153149617949,45.93049499144,0.933328291481061,0.355531246006951,0.370530461997682,0.0484680270964767,8675.06425789902,7.64484308924176,2.31508655478688e-14,0.0153261705517094,0.226585396700823,43.9554396076926,0.0676397101263574,0.946379192294979,0.138436241595859,0.169088582699278,0.254305894951637,0.297038146367233,0.586187584939976,0.569187366157912,-0.0306523411034188,0.453170793401647,0.946072443658412,211
0,0,0.00787446209842126,0.0195904481097297,0.00338850192694419,0.0567329484299935,0.456696615423804,48.1267436295951,0.124224586988337,0.901654860334869,0.152837339542512,0.154727656084535,48.8299420668626,0.987782943335029,0.328128494672711,0.394136331663033,0.0485126686183784,8316.26541818116,8.1244001389303,5.14154136551021e-16,0.0867008548763401,0.223631990473726,44.2076121274031,0.387694330729156,0.700102740289138,0.0534287710096607,0.226830480762341,0.257243768729714,0.279046491147439,0.835465523902815,0.416288569854083,-0.17340170975268,0.447263980947452,0.698242251716095,212
0,0,0.00856909679997833,0.0154149543696722,0.00388404145210211,0.668960631470831,0.488009420724848,45.2372705186069,1.37079450326433,0.177202350506608,0.137969310405956,0.152839968309943,52.0477669113976,0.902704390295144,0.370841661401059,0.421949928228945,0.0488371864487972,8636.70261446607,8.6399311449142,6.6314202207258e-18,0.0956083080396452,0.228886160028466,44.7484751255726,0.417711180211834,0.678155873338777,0.0283477264478182,0.219564342527109,0.272276724137553,0.273838191383383,0.91707915017892,0.422666798024215,-0.19121661607929,0.457772320056932,0.676158297029146,213
0,0,0.00944645121887319,0.00779352006245613,0.00634319032974697,1.32875269594828,0.518696066882986,41.6194899156888,2.56171731536965,0.0141299888181161,0.101097683628633,0.158462009591676,51.8203680067895,0.637993194009978,0.526287466899557,0.449582403590264,0.049179464183629,8763.15102065728,9.14166941533947,7.53142612032998e-20,0.124928898442717,0.234763635136957,44.3601330847386,0.532147572045541,0.59727916011219,-0.0421419993051681,0.207715797580266,0.281606900529416,0.280793452919869,0.881042084281389,0.459454208471699,-0.249857796885434,0.469527270273913,0.59462379118983,214
0,0,0.0107933027345144,0.0156675160625861,0.00886239166954023,1.98839501609289,0.555670624861184,37.7926000500573,3.57836986000407,0.000968959395847509,0.148465868326846,0.16740247649159,49.4164060848003,0.886879760911452,0.379439662461649,0.49158934349438,0.0494931070610535,9041.65999931638,9.93248095917614,3.94890923171103e-23,0.148570281312249,0.237061769015543,43.9262233594123,0.626715484024366,0.534089562445351,-0.0218803066080918,0.275260256016405,0.292304755821532,0.284969686495268,0.940330532401262,0.334080110768418,-0.297140562624497,0.474123538031086,0.530845752223182,215
0,0,0.0118840386681645,0.0377290286976944,0.0105550391202678,2.6420515320613,0.593684418334958,34.0649315707651,4.45026254768683,8.72985187689361e-05,0.251497221225556,0.182263944492712,48.5608871264311,1.37985174152539,0.173952766464873,0.547682184500516,0.0498046264651735,10054.5285584238,10.9966126316295,5.72481881678479e-28,0.167589972863458,0.244501744523778,44.0416854384505,0.685434671191724,0.496661865870965,0.0593436452708843,0.394523590997801,0.302678670075966,0.302974207518151,0.844562000970318,0.192858653546382,-0.335179945726917,0.489003489047555,0.493069671792774,216
0,0,0.0111183599823744,0.0416599809121155,0.00951368303563435,3.24850501619417,0.628338910861538,29.9327878646911,5.16998861607987,1.45024113243627e-05,0.277658741922227,0.195655092505484,46.3277222486694,1.41912351151526,0.16255647254649,0.570430060932307,0.0501643269853659,11500.5447128848,11.3712292222861,8.38951133381737e-30,0.161067901081093,0.251943843949609,42.5510516912781,0.639300800353382,0.526054178075487,0.0929831755059633,0.415118977668149,0.325291740855103,0.31041490670187,0.77499646872513,0.181123550658031,-0.322135802162186,0.503887687899219,0.52262726791075,217
0,0,0.00969846068205827,0.0129819530177431,0.0132567277463696,3.77058152652365,0.662528566021412,26.1612149678228,5.69119841755139,5.36059795925424e-06,0.15129481818878,0.200808102740751,43.158933297857,0.753429847320983,0.455282326445103,0.539361317098151,0.0503418438851759,11721.0359767062,10.7139761969858,1.16273663943181e-26,0.186758729307966,0.252213520835063,40.812474552861,0.740478657486801,0.463248569811038,-0.0628370720676512,0.310680386548281,0.332718894642746,0.310669354639169,0.850203059126392,0.317293323344354,-0.373517458615933,0.504427041670125,0.459009606668141,218
0,0,0.00992724128722121,0.00287562130289688,0.0299538434179012,4.22239726161334,0.69522863811965,23.5088767309305,6.07339374429893,3.1037181978591e-06,0.0699092584334021,0.20368964155145,40.8459635133948,0.343214597958549,0.733197304045809,0.533448079171732,0.0504584692219201,11146.9153430535,10.5720226435247,5.3329221532344e-26,0.268050037901842,0.24430272705301,38.9865639172959,1.09720444440098,0.279282880752199,-0.237428778786693,0.29867129701699,0.333397331074422,0.302502813368346,0.476372137504007,0.323478953450603,-0.536100075803683,0.48860545410602,0.272552030767933,219
0,0,0.00880349464282449,0.000207122956787717,0.0537893417067052,4.55061656726803,0.723264563657844,22.1574902677345,6.2917731573267,2.4008840480269e-06,0.0186052166800583,0.206663612076692,39.1221968640334,0.0900265726176989,0.928725436187622,0.530951183924045,0.0507868498572465,12305.8408294373,10.4545012225894,1.786423806641e-25,0.379311239306161,0.2581971249116,37.9647221066065,1.46907615426015,0.150050427497031,-0.416301536911101,0.342320941701221,0.355357446799012,0.307076113938803,0.24139753226532,0.264946619364479,-0.758622478612322,0.5163942498232,0.14181213472304,220
0,0,0.00797851804623043,6.65262808923485e-05,0.0663660839128888,4.74977541091783,0.744615073938721,21.3292671489358,6.37883327528327,2.34973415706852e-06,0.0109226688872835,0.211165618864713,40.2150839694899,0.0517256026147006,0.959003419130932,0.525497984205114,0.0509026838663056,13251.3337199818,10.3235810823908,6.8497030558175e-25,0.437829389028112,0.266377552610089,38.0053729906784,1.64364220910531,0.108498824381672,-0.491079218948483,0.384579559107741,0.370515581138033,0.310985043074067,0.18504042477337,0.216217161497219,-0.875658778056224,0.532755105220178,0.100250129771665,221
0,0,0.00867501086846051,0.00329973610357304,0.0540048654838188,4.83973897364636,0.753045450537067,20.6987532116611,6.42688827107938,2.43547989239227e-06,0.0768672907380793,0.20221389634869,43.6462080211941,0.380128626795917,0.705693550098779,0.521196742502704,0.0507695757330069,12043.2123337384,10.2659266889217,1.26755000906648e-24,0.380446976138243,0.256796975619383,38.4471788589601,1.48150878810244,0.146621050183397,-0.359341664231237,0.401552288045249,0.352415421714906,0.302392576526693,0.307892760267334,0.18420547883455,-0.760893952276486,0.513593951238766,0.138471044847996,222
0,0,0.00896395245762479,0.00477293941102339,0.0325986937190069,4.85398276875579,0.752385229633166,20.374016206252,6.45145940879569,2.4907123031171e-06,0.0911024198893074,0.193839497939829,46.0586843361031,0.469988938568068,0.640580697273684,0.508161174915019,0.0506198536520086,11141.6906934651,10.0387721072531,1.2969942108736e-23,0.286393950531816,0.249102750823086,39.2262783164019,1.14970207910395,0.257228171563874,-0.237268190751642,0.33551971031199,0.338317871641569,0.293700384467134,0.4831049929617,0.253292896559706,-0.572787901063632,0.498205501646172,0.250266597730292,223
0,0,0.0088610086236741,0.00465091864928459,0.0174526868164296,4.80170900561338,0.74720542666828,19.86756570465,6.42622341090824,2.96761847068563e-06,0.089194536439956,0.194381752021432,45.0611423899957,0.45886270451005,0.648538507390019,0.494351599798644,0.0505588602416179,10693.7183192819,9.7777441468452,1.74277171571381e-22,0.209286992541286,0.249234442093194,39.697168929783,0.839719385425185,0.406094665047261,-0.15076757662973,0.267806408452841,0.331845732096767,0.299946005220884,0.649591098551614,0.371938188803616,-0.418573985082571,0.498468884186388,0.40106574218231,224
0,0,0.00811752658297622,0.0115573771470767,0.015232737904373,4.71557122388673,0.740620998549642,19.2718020605248,6.36705039841058,3.8862440681482e-06,0.144184771032832,0.201132566267685,43.9507381392265,0.716864373126617,0.477250269134444,0.478320502030954,0.0505470918866349,10941.6329135649,9.46286886501231,3.6095231288846e-21,0.197303496681245,0.251860958961754,39.6737718541768,0.783382615132525,0.438054212062224,-0.082037429423938,0.312569563938551,0.336771651952238,0.307278389792801,0.807540961769203,0.309049030994969,-0.394606993362489,0.503721917923509,0.433402461978981,225
0,0,0.00834154553076043,0.0276147628958096,0.00967036982856302,4.61199617796819,0.736546192902599,19.017888101987,6.26165232053284,5.1528378518148e-06,0.228687919845525,0.205554720892466,43.584149474268,1.11254034377133,0.272004793586208,0.500059807578413,0.0505572567914351,11630.3421251079,9.89096005824289,5.61409287189288e-23,0.163022176555615,0.258522759320447,40.7223187407514,0.630591198175879,0.531831032602368,0.0417716404891387,0.367815993600368,0.344395121324346,0.315428780243125,0.903461441062126,0.24358107475857,-0.32604435311123,0.517045518640893,0.528307855439299,226
0,0,0.00746300885522153,0.0487083650114633,0.0069398735473222,4.52126214460584,0.736304960412974,18.9948324780275,6.14047492233378,6.68030054436771e-06,0.303756414243445,0.206057295184298,42.4409455780622,1.47413569595663,0.147824547534173,0.498323298491632,0.0507155652178685,12840.2236926613,9.82584530707465,1.04776029627915e-22,0.148542320167819,0.271832679977403,42.7288357722023,0.54644761689495,0.587600579280189,0.133442298707993,0.430526939043631,0.351118283778332,0.329278495646199,0.703908733592391,0.191047793290713,-0.297084640335638,0.543665359954805,0.584758286173608,227
0,0,0.00611751033240004,0.0775634273908889,0.0126972392411692,4.46482807913075,0.737619240357169,18.7157867790082,6.053025510789,8.5583712453682e-06,0.379775848830391,0.204157892919668,41.1530339563219,1.86020654601792,0.070013238614364,0.453411037727264,0.0507768174758527,12954.288050298,8.92948909101851,4.85085075020615e-19,0.206896228367833,0.276948342349693,43.3958956403998,0.747057110407227,0.459057849561143,0.142554913394092,0.556347370129757,0.346453037605006,0.338052253965858,0.680728184411253,0.0998165360836171,-0.413792456735666,0.553896684699385,0.455029088084112,228
0,0,0.00599026837032239,0.114849894999506,0.0182292230218813,4.40455082690732,0.745422744336213,18.4774820951128,5.90879586164158,1.22144651813243e-05,0.478254472116092,0.206358142607225,41.3962672310408,2.31759438262819,0.025490423616404,0.446537387419324,0.0508891346407984,12776.4405683342,8.77470977982264,1.92906080549003e-18,0.255050262575988,0.283924617366869,43.4597670633611,0.898302742965146,0.373974184360922,0.185821582696846,0.695922107848822,0.348138762449382,0.348800734779044,0.593509505816433,0.0460226708335371,-0.510100525151976,0.567849234733738,0.369024170591443,229
0,0,0.00713111321391985,0.162633571161996,0.0192411246208565,4.3553077261722,0.751001422806902,18.3807445977119,5.79933352175825,1.56955552415369e-05,0.602065224685796,0.214762072894597,40.4647870108663,2.80340572509413,0.00772838901107053,0.453492367608237,0.0509643360474104,11024.0657079338,8.89822967940498,6.56023075375993e-19,0.252427966936865,0.27269604569644,43.6766230632087,0.925675201091338,0.359701479450772,0.312638979850701,0.81749491372443,0.331865818408135,0.354124052399716,0.346159659103378,0.0209714151952126,-0.504855933873729,0.545392091392879,0.354614799271512,230
0,0,0.00790857072498397,0.200975935055199,0.0269015035810365,4.28997027586842,0.758826044740176,18.5103129209186,5.65343046091324,2.08047116883509e-05,0.709605985092382,0.223872453372439,39.9437673985291,3.1696886973042,0.00292675542486813,0.447137768593448,0.0510417021521148,9626.89217253025,8.76024406985654,2.2773784321808e-18,0.289424946641267,0.26540014731114,43.0179640040268,1.09052293140577,0.281553735573994,0.377760126313465,0.956610019596,0.316626635956632,0.364731875641917,0.232839008792066,0.00872165868529892,-0.578849893282535,0.53080029462228,0.275482857625802,231
0,0,0.00557112623300244,0.190227812240947,0.0278830146749396,4.21297133097767,0.767444720933305,18.9070102973717,5.48960884877049,2.74210040901398e-05,0.728654552206675,0.249657197495886,36.2613547880906,2.91862025014793,0.00600660762508172,0.407027358613073,0.0516264274839609,11095.1654713364,7.88408918551505,3.46505524106735e-15,0.30362542634834,0.277972110143615,41.596101720297,1.09228737441131,0.280992950584243,0.3805268544289,0.98777770712558,0.35552221138314,0.382789506787694,0.284469826006747,0.00986652802568319,-0.60725085269668,0.555944220287229,0.27470680804555,232
0,0,0.00386710175647903,0.171093877915818,0.0299532520969257,4.18648046101336,0.771801070967744,19.2021295481282,5.42429988567393,2.99926013364557e-05,0.74671481092794,0.29000363945117,32.1198502679928,2.57484634448414,0.0148378442529616,0.386904432282432,0.0520388420176739,14239.1427942735,7.43491625257588,1.10598126806663e-13,0.323775270704809,0.288774058991174,40.7117412840853,1.12120621857764,0.268770180978241,0.375483913227935,1.02303445463755,0.420383447983458,0.396859831198809,0.371753367349758,0.0099424872392602,-0.647550541409619,0.577548117982348,0.262200093336068,233
0,0,0.00250649665735099,0.158847996046148,0.031969767068982,4.14333282391436,0.779848141829848,19.5007634841272,5.31299954654297,3.64829620525831e-05,0.79745004861399,0.331567591141588,30.6306048733675,2.4050904549156,0.0224051895435895,0.345473708262197,0.0523804931637933,17311.4634583878,6.59546497933695,4.36191112170292e-11,0.341762442148423,0.297951954470222,39.8387442524838,1.14703876588458,0.258207897909045,0.405595606109093,1.08912049040594,0.487654799155584,0.407782062526877,0.40556312289955,0.00756617871892644,-0.683524884296846,0.595903908940445,0.251365599567182,234
0,0,0.00089396329858907,0.141817864251382,0.0310206654731921,4.12491605688946,0.787514184728497,19.5615561695984,5.23789429686472,4.27490618512784e-05,0.806292024198567,0.366816073666215,29.2372513170328,2.19808258711218,0.0360089100255604,0.236887191669649,0.0528478367392663,22455.3910761159,4.48243875786953,7.41596085315833e-06,0.354090790349827,0.316894528751767,38.9998722918242,1.11737741810998,0.270669404826617,0.400302271853599,1.10848385255325,0.567261168094269,0.408164379028456,0.480390000481484,0.00661202327487871,-0.708181580699654,0.633789057503533,0.26383298631406,235
0,0,0.000440101417678452,0.163632270833604,0.0317527454148552,4.1587932026906,0.794103994174146,19.3811173513807,5.23708888659561,4.40937208947831e-05,0.913500490763376,0.388834274005628,28.2108909329647,2.34933119797498,0.0260347829006003,0.174538592798147,0.0530349529225746,24598.8396653054,3.29101061054876,0.000999686301587657,0.361167994496116,0.323914888224333,37.9106899088417,1.11500893483471,0.271865196655164,0.499396230961696,1.22173221995393,0.612397779404881,0.404557189314716,0.414799392906876,0.00252837595956292,-0.722335988992231,0.647829776448665,0.264846592936176,236
0,0,0.000188048341750758,0.179624124028628,0.0303810703338224,4.24698755618537,0.800950392611565,19.1169108669774,5.30243520118358,3.98390862700095e-05,0.98420251973372,0.396310461182156,28.1673564886284,2.48341292025938,0.019230213571814,0.121665789465544,0.0532949241254346,27708.5676635883,2.28287761849875,0.0224451169541477,0.367446454789825,0.338363399570062,37.6373795908702,1.08595213092408,0.284406736564802,0.562899567932081,1.29779247751173,0.640413534943919,0.405109174190398,0.379421535840925,0.00135738668633184,-0.73489290957965,0.676726799140124,0.277500171165267,237
0,0,9.39747858943043e-05,0.21496525940469,0.0258966908502194,4.3531786926342,0.807558918395264,18.5771984727152,5.39054005035892,3.61190851204528e-05,1.12899517706729,0.404794886740128,28.4076124522244,2.78905493633889,0.00933322544268111,0.0950215104891726,0.0536588641931827,33366.3536642978,1.77084461100548,0.0765956730905542,0.372367961616639,0.368559023314664,38.3964669392411,1.01033467656746,0.318659754637288,0.702049374922645,1.44678529815592,0.692904140664197,0.400388191405342,0.310965398895441,0.000302142107370606,-0.744735923233278,0.737118046629328,0.312334972864266,238
0,0,7.81660282152547e-05,0.270604316910101,0.024264753269344,4.51151425838541,0.819989024008031,18.1849145117203,5.50192030172983,3.06222234326822e-05,1.27988348793222,0.389673650897582,29.0781825998029,3.28450097917606,0.00266596426680034,0.0898622766688084,0.0539057609747123,35549.4166537772,1.66702547267561,0.0955181486885983,0.381234111486125,0.385697792438669,39.2866785237862,0.988426998961229,0.328992384587171,0.842772027465277,1.60524025043753,0.696190423475942,0.397520080024885,0.226068627297501,5.38775551559514e-05,-0.76246822297225,0.771395584877339,0.32294357022269,239
0,0,3.96908111487997e-05,0.282970809772294,0.0254586877374039,4.70860950515473,0.836800996217858,17.3763653544759,5.62691670592714,2.78227308599957e-05,1.31317693206586,0.388019432486339,29.0224944237723,3.38430713031902,0.00206173719444251,0.0618036978415724,0.0541245679586534,32849.8070839847,1.14187882088565,0.253512716381484,0.375489738161509,0.371075472984272,39.1954708317724,1.01189586889626,0.31779396323528,0.882651795691486,1.63363127201451,0.676812505984376,0.395846083879011,0.192189109495019,3.67629386622452e-05,-0.750979476323019,0.742150945968544,0.311587844713825,240
0,0,2.19354202104814e-05,0.285846458497932,0.0323442637450021,4.96092056489998,0.857389397169066,16.2473641814557,5.78607640971533,2.62028826793472e-05,1.33385978529332,0.394691126533487,28.5341152661874,3.37950284570217,0.00211829242939437,0.0439266511077291,0.0543696194070605,29756.9296679012,0.807926404245249,0.419139408554525,0.403300096950689,0.353782260110048,38.878379477193,1.13996698654488,0.261274567340005,0.87144813567106,1.67804832957244,0.663296350566892,0.39735317247903,0.188908752268848,2.41002131635121e-05,-0.806600193901377,0.707564520220097,0.25430005530417,241
0,0,6.00373693595922e-06,0.273418220576331,0.0602339435061041,5.31499803871116,0.884893304867029,15.5335006239476,6.00637162636215,2.07420019593435e-05,1.29901484597314,0.400984236868011,27.8888546281241,3.23956586453229,0.00308955114639438,0.0228587217513814,0.0547065562419569,29080.4328458149,0.417842454755908,0.676065393364682,0.560568984553514,0.354741096365319,38.9595184238471,1.58022002608976,0.122142249161645,0.65628346347571,1.77742143258274,0.648092177128469,0.42734578753536,0.311232587948101,3.19348362847325e-05,-1.12113796910703,0.709482192730638,0.114056487146469,242
0,0,1.00043305571437e-05,0.293115903576931,0.0779070658277847,5.66663112268137,0.909151779289899,14.8674723342785,6.23287689884668,1.66892881313564e-05,1.34951080059672,0.405653041632203,26.6902157476025,3.32676120254583,0.00256766139813006,0.0300664242126189,0.0549745174571034,29898.426416357,0.546915654804605,0.584440761806949,0.662232214983495,0.366702163461189,38.6003736751679,1.80591302961752,0.0787344802455723,0.590215443916062,1.91467987388305,0.648828437100091,0.450790185876812,0.363000082813237,2.16279260225151e-05,-1.32446442996699,0.733404326922378,0.0709319255258608,243
0,0,7.79995413913817e-05,0.332513509723446,0.0784198218825262,6.00260010911434,0.929319547794886,14.3022255392664,6.45913466832531,1.35391265153605e-05,1.5371186493007,0.424377531418027,26.3355992076233,3.62205474018505,0.00122488507421834,0.0877266916918174,0.0551743584496944,32408.8032427168,1.5899902446859,0.111846758003021,0.694282605265428,0.384028582151626,38.4107462491473,1.80789305154194,0.078458552134889,0.74107528796206,2.12964049849292,0.683950921358762,0.466563340982264,0.278577168891441,5.0062416794376e-06,-1.38856521053086,0.768057164303252,0.0706231474200165,244
0,0,0.000176164320046144,0.358838826579933,0.0851802909600089,6.34482132022051,0.947241344744728,13.7313476351757,6.69820986533308,1.1182502566934e-05,1.63883876553987,0.422253436851209,26.9149673692762,3.88117330142028,0.000608078227823691,0.136619433771862,0.055304097173809,34635.0550563464,2.47033114639763,0.013503582774047,0.762833011867252,0.399899177704245,39.0799796747415,1.90756334195672,0.0638159365486646,0.764197588731571,2.28986361246608,0.704172347494091,0.463558940148516,0.277814372306621,7.82242337114794e-07,-1.5256660237345,0.79979835540849,0.0564476769077424,245
0,0,0.000260519158902763,0.392388644139277,0.10562396903175,6.67396945431584,0.966526340292611,13.2493877015707,6.90510871363871,9.73922568995839e-06,1.70996419290712,0.415272623525224,26.255293713289,4.11769063510939,0.000338469601072807,0.165255515862249,0.0553402805282593,34219.7152691965,2.98617054855481,0.00282694958177301,0.856643404205827,0.39789195972013,39.2489002851158,2.15295479910772,0.0375259971177334,0.727762867710629,2.44104967612228,0.700261115953318,0.453920537346533,0.298677524636894,7.54422772875884e-08,-1.71328680841165,0.795783919440259,0.0313222311015836,246
0,0,0.000557898954350744,0.454212563046943,0.115243105315467,6.98331392825125,0.978428302438705,12.9197017257824,7.13727711151194,7.8862301453735e-06,1.8979168805799,0.415204105368482,25.1070386828284,4.5710455557648,0.000112258766935788,0.238443689979985,0.0553263887266434,33274.3141829543,4.30976420959061,1.63897582563461e-05,0.883538206969925,0.391001760604077,39.2014604202053,2.25967833394127,0.0294739014991855,0.884878790883613,2.65195520482346,0.693123008787849,0.451741033029674,0.201724158613841,4.34427840733948e-09,-1.76707641393985,0.782003521208154,0.023841221933678,247
0,0,0.000748496146964043,0.458002902569722,0.110385911171471,7.21040763753218,0.990096172421607,12.3455080170145,7.28253258458393,8.26637900143508e-06,1.95501821710183,0.42251500497449,25.3364680789905,4.62709772217407,9.51373874527655e-05,0.270471957474119,0.0553309462179504,31900.2095117808,4.88825830682021,1.02225672217867e-06,0.839775269216029,0.379792622250253,39.4022587860485,2.21114160733402,0.0328947983204896,0.992157383478876,2.67170792191093,0.692118002374921,0.448377258382384,0.151712429581739,2.54382994586971e-09,-1.67955053843206,0.759585244500507,0.0270260324795664,248
0,0,0.000717191649387487,0.453275091222058,0.106345300933069,7.41357776116726,0.999185081735674,11.7894662339399,7.41962414840022,8.92596962423302e-06,1.97557929775369,0.428354543584924,25.6560140131625,4.61201900934668,9.63174579958458e-05,0.26147921351254,0.0553782798695217,31063.3727491858,4.72169258649091,2.34909917925205e-06,0.80494129785276,0.373793007539513,38.9688430617793,2.15344129402333,0.0375306572073761,1.05265803836534,2.66254063407086,0.69589541591401,0.445072461975063,0.130364263334376,2.20058228568986e-09,-1.60988259570552,0.747586015079026,0.0312840131928807,249
0,0,0.000618374003303314,0.457825103967387,0.100587838144023,7.61410892353394,1.00205329270345,11.3271945576707,7.59850696462637,8.93976334577247e-06,2.05576653252844,0.444595981308956,25.3195696402517,4.62389814337943,9.60742860587673e-05,0.251659529496716,0.0554419254210035,33298.9308177811,4.53915565856913,5.66773799991719e-06,0.808798053161762,0.387247819623687,39.0045717181187,2.08858000529925,0.043321013443848,1.12842323456854,2.74601934089206,0.730951474993923,0.450629551242995,0.122643306848832,1.10302730286493e-09,-1.61759610632352,0.774495639247374,0.0367455466069682,250
0,0,0.000444169126909764,0.453746907966054,0.0979374593199348,7.80131363737174,1.00170341443095,10.9920230335852,7.78804736510113,8.46141265714172e-06,2.08525875308244,0.446115198526456,26.3030491707899,4.67426072900043,7.74112540951969e-05,0.215099943721479,0.0552699537615598,34084.8258522273,3.89180610950829,9.96899311122747e-05,0.804988638770957,0.392074999548521,38.8265690930338,2.05314962621415,0.0468392763017525,1.16228321403424,2.77226049157616,0.744698994361439,0.44356345683806,0.118584568703861,4.10518535893077e-10,-1.60997727754191,0.784149999097042,0.0400580681925044,251
0,0,0.000612737933921015,0.471224595825816,0.0780997382319446,7.93616571075492,0.998564638359903,10.7662918519853,7.94757335267721,7.94311232334187e-06,2.19933407190152,0.440575740564074,27.9630500565067,4.99195454812308,2.8445854778215e-05,0.261816535746177,0.0551657518312964,36737.8810303999,4.74599778041355,2.08261037293537e-06,0.753161410123372,0.412334433575177,39.383224609827,1.82657898248524,0.0753499297398869,1.33578206008647,2.84210488033322,0.761313045415215,0.444267155763001,0.0793317557175375,1.58160994597779e-10,-1.50632282024674,0.824668867150353,0.0677630958502053,252
0,0,0.000925183496083618,0.512636057575841,0.066600059931289,8.01500149964846,0.994967792342676,10.7190417150174,8.05553864289109,7.199225986112e-06,2.3678187894107,0.444520122708029,26.9748052908589,5.32668526901747,1.27111925918742e-05,0.328554187650617,0.0551752149234963,38290.9447454259,5.95474232599142,2.62747875963329e-09,0.710353375327933,0.423386555681425,39.4518995856211,1.6777891640528,0.101294513203323,1.55334917092139,2.97405592157726,0.775385079778738,0.450702374249681,0.0451422973791829,4.14740401634827e-11,-1.42070675065587,0.846773111362851,0.0933882654751257,253
0,0,0.000859707354095553,0.521174677418338,0.0740192365702846,8.07399670068248,0.988726064940595,10.6400557525309,8.16606033458579,6.64582293980648e-06,2.3585958983189,0.450236853436321,25.2126677241709,5.23856694608072,1.96280180261865e-05,0.317050941598035,0.0551756228017987,38374.2091347605,5.74621409778992,9.19529500594072e-09,0.753156786117182,0.424358469833312,39.4060043293615,1.77481266348477,0.0836542508829587,1.49504918824899,3.00136276048336,0.783695644344784,0.451461155361327,0.0564311556072096,2.96883360567759e-11,-1.50631357223436,0.848716939666625,0.0759288246846943,254
0,0,0.000827089153553856,0.527051183310657,0.098287494029086,8.13301967496438,0.982000240367981,10.5683926326067,8.28209540143975,6.08897680327956e-06,2.34443154276513,0.468579480839769,22.4631123131003,5.00327401994542,4.93551164429111e-05,0.312096909202396,0.0550879025259838,38775.2661296647,5.66543460345376,1.47689488141829e-08,0.885803661522935,0.42658929388735,39.5571386428289,2.07647888546601,0.0443914438911911,1.32879595164268,3.10040327468855,0.796242908475159,0.470850156831922,0.0951506027420762,4.55829239650097e-11,-1.77160732304587,0.8531785877747,0.037849681977535,255
0,0,0.00100260198063463,0.531024939340369,0.105847567306144,8.1366140881644,0.972696014366276,10.4929472323352,8.3650122628142,5.81792581770139e-06,2.34903834191807,0.473610970380127,21.7255877468508,4.95984782622898,6.00746726087853e-05,0.341025310726179,0.0549540631908593,38371.5557612541,6.20564323955036,5.50294587446237e-10,0.918661094416194,0.422891518776934,39.8642299431574,2.17233274640527,0.035835667201846,1.29572941557601,3.1330516044084,0.783914897992721,0.48898598450358,0.0983521309866444,1.48175397383172e-10,-1.83732218883239,0.845783037553868,0.0298305737553419,256
0,0,0.000952503320941246,0.521703395463757,0.13699388188753,8.1193708483919,0.959229914595289,10.3086035530523,8.46446792875257,5.86443576353842e-06,2.34699689888712,0.48413018723686,21.5463812144758,4.84786315904498,8.03905010149183e-05,0.31758875584822,0.0547267405168463,35322.4409638624,5.80317323576868,6.56264809219784e-09,1.00445878343045,0.398804984760986,39.9627888142148,2.51867158589415,0.0158849846865739,1.1953149465755,3.20423251343639,0.757684104412489,0.502988984143927,0.114659806837636,1.8855664070066e-10,-2.00891756686089,0.797609969521972,0.0117798472265949,257
0,0,0.000951904580854549,0.524813838482972,0.197025799459774,8.13513397992766,0.949076224316652,10.1352122529674,8.57163394413875,5.85505176510288e-06,2.28714200629912,0.468826351210179,21.5486833349625,4.87844166693134,7.46748651533141e-05,0.290826234102975,0.0544914701210713,29895.3119166455,5.33709649339255,9.5134055557969e-08,1.14790778640917,0.367813418309415,39.6951419383093,3.12089698001044,0.00335536121019951,0.970985781341415,3.26680135415975,0.696733235063099,0.502980751097857,0.163430473237962,8.30977194864404e-11,-2.29581557281834,0.73562683661883,0.00180301097691892,258
0,0,0.0012649951285761,0.541821979355414,0.229756343430611,8.07960045764898,0.939471377482063,9.88995496785932,8.60015605723256,6.68847217470815e-06,2.2855052829009,0.452638184980593,21.5595511454324,5.04929844352149,4.95113187291612e-05,0.303014353595075,0.0541952629577575,24681.1371606424,5.59115939397248,2.27942726505184e-08,1.15129872107667,0.336567985844519,39.227538419543,3.42070181805266,0.00147192033393047,0.965461115179937,3.26805855733328,0.658314843685917,0.477653668340235,0.142494589724298,7.81497241691828e-12,-2.30259744215334,0.673135971689039,0.000624597732675811,259
0,0,0.00155077482904,0.539120563174172,0.238620981427852,8.0296115495575,0.926810786803352,9.71064418114706,8.66370100983859,7.08014329382676e-06,2.29168196199682,0.445976532254647,22.5728353984753,5.13857074588915,3.49576830599301e-05,0.321236948039722,0.0541141187413765,22688.5657423078,5.93628715594511,2.95788374361528e-09,1.11916676351973,0.320855959254234,38.8205483712899,3.48806600357685,0.00122577597812747,1.0084793214955,3.24681284853497,0.659002171467886,0.446549100341082,0.125939372784537,3.57106182913488e-13,-2.23833352703946,0.641711918508467,0.000486527959584191,260
0,0,0.00145387375878431,0.512358143433696,0.238094467899541,7.99161228834014,0.917506619692358,9.69008429690465,8.71014128597758,6.85485973329026e-06,2.18061347909188,0.420281108761815,25.6215251880874,5.18846418178575,2.13316623851372e-05,0.315216418649583,0.0541606876631268,23264.3409767785,5.82002246002105,5.9611800172494e-09,1.14094498489767,0.325996608905273,39.19720179302,3.49986764809937,0.00117643670505675,0.872440591002349,3.15433056079768,0.64158386644258,0.427921826043184,0.173885896337664,1.69000544708778e-13,-2.28188996979533,0.651993217810546,0.000465489214009136,261
0,0,0.00132575828844124,0.473231453264801,0.255691514706867,7.94277548665642,0.909383325333796,9.56977762741549,8.73424359715521,7.27491822727298e-06,2.02387262659822,0.39014664534386,29.9541384049532,5.18746643281901,1.37776021548923e-05,0.296461832704578,0.0540757566610212,22640.805066444,5.48234275412874,4.24211650719895e-08,1.20427153713769,0.327831069035594,39.2812480902904,3.67345151477067,0.000712378222214508,0.643091435888367,3.05163451016375,0.618554559909871,0.4051730540011,0.298494132157456,5.00909127436345e-14,-2.40854307427538,0.655662138071188,0.000239296099894516,262
0,0,0.0016221681560703,0.448640942715638,0.24035250437982,7.8274907594489,0.899785641760161,9.46279119080628,8.69928391404063,8.1119658463508e-06,2.04270792489847,0.406932430713792,30.9673149522499,5.0197717623916,2.03480190327744e-05,0.325463135513462,0.0538941449023396,22444.9940393906,6.03893309937891,1.5757568445973e-09,1.11783512615811,0.318415402618324,38.9520957030924,3.51061888641746,0.00114655251969421,0.761032099376227,2.99670235169244,0.643955992824638,0.391468064788747,0.237282043528294,1.9325724042444e-14,-2.23567025231622,0.636830805236648,0.000447064847714373,263
0,0,0.00185466826271056,0.444001165006691,0.245937638386828,7.73480181687065,0.88720453133593,9.42721241049974,8.71817212793512,8.16484769244179e-06,2.04356942777938,0.417339459890959,30.0254597788909,4.89665997150932,3.11242335838814e-05,0.327926890979967,0.0536581112692976,20100.6841460479,6.11141322761395,1.00571108627051e-09,1.063149487175,0.298245751059839,38.9603099326754,3.56467605455237,0.000982203630261234,0.824594496018441,2.95089347036843,0.636554811370481,0.392473098015469,0.195181523335002,5.53171112945386e-14,-2.12629897434999,0.596491502119679,0.000364305854049469,264
0,0,0.00185974969427753,0.436817558571388,0.223517138955916,7.64942846248615,0.870584199634305,9.52067577010944,8.78654639688998,7.15342424033512e-06,1.98228372186875,0.415985873065276,29.276791774061,4.76526692423925,4.7674489841636e-05,0.333299473901504,0.0536295511275066,20729.9381019558,6.21484735363662,5.23542468323378e-10,1.01217392731114,0.300905714428876,39.3070513195767,3.36375774462196,0.00172538639930194,0.821755819764607,2.84610367438688,0.633733763959201,0.396806217930397,0.194738096671319,7.36253968352282e-13,-2.02434785462227,0.601811428857752,0.000768890029544371,265
0,0,0.00179169919723059,0.396375567236369,0.174136402702233,7.56669800607501,0.852622599310727,9.61860774017536,8.8746158173523,6.12641220117565e-06,1.89871088678671,0.417693611868081,31.4674787993491,4.54570247865407,7.64104892468906e-05,0.347773326771432,0.0536948795987178,23371.3000830032,6.47684340425892,9.55236910733648e-11,0.916348654063695,0.315131142585553,40.1012212905205,2.90783274082447,0.00590568683581575,0.848053334362324,2.68075064248971,0.648210368566224,0.401351449161918,0.190771727268974,2.40070291082181e-11,-1.83269730812739,0.630262285171106,0.00363942935352938,266
0,0,0.00177843300945801,0.383199074917011,0.144492006751148,7.43780571193352,0.834856612725217,9.62083380459695,8.90908162978352,5.91473394626692e-06,1.81392245498263,0.399952975846816,33.1085479013741,4.53533931368316,7.15923749753505e-05,0.344191211631523,0.0535145737326019,23219.0716363506,6.4317285484017,1.28617408851678e-10,0.824970679970218,0.314997968781634,40.6108210245337,2.6189714275336,0.0123411374691048,0.86803611401886,2.5179774739593,0.622361388059591,0.400104155453642,0.16309242017229,3.10776887564177e-10,-1.64994135994044,0.629995937563267,0.00881953343072614,267
0,0,0.00155719439014545,0.369621449010709,0.127887661305777,7.29165064011303,0.815518434430392,9.53544010906198,8.94112301116278,6.0944436569613e-06,1.74032814951385,0.384565499938837,34.9273721408334,4.52544013904169,6.69020790945597e-05,0.316756816176243,0.053383689831137,22574.3431599171,5.93358790256362,3.00709141567089e-09,0.767141746805835,0.313076514108582,40.9443556101239,2.45033310464091,0.018634566180827,0.860746708009862,2.39503020162153,0.598501338060886,0.398307187627593,0.150385806711278,1.82095410898394e-09,-1.53428349361167,0.626153028217165,0.0142724110324593,268
0,0,0.00127150504591447,0.370310989188798,0.134972023226395,7.14423675853531,0.796663758762205,9.61413197412784,8.96769393606592,5.61454892430907e-06,1.74367491543623,0.375695524920353,36.6284473440154,4.64119160271045,4.33001830483294e-05,0.280002799925,0.0532999058934994,21677.1017848087,5.25334510879783,1.50772448415111e-07,0.784934251073079,0.31073813545535,40.8944004203943,2.52603128329534,0.0155042319949936,0.843693128602963,2.41356163074912,0.57261023673979,0.408613631235358,0.140638877871783,3.49010389844347e-09,-1.56986850214616,0.621476270910699,0.0115359208446632,269
0,0,0.00101114682989847,0.374006441874099,0.112135341749739,6.96272761351663,0.778005273198029,9.74128735855936,8.94946069567883,5.22040774763954e-06,1.78006795247493,0.379675369068022,36.790788591833,4.68839460627749,3.71857121612477e-05,0.252090959002685,0.0532982524191305,22102.1753409358,4.72981659924372,2.26110092508081e-06,0.711385353374134,0.313507247786831,40.7679548910857,2.26911932147049,0.0286210062266077,0.964415099281924,2.38718580603019,0.571735898299662,0.419409401649035,0.0916381194879129,1.25722195993118e-08,-1.42277070674827,0.627014495573662,0.023261070701037,270
0,0,0.000822956340657807,0.369164764848157,0.0953318297650072,6.78484078662225,0.760694236909481,9.79294280658379,8.9192746013003,5.18526142581563e-06,1.73466386904177,0.37085469318382,37.3868440655228,4.677475844109,3.72905740998183e-05,0.222185238546399,0.0531466005742201,21219.9850763761,4.18061054038845,2.91892803606532e-05,0.630928300840305,0.306029094183261,40.3353625570512,2.06166117154365,0.0457243564319381,1.01126063013652,2.27311723181713,0.556211838576974,0.411682037979723,0.0690455843962646,3.36048763660903e-08,-1.26185660168061,0.612058188366523,0.0392400057138748,271
0,0,0.000685444447600607,0.375168184448055,0.110392283319453,6.60877676108041,0.740513628342567,9.95124176801805,8.92458492070202,4.61695712491259e-06,1.72655871542669,0.361187148396285,38.0570621570154,4.78023297089286,2.62349215233659e-05,0.177140568411719,0.0528515336329065,16377.6215023304,3.3516637311245,0.000805092376505505,0.607441352128874,0.276124984954337,38.9993278376054,2.19987826248076,0.0338078333045707,1.0300848990045,2.24496760326225,0.505374697718118,0.409381471520286,0.0415239640742588,4.16276817703988e-08,-1.21488270425775,0.552249969908674,0.0278155333615526,272
0,0,0.000302324621559352,0.372079239705624,0.125202667973709,6.44192879802061,0.719576671920491,10.249510109813,8.952386937208,3.65221945614003e-06,1.73392098450377,0.366992827547453,37.671494945347,4.72467267573388,3.17847086607801e-05,0.116553883390094,0.0527356451681766,16152.514271939,2.21015373981674,0.0271084613577825,0.649306581861427,0.273963021197507,39.2472817558215,2.37005191074063,0.0227940736643771,0.989445766423565,2.28805893014642,0.499014358000063,0.421535968477222,0.0473897522238252,5.70180559089198e-08,-1.29861316372285,0.547926042395014,0.0177855879289517,273
0,0,9.86124308422064e-05,0.359273320357814,0.117322787508731,6.30103340363523,0.697047543370622,10.4445775586775,9.03960348696753,2.92028242172372e-06,1.68917694236659,0.368048569573386,37.5653864845412,4.58954899437474,4.84074944229464e-05,0.069401896058865,0.0526654674561819,17608.2538658149,1.31778752588891,0.18759192909799,0.643915908245749,0.281716100189132,39.3056077328971,2.28569083489886,0.0277453135231318,0.950882507028693,2.23871432352019,0.513978623609669,0.41846936727096,0.064307365641912,8.80667143636015e-08,-1.2878318164915,0.563432200378264,0.0222723518187692,274
0,0,6.56044383260994e-06,0.357495567368188,0.128455678034668,6.14417902862971,0.674078532603764,10.5084405094681,9.1149305777423,2.58534287739557e-06,1.6508520670318,0.371619340508219,35.4670580740732,4.44232010307678,8.34493087002045e-05,0.0188405447157737,0.0525144214928222,19619.7589749217,0.358768966318116,0.719771790851646,0.719818096672362,0.29454686736459,40.5203210234193,2.44381514939479,0.0189778800180963,0.825530486335734,2.26516667968046,0.521293649400511,0.432096283483112,0.113280465628081,1.58610463753992e-07,-1.43963619334472,0.589093734729179,0.01453287058453,275
0,0,1.04570562738959e-05,0.358946521123357,0.137836856426669,5.95173788029973,0.650650891209584,10.6101248703545,9.14735991406271,2.3307400122691e-06,1.64375128972509,0.372747561785811,34.7301855303279,4.40982439120454,9.51778575012735e-05,-0.0229535823837334,0.0522574327488759,18449.7643892758,-0.439240528596904,0.660492405457874,0.737168539526888,0.288967377818932,40.7061514583654,2.55104415277215,0.0145977170185391,0.798536217897485,2.27287329695126,0.505166009828269,0.441516746279335,0.113937453354553,2.63453071006928e-07,-1.47433707905377,0.577934755637865,0.010740071870119,276
0,0,7.1800112903285e-05,0.361095968722129,0.135481887972257,5.7605265418662,0.629319808663732,10.7308930794659,9.15357575363444,2.13152435136338e-06,1.59635905216762,0.355700113597711,35.6374104632503,4.48793517668951,7.22295567829098e-05,-0.0586484334184545,0.0521382850493115,17621.5066094273,-1.12486310899919,0.260662368173375,0.716709477876313,0.282907979584311,40.9532862914857,2.53336607517895,0.0152215334419645,0.774601719425858,2.20802067517848,0.486742792261741,0.425397479564528,0.111519935587415,2.09743210606836e-07,-1.43341895575263,0.565815959168623,0.0112972900980492,277
0,0,0.000132630669231887,0.368469011161098,0.115964028006433,5.59983397467264,0.609728812766834,10.9980513685872,9.18413868168974,1.72085738866666e-06,1.57404532366165,0.359168104010019,32.9179392790124,4.38247524233873,0.000112757709497135,-0.0818134396028726,0.0520096402122857,18654.346474077,-1.57304375244547,0.115725646707446,0.67525089640818,0.29145745177333,40.9191549943341,2.31680779578534,0.0255978726318346,0.799823142021086,2.15032493483745,0.479763336705608,0.445746686215601,0.0954905094868114,1.40639466917818e-06,-1.35050179281636,0.582914903546659,0.0205142041880006,278
0,0,0.000227300390109742,0.34622612933931,0.0938003090107922,5.47250658775942,0.59320829399328,11.172982851116,9.22526984732518,1.46322851984995e-06,1.50371775233149,0.354293528018146,34.0152709208768,4.2442710165862,0.000159816822051757,-0.105064004473684,0.0517962310731206,18097.2536103452,-2.02841022014451,0.0425330127232398,0.583466739883774,0.286707602105551,40.010449684509,2.03505849024879,0.048507358821167,0.834732498597803,2.00166597836535,0.468837462524071,0.442324248379569,0.0750055406760249,6.02995405885312e-06,-1.16693347976755,0.573415204211102,0.0418449880395993,279
0,0,0.000336088886359828,0.334798234754054,0.0720409332253969,5.33311445632748,0.579244963755218,11.5634644715129,9.20701048784809,1.15173978022452e-06,1.4315830333637,0.324824332085839,38.5927930498126,4.40725306559049,8.08915463897566e-05,-0.124515544934763,0.0516443402906196,17290.260689174,-2.41102014730119,0.0159183303055447,0.485109930535014,0.274891401394902,40.115065789994,1.76473301119419,0.0852216604932999,0.875370711762742,1.84559057283277,0.461624869934035,0.392950223636541,0.0579228280860192,2.64328353742393e-06,-0.970219861070029,0.549782802789803,0.0776086477880923,280
0,0,0.000413914358123267,0.337817937758705,0.0512358202243154,5.18190269041465,0.565887424042669,11.8932287693681,9.15712643584729,9.84146346079192e-07,1.42480637426678,0.317094430873587,39.575751943352,4.49331882096281,5.95790961930836e-05,-0.136560626132566,0.0513723618836227,17064.8172862323,-2.65825087898287,0.00786206310748966,0.399856518313433,0.26951220440626,40.7601782237372,1.48363046933004,0.145599097617038,0.96634302738558,1.76605606401245,0.459811054303243,0.376829008835887,0.0355875451452312,2.77747889687652e-06,-0.799713036626865,0.539024408812519,0.137906981476872,281
0,0,0.00054088870656423,0.334749132076603,0.0350315408615668,5.0254679809456,0.556312125018971,12.344518101052,9.033540264423,8.57382426788135e-07,1.41501874706559,0.314095467138482,40.333604899542,4.50505943290713,5.56854710493551e-05,-0.15739852673456,0.0512202291882842,17449.1955172284,-3.07297583843226,0.00212262324563289,0.326889943944813,0.266354064020787,41.4895136720766,1.22727597623328,0.226637247473274,1.04021665956961,1.69399654745924,0.473981358695754,0.354909173332759,0.0281897028779051,1.81463530775703e-06,-0.653779887889627,0.532708128041575,0.219718881848109,282
0,0,0.0006973893263236,0.319022660099661,0.0326407768209249,4.89622310527624,0.544749933521935,13.200765818974,8.98801964714529,5.4344790600733e-07,1.35268474130185,0.305753027507562,41.7794557992231,4.42410906714045,6.79191521251071e-05,-0.190507402457335,0.0512737070517844,19781.3533810167,-3.71549890599738,0.000203361285816019,0.332999477130669,0.278363174769668,42.4122030381843,1.19627704852199,0.238233462089868,0.970877648500259,1.6368766027616,0.485381363744483,0.34636029227816,0.0454747036748147,2.29057696295171e-06,-0.665998954261338,0.556726349539335,0.231588462216199,283
0,0,0.00103910802152398,0.324145412236321,0.0373692096945212,4.75346494937885,0.53607958519554,13.9423289935724,8.86708817244921,4.18371733408253e-07,1.30949925953642,0.292691560159068,41.7352963920512,4.4739904998448,5.81298559441283e-05,-0.227854106398266,0.0512466983279559,19005.0811412047,-4.44622022164437,8.78893413140604e-06,0.352779251469714,0.275267778331952,42.3098171906239,1.28158571122076,0.206967152112756,0.905013277861687,1.61057178080111,0.463289442184017,0.344971609709483,0.0507661643504648,3.03099525392726e-06,-0.705558502939428,0.550535556663903,0.199988015243808,284
0,0,0.00124084207485209,0.3323301941973,0.0419665077165681,4.63796931383516,0.527372472014503,14.3171515712773,8.79448503657888,3.77028088261445e-07,1.27097020765643,0.288030582127944,39.1187953083305,4.41262243150229,7.78995364285489e-05,-0.243483687692336,0.0511119968334808,18265.7836091374,-4.76372872861118,1.9150803325596e-06,0.371663801461562,0.272382199283747,42.5031332412145,1.36449372403514,0.179593439536967,0.844831774171914,1.58815937709504,0.441200515802155,0.355609104366285,0.0555119346797148,7.96860648349738e-06,-0.743327602923125,0.544764398567495,0.172412228097433,285
0,0,0.00188573961997767,0.319080392594423,0.0425718818801595,4.53442723622147,0.520660729347605,14.8868077179971,8.70898644862877,3.15813769248988e-07,1.19108239342092,0.281114914345543,38.309947555674,4.23699466886645,0.000137346827664386,-0.29633897052543,0.0509559424757295,17901.3751117167,-5.81559198255586,6.14486468980099e-09,0.363482175950478,0.262931239652341,42.9798791343993,1.38242293472274,0.173983762792573,0.774324763407009,1.50128911530797,0.435008617886304,0.339109146558986,0.0750724155035532,9.54836486900135e-06,-0.726964351900956,0.525862479304681,0.16684187807386,286
0,0,0.0020235634929167,0.330902213505476,0.03752168436993,4.42782464092754,0.520499425942385,15.7988609659925,8.50687708811743,2.72361993075276e-07,1.19173396782742,0.275261435761881,37.9016237036836,4.32946215124136,0.000105425885568718,-0.288160212936341,0.0508631111984108,15829.4432800614,-5.66540673873179,1.49228096779705e-08,0.318861661771905,0.245822051915438,43.1590184562188,1.29712391255115,0.201480029779078,0.826136864984996,1.46386018852881,0.42470512560333,0.317884259232638,0.0517507830587711,4.12446066391335e-06,-0.637723323543809,0.491644103830876,0.194588555023027,287
0,0,0.00208196882931576,0.322207046901056,0.0427160024583035,4.3708782860657,0.517560375803879,16.3125674379635,8.44515633422828,2.36151100644035e-07,1.15920068676232,0.269594044810753,38.8918574228259,4.2998007896504,0.000111063414972475,-0.293246987653326,0.0508530840984285,15938.7101269591,-5.76655266543388,8.24077839263877e-09,0.343879688036242,0.247135516501693,43.3903264319631,1.39146203226474,0.171178599778,0.764918674388128,1.45267805046061,0.41734156627763,0.318409221472631,0.0668269539381852,5.05965399948908e-06,-0.687759376072484,0.494271033003386,0.16408536526618,288
0,0,0.00177687390849897,0.320004164040295,0.0340917614365156,4.31540501170623,0.518727167840811,16.5846489027781,8.31921919507128,2.55910483734493e-07,1.15947084549247,0.273585145280135,38.1667573193595,4.23806213712825,0.000137627159401616,-0.281747831958025,0.0510045194638977,17142.5277835385,-5.52397777529213,3.3622993110692e-08,0.322324561245354,0.259278428041905,43.7865229862885,1.24315996390282,0.220424471293604,0.789903287224671,1.43455240971538,0.418901798449538,0.338660378805983,0.059341777212324,2.27575521407955e-05,-0.644649122490708,0.51855685608381,0.213808892704157,289
0,0,0.00160422044338435,0.329310566055495,0.0269101154093549,4.2667742604363,0.5228467829293,17.1995150313308,8.1606589152778,2.55843352124167e-07,1.19159154549101,0.279405338420448,37.0425798835477,4.26474151219657,0.000132569446858619,-0.252811751686749,0.0509370824447691,15330.8090231943,-4.96321617872151,7.00794663464906e-07,0.268447412154229,0.24318500267054,44.0638321782435,1.10388144501622,0.275636518104202,0.883797891014803,1.42069271532326,0.408045115848724,0.336430195904096,0.0303163990942318,2.41237267961214e-05,-0.536894824308458,0.48637000534108,0.269644568784113,290
0,0,0.00135261055172098,0.330107234103732,0.0193473635044423,4.21541276767519,0.521161909584308,17.2841324995133,8.08848975750647,2.7940524501398e-07,1.19877448903979,0.277181378992122,37.9574587245562,4.32487381872022,0.000106666983467123,-0.22256339524693,0.0507499982562316,14199.5575616405,-4.38548577131432,1.16560071119034e-05,0.216151328171856,0.234265260020196,43.1512563790392,0.922677686624221,0.36130574228257,0.95094193709223,1.38324459343594,0.403305245970893,0.326526430976203,0.0183800550989498,2.2729300916873e-05,-0.432302656343712,0.468530520040392,0.35617519736579,291
0,0,0.00129112657167868,0.28654192999913,0.0261756288604503,4.20280875218948,0.514012164385229,16.8052924193608,8.17647721862019,2.94144109362876e-07,1.1154124318926,0.287869989270011,37.3816486275052,3.8747089779004,0.000416139514717874,-0.232673305484029,0.0509115297601844,16155.8910421315,-4.57014956297761,4.90986145639274e-06,0.27217397742168,0.255714570900329,42.1469123500955,1.06436632243286,0.29322287919574,0.803346010794773,1.34769396563813,0.43505593683012,0.339529345944545,0.0648145634356504,7.20839625457001e-05,-0.54434795484336,0.511429141800658,0.287162783871994,292
0,0,0.0013911667325815,0.291637979076977,0.0260585889039786,4.16221847049126,0.515345688818164,16.5599547009655,8.07655630153117,3.85345243467228e-07,1.11424757023567,0.29050550489402,35.7327011216589,3.83554718056774,0.000489721474716933,-0.246051342322566,0.0509578759350169,16735.7454911937,-4.82852430184371,1.38763958628444e-06,0.279497828069156,0.264040052694037,41.8792784764708,1.05854329756945,0.295875379144027,0.79378384428943,1.35277950042774,0.426980352110526,0.361257076390424,0.0630180530356846,0.000180649032077374,-0.558995656138312,0.528080105388074,0.289807822137221,293
0,0,0.00123945256215509,0.310583359405952,0.0312474693964027,4.14223687288049,0.519360213409902,16.6797642820362,7.97565305529334,4.33731169385743e-07,1.11826735719686,0.282289259653449,34.8342259748519,3.96142367786041,0.000351033214918206,-0.230940430250938,0.0508863579245071,16596.9648277136,-4.53835644110257,5.70922891188986e-06,0.308768730077081,0.263272735637153,42.643500680324,1.17280936565582,0.247382155680521,0.764242503480622,1.38177996363478,0.408413814063218,0.364899610673928,0.0613110635750538,0.000152636645456611,-0.617537460154162,0.526545471274306,0.240872261517994,294
0,0,0.000918691873307274,0.309708129456934,0.0284312750755292,4.12288193920061,0.522191498176747,17.0489532371632,7.89534481812865,4.28016725021744e-07,1.12223085732437,0.277250149977572,36.5174956532193,4.04771956810538,0.000257521590228874,-0.199405735142241,0.0507867474287686,16765.0730193298,-3.92633403865682,8.65953207472387e-05,0.292995470246967,0.259854997484213,43.4447051756264,1.127534483014,0.265705462235839,0.786291144556799,1.37228208505073,0.409081968868987,0.353235264518417,0.0545948084100752,0.000102373918057885,-0.585990940493934,0.519709994968427,0.259516569585376,295
0,0,0.000561942569056123,0.30554042720751,0.0327276513442468,4.10419322469346,0.519360948557269,16.7367480713362,7.90239088266933,4.79470064521344e-07,1.15753763054444,0.288534482668361,36.5807898272294,4.01178264670327,0.000285589821304715,-0.157070457868603,0.0507890011358984,17010.3647554755,-3.09260773702405,0.00198727329033803,0.317009879554952,0.258918549902585,44.305046338358,1.22436140506049,0.227286567862514,0.79406372498403,1.42808348409393,0.419834358176609,0.358397173024483,0.0585744572318032,6.75826843539677e-05,-0.634019759109904,0.517837099805169,0.22081592201138,296
0,0,0.000411219595542208,0.315643388430611,0.0349194296675262,4.08986222649981,0.514286076133467,15.9998849640046,7.95250428953556,5.99061779311795e-07,1.19244119574114,0.296911891224689,34.9707165086282,4.0161449607916,0.000298262299808556,-0.127431227954181,0.0507001129471243,15356.1184628693,-2.51343084949496,0.0119664722587821,0.312780164142036,0.243378453813973,45.6468256477792,1.28515963200716,0.205219262779278,0.83381695348681,1.45937728177088,0.413779877962125,0.35698328899266,0.0438918630136003,4.34952718810579e-05,-0.625560328284072,0.486756907627946,0.198736506852045,297
0,0,0.00021762392840876,0.309263266303967,0.0368036667235041,4.08673261909748,0.511815163932486,15.9078110777247,7.98478221648893,5.91317760576772e-07,1.1509407511821,0.298537069474845,33.196600969992,3.85526914030044,0.000502939741345281,-0.0886396929514207,0.0505392201310499,14131.824815024,-1.75387931831111,0.0794728632082037,0.310159425852898,0.233443792756461,46.1986237638445,1.32862571409843,0.190497140383693,0.795321367901695,1.41564021960749,0.406439735179904,0.354289213804507,0.0503709598566296,6.44981427570631e-05,-0.620318851705796,0.466887585512921,0.18397148415961,298
0,0,4.90466576626921e-05,0.307294955521259,0.0506276959899343,4.09154556223521,0.511678087507078,16.3053915469403,7.99632749991197,4.89918299958061e-07,1.16841617497111,0.30326565841384,33.4612046770304,3.85278102730865,0.0005018616716236,-0.0408555151241126,0.0503927767869117,13400.9035983396,-0.810741493703991,0.417528536937257,0.354352117337225,0.225540912391264,46.2879335271791,1.57112123729686,0.122965872331575,0.762126793034562,1.47083102770901,0.404000085293495,0.35463368291403,0.0592340628489327,3.36175848474169e-05,-0.70870423467445,0.451081824782529,0.116154490476506,299
0,0,1.73698767058656e-05,0.280402181257026,0.0590216097635926,4.05295472414661,0.509530248620919,16.2201644063879,7.95429659989026,5.44204171710764e-07,1.15930120729521,0.303655306057115,37.4058284768762,3.81781969282353,0.000490890869382065,-0.0236701727573057,0.0505185703377907,12638.5273485084,-0.46854399479312,0.639403697822536,0.365220217350927,0.215850933298009,45.6425982541145,1.69200203015428,0.0974628644249543,0.740550791767068,1.47099122646892,0.409644924353514,0.339791901120842,0.070639649124339,1.49723728670269e-05,-0.730440434701853,0.431701866596017,0.0906455865407875,300
0,0,1.83460744102885e-06,0.290681662720814,0.0725541523461661,4.01015616783998,0.507220973602236,16.5558527423907,7.90613238912465,5.12904128761876e-07,1.2105126149869,0.310960230923805,36.978772493376,3.89282131477294,0.000399453493883624,0.0074307216467006,0.0505369213957597,11784.2100347808,0.147035502786366,0.88310651299233,0.392704857093938,0.210843471374611,44.344372963693,1.86254217184752,0.0691599040312807,0.760249145782523,1.5456588599704,0.403292433449136,0.351407175310357,0.0594154746862761,1.09009630202213e-05,-0.785409714187877,0.421686942749223,0.0625267068707403,301
0,0,2.8405442325499e-05,0.29239346919749,0.0584444642447487,3.9573493794764,0.509476576335799,17.6065732597003,7.76748051488059,4.31107752420157e-07,1.21038290134078,0.318006132023089,35.0589363052666,3.80616214423469,0.000543833580467659,0.0298913785162661,0.0506220402334529,12274.3557370371,0.590481505257719,0.554878752657805,0.352557801412574,0.213422919882521,43.9623706077974,1.65192099145977,0.105676667188403,0.806150827579794,1.51126643040494,0.396718087659878,0.370135180885848,0.0421486358665676,4.44557030773637e-05,-0.705115602825148,0.426845839765043,0.0985506582326851,302
0,0,7.32495761192862e-06,0.277948945934327,0.0434345871862389,3.87795818438838,0.510194710610771,18.884296593175,7.60093764936518,3.69671033169093e-07,1.12816955488437,0.301752583047885,36.3119551384894,3.7387237699481,0.000635826767901248,0.015551510816924,0.0506397833944329,12875.1766912515,0.307100658306402,0.758771723306724,0.308011415796117,0.220821893986352,42.8477814872813,1.39484092920222,0.170253110959825,0.775013014735595,1.39103584632783,0.38883176928158,0.359894703453928,0.0462413718667586,0.00011103506296818,-0.616022831592234,0.441643787972704,0.163063813432019,303
0,0,2.36058603511544e-05,0.287072518939669,0.0216644119976508,3.78243475416192,0.507072326636008,19.9379818023378,7.45935945519872,3.44347210754537e-07,1.12645128044124,0.289032417441479,37.7211957303298,3.89731812926941,0.000385614375918387,0.0280164332428987,0.0506164583630994,12978.1292559673,0.553504416328806,0.579927592360525,0.217118679228961,0.221487870068738,43.3945739568318,0.98027345317637,0.332384973481992,0.877509593134022,1.31174695159194,0.384901361731889,0.345227610985508,0.0226177850728511,0.000144895743918724,-0.434237358457922,0.442975740137476,0.326951155063616,304
0,0,8.10461017770627e-06,0.288792200224362,0.0152886906608287,3.70693675816474,0.501505374531661,21.283782466723,7.39161920572938,2.62822070383969e-07,1.12477693496989,0.292623333203154,36.3852991088624,3.84377049723855,0.000468915340643842,0.0171754261887663,0.0507249047625204,14146.1061861375,0.33859947631596,0.734916502527856,0.19310068311278,0.233427026198163,44.0761830420232,0.827242184668245,0.412556202252953,0.903373552980911,1.28957491920647,0.392476981731172,0.357368791054707,0.02135076130927,0.000307940511131215,-0.386201366225559,0.466854052396325,0.408099805930212,305
0,0,3.07741600922192e-05,0.274538360781591,0.0256258360145805,3.66825724359308,0.495468634948329,22.7651247299445,7.40361141926902,1.68285880847606e-07,1.05676205900329,0.285100770434431,36.3052188906682,3.70662645840281,0.000697091677770548,-0.0349311323415542,0.0507666334039103,15383.9913186464,-0.688072657165082,0.491417402567005,0.265381036222074,0.246629488714577,44.0248092666663,1.07603124673059,0.287774874321207,0.752484218095857,1.28324629054,0.396360283124411,0.358705292750721,0.0576321667793833,0.000346977207265934,-0.530762072444148,0.493258977429154,0.281913282119742,306
0,0,9.59061817820449e-05,0.269765619290738,0.0360455109086557,3.59828172620659,0.490816450911724,24.2020011629659,7.33121662797271,1.35603424157602e-07,1.0417629515151,0.28845896576402,35.3057474013448,3.61147710821142,0.000937143479358647,-0.0634984416587411,0.0509678986400092,16182.45555637,-1.24585167042566,0.212836892561317,0.319941858396773,0.250361492560484,43.6729377677649,1.27791959987409,0.208028671313957,0.674927328010276,1.31481104480382,0.415279622557053,0.351803032152414,0.104112315560879,0.000185970004158287,-0.639883716793547,0.500722985120969,0.201277776458795,307
0,0,0.000124574292260157,0.258520697516269,0.0476042903346007,3.51374398019704,0.489800259319861,25.8793929981525,7.17383037950255,1.31759743945748e-07,1.01331476289486,0.291785906251247,34.5910568959832,3.4728022882035,0.00140309211985484,-0.0749764713250513,0.0511401200528704,17252.1797278309,-1.46609885247704,0.14263958391605,0.376757364953082,0.254256958535068,43.9287799348927,1.48179765511164,0.145532452588235,0.581336204118097,1.33485093402426,0.437525740708395,0.341125659534851,0.18395016912431,9.11275034444083e-05,-0.753514729906165,0.508513917070137,0.138394143229473,308
0,0,0.000156527603055041,0.225924746184604,0.0595635055455764,3.4211683875556,0.48596971509615,27.1714599315294,7.0398798140718,1.38903807458184e-07,0.935457169094245,0.296601737067584,34.0815875014722,3.15391669092312,0.00335524578686954,-0.0864839608384901,0.0511255087406093,18278.3478677516,-1.69160098293155,0.0907391251674485,0.434770092601523,0.259669983661134,44.2613897899798,1.67431786482065,0.101121247043679,0.436962977681065,1.30650316288411,0.453219569098253,0.340077255165036,0.334980317334877,0.000122143587453438,-0.869540185203045,0.519339967322267,0.0940681453210706,309
0,0,0.000359245725771939,0.176809672564003,0.0797618568601966,3.32828789219011,0.476585989782742,28.6996309149846,6.98360414184093,1.18368072178499e-07,0.80455328427524,0.297065659877976,34.1506489226838,2.70833486645922,0.0104905834201287,-0.132747352124442,0.0510720897809047,18799.0897129727,-2.59921520137354,0.00935101654689488,0.516085116015084,0.266009343620012,43.4264031435573,1.94010146031675,0.0588786649779928,0.212825755205969,1.24499598723614,0.456081691172455,0.346242498845583,0.640757785597157,0.000323477984509728,-1.03217023203017,0.532018687240023,0.0523673605877935,310
0,0,0.000470000798706245,0.158193701418108,0.0862561605363574,3.21742922114318,0.469683317643447,30.4463582226179,6.85020970573548,1.23247984755772e-07,0.735890948747897,0.282239150222813,36.1755709251154,2.60733122306721,0.0131757230850005,-0.14764493642678,0.051038066370393,17796.9642055627,-2.8928395397132,0.00382239156299013,0.528757305194211,0.266774594378306,41.615791954789,1.98203770650062,0.054104780381063,0.129633872210252,1.18714848259867,0.434204810614748,0.346546870661075,0.765279859838299,0.00061332889426757,-1.05751461038842,0.533549188756613,0.0474750206203693,311
0,0,0.000168465820653609,0.197565315153601,0.0705298079487822,3.09530104081398,0.467654044305368,32.8332964617359,6.61878386064553,1.61892594020995e-07,0.8450568093653,0.282874792953985,36.247854341821,2.9873881675373,0.00502321820214148,-0.0893594537016096,0.0512388866088942,18050.8089584206,-1.74397727225592,0.0811800753313531,0.477259074411347,0.272930915463469,40.2963482163919,1.7486442442803,0.0879675512480065,0.297846041095325,1.25236418991802,0.438279681976854,0.351775825754833,0.496770531117897,0.000370685214488314,-0.954518148822694,0.545861830926937,0.0803525333345136,312
0,0,6.38589986755521e-05,0.237471081993992,0.044965143124718,3.00210797609865,0.464872348283514,34.9044336643181,6.45791901192569,1.95829520760049e-07,0.968884392339355,0.285835106043558,36.8942233390845,3.3896619829186,0.00167903909595812,-0.0552910914018262,0.0513383935897377,18162.5129088875,-1.07699301703275,0.281497689925797,0.370128908627583,0.267740949538948,40.5900566450439,1.38241426746617,0.174404295526478,0.544505820389018,1.28476363764418,0.453781190897919,0.334066597532967,0.230166394112339,0.000120144611588423,-0.740257817255166,0.535481899077896,0.166844537792562,313
0,0,2.16003967590812e-05,0.273771588037047,0.0309598075227061,2.90821525246705,0.453885085233672,36.4870679302771,6.40738228040656,1.87754869180316e-07,1.05843734878612,0.2865704612583,36.186978937019,3.69346283681382,0.000726065231339185,-0.0326490786642643,0.0514106424014052,18670.8757941078,-0.635064592450452,0.525394070903369,0.311148534716697,0.268337208182455,42.0840244931363,1.15954301240673,0.252771673363263,0.701683883305338,1.32398095273873,0.454553175377115,0.335198986252048,0.122666280322743,7.82048271905981e-05,-0.622297069433393,0.53667441636491,0.246234914618021,314
0,0,3.35705199125537e-05,0.306383592504112,0.0317829710190627,2.7807231985143,0.444879608032794,37.2002329662607,6.2505072120755,2.81473121017717e-07,1.15259767843183,0.310701057267386,31.1547214346028,3.70966770621548,0.000808480812087294,-0.0385372048401459,0.0512727582793168,16827.2990495295,-0.751611696609106,0.452295119006913,0.302762981292817,0.255633538065576,42.7314971610989,1.18436330218593,0.242815275183045,0.805458833976549,1.41098479656218,0.432053283555507,0.375480374030602,0.0622854676715065,0.000171405322825282,-0.605525962585635,0.511267076131152,0.236269280494635,315
0,0,4.92480687680927e-05,0.330708918250046,0.029276404648719,2.69191508320666,0.43981278390649,37.488897088958,6.12059308348571,4.09817339139019e-07,1.24980975612219,0.326737335587172,29.6114330670284,3.82512073153864,0.000625768026697976,-0.0449603435418729,0.0511257036530185,15702.5451958628,-0.879407818951719,0.379193651458233,0.278999559789112,0.249470000220415,41.4713550752486,1.11836918083379,0.269845894737187,0.929917329461699,1.48791644903992,0.419004232250223,0.402204778792983,0.0264628759526647,0.000216109578159419,-0.557999119578223,0.498940000440831,0.263409351333425,316
0,0,0.00010449272803453,0.335935934621196,0.0250843204497023,2.64441678968091,0.433689680839041,38.2633094986459,6.09748607475482,4.07569789209559e-07,1.22123775641681,0.300957897276827,32.5493616112889,4.05783588823221,0.000290787682960957,-0.0624377737688079,0.0510071218401043,14338.4343467349,-1.22409913589196,0.220934944880019,0.248393842935272,0.237630044118335,42.4662264050623,1.04529645591269,0.301799712982355,0.93643691571244,1.43322460158298,0.394416891995283,0.37227034654615,0.0175855322421298,0.000118138854955732,-0.496787685870543,0.47526008823667,0.295885975163235,317
0,0,0.000425975265124808,0.271618868464901,0.0192143962239759,2.57359641869112,0.42892761445573,39.7078667174465,6.00007164835209,4.85170325675609e-07,1.09174150730816,0.309734916864324,33.3163995891189,3.52476084504993,0.00125612428526881,-0.125945329480881,0.0508869337688779,14374.1491840161,-2.47500330935461,0.0133349387362649,0.218630254609532,0.237695850180335,43.1841784834661,0.919789951922431,0.3627920988382,0.84106669355108,1.27832720277014,0.394886910876651,0.384333448412351,0.0331804845207132,0.000880738446595952,-0.437260509219064,0.475391700360671,0.357682535204927,318
0,0,0.000501894191394341,0.207265504600864,0.0230240925567591,2.5257689857194,0.421271216565797,41.1288531176784,5.99558879505102,4.34088919309687e-07,0.963419655998863,0.322993356198285,34.0286371231715,2.98278474622067,0.00525157304315141,-0.139468531108934,0.0509233563128367,14937.8543298407,-2.73879298630945,0.00617382887310622,0.244901615519959,0.238347428952515,44.7985222580075,1.02749845717341,0.309701928341868,0.682622897247808,1.17242612828773,0.407661304281975,0.394009989083218,0.0940352437766198,0.00292391787812198,-0.489803231039918,0.47669485790503,0.30418581154986,319
0,0,0.000223939540615249,0.218255830334182,0.0207882180247286,2.47819255470337,0.416335396349369,42.5732538461523,5.95239457522315,4.43776297199044e-07,1.01813837375424,0.33231164561682,33.6218253230519,3.06380587976212,0.0042848845897414,-0.090752575453187,0.0508028022812166,14246.7082429168,-1.78636947920373,0.0740607121899308,0.224783784182668,0.230671640150603,44.73020787231,0.974475163205625,0.335061390486021,0.760408109769331,1.20997567813467,0.403576637945115,0.402761629648984,0.0595416102242517,0.00266281979164917,-0.449567568365336,0.461343280301206,0.329820665274491,320
0,0,0.000147496377758011,0.213981245003766,0.0194873854101176,2.42619032911241,0.411459841365432,43.72962525685,5.89654222648091,4.88744535575903e-07,0.98063748308402,0.322546810235676,33.9538225527489,3.04029508885082,0.00452995847164816,-0.0730662107254718,0.0508671315669971,13986.635506302,-1.43641303282919,0.150907212894961,0.213525123623704,0.225667725128062,45.0462531288987,0.946192564765445,0.349098525069741,0.735816057557049,1.16286630480446,0.406093506689981,0.381638866574632,0.0699958526171563,0.00231112165836257,-0.427050247247409,0.451335450256124,0.344050377792849,321
0,0,0.000239058381065429,0.189231298077517,0.0409929992743357,2.42662694238717,0.399403650201873,44.470968700408,6.0756253508466,2.51479144803898e-07,0.922155964640119,0.324960795244279,34.5025209608864,2.83774528538717,0.00755769935049707,-0.0964985977711233,0.0510476157342567,14944.5647882731,-1.89036444470737,0.0587285649351816,0.32671209960993,0.234376279514917,45.4585111785747,1.3939640149853,0.170105486448711,0.547557788060334,1.20098198728019,0.417367292066433,0.385101203812398,0.189542851428982,0.00181703863863646,-0.653424199219861,0.468752559029834,0.163328471510735,322
0,0,0.000473544557108212,0.159536944641618,0.0555844636241608,2.42746867408923,0.385610251140488,45.0375334424943,6.2951352224421,1.13356149606737e-07,0.851923546939198,0.335089433769247,34.0515695187962,2.5423766346684,0.0157260981229946,-0.13922483832165,0.0510756943202081,15683.3317967294,-2.72585307306466,0.00642067329399183,0.398457939345933,0.242938075069047,45.7070825027277,1.64016257736744,0.107836595770721,0.395063768250462,1.19197964694233,0.417037962221204,0.408833015717175,0.343481403120108,0.0035504398499697,-0.796915878691867,0.485876150138093,0.100971368012019,323
0,0,0.000562066003684245,0.136571267231728,0.04345565628772,2.38513461388649,0.383116531427718,45.7722429941638,6.2256113172618,1.35303283926411e-07,0.764969502961288,0.324035172940687,35.2347417391481,2.36076070390455,0.0238981143064345,-0.150362990130653,0.050920082181022,15505.0162780551,-2.95292119906855,0.0031525438680286,0.349719657058588,0.240889024277265,46.3943246694389,1.45178742828922,0.153290018858186,0.363991559369165,1.06343087348634,0.404897874281986,0.400212524049209,0.368667959782552,0.00788007698787442,-0.699439314117177,0.481778048554529,0.14656072057555,324
0,0,0.000559532746853112,0.119479193189054,0.0250377453549419,2.31622803088353,0.382347066107934,46.4006262462915,6.05792024105573,2.30011729997739e-07,0.679207991245191,0.311032309470567,35.1432486543179,2.1837216603038,0.035745609501845,-0.144431372378673,0.0509528079060588,14352.192567526,-2.83461065865025,0.00459456488427962,0.250399244501856,0.229318807367054,46.4279238882224,1.09192633337335,0.280499499554645,0.392107817975391,0.892906306979104,0.398350106039888,0.374692781801842,0.324953458669404,0.0171705251751475,-0.500798489003713,0.458637614734109,0.27486548201472,325
0,0,0.000542564048045036,0.10968883601586,0.00921231171086151,2.24713073334338,0.375665626013572,46.2380604752562,5.98173103349678,3.03083978077441e-07,0.616510809335536,0.295158586934571,35.4119577456321,2.08874427723223,0.0439834329858455,-0.136237402583318,0.0510506646428982,13119.0745373084,-2.66867049697208,0.00762457788991742,0.142551704277562,0.220209199761096,45.0698266046728,0.647346724987946,0.520691399089026,0.453065352144112,0.738168760699235,0.387841269247177,0.350385269295879,0.24273734978361,0.0351405935916514,-0.285103408555123,0.440418399522191,0.517407567325049,326
0,0,0.000276411817317748,0.123066145093903,0.000900544254328031,2.17170826557645,0.373051287099925,46.2909810173141,5.82147372405323,5.25317175136569e-07,0.637937451450248,0.28366344963599,36.0394104326787,2.24892368850791,0.0307234840029054,-0.0952683310660616,0.0509725487394345,12634.2000072835,-1.86901250618371,0.0616441933828877,0.0432157230680731,0.21648781504413,44.2099797441092,0.199621965140458,0.842691595958701,0.588387615125836,0.674819061261982,0.381359139794587,0.334815040431782,0.122862296150089,0.043852490124561,-0.0864314461361462,0.432975630088259,0.841776247831627,327
0,0,0.000102101232698681,0.137914719712727,0.00102966979703681,2.09891852719181,0.370203781229084,46.7515382705269,5.66963017023584,8.61321552187317e-07,0.674861743890977,0.274770486709636,37.7076148325065,2.45609254462667,0.0187673432245795,-0.0588969086021324,0.0510052299958602,13058.1078061868,-1.15472292952924,0.248225037344533,-0.0465382021379453,0.219770525131142,43.5045746877021,-0.211758160518454,0.833284658483512,0.728221033868268,0.635144629592377,0.395113062823689,0.312943751138387,0.065318790375687,0.042399167917921,0.0930764042758907,0.439541050262284,0.832295711307541,328
0,0,0.000106943230426312,0.134575924770543,0.001242031967441,2.05754714685754,0.360404077387799,46.8087847310194,5.70900074652485,7.49015455076679e-07,0.663761765515692,0.270453087296721,38.7348766683388,2.45425841557305,0.0187182912140814,-0.0631696161214883,0.0512005203968952,14232.0669864169,-1.23376902484216,0.217309358782243,-0.0535726989573129,0.233438412183477,42.3516070959884,-0.229493931423789,0.819589790697783,0.72518659602496,0.618041198110334,0.410770555628086,0.30823469066153,0.0774915521198483,0.0449524199565715,0.107145397914626,0.466876824366953,0.818485036802048,329
0,0,0.000187233070340531,0.133346532017805,0.000338652179848748,2.03381727896811,0.358705651676142,47.7837376016562,5.66987798899903,8.07881281963718e-07,0.663626131353676,0.272639680509552,38.506370306836,2.43407757122289,0.0196733940730435,-0.0850162111193874,0.0512655356151664,14685.4957758481,-1.65835019763718,0.0972681589752037,-0.0290652942323515,0.238585529810877,43.8086905208954,-0.121823374013466,0.903596007261713,0.696951515489106,0.638820927024403,0.399948755035116,0.328264153510414,0.0814031538574649,0.0516478296654435,0.058130588464703,0.477171059621754,0.90303890203808,330
0,0,0.000309075722798958,0.111984035705599,0.00111485819277972,2.02831799039067,0.352743843218525,48.3945265755075,5.75011592515344,5.87891708826366e-07,0.593531872280896,0.261243414935091,40.9319132398226,2.27194960082866,0.0284123158967011,-0.106501035588085,0.0513031941924722,13938.6176825925,-2.0759143219919,0.0379201635623188,-0.0517783314554414,0.230678740637244,45.1415931727682,-0.224460786080265,0.823411683236492,0.652899335477728,0.549342672566845,0.387012153404115,0.313670246178187,0.0915984667395958,0.0798876778095712,0.103556662910883,0.461357481274488,0.822398776615927,331
0,0,0.000326546533425198,0.0900897178423624,0.00137569228944074,2.01003808366591,0.34510616345443,48.4107217804489,5.82440505711608,4.52366253979245e-07,0.530737642933773,0.259192092917882,42.3486559721284,2.04766139645287,0.0468280933366575,-0.1071061320435,0.0512725856732841,13358.9189353252,-2.08895515287633,0.0367306383562564,-0.0566158362276986,0.226638896744355,45.2989137338569,-0.249806352929613,0.803866501851534,0.59565164226761,0.482419969812213,0.380546626217516,0.311556220850549,0.117523664055898,0.121521142368089,0.113231672455397,0.45327779348871,0.802737106554272,332
0,0,0.000293754623921242,0.0758089692355945,0.00121099067615198,1.96419278822745,0.341721191962862,48.1606752001822,5.74793964911875,6.0100425206649e-07,0.480167088132277,0.254964754084285,43.2380041746901,1.88326849276409,0.0664016781355264,-0.105031400668187,0.0513469126673137,14239.5851272878,-2.04552513894467,0.0408214493495053,-0.0554554897587091,0.235752847498107,45.6360609694483,-0.235227232023802,0.815084724121151,0.543750669425267,0.432839689907849,0.381955848488246,0.315704306545808,0.154563567160696,0.170365984902292,0.110910979517418,0.471505694996213,0.81403237080364,333
0,0,0.000204178637333254,0.0855240050913379,0.00144961678774885,1.91319496633208,0.336780166435218,47.7201828665618,5.68084215464064,7.80587451960062e-07,0.500616919909391,0.251399726071086,42.3999872919614,1.99131847807915,0.0529141398448952,-0.0922131669938737,0.0516067259054027,15634.1501286758,-1.78684396996826,0.0739820786692849,-0.0649011060959577,0.252702197480057,45.436297311184,-0.256828419947079,0.798470675041457,0.575030558187813,0.445228345995897,0.384110716932627,0.33079101921262,0.134381867738658,0.178318472824595,0.129802212191915,0.505404394960114,0.797311229815887,334
0,0,0.00011758596928464,0.112933634511358,0.000566680104833451,1.87733063349767,0.328407243485358,47.4752924005378,5.7164714565176,6.99954038321002e-07,0.594664572559397,0.26202195572777,40.4577355762818,2.26952192196149,0.0286366108287699,-0.0687844140847832,0.0515831926100831,15120.1839478823,-1.333465623284,0.1823991373814,-0.0401711510389537,0.248384931510033,46.1311115814557,-0.161729420519743,0.87222521639477,0.640723595008426,0.560381292930519,0.37940397222672,0.343392097711529,0.0912647536212918,0.102700720522435,0.0803423020779075,0.496769863020065,0.871518935308605,335
0,0,0.000335006842884829,0.0945163816831402,0.000737534150713014,1.82275278194802,0.325719240423502,47.8659599272195,5.59608569508533,1.03962140381705e-06,0.551655410324629,0.265900166129337,41.2355751605459,2.0746711758589,0.0442973601789598,-0.115815150541333,0.051585481494394,15040.9954835671,-2.24511136052727,0.0247754527131154,-0.0458836052051396,0.247450315048322,46.5839688443798,-0.185425527529353,0.853700298915669,0.604264159328027,0.512496948917748,0.383874422192139,0.343742155573622,0.11545985785036,0.135978761156383,0.0917672104102791,0.494900630096643,0.852895287511941,336
0,0,0.000601206884207934,0.0911676133858353,0.000270808477145886,1.79192179696392,0.324736270164368,48.1217025592786,5.51808332360572,1.34433756189906e-06,0.568823591819857,0.273901963904835,42.9940262576436,2.0767415600477,0.0438361718300645,-0.150158381898891,0.0516559551565723,14046.6655616712,-2.90689391849888,0.00365607709542972,-0.0271254416427915,0.244449957728102,45.4562726391746,-0.110965213064028,0.912132444915381,0.599924799857278,0.545673916571695,0.38497520400747,0.350062923660423,0.119151108125436,0.119046543744878,0.0542508832855829,0.488899915456204,0.91164393228021,337
0,0,0.000868775431611139,0.0847059014669513,0.001132569175425,1.77939112548157,0.322328793284841,48.4542340171249,5.52042250817205,1.30923086073245e-06,0.564374119672062,0.278081596308315,44.5078564159457,2.02952704229419,0.0484096823839834,-0.16618697963514,0.0515554493987701,11949.7779867255,-3.22346098372105,0.00126991505185602,0.0512904888772675,0.227390143170483,44.8718031902956,0.225561619171914,0.822566598627583,0.505566001967669,0.608146979722204,0.376082979323072,0.343316584763429,0.178853412927152,0.076496153692348,-0.102580977754535,0.454780286340966,0.821542394985313,338
0,0,0.00122751575225831,0.0734863345151324,0.0152484856598191,1.77151314673163,0.317070602146984,48.645929495445,5.58712518516748,1.02589337048652e-06,0.520364590957715,0.277154249422782,44.4444599784087,1.8775270162426,0.0670180683978798,-0.184148712117483,0.0513482731544474,10464.6614165625,-3.58626884225675,0.000336972270656767,0.177214836619738,0.212861668126682,44.7615561522922,0.832535224304787,0.409526950148778,0.317175438367724,0.671605111607201,0.36855398106921,0.331999601749718,0.389461551765544,0.0430824903427173,-0.354429673239477,0.425723336253364,0.405106904381766,339
0,0,0.00154629476983082,0.0705321480655361,0.0259686472773047,1.75332353588877,0.310419549505281,49.0862899788634,5.64823813024359,8.07271239168039e-07,0.515637789859029,0.283978803799301,43.4475096309381,1.81576153910223,0.0763119872836571,-0.206129922550699,0.0514238753174534,10375.0003973912,-4.00844785186265,6.15467663155851e-05,0.230462538207766,0.212964337309845,43.9248739446414,1.08216493483818,0.285084516908236,0.251396438878607,0.712321515294139,0.379219672976547,0.333229356282254,0.507374810937225,0.0325466760802739,-0.460925076415532,0.425928674619691,0.279179246468199,340
0,0,0.00155148862546243,0.0615186886592586,0.0222621793198718,1.73252264942161,0.306426727889242,49.752393916435,5.65395408343045,7.61740538717391e-07,0.480986145730533,0.28318496768441,44.0091825332405,1.69848756331783,0.096476232268593,-0.21000757243657,0.051398924879511,10743.3300396766,-4.08583589888054,4.42375039800484e-05,0.213873695052817,0.210059309871288,45.5287382723931,1.01815861046038,0.313982718373307,0.23576505878328,0.663512448888914,0.380675402722711,0.327620981204426,0.535696629190871,0.0428423086169652,-0.427747390105634,0.420118619742576,0.308602585484779,341
0,0,0.00213962781804122,0.0380681887961713,0.0258110606081066,1.70071357071763,0.305373206419175,50.324690270412,5.56929532443368,9.965489897528e-07,0.354344780772023,0.260565934177614,46.7303335084989,1.35990447826724,0.180385386585363,-0.247670270303326,0.051354834272105,10847.1746415087,-4.82272552942217,1.43535040828645e-06,0.232560744017328,0.21225758252008,45.3089223701677,1.0956534096742,0.279020367259322,0.0876976906981012,0.552819178732757,0.36391464714453,0.311055519824127,0.809567339737568,0.0755293600030707,-0.465121488034656,0.42451516504016,0.273230478895318,342
0,0,0.00253936481685406,0.0215120249486086,0.0223599410528151,1.66007119236984,0.307808195621859,50.715167049452,5.39320010312276,1.82285774940983e-06,0.264677313386167,0.256975286348549,48.2530664825836,1.02997185895601,0.308158452240787,-0.293694488923857,0.051646844749945,12702.0750013123,-5.68659112373307,1.32456819488243e-08,0.233930365968868,0.231528216309679,44.6348092144178,1.01037519183396,0.317761644657905,-0.00354014364466576,0.464320588293069,0.380091267654914,0.314885262396247,0.992568666110097,0.14032799146769,-0.467860731937735,0.463056432619359,0.312315568869616,343
0,0,0.00208291354793953,0.0167792685984315,0.0192233060272516,1.6168673547258,0.309415955742739,50.7091367985391,5.22554614497685,3.29102909586673e-06,0.234287272981032,0.255929441631736,49.1060382064917,0.915436971562475,0.36443592511424,-0.278992646325559,0.0518166661020921,13888.962097005,-5.38422610547486,7.39404423025279e-08,0.224144616630938,0.241698807643571,43.878287254653,0.927371627589824,0.358806895375587,-0.0227101408899916,0.425579092371884,0.394492258346036,0.313255938468377,0.954092718358166,0.174283927414682,-0.448289233261876,0.483397615287141,0.353733616494668,344
0,0,0.00167815992779498,0.0149875585042102,0.0133864018708139,1.59022406939683,0.305391310103566,50.543554934937,5.20716869401931,3.53550656019717e-06,0.218065570975569,0.249773752480644,50.0946600114903,0.873052387650172,0.386800357441384,-0.252070163664726,0.0518980778200121,14033.8737920243,-4.85702311632681,1.2044911559944e-06,0.186466111263943,0.243308540959752,43.2880833148108,0.766377170848221,0.447611216930973,0.00426918768645315,0.377201410214339,0.395664004487775,0.305520388281355,0.991391046925487,0.216972171115002,-0.372932222527886,0.486617081919504,0.443451912448827,345
0,0,0.00167695173653077,0.0198880235133228,0.0130399470884004,1.54658547386171,0.302492277140711,50.4498622969966,5.11280978304872,4.93555986426547e-06,0.256476789291639,0.256876581850451,49.128237144059,0.99844363952552,0.322956814729389,-0.244135660266504,0.0520001632168643,13122.106592524,-4.69490180729525,2.69434769369044e-06,0.177709199238336,0.232625501500783,44.1701547585153,0.763928279968643,0.448971648567133,0.0527208155287648,0.408139214005437,0.390290206964412,0.306733258545224,0.892547783501227,0.18332072670959,-0.355418398476673,0.465251003001566,0.444909983576798,346
0,0,0.0014704965775754,0.0277095626506272,0.0138050730740329,1.50133978419563,0.300610378566171,50.4686033005723,4.99430455913267,7.44387860313886e-06,0.300860422162563,0.255601476762042,48.6149392039983,1.17706840341402,0.244899096934487,-0.220854927931646,0.0519018896309786,12295.4586030547,-4.255238672463,2.10373326804548e-05,0.176733158423402,0.222681979930649,44.9976655949474,0.793657207819167,0.431560479415312,0.098223547171905,0.45168986401871,0.378258145632169,0.303481266014571,0.795115777075007,0.136655556568263,-0.353466316846805,0.445363959861298,0.427395018521327,347
0,0,0.00129764322173731,0.0401357295915006,0.00428581658839689,1.43276219417047,0.296874837743006,50.4821600694353,4.82614897598953,1.32831796760191e-05,0.365477448578395,0.254821574287307,49.1957339133439,1.43424845247336,0.157827676374697,-0.204465687408572,0.0518192051068723,11982.2990020863,-3.94575113583624,8.00040200546369e-05,0.0966343187445841,0.216510813301761,46.2812103130718,0.44632560042117,0.657443436440924,0.254679471888919,0.447948109378087,0.375417990809338,0.297277014936223,0.497525020081617,0.131852353313294,-0.193268637489168,0.433021626603521,0.65536206645046,348
0,0,0.00209320804717562,0.0342978727256214,9.7534171405868e-05,1.38217951496017,0.293047354226778,50.4821334999075,4.71657394282617,1.93175195878663e-05,0.334775192191116,0.25262142663679,49.4472533614045,1.32520505741757,0.191194184769132,-0.262222786746903,0.051888378486786,12175.259921897,-5.05359377945643,4.39864523623256e-07,0.0146177633267558,0.217165419000436,46.4495330239206,0.0673116529972318,0.94662251065177,0.318014908459918,0.34725043511343,0.378028089036169,0.292313078195965,0.400209704729162,0.234856999271406,-0.0292355266535117,0.434330838000873,0.946333600179824,349
0,0,0.00237721116616358,0.0371963389248885,5.55319203242968e-07,1.35643937954802,0.287895099151061,50.4571130384184,4.71157509644262,1.96651230122805e-05,0.346662692678975,0.248193093299405,50.4977892195782,1.39674592902866,0.16859867894852,-0.286238639770439,0.0520663320319401,12683.5595233602,-5.49757642990572,3.92491353184265e-08,-0.0011281809417072,0.224547273510841,45.4568160007514,-0.00502424689495388,0.996013232960133,0.347956230702575,0.34569986881916,0.386905007377063,0.286512963972771,0.368475604380042,0.227595201366285,0.0022563618834144,0.449094547021681,0.995991247838388,350
0,0,0.002370352261305,0.0426385655953146,0.000145649036186566,1.3253831955162,0.283263545009956,50.462567493769,4.67897552955366,2.19665298466381e-05,0.371953633604857,0.248287224597669,50.3897502853992,1.4980780191473,0.140351746906927,-0.29443760374806,0.0522061652770784,13387.4979245105,-5.63990099991764,1.73591416669826e-08,0.0187622737468064,0.232643908798027,44.6495092489735,0.0806480334849218,0.936082281094789,0.350441380026139,0.387965927519751,0.402006920297225,0.282172735537531,0.383355842915349,0.169155160222556,-0.0375245474936127,0.465287817596053,0.935721865389741,351
0,0,0.00264217450363965,0.0395222112870736,0.00148004870356465,1.30043380516405,0.278663282990387,50.4593447570265,4.66668515209057,2.29048658307051e-05,0.361993286489206,0.255308345993027,48.8559090881102,1.41786703086899,0.162576503869773,-0.307681737724892,0.0521473043999937,13141.0241688568,-5.90024242413054,3.71904599246493e-09,0.058967828501138,0.232439505738349,43.4201304302815,0.25369107679792,0.80093168321518,0.294382564205676,0.412318221207952,0.409157688248599,0.285147936366619,0.471842525192003,0.148182803469412,-0.117935657002276,0.464879011476698,0.799734228273553,352
0,0,0.00259485038156607,0.0436456582698759,0.00207418697505594,1.2776407776727,0.274048492709206,50.3249689189332,4.66209744502559,2.33630248710821e-05,0.368322372461137,0.244773116987516,49.6142634107431,1.50475010080426,0.13872834232964,-0.286263024892515,0.0519644796080607,11664.7821350202,-5.50882116114005,3.68905792117852e-08,0.0671022886566453,0.221755551569064,44.0530535936851,0.302595755469719,0.763622167446691,0.291384925072073,0.425589502385363,0.37834227708136,0.286180896537919,0.441203676140768,0.136979274696852,-0.134204577313291,0.443511103138128,0.762197949559289,353
0,0,0.00252008400239039,0.0605201416613591,0.00222305042331007,1.25842175895052,0.277498570099522,50.2907512783778,4.53487655269432,3.59258581226913e-05,0.432698516634797,0.241492480770855,49.8369119967657,1.7917680718406,0.0792425177907596,-0.280979723706877,0.0518789511822684,11610.6552456725,-5.41606407422733,6.21399628839217e-08,0.0692204449922379,0.217329856813792,45.5317286815371,0.318504074898212,0.751559045090929,0.353332455484653,0.491773345469129,0.364976849984442,0.288435014116137,0.33299666420433,0.0881998260410524,-0.138440889984476,0.434659713627585,0.750102604151673,354
0,0,0.00298953262216374,0.0511994224175509,0.00900069946931083,1.26836613063851,0.282893375404584,50.3150316954695,4.48354836455445,4.26404582388464e-05,0.396046854768236,0.242235854404557,49.5365965991103,1.63496380724383,0.108396304731516,-0.31492477548164,0.0519315309503746,12264.4429150491,-6.06423053043785,1.3648718094685e-09,0.145023317852435,0.224423159006738,45.9766599351183,0.646204778928725,0.52135942983573,0.229767520473812,0.519814156178683,0.36566775459225,0.297984373574153,0.529774349137935,0.0810833918540738,-0.290046635704871,0.448846318013476,0.518146745012083,355
0,0,0.00415745631240569,0.0201011560730412,0.0139140914364069,1.27190152019259,0.284161131107679,50.3107689556298,4.47598696990905,4.37377205051091e-05,0.238949470840171,0.236397584347322,49.8065301730575,1.01079489242623,0.317000077621982,-0.37273657270589,0.0519393572204158,12335.9856501812,-7.17638016050339,7.56790954017489e-13,0.187996840372227,0.233911897357498,45.7779538196243,0.803707902402683,0.425719510698041,0.0233980000183766,0.39939168076283,0.358915698578921,0.308196542416331,0.948022089422445,0.195010183599084,-0.375993680744453,0.467823794714997,0.421565689190066,356
0,0,0.00469999054412009,0.0195689691771419,0.0100839839193645,1.25674435624974,0.286248458098041,50.275673512373,4.39039694606601,5.82249402623962e-05,0.225990930748988,0.225755636062188,50.2058030267002,1.00104225387638,0.32160685856021,-0.377119575908095,0.0518265396139475,11212.7141965326,-7.27657255755901,3.65275265285768e-13,0.156009143881308,0.22891944646475,45.5932907913107,0.681502363781625,0.499000914146667,0.0471155817873629,0.35913386954998,0.337319497961635,0.306029337766617,0.888915653371523,0.240584301712585,-0.312018287762617,0.4578388929295,0.495553671578162,357
0,0,0.00477068139310836,0.0209612140287956,0.0123506860515589,1.24912865604071,0.28606510272577,50.0587243590499,4.36658873850181,6.33655405965567e-05,0.222761212819005,0.213411464855268,50.8893751886366,1.04381089821055,0.301506126423526,-0.359713753864519,0.0516281477529987,10127.068480656,-6.96739607210925,3.42948780126436e-12,0.165812866019583,0.22089966821049,45.0565577212591,0.750625237977198,0.456780579020573,0.0326452136302316,0.364270945669398,0.315742071997961,0.297538122659936,0.91765183776335,0.220845386000672,-0.331625732039167,0.441799336420981,0.45287822793764,358
0,0,0.00481210103971815,0.0137606044857685,0.0110281547770464,1.25458423443281,0.283944175119282,49.7016784118031,4.41841863424657,5.38806533753536e-05,0.168925263331509,0.200034764436311,51.1120247197222,0.844479527383818,0.402336992951775,-0.36114160783467,0.0517604216178393,10067.689035543,-6.97717670271454,3.20129884253403e-12,0.160602388241778,0.227595663194331,44.6536648955861,0.705647840506735,0.484072381242751,-0.0152165601931078,0.305988216290449,0.31748996260908,0.288416165624695,0.961773872100148,0.288723520717448,-0.321204776483556,0.455191326388663,0.480407165351882,359
0,0,0.00497843608557204,0.0102207405088433,0.00176975532818487,1.22380381552801,0.283305945500639,49.6157575782344,4.31972514154401,7.48114185867051e-05,0.139379523778039,0.19081761397591,51.6674487518712,0.730433217740763,0.46842469054576,-0.357153922761861,0.051631789127699,9563.48227387823,-6.91732610463151,4.89748001601901e-12,0.0627911333797967,0.223079910856628,44.68823635335,0.281473724544171,0.779646379670118,0.0673851161710582,0.192967382930651,0.309838610335816,0.277486721258968,0.827830732520421,0.486797623024036,-0.125582266759593,0.446159821713256,0.778347078528777,360
0,0,0.00410526500808116,0.0143668999003741,0.000221829687756374,1.18742527605337,0.286998457559813,49.5265600668989,4.13739253565815,0.000135861782594022,0.165657847698263,0.189636610248851,52.3518309790931,0.873554149068991,0.38635063302135,-0.322033524423705,0.0515759359459292,9457.58326290844,-6.24387165288317,4.4522597328973e-10,-0.0225800416138776,0.226249587590408,44.8908537933316,-0.0998014708197193,0.920946313760789,0.191547438031015,0.14638735480326,0.300257432454207,0.288092064846912,0.523510111416989,0.611364285784693,0.0451600832277553,0.452499175180816,0.920501940337181,361
0,0,0.00256211638346805,0.0252552009715177,0.000402660013192009,1.1916984115187,0.283110172825421,49.5674621020185,4.20930975254483,0.000107490551823807,0.227577945214433,0.196234432141593,51.9098788998303,1.15972483896315,0.251467414355843,-0.275062548445064,0.0518283887589127,10965.1484308108,-5.3071792319178,1.13506779973068e-07,-0.0324657603818736,0.24252404396399,44.4864902678055,-0.133866151377115,0.894112190263264,0.264802200621093,0.199870679857345,0.327842797931146,0.295910544004165,0.419257028659619,0.499394409101648,0.0649315207637471,0.485048087927981,0.893508416612652,362
0,0,0.00273083464226215,0.0341071578193338,9.04973323630819e-05,1.193732445567,0.283738333348106,49.8595368109769,4.20715957368534,0.00010750263770047,0.275013663898192,0.2046164827632,51.1576670157843,1.34404452751962,0.184864503769198,-0.270059729544753,0.0515708719636279,10014.4636717371,-5.23667177346201,1.66815437863887e-07,0.0140649609742249,0.224564725145644,43.3429937741208,0.0626321029053112,0.950347412567533,0.258887206564959,0.287017128513409,0.314889916535574,0.292065951464501,0.410990697200155,0.325748506485525,-0.0281299219484498,0.449129450291288,0.95005946517157,363
0,0,0.00330950214350586,0.0360519571586688,0.000706953962106895,1.19430964346461,0.284991672123769,49.9986755584706,4.19068260684451,0.000113065031624758,0.293735251235648,0.210853545949427,51.8889760287397,1.39307712333233,0.169536171767797,-0.284931947943453,0.0515337235906875,9206.54961619755,-5.52903861957576,3.30788430525287e-08,0.0363836510774685,0.20850990379291,43.0388752082625,0.174493635149362,0.86229578393438,0.252018861278842,0.324786163433779,0.31001503278645,0.283235650605979,0.416261262056534,0.251505859823267,-0.072767302154937,0.417019807585819,0.861477532451669,364
0,0,0.00367944915931765,0.0357350499898423,0.00141183974687537,1.19100163736444,0.280118452575806,50.0085576287391,4.25177858299831,9.25899253766148e-05,0.297868311970596,0.216470888050631,51.0918463998293,1.37602018753176,0.1748173043213,-0.298851720936981,0.0517159758871226,9042.2884211803,-5.7787118160405,7.77672635881532e-09,0.0497038443488092,0.203506486057625,42.1914507364659,0.24423715092174,0.808230999127042,0.240879392722429,0.340287081420047,0.320782015021728,0.275382557617005,0.452705002072618,0.216574344313354,-0.0994076886976183,0.40701297211525,0.80704715583676,365
0,0,0.00341545144211633,0.0521937553755366,0.000864407371232449,1.16388715178875,0.27750382237911,50.1585601045391,4.19413016300263,0.000111390777363559,0.359877508578576,0.218038798961497,49.4701091027686,1.65052050503234,0.105172091682876,-0.273063743436803,0.0515713516969417,8180.44792679145,-5.29487272393902,1.22194097254435e-07,0.0372645862672477,0.193591474161291,42.8278351579705,0.192490844076123,0.848267609774907,0.317151065072573,0.391680237607069,0.303570165747209,0.279825685336831,0.296144416120896,0.161594367429069,-0.0745291725344954,0.387182948322581,0.847357739178392,366
0,0,0.00306583787153412,0.0645669866121194,0.00258239085047257,1.17523864735067,0.274087947954102,50.1125029427888,4.28781584933999,8.20547284802173e-05,0.392431026936733,0.215852780052137,47.8865507109345,1.81804944482042,0.0753148626161,-0.256945605056788,0.0516451579434472,8048.97282463693,-4.97521191315071,6.65264206373772e-07,0.0664230611876075,0.199013918758406,43.0255001571493,0.333760882665911,0.740181276720092,0.316272361146784,0.449118483521999,0.289525046221925,0.294078210561526,0.274664606007706,0.126709392540883,-0.132846122375215,0.398027837516812,0.738560003473034,367
0,0,0.00293113198774159,0.0540880028513195,0.001685121851649,1.18108163407099,0.27030705789796,49.9142927929186,4.36940730758442,6.30156495558434e-05,0.347722301218497,0.206929280990276,49.382262155678,1.68039196557609,0.0991970733305045,-0.278198130878309,0.0520638077855043,9712.39509761878,-5.34340730559791,9.32808868677645e-08,0.0606818041371527,0.226307497494845,42.5946758461976,0.268138726329803,0.789886860785294,0.278146386495753,0.399509994770058,0.318715681459338,0.294108360056267,0.382821124413222,0.174344128521682,-0.121363608274305,0.452614994989689,0.788592537606449,368
0,0,0.00238105469486609,0.0490678149706147,0.000200523148632421,1.16479933929869,0.268665615194555,49.8412907909748,4.33549837948258,7.06152019426401e-05,0.34410845454054,0.211450228648582,51.3247917342999,1.62737329129319,0.109782262453027,-0.266925340259317,0.0522853883798239,10919.7890761121,-5.1051612798638,3.36078742296411e-07,-0.0223134276566861,0.242580487363743,42.1860865817594,-0.0919836046962331,0.927146486716019,0.369692353402624,0.325065498089252,0.342498553966466,0.301857112790604,0.280410213014716,0.281531495370101,0.0446268553133721,0.485160974727485,0.926711065918288,369
0,0,0.0027848635233331,0.041801964889717,0.000374493664879226,1.14434878396506,0.267222201350878,49.954658695319,4.28238663621541,8.38576596742254e-05,0.30799789211166,0.200979930487143,53.8330126653577,1.53248083709216,0.131260041621761,-0.268452360305617,0.0520123154131803,9539.09169801947,-5.16132300923465,2.50148782504953e-07,-0.0289594476793977,0.233059256778166,41.2136129917598,-0.124257873640103,0.901715177557731,0.341201915802279,0.283283020443484,0.318952400654427,0.295716279123523,0.284728204417649,0.338085224953402,0.0579188953587954,0.466118513556332,0.901111100701155,370
0,0,0.00293333968421305,0.0348050249562712,0.000265819346123842,1.13876897053399,0.26500803968617,49.9109750850465,4.29711103060325,7.99847033749281e-05,0.263580537477584,0.18446972672435,56.6173544664006,1.42885524989934,0.158540002188704,-0.268165924572191,0.0518715026418653,9084.71615451873,-5.16981214952804,2.39318340123812e-07,-0.0233965041888245,0.223513240060013,41.2091247513835,-0.104676144386537,0.917140622851286,0.29040625901633,0.243613250638681,0.312280843069988,0.268407880027191,0.35239583072871,0.364077270263882,0.0467930083776491,0.447026480120026,0.916632791971536,371
0,0,0.00245041332105001,0.0300947452625384,0.000821203515080842,1.13480265492253,0.260216007454685,49.65218069795,4.36100248413869,6.5238831646338e-05,0.242495243768693,0.184148068143001,55.8869946959412,1.3168492410161,0.193263581389296,-0.246210692865831,0.0520223095614114,9118.63245164271,-4.73279050741073,2.24787320383579e-06,-0.0393636229263781,0.21642730849433,40.2493080391231,-0.181879187059286,0.856590456279753,0.287628378995091,0.208901133142335,0.32192560934993,0.248921871273191,0.37160967979016,0.401343791753332,0.0787272458527562,0.43285461698866,0.855677538380716,372
0,0,0.00275527296830646,0.017714147954807,0.00275549967070322,1.12944537876191,0.255762593996939,49.703429883299,4.41599125623283,5.43135240824591e-05,0.185167938147861,0.184856408998685,55.6391104764203,1.00168524938282,0.320832234606119,-0.262220879802411,0.0522825951472008,9104.52692624003,-5.01545263895437,5.39075556044479e-07,-0.0726795733996399,0.220172585488385,39.4366068325334,-0.330102738442312,0.743069542232203,0.268500130933519,0.123140984134239,0.328143596619079,0.249400047183944,0.413220307846883,0.621483567694917,0.14535914679928,0.44034517097677,0.741322334128752,373
0,0,0.00322441918281191,0.00819870773207635,0.00571324809982926,1.10368829653484,0.254905423816577,49.8116176117301,4.32979526292476,7.20098075696581e-05,0.12484858453001,0.185592971391945,54.742352985226,0.672701038157034,0.503967335136259,-0.278475862841781,0.0522494902402907,8781.26118788982,-5.32973358325786,1.00798020811749e-07,-0.103586752333392,0.218775578384492,39.0156927081069,-0.473484074860227,0.638506562731223,0.243618010542205,0.0364445058754206,0.318810917944906,0.257145526707216,0.444780386520905,0.887295518856324,0.207173504666784,0.437551156768983,0.635867859983823,374
0,0,0.00360372486431202,0.00461706693289932,0.00242124244308476,1.08286606450798,0.255052247473474,49.7143616567343,4.24566368355801,9.51354826790866e-05,0.0928050774809913,0.187084481572533,53.0508034004995,0.496059730347066,0.621901301023826,-0.287512545332723,0.0520791489498578,8426.87032248288,-5.52068440307161,3.47712958518818e-08,-0.0654940198420985,0.213268781300113,38.8559591669081,-0.307096141511377,0.760410069530316,0.167898532663772,0.0369104929795746,0.312408283510348,0.256983817844119,0.590968527932987,0.885792934800297,0.130988039684197,0.426537562600226,0.758770194532125,375
0,0,0.00425396928782742,0.0022922487986466,2.43118035593425e-05,1.08641394913717,0.249900270645564,49.5658131395795,4.34739004615982,6.83889436304568e-05,0.0650703417937977,0.187416032997316,52.467972998465,0.347197306191672,0.729831937719501,-0.311772453228538,0.0520087744071701,8411.55860250967,-5.9946125780183,2.12375724733782e-09,-0.00664083406006868,0.210704077810634,40.8574858177342,-0.0315173494935253,0.975010418367632,0.0726845205549783,0.059402852434841,0.304097012841681,0.261180421375974,0.811091980329823,0.820081686940989,0.0132816681201374,0.421408155621267,0.974856956123028,376
0,0,0.00448713414340823,0.00235586506149382,0.000177766155863177,1.03586133485543,0.248800955434763,49.5837063646098,4.16341381424897,0.000124724616926855,0.0656035708557801,0.186954027562486,52.1447451286181,0.350907502294131,0.727071528733535,-0.323906742961927,0.0521976277634256,8543.11535089529,-6.20539202336864,5.70997544100876e-10,-0.0179252853462753,0.212339251905906,40.0816230040877,-0.0844181430676724,0.93314422730899,0.086156158939919,0.0503055882473684,0.311116961182831,0.256670264805141,0.781837462634707,0.844615605178722,0.0358505706925506,0.424678503811812,0.932723982692529,377
0,0,0.00444389213475743,0.00231526806716027,0.000178367400386623,1.01692308877631,0.258077865677541,49.7447910747239,3.94037313547422,0.000254190492648397,0.0639271561919022,0.183546324276112,52.2722785243244,0.348288948002769,0.72902201857592,-0.314518468838791,0.052252697138617,8116.65549112993,-6.01918151716513,1.8291439866432e-09,-0.0173904967758925,0.207601996625097,39.3339870704271,-0.0837684466363662,0.933665422621328,0.0838665719339078,0.0490855783821228,0.302968022373333,0.252995023754364,0.781920949144657,0.846161819113759,0.0347809935517851,0.415203993250194,0.933240535752847,378
0,0,0.00403091588409366,0.0101680936954656,0.000646615456263209,1.02478887305481,0.259810660414053,49.6011932397293,3.94436806950736,0.000251686503187672,0.131690797423569,0.182431041193676,50.726545844708,0.721866172345975,0.473691301619917,-0.290944944542875,0.0520872999836299,7709.03577748874,-5.58571752873183,2.40660611711645e-08,0.03199729309195,0.197579746906512,40.5335494164519,0.161946219655246,0.872152801149445,0.0950036723919469,0.158998258575847,0.285456899624896,0.253047079168988,0.73927569510163,0.52978470974045,-0.0639945861838999,0.395159493813024,0.87134820516755,379
0,0,0.00376700675391813,0.0108495273398367,0.00647915383782332,1.03392122713683,0.261147493620098,49.1565910719577,3.95914666001322,0.000242272379351368,0.139718724100611,0.186661339461567,51.0801319545096,0.748514526380428,0.457582700265251,-0.29756347623551,0.0524122820628618,8524.27849253495,-5.67736157488088,1.41272414514668e-08,0.109625984596764,0.208748566548062,42.2900990491513,0.525158023403833,0.602215956182207,0.0140248976866502,0.233276866880178,0.297878992717425,0.262885592295204,0.962447448057499,0.374879568203728,-0.219251969193528,0.417497133096125,0.599473342913456,380
0,0,0.00280385676680168,0.00823552047208099,0.00347941624419224,0.994288529992195,0.268359900087538,49.1174411851018,3.70505626834659,0.000536250444795848,0.128254697372714,0.194238459530069,52.5041472209317,0.660295070723929,0.51195104855513,-0.281609025743625,0.0526926379893483,10158.2295632971,-5.34437136741098,9.26962389539333e-08,0.0887429496524624,0.230975219558517,42.2782331458429,0.384209829184639,0.702748642926386,0.0265047249541424,0.203990624259067,0.327853638452757,0.277244555976757,0.935566681711986,0.461865418149662,-0.177485899304925,0.461950439117034,0.700822933749282,381
0,0,0.00248171721975961,0.00674919625246534,0.00290426875310208,0.998635246262276,0.26891871904349,49.2863522106705,3.71352076127052,0.000521022972289061,0.11739261146963,0.192210575780351,54.895132397485,0.610750012027332,0.543885686770559,-0.268047396809453,0.0526053710976306,10435.9401709463,-5.09543780827972,3.54024183022459e-07,0.0834365748872709,0.236491438053976,42.7348462617104,0.352810129507639,0.725965076008555,0.0217267672901495,0.188599917064691,0.328592249003308,0.282024915047477,0.947281687637662,0.503664569568441,-0.166873149774542,0.472982876107951,0.724230789262735,382
0,0,0.00194184060182256,0.0166712742745389,0.000107233788532222,1.00090381740842,0.26574894560294,49.1123085975922,3.76635103908892,0.000443784535486805,0.183183634354592,0.191261664296225,54.1062470204078,0.957764510879078,0.34244175677016,-0.246109084460801,0.0528940613703095,11127.1446058559,-4.65286797959794,3.31126885840857e-06,0.0166356618991997,0.245472370778775,42.8249350634014,0.0677699972767691,0.946284157839566,0.164109689370375,0.197381013168774,0.340257144835796,0.283697211975807,0.62958518956782,0.486588325782263,-0.0332713237983993,0.490944741557551,0.945968727539933,383
0,0,0.00206309235171105,0.0101013166175236,0.000360331226686603,0.975819896863854,0.256228850342809,48.9795640616755,3.8083919728723,0.000390339107995274,0.137471972385919,0.187547130200118,52.6526512185132,0.732999605161821,0.466809631715588,-0.253312055285739,0.0529142604303436,11085.382222465,-4.78721715517879,1.71295933828268e-06,-0.0301662210984079,0.245310981794161,41.9516860695287,-0.122971343874529,0.902717038089758,0.172059645849063,0.111727203652247,0.353478952053594,0.266584141966095,0.626427956427902,0.675138144355139,0.0603324421968159,0.490621963588321,0.902129789982874,384
0,0,0.00206373458449696,0.00250446231313649,5.79554053058802e-08,0.987290348500129,0.247920799854005,48.7653376625815,3.98228123288374,0.000226929274364957,0.0668832804055415,0.185740298134967,51.6439337597974,0.360090303919622,0.720248106920388,-0.245931322801103,0.0527101651732522,10526.5946643478,-4.66572855525599,3.11317294274065e-06,0.000372536178481606,0.241223090689398,41.1533489474993,0.00154436367354769,0.998775238707714,0.0664561417310455,0.0672012140880087,0.355486385936451,0.255805588847955,0.851704331177999,0.792778544636193,-0.000745072356963211,0.482446181378795,0.998767776558432,385
0,0,0.00204369741005558,0.00271077773271115,0.00230195721129555,1.01739949066951,0.246782400195172,48.4969075928276,4.12265821981179,0.00014584968761275,0.0680234428142795,0.177731566310951,53.8908826930231,0.382731352827156,0.70342439852165,-0.234551844459464,0.0526450126931821,9692.99896213824,-4.45534785652811,8.46966901453739e-06,0.0743148111414622,0.240642804817539,41.333946087793,0.308817922887034,0.759011256732865,-0.0171836639310769,0.131445958351848,0.337889124923727,0.262609130492264,0.959440326938917,0.616696012889156,-0.148629622282924,0.481285609635078,0.757460034610808,386
0,0,0.00297937306664843,0.000830244166846121,0.0135237889650905,1.0017022129731,0.242894757725267,48.4964504232854,4.12401742365351,0.000145216135653976,0.0370521936455785,0.172158177612044,55.7450081781168,0.215221804502805,0.8303798758206,-0.26474892224338,0.052461325287915,8522.54184584103,-5.04655421475536,4.59147082436523e-07,0.17199628015747,0.227543171026367,41.6772186138207,0.755884166427213,0.453969940979849,-0.160153520505866,0.183839039809075,0.314769175840404,0.257536910910204,0.610894727012487,0.475328784506046,-0.343992560314941,0.455086342052734,0.449718647913807,387
0,0,0.0027386197721427,0.00310422050469885,0.0106463248973896,0.949934822836776,0.23790649183313,48.552295849151,3.99289155801208,0.000220391685967532,0.0712227443865255,0.170095754737914,56.3050894885174,0.418721469540887,0.677012683110002,-0.250082244809406,0.0522661250220729,8336.85741378797,-4.78478641192153,1.74110627155805e-06,0.150754994673799,0.225444221396149,41.5544041536345,0.668701968674075,0.50738361044795,-0.101628356575221,0.199881632772377,0.306500638910838,0.259412298443365,0.740209196298405,0.440993167754709,-0.301509989347598,0.450888442792299,0.503685611457192,388
0,0,0.00110283991612182,0.0126485700244979,0.00484791323362838,0.916629001493514,0.233322126999657,48.5270415054066,3.92859868577686,0.000270174136999639,0.14873781361554,0.177363618811117,54.8964213454288,0.838603850172554,0.405328452215701,-0.165180946354036,0.0523561536955831,9015.5605363813,-3.15494807572107,0.0016105442105295,0.100911568968133,0.224503933951238,41.4733031212958,0.449486862845134,0.655420873324153,0.0330356716489595,0.234858809585226,0.308259509738146,0.264901319420043,0.914655401653706,0.375299783781939,-0.201823137936266,0.449007867902475,0.653080482841045,389
0,0,0.000468165755906845,0.0233554445261486,0.000705960551657087,0.869568335688856,0.231681366474582,48.8544976755584,3.75329422871069,0.00046412438333339,0.21186603219148,0.187430589593337,53.43060840941,1.13037062227227,0.263368829332321,-0.109153803056273,0.0524959632480797,9230.45080477764,-2.07927993511512,0.0376191690257392,0.0372182001377819,0.220639189627638,40.2771089277781,0.168683542577333,0.866889836900161,0.169192773613545,0.243629173889109,0.309385235440347,0.270415598123405,0.584469668892233,0.367618364047119,-0.0744364002755639,0.441278379255275,0.866045564390835,390
0,0,0.000346571780093024,0.0311123716167005,5.71481164976483e-09,0.827151157914163,0.235027282259221,49.0996414992501,3.51938357948532,0.000943483456961092,0.244040849824619,0.186075691943149,53.565611237366,1.31151386447177,0.195278046883206,-0.0967856233352324,0.0526319950360398,9753.90004299428,-1.83891230550843,0.0659584662338979,-0.000110063454059683,0.22974195214164,40.1609278577473,-0.000479074252802671,0.999620125894381,0.244167045240241,0.243946918332121,0.323530945953114,0.269398285267459,0.450432270713426,0.365187250771221,0.000220126908119367,0.45948390428328,0.999617754064832,391
0,0,0.000214261505027483,0.0352074500983032,0.00359700504445039,0.794468866591978,0.23720900009804,49.2068509959422,3.34923576366672,0.00156150371715079,0.256049497173869,0.181943472598289,54.2718048359237,1.40730246332716,0.165039314003061,-0.0753514342175781,0.0526169826410555,9569.60370310494,-1.43207440707145,0.152155188766369,-0.0874250318806411,0.228697557108923,40.480188379146,-0.38227357119955,0.704258158938578,0.356288385078595,0.181438321317313,0.328427353560947,0.258320406537712,0.27799622860885,0.482444062904185,0.174850063761282,0.457395114217847,0.70225845589902,392
0,0,0.0005621023572608,0.025524490197646,3.97685525823369e-06,0.79783554283292,0.233838422964949,49.1726048601403,3.41190952588878,0.00129873047116268,0.21698347418589,0.179985893862556,55.4868705035075,1.20555822197703,0.233103880162215,-0.111103302894822,0.0521601202927106,8067.09512454323,-2.13004307258757,0.0331982335135993,-0.00257505258872521,0.203411790200818,40.2975320904841,-0.0126593084215177,0.989962070722171,0.219935951322443,0.214785846144992,0.300158893628715,0.245092270486973,0.46372205531988,0.38084148762963,0.00515010517745042,0.406823580401636,0.989899603039137,393
0,0,0.000812652476010722,0.0130066580585095,0.00434224758851167,0.811519018420805,0.233635457213122,48.9523096696372,3.47344118097852,0.00108475634529874,0.151713775306996,0.177135360111085,55.6657419824464,0.856484979689279,0.395401662264373,-0.133817442949107,0.052043089865952,8129.0794909157,-2.57128166859006,0.0101499056256201,0.0856420919957916,0.202070063061962,41.1875612379831,0.423823750525236,0.673899676839325,0.0535191521558962,0.224803336147479,0.292775508339772,0.246220416578776,0.854955513489906,0.361233792802482,-0.171284183991583,0.404140126123923,0.671694355645171,394
0,0,0.000488307944132296,0.00739921292958102,0.00459782565120203,0.852230749025773,0.235284812263072,48.6583429696648,3.62212393068914,0.000696095660442086,0.113676612956539,0.177635734912913,54.9377243509534,0.639942256057145,0.524870084256652,-0.110110656218079,0.0522296015574193,9097.44346199403,-2.10820402481967,0.0350406195989244,0.0939677412088649,0.210657200509324,43.0775548673334,0.446069448286938,0.6577812357572,0.00593605312974238,0.193871535547472,0.293883577932251,0.257875255334765,0.983884900472255,0.452169199533101,-0.18793548241773,0.421314401018647,0.655547080926727,395
0,0,0.00047949538895377,0.00390211366891187,0.00111029447554733,0.842297148408845,0.23129423719044,48.6122366085593,3.64166941053238,0.000656367253665886,0.0823377032515246,0.179436347854808,53.7500356614229,0.458868586191626,0.648178771984731,-0.111587215830914,0.0524360985775901,9440.07432837346,-2.12806098962145,0.0333578594593825,0.0465887646729531,0.21427228502812,42.5314066529571,0.217427861315984,0.828914652702586,0.0289204398063403,0.122097969152247,0.312002143524497,0.24914260473608,0.926147394304628,0.62408251176886,-0.0931775293459062,0.42854457005624,0.827874920320495,396
0,0,0.000360680557133666,0.00539402491741451,0.000206861252876797,0.803143935732176,0.229548442398645,48.4700698815075,3.49879932679916,0.00101223676324132,0.0975375707147133,0.18009595952712,54.0846528170029,0.541586668411766,0.590327480097911,-0.103638026793088,0.0524900612565357,10804.5009120971,-1.97443143163,0.0483581321756835,0.0216348277636621,0.227401699098702,43.7472214793674,0.0951392529141644,0.924638682059993,0.072731733892136,0.11600138941946,0.329251446017038,0.25327939661641,0.825170085837311,0.646954070103504,-0.0432696555273243,0.454803398197405,0.924204220147576,397
0,0,0.000256475105410298,0.00239272730158316,4.05858239552549e-05,0.768775759079029,0.229207917280829,48.2921789019916,3.35405411906917,0.00155647674048678,0.0653642735809958,0.180250867296296,54.8267564185849,0.362629453946261,0.718275915740826,-0.0882462612566905,0.0525099598331738,11009.1208751113,-1.68056234544937,0.0928763239026973,0.00977478184522931,0.230214094328306,44.4179320818308,0.0424595282654137,0.966322669703624,0.0541568054154158,0.0737063691058744,0.329486747037265,0.257544506926929,0.869442103597614,0.774733474716657,-0.0195495636904586,0.460428188656612,0.966132374401384,398
0,0,0.000124144411132476,0.00640939864918667,0.000841822750078765,0.724049634052802,0.230652480806716,48.3365390492127,3.13913655522113,0.00288719717691741,0.109525966678676,0.18457926915156,54.5831425623912,0.593381733399014,0.555376695055823,-0.06020228607268,0.052385046828885,10637.2704669627,-1.14922653919409,0.250488419281256,-0.0437872226420892,0.226095626429346,44.5168129401336,-0.193666827322609,0.847317756277531,0.159731067067683,0.0721566217835042,0.31949129789586,0.265902934527169,0.617107214997154,0.786110688681956,0.0875744452841785,0.452191252858692,0.846436767987374,399
0,0,6.15203358109849e-05,0.0123846528930944,0.00194685241549933,0.70358756471375,0.228712941484369,48.072688519823,3.07629100542978,0.00345393339082504,0.155754749004231,0.188327922328249,54.5452774504306,0.827040128084434,0.411817843181135,-0.042999491480491,0.0524493066579082,10924.5037967003,-0.819829550101548,0.412331168741915,-0.0691719921823111,0.233613304586181,44.9454838588301,-0.296096116207256,0.768520515658138,0.235065255633222,0.0967212712685994,0.324272046391937,0.277039302242746,0.468512530981413,0.726995672310951,0.138343984364622,0.467226609172363,0.767156679896129,400
0,0,6.22829010162758e-05,0.0106161984576593,0.00202312837138013,0.692608337594442,0.232981374290274,47.6150606442773,2.97280561463044,0.00461836531341195,0.146535447562521,0.192738253184696,53.8697946706523,0.760282119098069,0.450400808660613,-0.0442829172312896,0.0524163480999511,11458.9030142511,-0.844830264535939,0.398223252643388,-0.0718821625990035,0.238794514100702,44.6982596857428,-0.301020996523773,0.764794353685994,0.228953353328322,0.085189028130315,0.322726905112196,0.290868100440823,0.478055360008757,0.769614983255462,0.143764325198007,0.477589028201404,0.763398483749081,401
0,0,0.00010528143497606,0.005013660253568,0.00352278799435358,0.676897565946805,0.233869704539124,47.491441948411,2.89433625993044,0.00572320667775264,0.101347133330744,0.196966355719124,52.5413292434804,0.514540328274472,0.609031998063038,-0.0551212411824935,0.0525770173282889,10438.7516370021,-1.04839041816158,0.294483038627295,-0.0899783817596339,0.237494528686611,40.6022407841085,-0.378865072207058,0.706762101325791,0.204513614703797,0.0245568511845288,0.335729896241391,0.282928716590044,0.54241761865399,0.930834312504864,0.179956763519268,0.474989057373222,0.704788062369335,402
0,0,0.000208923651709641,0.000309462146417579,0.00188667644066842,0.659787786596322,0.229293944004937,47.4591123498701,2.87747585074518,0.0059908439925662,0.0248079810651435,0.194502679709296,52.5520562092385,0.127545703237722,0.898995315137563,-0.0742436407179001,0.0526911631675706,9500.89672277752,-1.40903400598289,0.15885784002191,-0.0615607646509024,0.227925335705937,38.5927060420812,-0.270091802037867,0.78852873634485,0.0953916852334858,-0.027729844068319,0.333409789894503,0.268179152609974,0.774794308562331,0.917645157949902,0.123121529301805,0.455850671411875,0.787089628846899,403
0,0,0.000379637011119752,0.000694322154529039,8.7902869985789e-05,0.643385995673152,0.232558959987918,47.3185318070619,2.76655002114981,0.00805707580017073,-0.0375025734899408,0.193897453906741,53.8412657150777,-0.193414471073862,0.847362198182112,-0.0985970611240838,0.0526971235890579,9217.65965122411,-1.87101409733408,0.0613747833206709,-0.0131477402099822,0.223006466030453,39.5390367691586,-0.0589567667880391,0.953283517208467,-0.022427773644192,-0.0487232540641564,0.32012625327175,0.272370766305048,0.944146579238496,0.858027397004498,0.0262954804199644,0.446012932060907,0.952986543283118,404
0,0,0.000403697462326228,0.00193881516367945,3.52677457580603e-05,0.611684013642017,0.239236764430036,47.574206228895,2.55681443903202,0.0138111446656181,-0.0642464894894918,0.201336605768714,52.4172312450701,-0.319099893654187,0.75091896753206,-0.103890363679372,0.052811988712729,9581.95465194648,-1.96717385979316,0.0491919766693238,-0.00845321187515464,0.222524207184357,40.9162634199897,-0.0379878305471337,0.969882129159664,-0.0545542933374174,-0.0714607170877267,0.322477416826726,0.278968113376413,0.865661002409124,0.797826615162211,0.0169064237503093,0.445048414368715,0.96969738484236,405
0,0,0.000365247656017205,0.00253607457133885,0.000255089847996523,0.586478428495117,0.238009535051541,47.5246289379139,2.46409635802244,0.017406942795044,-0.0748790101586866,0.206835609389481,51.5471605536908,-0.362021850974829,0.718815635189493,-0.100545649396267,0.0529045646518886,9885.39859470558,-1.90050990983209,0.0573952979503804,-0.0228349673148381,0.221361299339326,41.7055088757677,-0.103156998910791,0.918332814979875,-0.0486971297550833,-0.0943670643847594,0.328016308531885,0.279598843063723,0.881980163837544,0.735733394631318,0.0456699346296761,0.442722598678652,0.917838367675005,406
0,0,7.18318133437517e-05,0.000323422961159525,0.00382253555677753,0.565696090747028,0.241042162406801,47.5099192384075,2.34687610291314,0.0231498515141513,-0.0281264363568537,0.216658039728269,52.0916925799035,-0.129819490622779,0.897209242011149,-0.0456360464090196,0.0530589148312195,10297.9616921723,-0.860101390203473,0.38975317763072,-0.0909812056312816,0.223616991911404,43.1398819172182,-0.406861772236557,0.686121163593134,0.0761898524282852,-0.105772558834278,0.328270997238865,0.294992036993077,0.816464712539246,0.719923731996705,0.181962411262563,0.447233983822807,0.684109514208278,407
0,0,9.68819649722892e-06,0.000278241898233649,0.0107729285215306,0.526342070885263,0.241447281886608,47.3205393184035,2.17994614299469,0.0342697083200526,-0.0259700812619223,0.216293360827105,51.7984609555341,-0.120068786034915,0.90489316795479,-0.0168994365490432,0.0532785493737946,10384.6656935376,-0.317190252881684,0.751105622018805,-0.156204960700662,0.225822868347357,43.9355451645368,-0.69171453645868,0.492755948398095,0.153129785321061,-0.159280136080262,0.3307079219377,0.295367189866644,0.64333832026632,0.589706471663233,0.312409921401323,0.451645736694714,0.489116616322432,408
0,0,2.81710506003263e-05,0.00011716381388549,0.0269814789422737,0.460869712439384,0.241932652896738,47.361662164144,1.90495043526056,0.0628686664915103,-0.0164752967227106,0.211218285181606,51.9229164691562,-0.0780012805640621,0.938126853811793,-0.0284131185391172,0.0532163580204969,10118.8749608384,-0.533917005898328,0.593410684180059,-0.248937079942987,0.226703252252483,43.4829536692268,-1.09807458635724,0.278215269942091,0.2689484030456,-0.228925756840374,0.33165002968551,0.289262356104902,0.417399906315915,0.428703494584991,0.497874159885974,0.453406504504967,0.272171921496642,409
0,0,4.35523109360622e-05,0.000170777893610179,0.03278707928853,0.425229118186465,0.243860977048068,47.5189639907671,1.74373580936915,0.0876719975349164,0.0196223330596517,0.205520141400853,53.3687067437045,0.0954764478357361,0.924294001094796,-0.0347373842463335,0.0529952972488056,9864.82627009629,-0.655480505812549,0.512173718869207,-0.28068520729714,0.22928826496857,44.207377543035,-1.22415862554333,0.227376494115142,0.341447471987662,-0.219922942606619,0.322754112541566,0.293045495810594,0.290092705583387,0.452969447362333,0.561370414594281,0.45857652993714,0.220892393779004,410
0,0,0.000114078789614205,0.000834877755548228,0.0320179384710866,0.402526741120631,0.241595730758133,47.5891565635625,1.66611694609624,0.102260035738597,0.041783051176984,0.195290286505125,54.7839563258256,0.213953555625961,0.831377599233463,-0.0540456569067785,0.0528238996500579,9175.00332085386,-1.02312887281731,0.306273891899352,-0.273231168848277,0.224659298091221,44.7183353050441,-1.21620236139674,0.230288774675295,0.355061615875164,-0.191400721821389,0.308167594448101,0.286333572185043,0.249251011417809,0.503844058132046,0.546462337696553,0.449318596182443,0.223907844403147,411
0,0,0.000288911272067275,0.000563555403753839,0.0197478429989697,0.391965166731787,0.243792633682195,47.6668151936354,1.60778100967049,0.114487676902094,0.0343775000933054,0.194814725096496,55.2234566621259,0.176462534216946,0.860576140264786,-0.0858600362824338,0.0527770759078378,9158.01833918964,-1.62684337480855,0.103804770391542,-0.211163438470954,0.22321797892228,44.4219120616078,-0.945996552295983,0.349267944338333,0.276491089109379,-0.14583578783253,0.307513781573271,0.284360854006569,0.368589962297427,0.608052994313618,0.422326876941908,0.44643595784456,0.344150344726444,412
0,0,0.000351115512148818,0.000328661707669023,0.0149758018637101,0.394597112182905,0.248542256807239,47.5121761867942,1.58764596914778,0.118999906143882,0.0262552356725306,0.192974285805416,56.3042386746467,0.136055617788397,0.892262604759535,-0.0954300022304847,0.0526386814264908,9357.44607499917,-1.81292539334883,0.0698753573326868,-0.192245164474873,0.231498181535571,45.3599425545216,-0.830439199131821,0.410640208540491,0.246677705959209,-0.137812622990536,0.30488488383457,0.295365978270655,0.418466407123485,0.640798545819645,0.384490328949745,0.462996363071142,0.406290510576839,413
0,0,0.000275509024887698,0.000862995065458429,0.0089973485396323,0.400476431143962,0.242524556006186,47.4596729498365,1.65128198867313,0.105283659326585,0.0417661182493958,0.187659153341822,57.3489477785012,0.222563714615714,0.824665844034855,-0.0847307835961237,0.0524732828874772,9461.2926453847,-1.61474142522813,0.106400047753802,-0.156561087974659,0.242203985887606,46.0219865734348,-0.646401781543394,0.521229864093258,0.22127430955506,-0.0918478663942584,0.307757825972702,0.301758326474488,0.472148061654106,0.760841768186559,0.313122175949319,0.484407971775212,0.518019186945836,414
0,0,0.000180562448456867,0.000575377872000097,0.00686336987186995,0.396882141766159,0.238354862851778,47.5458109074157,1.66508934207464,0.102471920630963,0.0340907323398265,0.189231863412618,56.3742813656277,0.18015323489941,0.857678307966246,-0.0704690061877694,0.0526239142241613,9929.42586090078,-1.3391061312466,0.180566777771529,-0.143453573338325,0.256052606157715,45.4188294040172,-0.560250393428781,0.578061805948439,0.198570245221502,-0.088336901455147,0.314579325589333,0.317347991979634,0.527893603980413,0.780736228916562,0.286907146676649,0.51210521231543,0.575308658424708,415
0,0,9.75438513104052e-05,0.000712624544287256,0.00834116218673631,0.369988317745546,0.235460743284781,47.4549852318634,1.57133759362196,0.122748690955063,0.0385204982843162,0.19116539581953,56.9370361655146,0.201503510189058,0.841023064766219,-0.0529692243025572,0.0527169471588185,10349.1446680847,-1.00478550366315,0.315023637443268,-0.155703765354132,0.252871605897412,45.074801001343,-0.615742383576665,0.541161458211371,0.217045709495966,-0.0943618212122973,0.32116730322009,0.310019396343876,0.499165962094723,0.760843029043691,0.311407530708263,0.505743211794824,0.538064559459059,416
0,0,0.000140465800626371,0.000176847475627042,0.00599570074740139,0.361572150336195,0.233617757951869,47.2865984047045,1.5477083313619,0.128359859442897,0.0196653219682252,0.194133890051368,58.01278738241,0.101297727887808,0.919663419512358,-0.0639569863219261,0.0527216731268036,10475.2888634406,-1.21310615784328,0.225116590245055,-0.126171829199754,0.24423209600711,44.2453504954938,-0.51660625799191,0.608003712732595,0.164330111580833,-0.088013546818675,0.324004338782088,0.299022078454401,0.612025081557236,0.768499673234443,0.252343658399508,0.48846419201422,0.605431046289548,417
0,0,0.000188568293000755,2.07132601169088e-06,0.00416617001818006,0.360006110911304,0.237125379054667,47.3291688928812,1.51820995435629,0.135613586812047,-0.00212802934512029,0.193838545466732,58.1869484680454,-0.0109783600573165,0.991278266641063,-0.0764349294832652,0.0527403430024055,11136.4627061088,-1.44926872166491,0.147290710100388,-0.106841996495556,0.248084438369339,44.3337869772173,-0.430667869366696,0.668796508975246,0.120373760815585,-0.0933102321755276,0.333077496874911,0.296671431310784,0.717801450091353,0.753123227174888,0.213683992991113,0.496168876738678,0.666709884637201,418
0,0,0.000121942604404233,0.000133399325104125,0.00395860997964967,0.347160264318026,0.231389944879199,47.5201433783497,1.50032562780231,0.140145447826309,0.0169246043883232,0.18997944243127,59.4856571127296,0.0890865041592388,0.929312425150308,-0.0612915423703088,0.052652824951772,11110.9020205741,-1.16406940038734,0.244420883099736,-0.102694839380394,0.245589287519909,43.9959877174024,-0.418156835819106,0.677866508629073,0.134671390081228,-0.0707182886795598,0.33489293655929,0.287097761730348,0.687586391870703,0.805433536861115,0.205389678760788,0.491178575039819,0.675832452391632,419
0,0,0.000158275939956045,0.000247715502277522,0.00253121851167423,0.320806098648547,0.223487244876461,47.5178091314656,1.43545596450429,0.15770744339354,0.0232029827784297,0.190904764185771,59.6201852545452,0.121542188207785,0.903670329640577,-0.0679861471572177,0.0524495878492814,10613.8526740535,-1.29621890171153,0.194928262589618,-0.0796497383500158,0.238971996810034,43.7768346608644,-0.333301555886198,0.740497817089589,0.114526955127772,-0.0447725215722594,0.322934458343002,0.288829127147049,0.722855874673661,0.876810380605569,0.159299476700032,0.477943993620068,0.738906665041687,420
0,0,0.000126648131513276,0.000283878207724555,0.00276023685687795,0.310677033371803,0.221428812520577,47.6284928363001,1.40305604241513,0.167085828640442,0.0243089256449322,0.187978934582959,58.8922034828623,0.129317285997299,0.897547247693185,-0.0575482915010052,0.0522607633638553,9573.25392395789,-1.10117586879351,0.270847807760624,-0.0799954220652641,0.229300994618615,43.9715350825118,-0.348866441675565,0.728854621494125,0.116029248449492,-0.0439615956810365,0.300233698723993,0.290324666614691,0.699153719601002,0.879642689313618,0.159990844130528,0.458601989237229,0.72718957988503,421
0,0,9.11957234814545e-07,0.00329309914883985,0.00454218147300449,0.31651361856775,0.222584552018449,47.7619082764515,1.4219927470147,0.161526160159073,0.082025635172051,0.190612664431538,56.0477726707876,0.430326260936939,0.668608551168938,-0.00463927995895741,0.0521240920421328,8686.58926277904,-0.0890045231906852,0.929080367241657,-0.099940579339023,0.223672703466528,43.7538357163544,-0.446816163931148,0.657211712228476,0.19661446990276,-0.00326668877528576,0.279527242750929,0.301017751663545,0.481817634390295,0.991341409715668,0.199881158678046,0.447345406933056,0.655007799539914,422
0,0,9.42587466513517e-06,0.00330450967521032,0.00010762993564818,0.36126710069551,0.218502062942406,47.6512990752073,1.65338073165348,0.104827600043396,0.0829811250419418,0.195718478488234,54.2188673634508,0.423982066910103,0.673256355309668,0.0140999025318808,0.0520134846865435,7796.04909515845,0.271081674624438,0.786335392498147,-0.0145357640130738,0.214430758623232,42.6895657354765,-0.0677876817038831,0.946271160145929,0.0996473908490317,0.070575862822884,0.265223753674949,0.304862622022422,0.707132013975583,0.816925962917079,0.0290715280261477,0.428861517246464,0.945954649782145,423
0,0,8.53357769690092e-05,0.00623957909780971,5.78871105337264e-06,0.375401419822379,0.221544952427235,47.6238962289878,1.69447065125836,0.0967066381429419,0.113212046068028,0.193978606178497,54.2505332405976,0.583631609167516,0.561886959297835,0.043489825484199,0.0521171308961534,8159.17262668792,0.834463155135213,0.404044472060277,0.00344527031887064,0.217525711948396,43.3352216096684,0.0158384509491364,0.987435969688713,0.109261803696183,0.116152344333925,0.274593235416889,0.300459151407557,0.690700798526591,0.699065082835976,-0.00689054063774127,0.435051423896791,0.98736327285711,424
0,0,7.605259819879e-05,0.0066922211537106,0.00275826071290705,0.31664462837528,0.225888033879063,47.4350459487469,1.40177690220106,0.16749170585379,0.116288299324922,0.1926430740118,54.0852437261242,0.6036464062954,0.548602247286346,0.0415124709951755,0.0521817682850605,8320.94210670435,0.795535919143245,0.426324517973399,-0.0754094925483778,0.21701356101108,43.6559480159476,-0.347487466668166,0.729894918050188,0.202750534544112,0.0519315494473559,0.284294350340582,0.291478144522263,0.475739843699129,0.858592464116724,0.150818985096756,0.434027122022161,0.728225132753935,425
0,0,5.27619182312791e-06,0.00299527748228161,0.00490524675563818,0.28976127629485,0.22174256190347,47.5793494874902,1.30674631792606,0.197579938671718,0.0778911491822926,0.194213720373681,53.5397773849899,0.401058941831837,0.689972903610648,0.0105819816251295,0.0520317716011574,7839.2391177445,0.203375385836259,0.838846915621689,-0.0939965233425387,0.204136357841081,43.0116828234613,-0.460459490590669,0.647506045668514,0.185664709729923,-0.00232833695515464,0.276019846152311,0.283220160821291,0.501170075845991,0.993440709947742,0.187993046685077,0.408272715682162,0.645186441941837,426
0,0,1.51715082689139e-06,0.0014423800112423,0.00655737863296719,0.281304073350011,0.213617622095503,47.704338093351,1.31685799416046,0.194177446794034,0.0546832983486687,0.199435000232961,52.0475250838617,0.274191081228436,0.785023108597842,0.00549052733812694,0.0517973119214146,7406.00933799839,0.106000236970926,0.915585035004002,-0.100556071284592,0.191248209431403,41.8826705924646,-0.525788301932622,0.601808329545357,0.169977837461875,-0.0311343051073081,0.263794761554812,0.282865981159353,0.519344363741168,0.912355972496132,0.201112142569183,0.382496418862805,0.599035303257976,427
0,0,3.76606057491495e-07,0.00102032717335847,0.0151372786881931,0.2544811484646,0.208532738583647,47.668179140835,1.22034146864917,0.228338254061436,0.0457107866120286,0.199119124509326,51.5974976550853,0.229565024076267,0.819337396850199,-0.00270157717272202,0.0516361079843656,7268.42461817417,-0.0523195352666782,0.958275525510111,-0.143823886783011,0.180659959966855,41.2350110634054,-0.796102726965056,0.430531857292648,0.210614889649098,-0.0770328839169235,0.260077943238073,0.272986285301051,0.418046797426141,0.777800960050181,0.287647773566022,0.36131991993371,0.425972329291621,428
0,0,2.04815914021187e-05,0.00404837851778449,0.0146632303840811,0.225307336613026,0.206869058976107,47.5325316547496,1.08913018567483,0.281587688394395,0.088276435936667,0.1923697895261,51.8051544789805,0.458889288978974,0.648233257301411,0.0201362174551425,0.0515244040515894,7456.88143059516,0.390809322801305,0.695949347923816,-0.145181504638845,0.18077125013841,43.3429926974193,-0.803122756122366,0.42628617865174,0.254737142398877,-0.0356258668788131,0.257802467604185,0.266192175098572,0.323098881110932,0.893532939872326,0.29036300927769,0.361542500276819,0.421903786047352,429
0,0,0.000266165970327793,0.0165690438803588,0.0156838488511072,0.224125472654552,0.204376690481948,47.3365624601272,1.09662932757172,0.278351118913912,0.178999344801188,0.19054485761789,52.3787155188515,0.939407901315004,0.351833435291597,0.0736741011947258,0.0515975416269577,7657.79141958323,1.42786068621986,0.153372739899308,-0.153438802582166,0.180190636365091,45.5080185302272,-0.851535938145406,0.398930578605331,0.354927618447892,0.0480500132835603,0.261582185199116,0.260423503298181,0.174829082632673,0.853615573691078,0.306877605164331,0.360381272730183,0.394471708583835,430
0,0,0.000509522040479245,0.0302370951946848,0.0210020977440829,0.217510799651578,0.200364205097024,47.3365939789881,1.08557713462967,0.283163762653365,0.241741417410746,0.186975426141225,53.6115749010505,1.29290475438283,0.201588072859625,0.104952929523996,0.0517748751341902,8060.5874942442,2.02710154784494,0.0426848742329214,-0.180791035840398,0.183860192735751,45.0710265600524,-0.983307115859694,0.330705554016193,0.449030931477232,0.0874488597964351,0.28093785394355,0.244814074517974,0.109969925242365,0.720938195324301,0.361582071680797,0.367720385471501,0.325456308979146,431
0,0,0.000998610385309048,0.0447594133200781,0.0345449543089092,0.19882347731857,0.198432994114671,47.4475042164833,1.00196783405724,0.321441858804793,0.298859590665317,0.186572992134061,54.760224858953,1.60183736802899,0.114945144929825,0.148050928054929,0.0517956601995927,8173.4523691982,2.8583654978896,0.00426906298397341,-0.23266638355141,0.184757311364746,44.3211933812951,-1.25930812606426,0.214510939356395,0.565627803822495,0.100295036719676,0.290980904427265,0.236560448146723,0.0519116466399313,0.671586139906316,0.465332767102819,0.369514622729491,0.207919059258141,432
0,0,0.00157542322778932,0.0628718964406682,0.0313339312167518,0.179124217331095,0.198009520944891,47.3695341850696,0.904624264915767,0.370242500722774,0.357277642806258,0.185074505494699,55.5470356650623,1.93045304565999,0.0586618673200704,0.184957728594161,0.0516301180942622,8133.11191426249,3.58236113766929,0.000342492491322738,-0.215846542950213,0.178743487874965,45.0805223522003,-1.20757710122118,0.233507525120905,0.604760737269964,0.173067651369538,0.288158932241074,0.229073436923043,0.0358428691454629,0.449942042039768,0.431693085900426,0.35748697574993,0.227209971605131,433
0,0,0.00129667030163249,0.0683504996109394,0.0225405944947063,0.164931014094248,0.197221279137566,47.7486000606094,0.836273929544921,0.40716650854202,0.367021209667648,0.18059589495089,56.2959870219467,2.03227880549252,0.0468533900653914,0.166209110973007,0.0515527304696949,8005.95679191507,3.22406028659749,0.00126893691030956,-0.178140418170198,0.173880353059547,45.5152855820717,-1.02449997964515,0.311013557974423,0.571271605968822,0.214990769628425,0.292244992061351,0.211956821710323,0.0506102790385953,0.310432950362982,0.356280836340397,0.347760706119095,0.305599180439851,434
0,0,0.00151474213867019,0.0595731387784353,0.0300487688615599,0.178292653316778,0.194902842857615,47.8510965907139,0.914777079198523,0.364895519289191,0.34523276712057,0.185769834141858,54.5190367872975,1.85838981186225,0.0685158046355601,0.175860085149155,0.0515188159128384,7680.78772171499,3.41351178269861,0.000644627596439229,-0.198323064532622,0.168202810915165,44.8748661663392,-1.17907104794253,0.244583697244499,0.572623973128348,0.175977844063104,0.292220096694586,0.211962149425904,0.0500467759539493,0.406407399837689,0.396646129065244,0.33640562183033,0.238369886038039,435
0,0,0.00183678176499782,0.0570816648926095,0.0476576860079712,0.185820229866554,0.191766153600622,47.5455803547991,0.968993883318681,0.337451875166388,0.336585462645323,0.186074771225475,54.049685442403,1.80887210248115,0.0760342497794479,0.189800567327724,0.0514574844443069,7393.36100763359,3.68849292532261,0.000227204901683512,-0.247879214545621,0.164893097999902,45.1580725558751,-1.50327222638372,0.139730687092355,0.620796246058858,0.125037816967615,0.275915178716763,0.223917549988055,0.0244519147386978,0.57656439131245,0.495758429091243,0.329786195999804,0.132768859065914,436
0,0,0.00127797911933721,0.0509324515769365,0.054906129641868,0.14105535806448,0.197139231243452,47.3842097886661,0.715511352939629,0.477804237633028,0.312413397397858,0.181403231404692,55.2677525056226,1.72220414696416,0.0906251256959655,0.160974900843072,0.0514493896884779,7650.26969312238,3.12880097932672,0.00176180772376625,-0.283735018457246,0.172191329969535,46.7366342632645,-1.64778922671336,0.106103713453187,0.637735357229814,0.0702653203153232,0.261773099579288,0.238754289064906,0.0148418904821432,0.768528886927799,0.567470036914491,0.34438265993907,0.0993959305342513,437
0,0,0.000981403192588773,0.0420584611856938,0.0507533411816973,0.112416974929199,0.199419496690056,47.3788759571398,0.563721084422961,0.575602640260626,0.28163723818521,0.180495339130905,55.4541173488694,1.56035740059167,0.124364780625699,0.140773840702754,0.0515696127851852,7585.46631993591,2.72978277516163,0.00635223151756057,-0.280798046865566,0.178140596014032,46.4704419257689,-1.57627207469008,0.121747212057609,0.603591755537309,0.0419956618061777,0.265365455707757,0.24202981508463,0.0229318617103305,0.862247098108687,0.561596093731131,0.356281192028064,0.114963114408012,438
0,0,0.000853351785561164,0.0486547370456462,0.0473812614154497,0.106284040485034,0.199311801102558,47.5173666124877,0.533255130389117,0.59634250309512,0.307286224699443,0.186719167279958,52.9567604650127,1.64571334146276,0.105745958918477,0.135012587039633,0.0519805620337302,7898.91991214959,2.59736681862007,0.00941157890043469,-0.289040060826683,0.19082311050036,46.1282140018094,-1.51470154777787,0.136670783269154,0.638690785085963,0.0606106634325963,0.282375798918789,0.252224064517041,0.0237068728699829,0.810093943263354,0.578080121653366,0.381646221000719,0.129848002286518,439
0,0,0.000961579613727468,0.0665780239747623,0.0566344825385643,0.0744398437784883,0.199674933415173,47.2837757697695,0.372805151379266,0.710959465698564,0.358101066314163,0.185043690786363,52.506102804409,1.93522440453049,0.0583569682429249,0.143505258865884,0.0520379354167261,7901.18917967924,2.757704695943,0.00583425158066973,-0.334839719091424,0.200836099313091,46.3009010714837,-1.66722875138811,0.102220046410168,0.742018124690297,0.072338686507449,0.289098519033878,0.257613279078952,0.0102682708086389,0.778861190158086,0.669679438182848,0.401672198626182,0.0954689277566819,440
0,0,0.00108978112864997,0.0590743218233991,0.0498581789397122,0.0819625988901051,0.19916257958194,47.1180076964656,0.411536138275333,0.682545486235978,0.332687177209168,0.181030900677152,53.7926916854821,1.83773696073289,0.0716264279036803,0.147380410166823,0.0518218416779437,7413.80242835561,2.84398248681986,0.00446754515303151,-0.302472290471874,0.195485444648243,45.6241051439851,-1.54728803986477,0.128703043648398,0.679492724392615,0.0745481434488682,0.279560611771461,0.253416269161784,0.0150749317853029,0.768625954510594,0.604944580943747,0.390970889296486,0.121793804456144,441
0,0,0.00146535052845711,0.0403904190417479,0.0290178847185186,0.0951219802541513,0.193341028382615,47.1425334747061,0.491990660491927,0.625009237310017,0.274842395255316,0.179597798788825,55.6392986618282,1.53032162481279,0.131603299553824,0.169184498581863,0.0517121320180654,7293.86741348897,3.27165970497521,0.00107415142939929,-0.230503268829005,0.193987356637092,47.2446685479934,-1.18823861938707,0.240678435023232,0.539130446729737,0.0781239090717264,0.270713625039788,0.256799584522819,0.0464242159584798,0.760959281674383,0.46100653765801,0.387974713274184,0.234739412528154,442
0,0,0.0015354670141067,0.0344876564647643,0.042848401044974,0.0313349093754497,0.188113492766846,47.1766866354129,0.166574491359252,0.868416763676281,0.247956127779557,0.176798797358701,55.0662148225823,1.40247632610581,0.166385781350785,0.175775170639893,0.0516609314917033,7528.0542960132,3.40247776345501,0.000671256302228175,-0.285750095103703,0.193500421428429,48.714140658986,-1.47674146130682,0.146180779611409,0.575588513329852,0.00408832312244617,0.271392750315078,0.252209978336438,0.0339328149353721,0.987066859647479,0.571500190207406,0.387000842856857,0.139744953601478,443
0,0,0.00172569283186162,0.0269220617856383,0.0568768322115123,-0.0301940539198628,0.186488339757469,47.5740035922783,-0.161908535188477,0.872063579128224,0.211476849550111,0.174327491938781,53.1903942765913,1.21310096989393,0.230451177894325,0.186590080976316,0.0515440810551723,7580.64051664064,3.62000984703931,0.000296512984454402,-0.322139138412546,0.189285029165178,48.0272219359005,-1.70187330626889,0.0952449126886496,0.580831807626034,-0.0634464691990577,0.274449049053645,0.241040102555127,0.0343145672976269,0.792381357252702,0.644278276825092,0.378570058330357,0.0887791207502376,444
0,0,0.00176367521794753,0.0113898713099448,0.0379884085864493,-0.0263040888924133,0.187400907175772,47.5402338269163,-0.140362655063038,0.888966492652919,0.138119256405452,0.177782997708816,52.3882935024165,0.776898005914336,0.44071287748838,0.188404226015307,0.0514900866972905,7577.89861873551,3.65903881892708,0.000254882486678354,-0.265330380116937,0.194189226970643,47.2773251497674,-1.36634963873176,0.178293095953272,0.442339016560319,-0.0883217436735554,0.268165128149805,0.256847549218767,0.0990447564259467,0.730945292919694,0.530660760233874,0.388378453941286,0.171829247713609,445
0,0,0.00193510864877454,0.00845080684117475,0.0295531382833523,-0.0241086933880005,0.189341938975073,47.344751818886,-0.127328860782261,0.899219391139673,0.12302909443441,0.188336068478678,50.0685188911644,0.653242341884919,0.51658875824665,0.202655680735194,0.0517310553695716,7915.31698927598,3.91748591416515,9.02299876743835e-05,-0.235996390786953,0.196647726975807,47.2934519815247,-1.20009722164746,0.236078829177803,0.393615392810719,-0.0783773887631876,0.274888470003657,0.267642717899134,0.15216974269147,0.769641895352985,0.471992781573907,0.393295453951614,0.23010158446958,446
0,0,0.00248539958062425,0.0110311479886588,0.0375476478857564,-0.0131288674073234,0.189565296195631,47.0598743822177,-0.0692577579905468,0.945077906601812,0.14378452399006,0.196031718169959,48.2318030834234,0.733475813671129,0.466818644275384,0.231783129907137,0.0519749540704899,7981.75619741978,4.45951581973091,8.32689210963007e-06,-0.261170389331683,0.194768126819457,46.090200750388,-1.34092982048227,0.186514661032667,0.443234564980545,-0.0791062136828211,0.27794069923848,0.272544651397588,0.110777300018175,0.771624626258386,0.522340778663366,0.389536253638914,0.179943239177599,447
0,0,0.00363866163290885,0.0208220696123553,0.0635630051602959,-0.0125559961402998,0.19043654443428,47.0005193545178,-0.0659327030828,0.947711062220557,0.202377173418902,0.200871338285294,47.7336701811167,1.00749651566252,0.318776302159287,0.290098655611563,0.0522238133744471,8449.46996865091,5.55491138748415,2.8618366354325e-08,-0.355687399107185,0.202498546407056,45.4534947549681,-1.75649359177223,0.0857397966976591,0.610197548902504,-0.101177249311867,0.285334139612243,0.282441561299131,0.032473203238336,0.720175943783133,0.711374798214371,0.404997092814112,0.0790041646697108,448
0,0,0.00360427851295495,0.0110568988051324,0.0569792780718789,0.0101465167643356,0.191438104481818,47.3438993729598,0.0530015525999909,0.957953684846243,0.14891969442568,0.200088889294608,49.5445965546602,0.744267684980814,0.460230150056461,0.298669167504441,0.0522927762911258,9018.01378169209,5.7114804125465,1.15548425056106e-08,-0.338494843740147,0.205394225621091,44.9502331756862,-1.64802512201389,0.106321013183417,0.537027607778468,-0.139962079701826,0.291602436881658,0.280268063084541,0.0655273762865332,0.617507146399366,0.676989687480293,0.410788451242183,0.099347516114969,449
0,0,0.00365201492721993,0.00480118974825288,0.0714923414211612,-0.0110223334302966,0.188946700762839,47.5883915387539,-0.0583356755412814,0.953725523695723,0.0981753444299186,0.199186345263736,50.355477553441,0.492881900613859,0.624238544036126,0.295156303530727,0.0521633137418989,8734.78627121987,5.65831198898028,1.57693778191663e-08,-0.367985437819048,0.196825643785827,45.3966571267615,-1.86960108825792,0.0679971325977794,0.520096277812881,-0.215874597825215,0.287008311046562,0.272061706075222,0.0699661618982384,0.427500196746368,0.735970875638096,0.393651287571654,0.0615392340506933,450
0,0,0.00331374743297975,0.000678206394081061,0.0687820857632866,-0.0517175206964645,0.190249066746908,47.9585630504858,-0.271841126901638,0.786911041605054,0.0351855456993124,0.188194057617838,51.5062876043976,0.186964169563541,0.852423244505645,0.265261572420355,0.0519619726241404,7838.20257780262,5.10491728901608,3.38723173514138e-07,-0.336862765926863,0.185252182628625,44.7667260710755,-1.81840106360405,0.0756971704971327,0.421422168170549,-0.252303363683177,0.277383864989902,0.251168018165106,0.128693474200007,0.315127909317822,0.673725531853726,0.370504365257249,0.0690028559301961,451
0,0,0.00302033565957081,0.000592053931696004,0.0639705197522213,-0.0879374519452264,0.196263666052495,48.4224681805477,-0.448057726190163,0.656109903987462,0.0328688461210901,0.189341983556714,50.8693982195875,0.173595129319245,0.862872620802707,0.256288374070997,0.0521284729888993,7978.82417900723,4.9164757641294,8.98745113745454e-07,-0.328038597966309,0.190254230546921,43.500164227715,-1.72421184550431,0.0917703158525222,0.408987945452523,-0.247089250480094,0.283474017303071,0.25397816662558,0.149085136079699,0.330614958573968,0.656077195932618,0.380508461093842,0.0846696064818806,452
0,0,0.00326935919086108,0.00152240509100599,0.0790823983822971,-0.128650669397209,0.201450626582979,48.5658083606302,-0.638621341513758,0.526069658333736,0.0544434419148587,0.200763419506324,48.2314229698329,0.271182081121824,0.78740828172284,0.275144405714833,0.0522800668562884,8444.3121223297,5.26289314952814,1.45290881267565e-07,-0.385669513532111,0.201825076648395,42.5227467274379,-1.91090978354487,0.0627730726661272,0.496640399738059,-0.274698627326164,0.287763053654835,0.279636793520809,0.0843715668867577,0.32593198796657,0.771339027064223,0.40365015329679,0.0560161755732784,453
0,0,0.00352619894282879,0.000460448815308911,0.11686050490151,-0.185168924003301,0.200909863630136,48.5499994332167,-0.921651733058696,0.361267706405087,0.0310041336743829,0.210584682942904,47.054836268449,0.147228816650398,0.883580447207233,0.274891681687736,0.0521590333236974,7849.16036988427,5.27026028227491,1.39854676141226e-07,-0.445004608155305,0.190867900026591,41.0794646191869,-2.33147956305544,0.0247124855541489,0.541232909968875,-0.348776306341735,0.282393801136752,0.283157413124296,0.0552901408906193,0.218046230204221,0.890009216310609,0.381735800053181,0.0197280864802053,454
0,0,0.00512715276620864,0.00133359991228748,0.13019470781102,-0.249109714027392,0.203528655414869,48.5414996121106,-1.22395401040513,0.226877278462026,0.0541710895961994,0.213737506766717,48.1025992246943,0.253446811538437,0.801003083272225,0.318508788334234,0.0519725483863026,7287.62699162442,6.1284042869481,9.33872806157112e-10,-0.44891289831375,0.185552190114353,39.1039575367337,-2.41933494849665,0.0202993095365144,0.568880992756351,-0.328944803871148,0.279382928110312,0.283470248235875,0.0417297465139824,0.245877476817453,0.8978257966275,0.371104380228706,0.0155489153023648,455
0,0,0.00598228683279741,0.00658519370604386,0.130134958834082,-0.31384808374226,0.20710330060641,48.3912359894779,-1.51541806829392,0.136171946919135,0.116783637216375,0.205809131233593,48.5732082817824,0.567436617201527,0.573030998797655,0.345000592265722,0.0518699257360665,7350.81207454668,6.65126443444731,3.1142705439663e-11,-0.447537329326558,0.184928605435911,39.1478793269138,-2.42005463822987,0.0202589784764687,0.62991635472905,-0.265158303924066,0.276864379660661,0.27422909801807,0.0228951221271319,0.333582743356362,0.895074658653116,0.369857210871822,0.0155181752175054,456
0,0,0.00465672223605871,0.00371965387073645,0.0999698998885095,-0.323287010236376,0.214286087149705,48.4721560485815,-1.50867008930225,0.137874145386159,0.0866883040975265,0.206214126184432,47.3329119472974,0.420380047194222,0.676110243286679,0.321321034060014,0.0518908705415062,8195.75471668787,6.1922459713409,6.21682245433186e-10,-0.405148759028604,0.191764094227395,40.1866880686336,-2.11274566628816,0.0408825578862057,0.551219573545084,-0.259077944512124,0.280997674431303,0.279591378893844,0.0498030454868993,0.354118329370192,0.810297518057208,0.383528188454791,0.034622542392459,457
0,0,0.00341786521143357,0.00231868541348002,0.0634614701480371,-0.324761357316995,0.213727639830307,48.6188407148092,-1.51951033368845,0.135111045050789,0.0661476847738796,0.199279460609635,47.408283006372,0.331934282497156,0.741401963049252,0.285007758694297,0.0518359875680674,8814.72519659526,5.49826041840226,3.94270173546074e-08,-0.335899945148204,0.19964585130425,41.7748410996372,-1.68247896439536,0.0999371205367956,0.45128036616522,-0.220519524131189,0.283286072390499,0.278515418344074,0.111155714617111,0.428496114206792,0.671799890296408,0.3992917026085,0.0924760006096067,458
0,0,0.00265388996724854,0.00100841322341486,0.0370644353396627,-0.295578376011122,0.209242675899226,48.3462273920133,-1.4126103804631,0.164175696861212,0.0422697754009305,0.19183644515367,48.0973272013352,0.220342778803425,0.826536828287488,0.23846214905529,0.051664495847225,8006.03530593786,4.61559036132738,3.98083768789639e-06,-0.240305259834513,0.192197001586466,40.6137579605248,-1.2503070175442,0.218343558079781,0.317796492238215,-0.162814027430811,0.275912038924695,0.265669504795068,0.249401769573623,0.539979331359641,0.480610519669025,0.384394003172932,0.211187415906002,459
0,0,0.00239631163352045,0.00117895297611602,0.0283045472570114,-0.310743487401043,0.205318135161109,47.7596009572103,-1.51347316279299,0.136749586435365,0.0448933141736842,0.189013492940952,47.7935094399893,0.237513806422851,0.813273452098818,0.219145847375852,0.0515962706053175,7510.08093736896,4.24731952144748,2.18953449402999e-05,-0.205668159798791,0.19464993834677,38.3265335631422,-1.05660531693769,0.2973065776266,0.280706183464814,-0.130630136132769,0.269198526688918,0.270274939571887,0.297065092558043,0.628866302580818,0.411336319597582,0.38929987669354,0.290691752917462,460
0,0,0.00197789209845537,0.00353180867950152,0.0285966153097895,-0.358081805588896,0.204160829880315,46.7559028017059,-1.75392020986011,0.0859972098900895,0.0784583273127906,0.186085696247997,50.1554783697356,0.421624707834766,0.675100603099208,0.205787305777498,0.0517623746719762,7975.28744627665,3.97561562972322,7.08171759196816e-05,-0.211137012447748,0.199208387827894,38.1591315134068,-1.05988013230728,0.295861990602415,0.320541617052776,-0.10173240784272,0.281996102499252,0.262577349025958,0.255668691168954,0.698432075259295,0.422274024895495,0.398416775655788,0.289199135312294,461
0,0,0.00252277221826432,0.0178618370724635,0.0602267875808388,-0.431098172232532,0.203816497527866,45.4416110929926,-2.11512893932246,0.0399339335911634,0.182564143792515,0.19178665978525,49.8242352752593,0.95191263040369,0.345736519687196,0.240927962152427,0.0521054357688446,8453.4365966225,4.62385466309611,3.82266049257067e-06,-0.321574347542001,0.204514346644916,38.5787896884314,-1.57238038708515,0.124028812630006,0.551271529799612,-0.0918771652843904,0.300083892867621,0.261771183309199,0.0662013268009581,0.725601302602089,0.643148695084002,0.409028693289833,0.115862360029839,462
0,0,0.00234248337113051,0.0174869465904684,0.068471339747437,-0.465460416858739,0.211044821429984,44.1164129799509,-2.20550503776828,0.0326743887577906,0.177751270955214,0.191077124238179,48.6219510749753,0.930259295370415,0.356832733497617,0.238986589936528,0.0522395573715146,8913.59813535869,4.57482034613952,4.83067539082523e-06,-0.359823900107089,0.207535291196013,40.8962504099007,-1.73379620417061,0.0904881813143821,0.590314432928311,-0.129333367285867,0.307015811059976,0.258925725289414,0.0545115433076745,0.617427275169149,0.719647800214178,0.415070582392026,0.0829542494048975,463
0,0,0.00244776275889443,0.0128282032651532,0.0691046409138858,-0.515360231441267,0.219562282638911,44.3382931109529,-2.34721658586881,0.0234423797995383,0.152956102985759,0.191507627034169,49.0894737825766,0.798694576057111,0.428314912395678,0.248357192500601,0.0523090747866172,9186.83107006319,4.74787966550195,2.08669266187057e-06,-0.369771959624344,0.208575717573854,42.3383674217006,-1.77284280224716,0.0834494370776824,0.576925408043609,-0.162618511205079,0.30776309878273,0.260243782599525,0.0608510374980229,0.532056436955306,0.739543919248689,0.417151435147709,0.0762547587029669,464
0,0,0.00211900401593691,0.00736347146704808,0.0431036944456913,-0.525587396400768,0.226961256783408,45.0600572359668,-2.31575822168778,0.0251795984665804,0.126208074824388,0.210003480167346,48.6887858852601,0.600980872906565,0.550640461499901,0.236420263536644,0.0524683318766059,9561.4080403392,4.50596112132272,6.68578347311009e-06,-0.285444602761213,0.205962857349807,42.6399058782301,-1.38590329554621,0.172982296460019,0.453490192127525,-0.1173990133949,0.313661085663936,0.275869361487621,0.148234205543816,0.670428365844397,0.570889205522426,0.411925714699615,0.165776434388599,465
0,0,0.00194040168723516,0.00443058415561657,0.0232495744475161,-0.484856290258816,0.228347221106912,45.7933672439044,-2.12332905961578,0.0391619093353311,0.103388317363077,0.22181040939118,48.8190859969819,0.466111205722285,0.643209023286868,0.224263066223135,0.0525596345579305,9364.30756829613,4.26683077440265,2.00220057495923e-05,-0.201292132055808,0.200384729700278,42.3928832005237,-1.00452830091837,0.320823596384403,0.334183766071555,-0.0684004980400606,0.320189272397252,0.279371373431683,0.296620997469807,0.806582507730494,0.402584264111615,0.400769459400556,0.315124037070773,466
0,0,0.00185911853346335,0.00306458957624875,0.0177165313069187,-0.43651298263419,0.225066153021411,45.7005586158906,-1.93948746523723,0.0586294690265881,0.0859693015848546,0.221345035146338,49.072923204106,0.388394984906789,0.699403705992723,0.216290534114113,0.0524426345886154,9132.52325055493,4.12432624353824,3.75116593648658e-05,-0.173093789763114,0.1983627333687,42.21831968895,-0.872612445006903,0.387810413366766,0.284433386936949,-0.0617541925892788,0.325586550678695,0.271510804884053,0.382334492718497,0.820076536314499,0.346187579526227,0.3967254667374,0.382874354927869,467
0,0,0.00226952220781039,0.00352403059720448,0.0162780758624216,-0.37778730941186,0.222471263061943,45.5429627160941,-1.6981398146091,0.0963048767999826,0.093826335493817,0.227999575898914,47.8860032353094,0.411519780788609,0.682527562395104,0.234498719729213,0.0523423577273782,8823.74993168273,4.48009470552672,7.55493555619654e-06,-0.160315263099378,0.198374637836926,39.4681466173266,-0.808143948477758,0.423852122426118,0.277638950045391,-0.0429915761533655,0.326710865552198,0.279993158029691,0.395436193489185,0.877968430937392,0.320630526198757,0.396749275673852,0.41900772036106,468
0,0,0.00234472847085526,0.00385549187303252,0.0237263828022843,-0.319570242799775,0.220668393607432,45.3400562157766,-1.44819218364497,0.154443759209488,0.0980293464858541,0.231116000431555,46.483063340315,0.424156468192627,0.673408334663683,0.228039306422461,0.0521032308139407,8150.38379834132,4.3766826521139,1.22001439753565e-05,-0.183790342051025,0.192213012546771,37.6200892226685,-0.956180539578731,0.345085548424149,0.308757774014212,-0.0588229100878376,0.313727504783702,0.288050864906994,0.325037299550578,0.838189280590362,0.36758068410205,0.384426025093542,0.338981029975738,469
0,0,0.0019443993805998,0.000998694782261992,0.0230243499808243,-0.239913676725723,0.213978190931764,44.3241916565713,-1.12120621116116,0.268237962703996,0.0479946035043257,0.2287194464393,44.0465511408261,0.20984050220261,0.834759774641345,0.193305602281495,0.0517220339073337,7169.79856042579,3.73739367302967,0.000187383476454454,-0.170062634213312,0.186957366856457,35.1098520756741,-0.909633233890609,0.36921849379555,0.242983257908985,-0.0971420105176377,0.288379394948907,0.298345144021401,0.399462318618616,0.744724902949234,0.340125268426623,0.373914733712913,0.363015965735715,470
0,0,0.00241759450922575,0.00172538993037157,0.0304687499125755,-0.195672309592266,0.208017846719189,42.94963338764,-0.940651548308789,0.35214416214001,0.0605485888877865,0.228568720364056,40.6010462333121,0.264903215065241,0.79242430242881,0.20749441577901,0.0513653176032111,6733.4585493483,4.03958206550714,5.41418416245937e-05,-0.192966005912231,0.185277903966584,34.5160852810873,-1.04149497474363,0.304886374000636,0.281797554086529,-0.104134457737932,0.265444245736367,0.311892753729235,0.288413989640877,0.738470825772003,0.385932011824462,0.370555807933168,0.297645884269386,471
0,0,0.00299530912733403,0.00400061006636884,0.0353616614022083,-0.165043636588656,0.206290616789535,40.9873002728332,-0.800054016790494,0.428292339921682,0.092153834988315,0.236372782824815,37.8411859562572,0.389866523070103,0.698821039818601,0.230659275266894,0.0511367507357493,6772.22127313658,4.51063612662511,6.57235506560001e-06,-0.211553661796673,0.188552918259285,34.3404857698964,-1.12198561416991,0.269652680226966,0.334714842225041,-0.0883924813683048,0.248792531810644,0.334768084846336,0.1785098861787,0.791748368646914,0.423107323593345,0.37710583651857,0.261868556576629,472
0,0,0.00255205361042155,0.00540973725209887,0.0331975220846108,-0.121479077748405,0.200162238899971,41.1249120424631,-0.606903072307822,0.547251475971097,0.109037820637479,0.237875286117451,38.6299111023011,0.458382299469485,0.649246230321133,0.212644115705491,0.0511497528612194,6754.91839390619,4.15728530072161,3.26033745798769e-05,-0.200114204551477,0.181663808317877,35.3387425119319,-1.10156341213168,0.278097932868637,0.338482693423631,-0.061745715679322,0.248267631312057,0.33038390908623,0.172763326209725,0.851746246469522,0.400228409102953,0.363327616635754,0.270651522096802,473
0,0,0.00273635372302127,0.013593024494452,0.0422332090584343,-0.0655789015220327,0.193395074418282,41.0848678749946,-0.339092925294448,0.736266882578296,0.166066555507609,0.227532582781067,38.6560253637512,0.729858350297898,0.469876782064567,0.217964678996717,0.0512427130236354,6593.95174691455,4.25357414031107,2.13294267958162e-05,-0.227182035521062,0.183774103739132,34.6565269486936,-1.23620265803907,0.224696388773516,0.426546581681966,-0.027817489360158,0.24667583847124,0.32040562923379,0.0837771346864038,0.93081490593687,0.454364071042124,0.367548207478264,0.216383242934364,474
0,0,0.00254443554343273,0.0247212783400801,0.0526250666189337,0.0104001193886666,0.190435389488602,41.3012939403454,0.0546123250336781,0.956710645748991,0.219966362276895,0.219616704242968,39.5767046785795,1.00159212859118,0.322625435142634,0.214972135662519,0.0515320790042864,6821.99062056261,4.17161775376145,3.06196367834718e-05,-0.265812211767704,0.189726585498033,35.3364329669776,-1.40102775301598,0.169927218042508,0.524738575977287,-0.006885847558121,0.255178451982366,0.311615503670113,0.0397478989014396,0.98237037533777,0.531624423535408,0.379453170996066,0.161205774121737,475
0,0,0.0020511399721311,0.0259932376355728,0.037766631528568,0.117869069155552,0.189590356505598,42.7209006335579,0.621703926972004,0.537440371168674,0.230754266049102,0.221127853796168,40.8050740958816,1.04353324146042,0.302844490429152,0.192745708459503,0.0514995891583353,6815.14175606372,3.74266497285846,0.000183576528150587,-0.215605925904307,0.180987125086933,36.1574825880689,-1.19127769890121,0.241306012257771,0.477961476311525,0.0467496245029101,0.253980574296951,0.30527041647041,0.0598520361350352,0.878286547449167,0.431211851808615,0.361974250173865,0.233544585717202,476
0,0,0.00200433942298551,0.0278106701044782,0.0212771528024312,0.213996320758228,0.19078359194128,42.925395879277,1.12167046746919,0.268238172593074,0.242515923227698,0.21700960469828,43.6578156922071,1.11753543611529,0.269877711035527,0.190121692885764,0.0515131975816526,6782.40488908868,3.69073755486457,0.000225358047935137,-0.158273603579172,0.173335832199568,38.3518656478278,-0.913103779932501,0.366892668242678,0.423987632944773,0.10744042578643,0.253711601889509,0.292432756299817,0.0946940074711142,0.713319061999416,0.316547207158343,0.346671664399137,0.361187962529466,477
0,0,0.00177464572305223,0.0234051560903666,0.00673768677518122,0.335052555782378,0.188729102020917,41.4980796872961,1.77530943661907,0.0831813865808845,0.220873305295464,0.212443152517952,45.1028381177996,1.03968192279955,0.304029257277879,0.175447011210724,0.0515006603467888,6528.04715701299,3.40669440021391,0.000661516094514087,-0.0849172564006627,0.16229198530686,40.3599762810255,-0.523237523036655,0.603670082484598,0.318236853954435,0.14840234115311,0.254234342446609,0.274903293530041,0.210662385624007,0.589311023909901,0.169834512801326,0.324583970613721,0.600808972315791,478
0,0,0.00245607554202828,0.0319491493551938,0.00629685029963682,0.463246620271777,0.185714751069125,39.9857727518621,2.49439862803011,0.0168497892294537,0.258719085941079,0.207433195284193,47.1345421956299,1.24724051802134,0.218471136482974,0.204461065424792,0.0517254558143983,6346.04129346274,3.95281321750825,7.80768502074704e-05,-0.0835054048294977,0.161077770046346,42.4122440889725,-0.518416692790516,0.606861847052431,0.354463848443092,0.187453038784096,0.265897048466075,0.258296518738705,0.182503316974235,0.468005478983438,0.167010809658995,0.322155540092691,0.604167570456802,479
0,0,0.00180869761726325,0.0265312482790255,0.0021046829673649,0.592892802255329,0.18803716845946,39.271630981683,3.15306174365817,0.00309226469535041,0.244494438906597,0.211463542885848,49.0491283600119,1.15620137433609,0.253199440623014,0.180970330144514,0.0519771385743743,6690.18054212667,3.48172937387775,0.0005013694411782,-0.0505628736160203,0.167434003206725,43.2388835989586,-0.301986888252274,0.764109866017833,0.302468295038063,0.201342547806022,0.287864665335404,0.253320848022798,0.293382206123369,0.426722644600268,0.101125747232041,0.334868006413451,0.762662058273137,480
0,0,0.00126678945329314,0.0316267995168995,0.00152658320750085,0.714807092541394,0.193093845299839,39.3458005745343,3.70186367893514,0.000654826523409869,0.268044466994211,0.209538305514818,50.104225700265,1.27921463493584,0.206714122153146,0.153632926595653,0.0517262380236012,6954.91572674442,2.97011598882477,0.00298704391997905,-0.0444278105809345,0.169062149907089,45.168230201167,-0.262789811944013,0.793907572669333,0.318984046069857,0.230128424907988,0.288434319276051,0.251889641156719,0.268763002728192,0.360922791062782,0.088855621161869,0.338124299814178,0.792712588524045,481
0,0,0.00113108018562588,0.0359421130605695,0.00345384336997591,0.804151808707031,0.201225690562675,39.680016871122,3.9962681030361,0.000271420622462037,0.28138451664349,0.208015475129362,49.0804582071268,1.35270953504061,0.182347637601535,0.144811440879754,0.0517088726627539,6926.13123427634,2.80051436866969,0.00511626358114413,-0.0667262558325836,0.169695558660006,44.6115528485495,-0.393211562868733,0.696036108191293,0.357890816210372,0.224438304545204,0.28094875279127,0.256666988477744,0.202711222339772,0.381882026392289,0.133452511665167,0.339391117320012,0.694163230216583,482
0,0,0.00116697984989757,0.04362796772699,0.00311085099677328,0.896451636493576,0.207843739123215,39.7809919874763,4.31310387445511,0.000103185802900404,0.29955834806342,0.200022128783705,49.1664269283495,1.49762603710387,0.14062347717092,0.147273052534198,0.0516672209419386,6954.17965417571,2.85041559908355,0.00437906033054406,-0.063592973975755,0.167196989778518,46.3584622819312,-0.380347601114081,0.705424605487611,0.372472121759114,0.245286173807604,0.268849525399717,0.25239514193865,0.165921109647218,0.331133151208612,0.12718594795151,0.334393979557037,0.703687405193388,483
0,0,0.000812037872767484,0.0458633038305468,0.00753439023001244,0.986662237535998,0.213217444274106,41.4569949814873,4.62749303132803,3.61422704612606e-05,0.301928455066395,0.195821816236802,49.4573911163454,1.54185300120637,0.129484044753936,0.128384747112408,0.0516251607396913,7609.82964189843,2.48686387166445,0.0129087389537085,-0.106028005312725,0.172023635019324,50.0417280349488,-0.616357195921444,0.540452665115836,0.42349694764429,0.211440937018841,0.262973498932693,0.25675619879097,0.107306889594905,0.410218830398791,0.212056010625449,0.344047270038649,0.537658797347133,484
0,0,0.000527968279591642,0.0334729359088734,0.0151637430975559,1.03026466576646,0.217638807889092,42.516724368259,4.73382792232293,2.45845315235532e-05,0.259734182967931,0.197846469556237,49.7647495897378,1.31280676147775,0.195270122150107,0.110097001006174,0.0516778068710156,8592.22505737913,2.13045033588536,0.0331627731798621,-0.161589284048649,0.180254828193166,52.1925975588647,-0.896449130757738,0.374129221017463,0.445007551269033,0.121828983171734,0.269819019267269,0.263720730829981,0.0990899517549631,0.644108498020955,0.323178568097298,0.360509656386332,0.370012937275008,485
0,0,0.000746363113365834,0.0253482904183479,0.0485061774115338,1.02214485882748,0.21877634667744,43.0716454401757,4.67209949499024,2.93118201481149e-05,0.225181038859745,0.198113261020274,49.674936207415,1.13662779412177,0.261147479092053,0.130006710866218,0.0516230045432254,8491.2290594403,2.51838714186734,0.0118075958042272,-0.286824754052219,0.179003965124369,50.3636131702732,-1.60233743343583,0.115335218395683,0.554045595740823,-0.0196039123636148,0.274537227042759,0.25894810645254,0.0435800823734954,0.939653042276942,0.573649508104438,0.358007930248738,0.109081012169338,486
0,0,0.000804775314082621,0.0109924120455898,0.0720715816434963,1.0316653588199,0.212963612354075,41.7678035603663,4.84432691301578,1.78130431280941e-05,0.14847407176495,0.203049594740708,48.1064830536665,0.731220724446902,0.46819124548089,0.128486943862862,0.0514752037615058,7735.66320708019,2.49609393404571,0.0125775889329484,-0.341106101064233,0.177857933902426,47.3568613514907,-1.91785709852767,0.0611706290711699,0.539575973504918,-0.142636228623548,0.265511004964478,0.270995649388185,0.042131694336311,0.598651025335162,0.682212202128465,0.355715867804851,0.0551291333732106,487
0,0,0.000533870682646216,0.00128567747870307,0.0631099179725365,1.00047459737733,0.214559289434887,42.5781257401077,4.66292836824921,3.08054985088477e-05,0.0505453623556893,0.208036534018004,45.8556285855233,0.242963874563085,0.809116936314912,0.102065527244236,0.0513929530615465,7383.85277937939,1.98598292497429,0.0470721373594375,-0.313278128656783,0.180368159506873,44.7848815783945,-1.73688155111904,0.0892825437353616,0.409740555607697,-0.216815701705869,0.25525179683325,0.287273698894729,0.108440858760312,0.4504076118293,0.626556257313566,0.360736319013746,0.0824080804724028,488
0,0,0.00105255926290144,0.00632780348132909,0.0654709514643232,0.96066140724327,0.21800180433188,44.5451941390824,4.40666723006011,6.52900397362511e-05,0.109815064287666,0.204118668184489,45.4515337933912,0.537996182634365,0.593204511542974,0.146575970269358,0.0516287372385521,7649.59831118884,2.83903845240489,0.0045368990026008,-0.322420019266298,0.184054442577898,43.8021615831609,-1.75176439509108,0.0868136673095754,0.479492071824803,-0.165347966707792,0.258073853444984,0.284471707267391,0.0631740481865078,0.561074847405228,0.644840038532595,0.368108885155796,0.0798143288770771,489
0,0,0.00144605000573204,0.0108534265625274,0.0641894503500816,0.902318412490848,0.212553580988429,45.945527689582,4.24513390127249,0.000105052479907473,0.144967373882647,0.2055678523647,45.3235506024632,0.705204496788043,0.484291620535245,0.176514186654567,0.0519893937640462,7960.0894432447,3.39519609433563,0.000689145875103904,-0.332531549359222,0.191644325368676,43.8932828020617,-1.73514946878554,0.0897316277485561,0.526237954904707,-0.138825143813736,0.271427624435253,0.285593850191718,0.0525283545224254,0.626901298280824,0.665063098718443,0.383288650737353,0.0827143340973464,490
0,0,0.00130503282036713,0.00542089270600757,0.0297513838959027,0.88823205431179,0.206871083483987,47.3124435340143,4.29365012911794,8.65655593958652e-05,0.107947934615776,0.217487988408823,45.1987726865012,0.496339753774636,0.622060015415971,0.167255545583525,0.0520984969029712,7887.18618188921,3.21037180583201,0.00133094658776381,-0.217803601643051,0.188427432515791,43.5730251824087,-1.15590176406399,0.254020166797743,0.357674933173246,-0.0779322701128566,0.282597232582304,0.289253018947171,0.205631134292241,0.787601917165335,0.435607203286102,0.376854865031583,0.247721341011271,491
0,0,0.001604281958529,0.0175479613977169,0.0160802981995169,0.846262086407203,0.212589217768304,48.3201318288121,3.98073851200451,0.000230149236792577,0.200555624877308,0.224002345385697,44.8796282061681,0.895328236550303,0.375388685625277,0.192273977307554,0.0523711499091803,8388.39380311576,3.67137207491123,0.000242750610811024,-0.163625768948322,0.194054259971477,43.5033396112673,-0.843195964738793,0.40373128756974,0.388163964950073,0.060912427053428,0.299134594290637,0.29188486074985,0.194416874143668,0.834692987415974,0.327251537896645,0.388108519942955,0.399118854873417,492
0,0,0.00224968959232566,0.052191610211637,0.0178036990679785,0.737302770862935,0.213879786574117,48.5934880055137,3.44727654105561,0.00117814498112819,0.35017327992595,0.224098644671714,44.3411957868717,1.56258544284784,0.125259825714673,0.225988088098613,0.0522939948016132,8282.60079185237,4.32149215136346,1.56788350782216e-05,-0.167325833721945,0.189023146283797,43.2298838932266,-0.885213462010221,0.380938971475948,0.542024001958492,0.207372334514603,0.302854025413981,0.283400416595559,0.0734988847713437,0.464333925282132,0.334651667443889,0.378046292567595,0.376041513030498,493
0,0,0.0031446517266674,0.0732771304370249,0.0248265382440824,0.639942232024842,0.209008587201691,48.4244573541685,3.06179875474354,0.00358511045087569,0.425372420962755,0.228699748732905,43.751073122753,1.85996015876494,0.0696224747931142,0.272253034051451,0.05249600064762,8526.14293914682,5.18616714974066,2.19599062938597e-07,-0.198485513318474,0.189081359698473,43.2838520029647,-1.0497360164693,0.299665505549538,0.652949885817513,0.255978859180565,0.314227581533435,0.280648217273814,0.0377137644522603,0.361716790674717,0.396971026636948,0.378162719396946,0.293839499771081,494
0,0,0.0029636971867166,0.0714010647663135,0.0299593553092802,0.529650293200939,0.204005948319607,48.1594425593854,2.59624926412027,0.0124599289010195,0.414919157357618,0.229425480409321,42.5370304421558,1.80851384343777,0.0775991193702778,0.266037031610842,0.0526736864387332,8581.71134138441,5.05066285649629,4.49344979766728e-07,-0.215525749791786,0.189138315778057,42.0432966740871,-1.13951395255467,0.260939586394564,0.662034440123044,0.230982940539472,0.326339845038973,0.271302529655923,0.0424923548974725,0.394555447072233,0.431051499583573,0.378276631556114,0.254488852166998,495
0,0,0.00217971480009653,0.0642032031649112,0.0276464265706752,0.420783870285511,0.202726683379505,48.2119979667698,2.07562153768284,0.0432859590638305,0.390129781945199,0.231375052032892,41.439070883555,1.6861359015048,0.0992859085742183,0.237245308862311,0.0528278595028005,9232.55481491675,4.49091277017828,7.17797725355946e-06,-0.214984085442023,0.196994259811611,41.8881027668155,-1.09132157275859,0.281369080393198,0.636624008808558,0.206655837924512,0.339536875618834,0.271677857398701,0.0607958163027537,0.446857183878766,0.429968170884046,0.393988519623223,0.275131408506647,496
0,0,0.00173473621905501,0.0547998484585104,0.0254808891433052,0.340919202583682,0.21127112243506,48.5697481611644,1.61365736431146,0.113080925826716,0.362143429129856,0.24061497222983,39.071523766413,1.50507437577054,0.140346956855088,0.219270624213696,0.0528725943516273,9897.19614820738,4.14715084256023,3.39448846176917e-05,-0.208476500455406,0.197869987029156,42.4551273305562,-1.05360344732163,0.29802412856952,0.601176256575088,0.184223255664276,0.360942790763427,0.266168250889765,0.0957986639255436,0.488855164464574,0.416953000910811,0.395739974058312,0.292064510239749,497
0,0,0.000931438013214242,0.0234670090444725,0.0135258336545996,0.291643176535448,0.209793107026257,48.4530698396518,1.39014661000729,0.17083788288376,0.229525593521501,0.236149845059139,39.3111806617628,0.971948948194402,0.337018748531252,0.163053854679319,0.0528487413749176,10210.1983224331,3.08529305405003,0.0020389544123859,-0.153403461956698,0.203344193685103,41.5076784688892,-0.754402961681104,0.45486622800724,0.405413346679752,0.0986064227663562,0.368110120600635,0.258827332936883,0.270749953477877,0.70322271781303,0.306806923913396,0.406688387370206,0.450607293739796,498
0,0,0.000685780423659868,0.0142632793631166,0.00363727626711388,0.217994080099096,0.200984787912439,48.1670958831974,1.08462974916324,0.283484794539793,0.168070436334099,0.224837540692299,38.617712883507,0.747519457011459,0.459277896974842,0.138471697756963,0.0528916911370926,9987.6683141556,2.618023640009,0.0088574117219543,-0.0793065541560404,0.20672998630054,40.313675089903,-0.383623854358246,0.70327305117555,0.259000924103447,0.100387815791366,0.369850271529319,0.243534782450978,0.483748785913416,0.680184475585171,0.158613108312081,0.413459972601079,0.701257257139225,499
0,0,0.00129593835162378,0.0294590253727639,0.00186637330160218,0.151072310692884,0.192926534649417,47.877948507522,0.783056156414202,0.437450467000298,0.23327738859171,0.212817867915253,39.5844499811947,1.09613629192359,0.279643284001085,0.186260447079669,0.0528957945178666,9555.45708104322,3.52127137473577,0.000431485344882189,-0.0562779073608352,0.205724132817787,40.0217038145545,-0.273560066045734,0.785829587805469,0.297803928944102,0.185248114222432,0.364533203257341,0.228760779003287,0.413959309226129,0.418061074448891,0.11255581472167,0.411448265635574,0.784422726319608,500
0,0,0.00136889417951849,0.026421635374787,0.00158097509404894,0.0997686616277153,0.189449855462463,47.0581017483073,0.526623054866798,0.600929023956056,0.217264171490993,0.210099832442511,39.4036120685514,1.03409968949139,0.307394777239457,0.193021111903731,0.0528231685362648,9740.82951073169,3.65409946529838,0.000259442328852196,-0.052644658912088,0.208034185524341,40.4414797688586,-0.253057730773428,0.801505562426073,0.277624939453606,0.17233562162943,0.365157272130465,0.227197808541788,0.447082048415602,0.448135688672681,0.105289317824176,0.416068371048682,0.800223601896297,501
0,0,0.00105048485302642,0.0184026911585507,0.00126150987777353,0.0525368949189168,0.190011233477708,46.2058575465263,0.276493625968068,0.783402015164079,0.175137431295737,0.207631942875324,37.9508613415382,0.843499458081464,0.404234568316516,0.162639709798693,0.052629833473839,9081.19362154427,3.09025697144828,0.00200588238377549,-0.0451721003737066,0.199249806537431,40.6917046952982,-0.226710886995118,0.821783640045147,0.226930390456027,0.136586189708614,0.345546047777392,0.232568763141475,0.511354662846468,0.557006412937225,0.0903442007474132,0.398499613074861,0.820648560931531,502
0,0,0.000725611236114187,0.0161841076790728,0.00306518811607979,-0.0087301385939245,0.187605990890487,45.3071602980132,-0.0465344339617631,0.96308880316424,0.151486786400629,0.193491990455037,37.2604928750567,0.782909856084357,0.438627952822874,0.129528700990591,0.0523842912499468,8419.97172325526,2.47266304267736,0.0134306552129688,-0.0691834756073767,0.195730686490086,40.6346517279884,-0.353462591114353,0.725568969356987,0.230810459576239,0.0924435083614851,0.322633243526932,0.230689675110756,0.47436452190791,0.688621363140887,0.138366951214753,0.391461372980171,0.723741669054183,503
0,0,0.000389000690844792,0.00999970670892174,0.000727024188014897,-0.0500232573240639,0.187897021995751,45.1479426122349,-0.266226983231246,0.791276511724098,0.115489958781906,0.187516746417057,37.5540167461332,0.615891438970705,0.541681360539711,0.093212243721812,0.0520659695829151,8236.04398121861,1.79027192748944,0.0734469254373953,-0.034377652108586,0.193644273925107,43.3189965957741,-0.177529918193613,0.85991970381973,0.154906331209942,0.0861510269927696,0.303673651195564,0.23811446831212,0.609975864628474,0.717497687098241,0.0687553042171719,0.387288547850215,0.859092167131021,504
0,0,0.000459691013046853,0.0135310998979541,0.0054052840877189,-0.0662603185129809,0.194173915668264,45.5659621281295,-0.34124211939045,0.734489931346792,0.134378334815952,0.187455461731989,37.4638676598442,0.716854732182074,0.477909338908899,0.103415475832142,0.0519929013705299,8602.35304578263,1.98903067738318,0.0467294392018038,-0.0955798613235417,0.193823193071619,44.745454893771,-0.493129123552435,0.624332909479194,0.243967302632861,0.0528075799857775,0.305344435596857,0.236684085129052,0.424295921762934,0.823446627951549,0.191159722647083,0.387646386143237,0.621921353851969,505
0,0,0.000377488366164905,0.00612702836009552,0.0143158075812022,-0.102528843532067,0.193149325792912,45.3302704878638,-0.530826825882866,0.598130079669613,0.0916850704054608,0.191794858243386,37.0684404683861,0.478037165569441,0.63543096791653,0.0964084759092965,0.0521166724710042,9061.69691763625,1.84985862178624,0.0643664648172097,-0.157856499103997,0.194045321365965,45.5659596630253,-0.813503247554643,0.420160318339966,0.272678540791853,-0.0430344574161418,0.315371048005195,0.23324794589032,0.387243169289094,0.853620516215032,0.315712998207994,0.388090642731931,0.415929585093174,506
0,0,0.000320150423809477,0.00577521113256513,0.00963874177810554,-0.127465747772145,0.192585114810416,45.3000430999308,-0.661867080940417,0.511409430280706,0.0884452630560181,0.186991967202319,38.5141197186827,0.472989638963066,0.638890313841649,0.0883311555454083,0.0521376243317077,8962.56263760909,1.69419218227957,0.0902635136541756,-0.130820450788243,0.194146476549426,46.6514936793311,-0.673823461096594,0.503748649065481,0.238440021080375,-0.0232008804961101,0.309691863212903,0.232250904475097,0.441343399950029,0.920427082944566,0.261640901576485,0.388292953098852,0.500423557268853,507
0,0,0.000297451869058051,0.00822167902406283,0.00268582807232645,-0.113976158962588,0.193955239167319,45.4203931528391,-0.587641558185826,0.559683257141922,0.106025950005962,0.188752819206971,38.061994672968,0.5617184975113,0.577600737738753,0.0850315266507627,0.0521266948240242,8943.21501803479,1.63124723211059,0.102873373471094,-0.0685359325803764,0.191370850351558,47.625424721821,-0.358131515089537,0.721827417286999,0.184607170001965,0.0475353048412122,0.300864964627872,0.239331595487234,0.539487531567565,0.842562415463573,0.137071865160753,0.382741700703115,0.720244895451594,508
0,0,0.000147050956843389,0.000217644190389223,0.00549535783280928,-0.104397526785816,0.19222213893176,45.245399050379,-0.543108756181708,0.589720709421702,0.0174695932423282,0.194495098226539,37.0601057590593,0.0898202237569016,0.928913760253796,0.0590660446130068,0.0521438096721248,8724.45967102044,1.1327527655614,0.257349221327414,-0.094858343546444,0.187192437594384,46.4713524118207,-0.50674239176257,0.614731660166326,0.126231290676557,-0.0634853964163314,0.299436551661574,0.243015935631923,0.673344213643343,0.793907708073963,0.189716687092888,0.374384875188769,0.61233558204596,509
0,0,9.19787599767271e-05,0.00103542115151819,0.00981856870909772,-0.12695306548524,0.188238057655815,44.1882366720192,-0.67442825890909,0.503552412676945,-0.0371866497969078,0.196389373772999,34.5916433009622,-0.189351638953189,0.850923907723074,0.0445008363380106,0.0521090176805875,7928.35477705433,0.853994919090344,0.39313360612944,-0.117876136605444,0.176061660827376,45.2052413561144,-0.669516214100801,0.506571669196647,0.0979665504897914,-0.137785722721096,0.289229267962695,0.240664571451124,0.734823764954189,0.566968495674576,0.235752273210888,0.352123321654751,0.503166241232308,510
0,0,0.000177097392116267,0.00105589316618676,0.00471824987759619,-0.141740225817846,0.18755563176511,42.6826858235145,-0.755723645746652,0.453965518083104,-0.0370735075838038,0.195539894815873,34.007743012047,-0.189595619956293,0.850753125257909,0.0601422405696645,0.0522032641496376,7493.32903824108,1.15207816119065,0.249325710382808,-0.0792719755047411,0.172097971702356,44.756174873301,-0.460621207330916,0.647300789492983,0.0538173333535449,-0.104726617655937,0.278494433657518,0.243966196186793,0.84676800758519,0.667728987429398,0.158543951009482,0.344195943404712,0.645070393671541,511
0,0,0.000360525655488839,0.00136905216171141,0.00568682815130626,-0.175573831701326,0.183440321654556,42.4757445957675,-0.957116898388115,0.343924467902574,-0.0425527152200281,0.187109733475162,37.726526303319,-0.227421173819783,0.821324236178262,0.086592761969364,0.0522927174038537,7603.0524303017,1.65592392723853,0.0977784926126319,-0.0893996081379889,0.173577409565147,46.3807655626362,-0.515041723240116,0.608969932971932,0.0599501618862107,-0.118849054389767,0.269050503510444,0.242104245603481,0.823674650684497,0.623496942688167,0.178799216275978,0.347154819130295,0.606523864500792,512
0,0,0.000848206635956757,0.000129630298752039,0.00720798297939366,-0.202155685260102,0.182635116670253,42.3661549209301,-1.10688288728774,0.274589937876777,0.0131396489548795,0.182446491117058,40.0067867523369,0.0720191924461242,0.942945481081302,0.134613464203415,0.052237447535289,7822.45208963965,2.57695332668152,0.00998569310004128,-0.1024452807477,0.171246131891636,49.2931868919119,-0.598234130114697,0.552422712316995,0.130600298294498,-0.0742902632009016,0.259469128462475,0.240843428577019,0.61472766693267,0.757733282796885,0.204890561495399,0.342492263783272,0.549683721146709,513
0,0,0.000830286142135677,6.38386098303448e-05,0.00701990549795035,-0.199828740524023,0.183081933949984,40.6379222882297,-1.0914716499478,0.281494501239822,-0.00935188249099307,0.187185843178603,39.0967750448168,-0.049960415446963,0.960408304412699,0.131942835118384,0.0522939147883374,7660.91750652783,2.52310112280617,0.011652564421981,-0.0983921845753136,0.166535764303245,49.3759488214154,-0.590817143614576,0.557337848959399,0.10346160980274,-0.0933227593478875,0.258538957901269,0.242289520516605,0.68902539816931,0.700111148214904,0.196784369150627,0.33307152860649,0.554642946955268,514
0,0,0.000984762924773203,7.3505434307766e-05,0.00968269273332109,-0.203355092029196,0.183759754967112,38.6300438713917,-1.10663562903418,0.275295374956732,0.00943326110114964,0.176778613630157,38.7358322399177,0.0533620040763823,0.957717739717351,0.140108802545766,0.0521882442438057,7311.82675673097,2.68468128360911,0.00727627132876019,-0.113009168994605,0.162687986142955,49.3508474839932,-0.69463745709719,0.490540053408184,0.139006144054424,-0.087012193934787,0.252099700062056,0.228871512115668,0.581363933548089,0.703812380112726,0.226018337989211,0.32537597228591,0.487282532062142,515
0,0,0.000907161388395532,0.0036183323879294,0.0118218861072496,-0.222840776295282,0.187123691321524,39.9795343356945,-1.19087420049013,0.240725667982093,0.0629923835402802,0.168854842421045,38.3236012298485,0.37305642312115,0.711161999767536,0.134554603177123,0.0519168893479909,7397.77437748812,2.59173083878782,0.0095682126507132,-0.125614424270098,0.160468090410891,51.2212432238007,-0.782800019296372,0.437348866120282,0.207018069579696,-0.0442107789604996,0.240948315291464,0.224661841294406,0.39024099590532,0.84399335664442,0.251228848540195,0.320936180821782,0.433744556246064,516
0,0,0.000833307358260304,0.00424190211891611,0.00863225960103854,-0.233863233768324,0.189047960336799,40.9092627853248,-1.23705769346405,0.223119966158386,0.0717689194694371,0.179899747980008,37.3598315483377,0.398938410282892,0.692209816577894,0.131283743408669,0.0519886216183693,7646.06575788076,2.52523993369891,0.0115819791419554,-0.109185132575854,0.161879419621044,52.2461176779221,-0.674484334274576,0.50297716818392,0.196957278337595,-0.0214129868141144,0.246783638012314,0.236326336701988,0.424814208854823,0.927804310038535,0.218370265151709,0.323758839242088,0.500003442112235,517
0,0,0.00103623907932785,0.00659812526258358,0.000924436866532996,-0.201053571520578,0.187884585776808,39.5011278150832,-1.07009082564875,0.291073794935981,0.0921592552255047,0.17883444850413,39.9834230756071,0.515332789607235,0.609158178405471,0.147247939023184,0.0519322903264171,7750.20631944647,2.83538311323584,0.00458892992009084,-0.0358940721494534,0.16373299928992,51.93906267231,-0.219223200607815,0.82733542336133,0.133314308843849,0.0615261645449421,0.252708637309431,0.232402341534622,0.597817563360319,0.791209864942817,0.0717881442989068,0.32746599857984,0.826476183546071,518
0,0,0.00122387238114089,0.0146892291074319,0.000196863755391495,-0.17776764095119,0.182036349168634,38.042603176038,-0.976550242646926,0.334961193370578,0.140023502348824,0.174028591967507,43.424505888633,0.804600558826379,0.425433563412015,0.156810698153495,0.0518418321789437,7466.59701392499,3.02479082167135,0.00249651451456489,0.0160610124358919,0.16358807394102,48.9543499116901,0.0981796047166772,0.922190578607051,0.121608432996653,0.153730457868437,0.251231751247932,0.22699295692432,0.628351221468688,0.49824880819363,-0.0321220248717837,0.327176147882039,0.921789677289554,519
0,0,0.0018066365248383,0.0241575303532531,2.4121459992847e-05,-0.197566332047549,0.181912898766253,38.5254621670088,-1.08604905637511,0.284206284956085,0.178756768445343,0.173127831747038,43.0643990477618,1.03251318197371,0.307595707758588,0.186632462499323,0.0518628141630138,7154.94183270944,3.59857955090337,0.000322122302927434,0.00575439851330692,0.171029918126585,46.9290354302221,0.0336455666724222,0.973302485203096,0.17215894977572,0.183667746802333,0.24884655616755,0.236893546664202,0.489045515806308,0.438151985175211,-0.0115087970266138,0.342059836253169,0.973159785869919,520
0,0,0.00250827534159637,0.0283259587861969,7.05597141500722e-05,-0.191484347613797,0.186261243307154,39.6967961802926,-1.02804182026226,0.310153770747449,0.195616125719448,0.173501105126727,43.6054524609145,1.12746328374432,0.265712544850086,0.217788457804065,0.0517815828732426,7034.82289019524,4.20590576261825,2.63265593634556e-05,0.010102729146405,0.176211810041363,46.5821937509178,0.0573328719796566,0.954525265942824,0.184032643132666,0.204238101425476,0.243817048599022,0.247507314339543,0.4503701387603,0.409269370135141,-0.0202054582928101,0.352423620082726,0.954280035356152,521
0,0,0.00328634814897859,0.0284580875773816,0.00446339520719399,-0.196279300772277,0.1947475697593,40.7128304700632,-1.00786521246386,0.319471970250992,0.203354702418949,0.17669182883859,45.2200810747507,1.15090043357192,0.255822688643697,0.261171264025606,0.0520113967666418,7647.34327134079,5.021423769821,5.24496163046042e-07,-0.0827150077595744,0.182319892949256,45.9084262949534,-0.453680651198035,0.65219613184473,0.29819321963185,0.132763204112701,0.258178519146654,0.248154518011889,0.248095137291004,0.592648360980797,0.165430015519149,0.364639785898512,0.650058695212894,522
0,0,0.00385252985531139,0.0255154199331778,0.0184311644003301,-0.199073647074012,0.197895804748986,40.3135741366985,-1.00595183069454,0.320438833378157,0.194806090355404,0.18340001499203,43.0902067772586,1.06219233604681,0.294065387324715,0.294631493221309,0.0521177401117414,8263.5147221411,5.65319011510502,1.627364081173e-08,-0.175964757755489,0.186827607719779,47.2429789536976,-0.941856291493152,0.351057737280526,0.396561940463828,0.0446324249528503,0.268577776302372,0.254080858973504,0.139802869858401,0.860559264568294,0.351929515510978,0.373655215439559,0.346266220504461,523
0,0,0.00329145137006185,0.0201777658063789,0.0173366917118255,-0.196415672368772,0.201812956057742,41.5469045171539,-0.973256009949002,0.336058735522818,0.173615937192151,0.186159758003402,42.2359026111865,0.932617978526696,0.35631823998281,0.280208666314373,0.0521963817804076,8726.96166526859,5.36835421836753,8.14997352614187e-08,-0.181795710094985,0.196922984416903,48.3073214513347,-0.923181773998042,0.360500805921764,0.382057380263636,0.0184659600736662,0.271343934304986,0.268024258548215,0.159125481918328,0.945071925068996,0.36359142018997,0.393845968833806,0.355912485302499,524
0,0,0.00220493251473579,0.0111196349938576,0.00880222683898059,-0.168735599996875,0.199719025741052,41.1469440579128,-0.8448649264675,0.403072162004391,0.13235832713607,0.196042789704105,40.5372247954362,0.675150192138376,0.503413409213729,0.233700838076157,0.0521666485980571,9081.98367890113,4.47988982149912,7.55948885142e-06,-0.130540216353916,0.197350083751162,49.2699121014044,-0.661465218927975,0.511395704559042,0.282031776864105,0.0209513441562723,0.276292621244715,0.276940659573699,0.30736246408864,0.939695305980498,0.261080432707833,0.394700167502323,0.508314012737332,525
0,0,0.00163141235796092,0.0136856720372696,0.00245795904896185,-0.167210694963325,0.196020333860713,40.2835810676133,-0.853027294005835,0.398687870918546,0.141601179013013,0.204866634560564,34.4302745862135,0.691187119448444,0.494082236940179,0.196923980023368,0.0520629203767451,8755.22514806244,3.78242285677327,0.000156343379931472,-0.0672879321997648,0.189217319748906,51.3226599311652,-0.35561190851375,0.723588721269051,0.2187514796537,0.08417561525417,0.275030172724574,0.279318372629522,0.426396759544801,0.763139363535296,0.13457586439953,0.378434639497811,0.722131224194178,526
0,0,0.00200571604171466,0.0194162646447136,0.00540393441564222,-0.19311297851267,0.193171747143823,37.7497306566437,-0.999695770049076,0.323823061394199,0.162698555286651,0.197184036351485,34.3829306286621,0.825110177766304,0.414997191081319,0.209732779478068,0.0522174543642311,8027.12154213688,4.01652631350285,5.96008800843595e-05,-0.101103357456455,0.192919589899987,50.5493020027595,-0.524069937681647,0.602520360533628,0.278620596112504,0.0764138811995933,0.268665666517897,0.278606079851695,0.299711052313271,0.783875505445707,0.202206714912911,0.385839179799975,0.600229896912211,527
0,0,0.00254228800171206,0.0145396906129759,0.00919988770156305,-0.217339953803409,0.189340485721848,36.2257747249949,-1.1478789281374,0.258542670459196,0.143448734117357,0.201313786117079,34.4136215690977,0.712562894395771,0.48092002210209,0.225281446848062,0.052150304063643,7321.61533687291,4.31984915319254,1.58197827873572e-05,-0.126140605459935,0.185305567429625,49.9041207206913,-0.680716759942144,0.499197091109611,0.288077723537636,0.0357965126177665,0.26031689177108,0.280826976624707,0.268448545199632,0.898569830994858,0.252281210919869,0.370611134859249,0.496050729300208,528
0,0,0.00317484578643704,0.0195863199000556,0.0118958970132732,-0.247769770404162,0.186625521786005,37.0046460320614,-1.32763069077052,0.192432477992763,0.167438774891094,0.199431719423608,35.2841879889153,0.839579457946917,0.406797066907143,0.241591143710764,0.0520220897921437,6771.46728425229,4.64401073997702,3.48159588394733e-06,-0.136270776091151,0.175949651616632,49.8234897328957,-0.774487331114839,0.44230262759019,0.323682710471696,0.0511411582893947,0.252599038190446,0.273360048150884,0.20005000354307,0.851595154174341,0.272541552182301,0.351899303233263,0.438642657208989,529
0,0,0.00291370039172288,0.0187138720252906,0.00277598717142223,-0.268115500167722,0.185846230059818,36.7690970708623,-1.44267387119676,0.15757760230583,0.158857512202679,0.191670633324544,36.0193907305432,0.828804650181831,0.412673597822643,0.222095980065998,0.0516751551711963,6321.28939943204,4.29792575039609,1.74991992798945e-05,-0.0631611686820473,0.170116303435164,49.5203508670228,-0.371282278104048,0.712011096928748,0.231276191055379,0.104953853691285,0.243574855843421,0.263283353291182,0.342362478725378,0.690162464741204,0.126322337364095,0.340232606870329,0.710427296165977,530
0,0,0.00317608648393854,0.0173932307796147,0.00541927154101906,-0.279975849862947,0.188276129821194,35.9290310171202,-1.48704910244777,0.145725841728295,0.151578007006098,0.197700892709066,33.2089096536116,0.766703705426144,0.448674099707395,0.227409718166451,0.0513793372203529,6148.47162279714,4.42609287058624,9.76134418919002e-06,-0.0851253331725163,0.165714270007248,48.4280476011456,-0.513687404040661,0.609806470544607,0.249180130175833,0.0789294638308005,0.237681490960807,0.270188113277861,0.294464322630587,0.770188898619678,0.170250666345033,0.331428540014495,0.607470559821337,531
0,0,0.00346764318442025,0.0200232381036636,0.00966041671793593,-0.271198235735128,0.192051228467026,36.006770638924,-1.41211403800883,0.166501044516372,0.163060637573527,0.193220949405947,34.8554997913185,0.843907651188201,0.404475861105795,0.237045857614914,0.0516518581335953,6052.70968207428,4.58929971118958,4.53713764102267e-06,-0.118573851814191,0.179439879872665,44.7639284893114,-0.660799884052166,0.512127274968633,0.299013816940526,0.0618661133121437,0.241278320782967,0.277039040417789,0.215238110302567,0.823292769552828,0.237147703628383,0.358879759745329,0.508740657188026,532
0,0,0.00324994423842379,0.0175964212272268,0.00777723181031835,-0.286454888833012,0.19595900035869,36.7929687312297,-1.46181031903957,0.15228240496427,0.145346606105088,0.185979049253639,34.0994465590137,0.781521395492587,0.439888669286007,0.237270261889851,0.0518552668987588,6421.12656846648,4.57562512122622,4.83727836759856e-06,-0.112478093395131,0.190146829762896,44.6418165729115,-0.591532835627002,0.557147242487023,0.274310573895971,0.0493543871057099,0.247938952569575,0.276205276849932,0.268569275535707,0.858183207875832,0.224956186790261,0.380293659525792,0.554163460990436,533
0,0,0.00280571038833682,0.00744108333724821,0.00460835192724792,-0.329449219909272,0.195075896191011,36.6995216878224,-1.68882586901811,0.0997333981097415,0.0931393308686637,0.185498295266648,33.6284235117613,0.502103432998015,0.618866737108342,0.225128036559782,0.0519204400342133,6682.1986306481,4.33601942532522,1.4721679286176e-05,-0.0852346656231892,0.187525572509949,44.6231144425766,-0.454522892437336,0.651655939467919,0.190866811307726,0.0203974800613473,0.251062925114163,0.270421459481316,0.44711415492212,0.939873798769672,0.170469331246378,0.375051145019898,0.649452518896437,534
0,0,0.00354427218004824,0.0101951602171149,0.00363935826216314,-0.34730351611218,0.18717260414494,34.2857253000626,-1.85552537295063,0.0721349823276646,0.115975567192973,0.185701724411962,37.8666299086156,0.624526064904447,0.53602722867945,0.247078842354125,0.0516766455768945,6427.07588405187,4.78124769121235,1.78090357173954e-06,-0.0707447533782304,0.174585101087856,44.9537442084354,-0.405216441365347,0.687240450117928,0.197089354070507,0.0555998473140464,0.238379109523599,0.264352328928972,0.40835636031138,0.833414190591253,0.141489506756461,0.349170202175712,0.685318420641226,535
0,0,0.0037943644931136,0.0107366274161744,0.00671873936992052,-0.337002135415899,0.180148337374053,32.0492574637086,-1.87069245449743,0.0705431772686105,0.120478484979773,0.179754731429786,41.3906628465892,0.670238185228708,0.506428487653628,0.262057258295422,0.0517885621590353,6722.55904639871,5.06013774799696,4.30071909486255e-07,-0.0974601215064195,0.175716770252273,45.4791061353167,-0.554643255544123,0.58185627368904,0.232223302050024,0.0373030590371846,0.243476420362502,0.254832321991725,0.34019426276505,0.883619234973492,0.194920243012839,0.351433540504546,0.57913869622139,536
0,0,0.00361508789978407,0.01926643745214,0.00873033656186757,-0.329127203327183,0.179050798998124,32.6401630027148,-1.83817779741174,0.0751520748223837,0.158153551257105,0.177285598180262,40.5098470409021,0.892083468033859,0.377616751092308,0.269271161167553,0.0522264524046006,7326.67478254898,5.15583863674097,2.59107427825157e-07,-0.118572122095655,0.189607159005454,44.4034333702352,-0.625356778286229,0.534937884238179,0.294104747381334,0.0569605031900232,0.257188014775783,0.258753571405079,0.252814513458429,0.825766662093692,0.237144244191311,0.379214318010908,0.531736922791904,537
0,0,0.00202843535180205,0.024112604182223,0.0154493567665772,-0.361270877239489,0.182301550026825,35.5895145538262,-1.98172136872302,0.0552753642249214,0.17466736725934,0.178983519923599,38.5436687898366,0.975885195094488,0.335206785348877,0.209778396036518,0.052484127940087,7860.00000166857,3.99698736113115,6.47402731488385e-05,-0.16878422240237,0.203816371190482,43.7031984630452,-0.828119063333871,0.412102667251259,0.368190233485758,0.0306217886810174,0.26529705643738,0.272757610112817,0.165185350573076,0.910611386587353,0.337568444804741,0.407632742380963,0.407603074419233,538
0,0,0.00158987932418746,0.0246011855682769,0.0217340145445993,-0.375862620772459,0.184994800982838,36.6568872299548,-2.03174693978199,0.0494753776003475,0.179398099812803,0.184947937417566,37.3046422240478,0.969992433101682,0.338297688342067,0.190261939193149,0.0524731188046879,8256.09906299813,3.62589347702639,0.000289698606193798,-0.206533535723592,0.210012626232949,43.5318724563449,-0.983433898371911,0.330828416943916,0.416203182872181,0.00313611142499706,0.259108131595567,0.291505550450633,0.108209882585613,0.991416264236522,0.413067071447184,0.420025252465898,0.325393933453177,539
0,0,0.00239061672565645,0.0388770666940007,0.0165552239525506,-0.383461419271717,0.188845660183282,37.1399592315075,-2.03055457509351,0.0495061045748011,0.233655460361328,0.190403258007293,37.2296170456291,1.22716104129047,0.227465765949709,0.240526402718015,0.0526892099855753,8696.26389119414,4.56500302023628,5.06347185232939e-06,-0.183283941174567,0.214663961682497,43.3057403187714,-0.853817938223172,0.397904262342566,0.443803264015743,0.0772353816666085,0.26363372970078,0.30026320125882,0.0922960370430052,0.797004623899606,0.366567882349135,0.429327923364993,0.393205873698114,540
0,0,0.00296918854456174,0.0438873102378624,0.0189047631415427,-0.383992986798761,0.187593278454782,36.1564529953727,-2.04694427200024,0.0479845100771697,0.244386944137677,0.180826242457726,39.7926813168482,1.3515015343794,0.184168359461843,0.257845054046638,0.0527629048800819,8019.19950600872,4.88686236348552,1.04442681165912e-06,-0.186899921276509,0.209240576814751,41.4062925796385,-0.893229812886527,0.376896445114362,0.458680720819579,0.0848808782665609,0.272150445799676,0.276831823251468,0.0919125858908739,0.759136190780625,0.373799842553019,0.418481153629503,0.371734115751597,541
0,0,0.00312357630679701,0.045229184990025,0.0201891209118911,-0.410323951476819,0.184846986560944,37.0723291162762,-2.21980330386146,0.0326291769199934,0.249012786837858,0.184022546723344,38.6528567581585,1.3531645511472,0.183864754593294,0.254188088374531,0.0526721855015684,7432.5342247881,4.82585041714212,1.42186976267744e-06,-0.181891202809649,0.201723864588244,39.4578737175446,-0.901684107534438,0.372695925635038,0.457563718957445,0.0937813133381477,0.28687193161347,0.259368040149851,0.110709906589694,0.717668744031572,0.363782405619297,0.403447729176488,0.367224697633589,542
0,0,0.00339299902179302,0.0356777674748842,0.0170055360365504,-0.421214883264633,0.182671969207465,37.1160395785339,-2.30585395828436,0.0268061076657669,0.216428301338374,0.186656941146139,36.3382761948343,1.15949773959344,0.253815749895607,0.250816601735032,0.0522943474901862,6756.83418324917,4.79624689421933,1.65131114942936e-06,-0.153835302542442,0.186496498001849,39.3306753420312,-0.824869658093619,0.414420572910227,0.392811189804397,0.0851405847195125,0.276887411874257,0.251146712955591,0.155995958235785,0.734604183898048,0.307670605084885,0.372992996003698,0.409445594088582,543
0,0,0.00326140026122286,0.0190074152925965,0.0204201401062054,-0.439362611524589,0.190934690067216,39.145166593887,-2.30111464485535,0.0267948833238019,0.149226744112117,0.172094854539896,38.8061194990176,0.867119150721163,0.391207073142684,0.238961378169825,0.052223032675438,6398.94573587489,4.57578516466004,4.83390500709789e-06,-0.182342740559205,0.200118047084256,39.8277317653801,-0.911175894508067,0.367684845460949,0.358295395709625,-0.00639008540878464,0.263956872556516,0.261067459729834,0.174653742916663,0.980472321442698,0.36468548111841,0.400236094168513,0.362202702960967,544
0,0,0.00560187275475306,0.0246772638040993,0.0226907539830541,-0.435289322471161,0.190414268717537,40.857351120933,-2.28601210089394,0.0275109225374611,0.16161094630836,0.164095128190104,38.3355339044229,0.984861330685782,0.330867542760436,0.277260071253299,0.0517571319026291,5094.0278481727,5.356944271466,8.83632465965678e-08,-0.185187144680728,0.194286566541068,39.1308430484959,-0.953164945871763,0.346357612707305,0.373940905334184,0.00356661597272825,0.229255846237411,0.268846617533936,0.102867661322495,0.98941528677674,0.370374289361456,0.388573133082136,0.340506504186288,545
0,0,0.00970724759011416,0.015295617711005,0.0120689738365705,-0.391731549473657,0.184299415018774,41.8270970440856,-2.1255170529638,0.0394924737864062,0.127115504044459,0.164784922907085,38.3090120016276,0.771402515484588,0.445200704261696,0.306380845832961,0.0511187339546325,3664.63341292269,5.99351396505383,2.25206866768213e-09,-0.125935575296617,0.185318244999686,37.8021744903211,-0.679563824365112,0.50092103133725,0.271509412102847,0.0196382615096126,0.193083775807375,0.279704245435429,0.159672421599086,0.944025870774125,0.251871150593234,0.370636489999371,0.496780682084924,546
0,0,0.0119846168416117,0.0345136898572655,0.00358855822453587,-0.367983185091512,0.182279190641214,42.3932803185732,-2.01878878108376,0.0498632617228736,0.196186617333992,0.17137094855767,36.6622475075593,1.14480674224646,0.259708112026194,0.35702212959346,0.0518769378006489,3904.64144663784,6.88209722334447,6.84163452465234e-12,-0.0749079075138223,0.198363848867861,39.5957877270926,-0.377628826731033,0.70772306956328,0.282073750377387,0.132257935349742,0.230003827860314,0.281092437539199,0.22005300063862,0.637987813480667,0.149815815027645,0.396727697735722,0.705706347037776,547
0,0,0.0106162384617053,0.0410600740714139,6.29330801442227e-05,-0.331492439459904,0.181720631927009,42.757467218159,-1.82418713794179,0.0751173218491299,0.216057894282046,0.174567876365389,35.7753007464728,1.23767269660664,0.223899120355912,0.372938466858187,0.0522624462162666,4745.57682029784,7.13587851044965,1.107245537864e-12,0.0103698965700994,0.207616750572265,39.6385491396296,0.0499473021397181,0.960415223244865,0.204168085636703,0.224907878776902,0.256036634434162,0.279169943978361,0.425208615627592,0.420455815687634,-0.0207397931401988,0.41523350114453,0.960164382661991,548
0,0,0.00787648371789201,0.0311515612370845,0.00086479265265452,-0.304272287053318,0.183875470092242,43.6293235905656,-1.65477367318587,0.105147784802713,0.205664463782726,0.196590909982083,34.0382854296955,1.04615449311196,0.30286222408286,0.363382125389547,0.0526115241899189,6008.95176943047,6.90689218730479,5.4644877480734e-12,0.0383482980857483,0.209679885562184,38.6447870882194,0.182889732045259,0.855840674380016,0.161695469200002,0.238392065371498,0.284744649250075,0.286544969103924,0.570129145864769,0.405435240367774,-0.0766965961714966,0.419359771124368,0.85488453965473,549
0,0,0.00665043501300271,0.0339001187696368,0.00184649248298611,-0.309968385277308,0.186673274151658,45.2525159877738,-1.66048614450016,0.10373130253155,0.227857005195203,0.206696553971917,34.6321223110736,1.10237447512628,0.277900993501913,0.364623756820034,0.052550236773323,7191.05516670697,6.93857495624329,4.3057953643821e-12,0.056708531012797,0.212693456493827,38.4271636501924,0.266620948042389,0.791186594224724,0.162836724834377,0.276253786859971,0.308782297379463,0.284200975571179,0.597949703293019,0.331032276311887,-0.113417062025594,0.425386912987655,0.789761025111924,550
