filename,BIC_01,BIC_02,BIC_03,BIC_04,BIC_05,BIC_06,BIC_07,BIC_08,BIC_09,BIC_10,BIC_11,BIC_12,BIC_13,BIC_14,BIC_15,BIC_16,BIC_17,BIC_18,BIC_19,BIC_20,BIC_21,BIC_22,BIC_23,BIC_24,BIC_25,alpha_pospresented_01,alpha_pospresented_02,alpha_pospresented_03,alpha_pospresented_04,alpha_pospresented_05,alpha_pospresented_06,alpha_pospresented_07,alpha_pospresented_08,alpha_pospresented_09,alpha_pospresented_10,alpha_pospresented_11,alpha_pospresented_12,alpha_pospresented_13,alpha_pospresented_14,alpha_pospresented_15,alpha_pospresented_16,alpha_pospresented_17,alpha_pospresented_18,alpha_pospresented_19,alpha_pospresented_20,alpha_pospresented_21,alpha_pospresented_22,alpha_pospresented_23,alpha_pospresented_24,alpha_pospresented_25,alpha_posomitted_01,alpha_posomitted_02,alpha_posomitted_03,alpha_posomitted_04,alpha_posomitted_05,alpha_posomitted_06,alpha_posomitted_07,alpha_posomitted_08,alpha_posomitted_09,alpha_posomitted_10,alpha_posomitted_11,alpha_posomitted_12,alpha_posomitted_13,alpha_posomitted_14,alpha_posomitted_15,alpha_posomitted_16,alpha_posomitted_17,alpha_posomitted_18,alpha_posomitted_19,alpha_posomitted_20,alpha_posomitted_21,alpha_posomitted_22,alpha_posomitted_23,alpha_posomitted_24,alpha_posomitted_25,alpha_negpresented_01,alpha_negpresented_02,alpha_negpresented_03,alpha_negpresented_04,alpha_negpresented_05,alpha_negpresented_06,alpha_negpresented_07,alpha_negpresented_08,alpha_negpresented_09,alpha_negpresented_10,alpha_negpresented_11,alpha_negpresented_12,alpha_negpresented_13,alpha_negpresented_14,alpha_negpresented_15,alpha_negpresented_16,alpha_negpresented_17,alpha_negpresented_18,alpha_negpresented_19,alpha_negpresented_20,alpha_negpresented_21,alpha_negpresented_22,alpha_negpresented_23,alpha_negpresented_24,alpha_negpresented_25,alpha_negomitted_01,alpha_negomitted_02,alpha_negomitted_03,alpha_negomitted_04,alpha_negomitted_05,alpha_negomitted_06,alpha_negomitted_07,alpha_negomitted_08,alpha_negomitted_09,alpha_negomitted_10,alpha_negomitted_11,alpha_negomitted_12,alpha_negomitted_13,alpha_negomitted_14,alpha_negomitted_15,alpha_negomitted_16,alpha_negomitted_17,alpha_negomitted_18,alpha_negomitted_19,alpha_negomitted_20,alpha_negomitted_21,alpha_negomitted_22,alpha_negomitted_23,alpha_negomitted_24,alpha_negomitted_25,beta_01,beta_02,beta_03,beta_04,beta_05,beta_06,beta_07,beta_08,beta_09,beta_10,beta_11,beta_12,beta_13,beta_14,beta_15,beta_16,beta_17,beta_18,beta_19,beta_20,beta_21,beta_22,beta_23,beta_24,beta_25
subj_01,574.565109217365,588.627092302779,606.038341126589,609.860132043592,614.53634904686,611.181903013806,582.025538679158,607.90214327214,580.496528214922,590.552684946822,612.926666526302,554.039761669951,595.099499916121,590.993099048013,615.553820649711,637.524555461606,568.256981859173,577.400038896341,599.741200613837,604.382358881365,577.74456984282,597.872138365004,583.782695487875,598.722294625323,627.130419912776,0.673154158184886,0.729689492330138,0.999999978327151,0.409557251368817,0.559646925623853,0.605390544554037,0.681317695930423,0.669597285152334,0.48808833734044,0.541256807866256,0.794512716407136,0.843736747718717,0.547253892285302,0.909823257072453,0.880368979420709,0.724061128978797,0.649906456405677,0.707304960670081,0.97863248333155,0.917970406085517,0.870855750448599,0.450494428368873,0.742099763155476,0.59042238482848,0.809015632304736,0.521801116014245,0.595922356759499,0.00755508455966001,0.327966158002371,0.46984947291585,0.401644157725187,0.62277893826442,0.626927902178862,0.496779541448947,0.306338187316717,0.520849684947076,0.675869006634399,0.330486018269909,0.288979669766928,0.806597860954774,0.620601846358026,0.5735155452342,0.546976942074679,0.763044511598771,0.514825990358924,0.373536579888505,0.289967903538133,0.621955482784484,0.257955830439047,0.382482326580753,0.234865278586999,0.0954100113629282,0.318692381285662,0.0819684925111037,0.150507566114577,0.228030694596586,0.130171388743599,0.0862817115734641,0.0700500688016564,0.191825632349221,0.0995810843964946,0.273642684216676,0.236434901846749,0.0407770273549992,0.334858976804175,0.396001813188179,0.235603757086448,0.246340458996203,0.136491205413259,0.11087818265549,0.260878219554676,0.114385900428031,0.136755907109957,0.176041728514439,0.14077395513008,4.39104331973865e-08,1.62445604604717e-09,7.46414929052363e-10,0.024710869493764,0.023614025661508,0.0417830709604668,0.0759434286047201,0.00182232338142377,0.00717420927771921,0.0126241924944969,2.58049621346023e-08,2.427834611444e-08,0.131068311920434,0.0797202943174086,1.954883751832e-08,0.0033519422565144,0.0572199217895135,0.00766996225949858,8.11104109219497e-09,0.0451062396536328,0.0470963440941654,1.66153267669438e-11,0.0230003494266397,0.0604771546249826,0.0165081430194237,1.37797685316201,1.2246601706147,1.20415215487826,1.26734431332871,1.18009554311856,1.23472185486826,1.32895038018937,1.08662539696195,1.34391957336739,1.46148992379008,1.0754403441081,1.41719488787023,1.41289394028877,1.28305900324245,1.02389681835826,0.953506546392392,1.42491834975366,1.35021096087734,1.06242472820765,1.11830587183247,1.39993385732394,1.34303422593279,1.2729379874903,1.43079335083778,1.02222953532055
subj_02,244.175075955591,281.177261039723,232.493638225403,212.686857469896,197.091060538788,274.711147852528,221.664236944418,193.918367876265,153.018358774981,210.615252133654,221.797833521573,201.667454991187,280.946149536748,188.842717239395,222.503733926463,250.759156657506,222.852532789916,266.289575942823,261.394755885979,270.65569682328,283.526975681661,190.769377335842,202.808711045349,209.804798507757,214.512197192102,0.297643294204331,0.305186900767395,0.153560966630021,0.244719688761509,0.22195106040624,0.189819399311594,0.209401238374707,0.470718184471973,0.34164340044799,0.253613657518641,0.314548563317852,0.272887753507745,0.285070702078322,0.129399823154524,0.311983413854326,0.392179836175951,0.26002449128256,0.212988079403686,0.227022510368415,0.210876890016612,0.140794272442083,0.186518535341689,0.234315826218463,0.151961975957995,0.322050744309162,0.145325988860349,0.437757073809473,0.240257491914976,0.136577157828171,0.280053076215368,0.152878248140765,0.427556311111241,0.346966217776251,0.354985894202013,0.190238409617958,0.261193152900008,0.464800503632641,0.260384465590595,0.124780886297043,0.277601054638511,0.303687512814334,0.402724530640137,0.20473211173322,0.40959381523542,0.200363693136208,0.170144441288971,0.249667439571101,0.31683190105168,0.185993560087963,0.258124380050973,0.0892651808297227,0.116350197249146,0.106043681162371,0.058968280196379,0.136240723613372,0.0655444747681115,0.146099550417202,0.106907714199933,0.117278304656371,0.0875696111352588,0.110591344268879,0.112374522836148,0.101273072807311,0.0817909090176172,0.107832829775998,0.0974802602065808,0.143143957837366,0.0821471139306207,0.123423082088486,0.11365996249623,0.105475396228323,0.0893472900339196,0.114356168539732,0.0720171042652348,0.124720212598984,0.107596740259502,0.118491881763446,0.0841003560004253,0.122672387927809,0.0733450335403524,0.0656023657816485,0.0901452993572182,0.141527843303409,0.0945739117998063,0.0795112449120977,0.114936015822106,0.0952279654137198,0.101407508982548,0.0832072936110856,0.107028360464428,0.0988558460521616,0.0852452057761861,0.0751018771692549,0.108681713924137,0.100407517695857,0.0621387644813633,0.0871133032678194,0.0506296764091194,0.0875666269913437,0.114866086764513,5.37637259187462,4.34911181663228,6.20499221856189,6.14290818294869,6.02693075017735,5.35384065404256,5.54380172897268,5.1872454089747,6.19263201481488,6.4529986752649,5.88474359144259,5.27204788353478,4.70615111781695,9.47716996353927,5.27361997835581,4.49110571814203,5.54705737637563,5.25046267675916,5.20589868127472,5.73739113009739,7.10977933212432,6.19201258008943,5.76025039555249,6.6587395446868,5.4910747675545
subj_03,659.576322739903,674.081565010285,673.446890606222,674.576783150604,682.003427889594,659.565478538365,649.670025617407,675.908306346462,680.29088495014,666.258970486057,675.755170449992,668.013850481569,681.340321072383,669.558130626857,665.555769445104,662.948817605249,661.378560728539,663.637431970429,654.580865923202,672.203813548976,678.074451490631,686.402943840885,645.985404898101,675.937763768237,676.514769082474,0.372310294409344,0.549353695326079,0.999999807852758,0.517316630936545,0.188823290793917,0.290543558108106,0.265030929505761,0.308496672844085,0.239856245846744,0.289013392432468,0.707976495284994,0.464298622016502,0.386106128503367,0.0885551110785828,0.999999529955329,0.398438508103579,0.37234042236065,0.280104329297974,0.266052885392336,8.71468384022086e-15,0.179528638518088,0.0941899393352656,0.360008065854871,0.600556897657188,0.302263016529165,1.09029844770298e-09,8.28789287250041e-11,0.999999979784178,2.7665648703064e-10,0.00867080779507287,0.0124531676916447,2.15130171037345e-11,3.36866734762735e-10,4.08689962535382e-10,1.77046033238098e-08,9.94598128600857e-10,0.0208257373251423,2.65910000136291e-11,5.98424351907911e-12,0.528602914704075,1.91929245286883e-11,8.97957955099363e-13,7.56523643163264e-09,1.32322112727457e-12,1.35623178853354e-14,6.21690019748495e-11,1.75286669756013e-11,0.00039215102171824,8.80798585891346e-09,0.0226599655076672,0.0265294891147395,0.00172764768109658,0.838924500899789,8.55117962503649e-10,0.0117836441875095,0.00315994703261071,0.00985939130708488,0.0460464576586938,0.00588294659349368,0.0170096131174598,0.0080908059950565,0.0465079531489473,0.0168635613338829,0.000722715569705562,0.834286672629201,0.00435549564677348,9.04089076080711e-13,0.0709331857662936,1.42123794293378e-12,2.44470201275345e-05,0.0205410011331145,0.000512736953059362,0.00265511806515349,0.257808352347677,3.74719115487379e-10,1.29467143707358e-09,4.92537078414949e-11,6.93553796242401e-09,0.00512063048327005,1.75114688311329e-07,0.0726914384371993,0.397297165889656,3.10642359689467e-10,8.4225761406335e-09,0.0694803105351003,0.812066843102906,0.00369128356936954,0.0028426161972236,6.29451164190969e-12,4.53955730299155e-09,6.60600466495339e-11,0.0662939721926492,4.23112442983008e-09,0.0244756808935801,0.000927695167281879,1.08705941630111e-10,0.0789933453731839,0.139511228555743,0.0644335157504805,0.0116034784669332,1.04043342040642,0.808161572411191,0.461479339049421,0.850491041988841,0.752181729033943,1.22769306246688,1.58022624654906,0.761625743609782,0.780775006320494,1.17562821048417,0.712775514368466,0.942857860817193,0.724831622700359,1.51206942202518,0.563595574789423,1.10425086205115,1.20801301949803,1.07884856206657,1.38985006983054,99.9999992835931,0.901906444535821,0.93107367289869,1.53146852636788,0.645230392829186,0.881228222035471
subj_04,328.062042823462,319.372904098682,401.516921520056,343.87104411905,334.420978423033,372.733251607286,323.493182490178,302.239867011366,324.84199665957,389.498041048262,339.710556173789,387.255818110199,365.925630022764,307.346953434811,317.876828234289,292.857450813565,408.936644034866,332.955189963929,324.380732898452,368.276426139608,333.564112254429,405.54251641163,389.158427289772,389.814594722864,417.223143785428,0.106473141393535,0.185809444591948,0.172733722046924,0.0618112983524271,0.194376861633024,0.0752044555821614,0.207669822736985,0.0726280988576267,0.117890003096792,0.192370040685365,0.123351217680205,0.167528462020685,0.0753732378016534,0.157202308703178,0.175483994544446,0.0989867764439075,0.15469524718734,0.181493714906435,0.15054430222213,0.262982436458728,0.149976707852096,0.225626037086987,0.117785683094409,0.127177881677085,0.124972477372795,0.260903183101902,0.325276495009392,0.131066386402393,0.199821649613165,0.281859286081897,0.134243746922733,0.12068530879408,0.137210638418854,0.169860684756901,0.227549019859175,0.181903420452544,0.181363634425831,0.134777090421382,0.423017367213436,0.352723742242707,0.486452471198482,0.305401832148891,0.280314762466199,0.156618547974458,0.333563132831293,0.186350571047524,0.261766886507415,0.141399748139555,0.265487420927617,0.117892032615449,0.0302194268895589,0.0152023678582553,0.0546716657119732,0.0421223463903319,0.0350815419399107,0.054292034561651,0.0305639380166105,0.0409960780784857,0.0475256534164996,0.0214754763761976,0.0655876348097932,0.0196897458637853,0.0611187254628647,0.0373759090084869,0.0750003185944242,0.0301834132857568,0.0817608729160315,0.0348996874557709,0.0240570450463439,0.0455775565955851,0.0193085546600715,0.0936744182198207,0.059891134174643,0.027551819578974,0.0616862798272579,0.0630810377554897,0.0652044196562331,0.0892250340223644,0.0261278739553649,0.0473851975873941,0.0509568299092021,0.1308634838578,0.0816562362695607,0.0596227123011348,0.07765825586024,0.0621292003499862,0.038526978064412,0.0752672544589037,0.0159218341097484,0.0734792089564391,0.0305970472552958,0.053121892930026,0.0928751123058324,0.0813011966969204,0.0750825405020702,0.00103014629790557,0.0701636166105856,0.0665037112175271,0.0416079597874382,0.0573540212312922,3.95057512755507,3.40339510390623,3.75531020945712,3.99126961384238,3.12022133121213,4.27955766128816,4.18426891826657,5.81669819321497,4.30091110294958,3.07208881114321,4.51200198399202,2.99077103514554,4.73969994845986,3.05518638235056,3.60895370455452,3.8418811853678,3.17882573602975,3.71321771562011,3.96405195439281,3.04332488874216,3.15005584665279,2.96110030369745,3.71869189083468,3.32049662434904,3.8171821154379
subj_05,633.663803758344,645.453848809307,628.797163987792,643.827765773939,656.37569959826,630.835577710352,653.820016671712,626.409811656677,640.583078858025,632.191216455263,640.713681837114,634.502071796224,599.663586100634,645.331525518517,637.483032515073,641.620312476831,632.251827960989,648.743303347264,664.642376823281,640.253888905137,622.928251657101,651.180808476065,659.727943070499,631.956084663925,600.856141843137,0.337759602610453,0.49554775190568,0.99999995845939,0.999999980538464,0.857547740590833,0.921051224655669,0.801390000147877,0.521463598038326,0.999999977439617,0.432213368359609,0.559682398636384,0.680899145433289,0.453712400797458,0.515513265192587,0.820303839343821,0.999999977116892,0.908113453289813,0.999999977527322,0.999999934205597,0.201605048475329,0.255400185055374,0.999999981509952,0.863299856646082,0.850879921463252,0.536740661172895,3.04652408336587e-10,0.432250462149078,0.509740491529127,0.062670482847289,0.528190719572436,0.477321413489975,0.999999617260706,0.5556056639201,0.758514425189954,0.618732091279158,0.413145440289112,0.532912029414377,0.546085485451012,0.142854977351747,0.433849854496619,0.570356281206659,0.755579365941355,0.677268503325842,0.644852615204526,0.708076789814976,0.550973369716088,0.596779021498176,0.839399265977119,0.504906689352055,0.177202417028521,0.188761681573287,0.371727900574468,0.161971424276916,3.92459174020729e-08,0.418434339015825,0.441972460608049,0.217205087503226,0.56547644710219,0.697188407999817,0.286123019459237,0.306195353380119,0.633758854666646,0.52112212005487,0.325944265619827,0.749720932185426,0.354936257712159,0.128528219497458,0.0915329210102786,0.349255956855808,0.449402071915937,0.222490537196188,0.436012080394838,0.497727859803463,0.0809033492795351,0.440678017661688,0.704569783541289,0.342091012017022,0.442069734906719,0.23519190021551,0.366300876198249,0.261361721226607,0.716655012164979,0.43810414706143,0.537681980607811,0.210202539122219,0.614188125581846,0.45958982496166,0.368521827452184,0.163749396956828,0.482681915335092,0.243369162648542,0.381762955316636,0.0501415537812163,0.4376449322858,0.307345632467222,0.534218438552681,0.161184532707295,0.13444259341788,0.434751676330162,0.0489722977063033,1.21916972064934,1.0354837487693,1.02594439965081,0.986683328468238,0.806608974018414,1.00286936171537,0.700091484939141,1.10041141693609,0.845724865024348,1.10152545281534,1.02478121833222,1.02877623786509,1.36171295860744,1.07929910183761,0.942342673894013,0.859894005505109,0.931786937472471,0.74799720708512,0.64465577489626,1.06533337231443,1.1507859895551,0.77633962822052,0.674514387255993,0.971050155329548,1.42749184856734
subj_06,680.411688681782,667.25212732171,678.900990593361,681.553572913458,688.817855275688,677.401330073061,675.865639745187,663.154265213846,680.679722621377,670.572389473288,669.079960664034,684.296560013428,673.338910038421,685.693674577654,691.958777229152,681.778613955525,677.002841647379,678.334874598779,689.512924839396,686.999137564599,659.433595749709,675.85532352373,680.161925607191,685.545915894362,671.723602989283,1.05496639404056e-10,0.0093916149065486,0.0638137118117914,0.097060425434203,0.999999824013978,0.999999978839139,0.999999999027089,0.999999992089952,0.561931735647088,0.795390449531787,0.999999844742342,0.999999999583125,0.584221758765939,6.93941202572686e-11,0.264891623695154,0.635120396240401,0.237461462926065,0.504691786450019,0.513622085383494,0.672458472537135,0.99999979434119,0.511259050209473,0.999999982299415,0.999999785064945,0.600393990386279,0.99999999915005,0.313783554513529,0.635871616357916,0.464349480940345,0.44081827945178,0.57906533064317,0.0894469826560759,0.999999740982361,0.187482074244908,0.999999973687702,0.865126957642011,0.999999999227218,0.318944878504238,0.177995151665259,7.95480350312308e-11,0.737695730865271,7.73649030206643e-09,8.85993124982269e-10,2.12322127831408e-08,0.342639829921386,0.486272782877386,0.946375977968442,0.99999979807546,0.895177163881897,0.133712985069864,0.999999997329074,0.467699776004704,0.312838074388249,0.99999998072698,0.665743314692423,0.584384004412002,0.170731214718948,0.440538753601171,1.34890773950858e-07,0.403073433914356,0.658177977184149,0.999999999597295,6.46435919155794e-08,0.254702686925968,0.0504294560835263,0.0158723257965398,0.36765568680587,0.0936432417054057,0.117211947306815,0.99999999074806,0.999999862948674,0.896493703753101,0.83025893051917,0.324509422134521,1.29442600336159e-09,6.72191135850099e-11,5.09798482944836e-10,0.0570038220227818,1.78186548836647e-09,0.323912491476606,0.114365969704622,5.17910005537728e-10,0.0378816039340016,0.314760390703929,4.9378365020523e-08,0.371501901394348,9.12337279959892e-11,0.845822729472449,9.38860613252134e-11,0.467680820482377,8.04890397106785e-08,0.0294532047179373,1.92042304392191e-09,4.3423156900221e-08,2.99667344627415e-09,0.0907850644922146,3.51372473816568e-10,0.135981817623285,0.437190621719955,0.415895988786743,0.526609573913216,1.13965188053612,0.63594130134522,0.496657062344172,0.316694145485424,0.485843707789173,0.533829749258773,0.591205668140567,0.5666462493066,0.547962065683751,0.577831248059965,0.321204876677815,0.57708496228862,0.8019715680088,0.37455053331392,0.425282480470406,0.692807022921963,0.65596524398921,0.377820876906131,0.321313763586821,0.624605533804008,0.485514304083376,0.406916307807125,0.35289113377854,0.719329983126246
subj_07,312.725213988306,262.137039067145,254.886623445685,243.888932129064,262.023081820816,230.125368219596,302.640448469232,176.634484482316,269.619467933683,278.853663027204,214.238513853422,236.533246120147,165.766631993529,229.393485003996,250.152868391849,186.886096417361,241.547318096366,246.877047203037,244.503217560097,249.185916702847,264.873902829436,207.203443476612,212.492779438813,234.298563513447,224.750039348234,0.61684886124923,0.379413955939135,0.573056586930792,0.542547629909903,0.526980972330889,0.999999872124429,0.518452092952742,0.999999773883889,0.515321464530423,0.610764961232895,0.510784502285132,0.399378243602645,0.307970375167873,0.61892980129252,0.485232497583695,0.372930275508895,0.601408873234341,0.690541156473746,0.527642203775055,0.322119437538865,0.737239429168426,0.419660999523288,0.22119846969523,0.279263069453297,0.513365040590178,0.261928330213643,0.285652394872847,0.329232590703769,0.25355815987932,0.389668647872809,0.252389695157358,0.336070710782233,0.243919681040794,0.213508191569126,0.357389151047065,0.184087497929334,0.332982118828457,0.301990706191979,0.211120753927273,0.254079878304902,0.183364265413781,0.265442141959567,0.325034824276215,0.376918244815125,0.213070678992464,0.292550027459836,0.212203331580141,0.173069168189929,0.190559701497662,0.355201025124169,0.0674412630232985,0.0839907604817714,0.0809489140202455,0.106385405621056,0.0726906351767852,0.0891666910024549,0.0657201248618994,0.106341551226258,0.0643215614052116,0.100815558711433,0.0717086739556735,0.0723636016169073,0.102739878280503,0.095404060544407,0.102720398027453,0.0591656152915674,0.0983334184073561,0.0814373530592886,0.0929329675140281,0.0982192477237574,0.0887199478659135,0.0827558172054035,0.0668866926355605,0.0635312300698199,0.0998100235963041,1.84320598331269e-12,3.43012147061515e-10,3.83594774607905e-08,3.04582487595764e-10,2.53316715704154e-11,0.0336373342275733,2.37849419346979e-11,0.0281896935185581,0.00307753392087642,0.000320702243101404,0.0113416861099473,1.97372133628493e-11,4.30800297673016e-10,2.41486838142548e-09,2.25472260353948e-11,0.0604381076091037,5.96723882458991e-11,4.31074637185344e-10,0.0294085036603782,0.0220244224013135,0.0384231908335972,5.66946020021267e-11,2.42206447979898e-12,2.04790144433173e-10,1.94126772431038e-10,3.24605894153466,3.30580107501947,3.46855504483446,4.01401945862834,3.48260308105537,4.41384699073817,2.93055922001791,4.87481517737617,3.5929253956906,3.42736726310484,4.96003599825293,3.86968068225415,4.91892038382886,4.3525122680435,3.9525969779421,5.20619104176596,3.88062017826695,3.57582355423743,3.74343934792561,4.32087484613552,3.73272294449751,4.48323395469442,4.83374885108422,4.18914364676994,3.82612872945118
subj_08,408.259766890653,398.331584742895,379.383790633724,343.173266639598,363.387474876336,386.920092557144,335.654006148779,414.82315718646,361.254845706056,396.634337468282,381.690988033132,304.004544320611,421.219134792047,365.47198812298,430.17176546857,447.067623065785,456.843344567342,388.425084150544,359.304346132468,384.967535741805,428.832548805473,432.759192750302,319.472343241796,383.964582517961,413.493564720977,0.20653598118027,0.386336988387956,0.359354930488379,0.160582212198406,0.195266226686878,0.149284003704452,0.348929284027981,0.461885503882459,0.23012918193815,0.322296897083101,0.410195292056403,0.241762328815937,0.357864124315667,0.336442008077051,0.214251127662263,0.335392908017473,0.247294834977441,0.224241145153925,0.244642909938008,0.0909299629416747,0.205407638282761,0.268737267920616,0.302823676761,0.431668366043716,0.192868627215178,0.0674801062872833,0.089395239488038,0.144817483641188,0.121398336132816,0.0913005415014468,0.0577619653043844,0.154893602513602,0.101011153812489,0.1163166868345,0.0926436559561487,0.0977673449525479,0.104450177188951,0.12094716052544,0.178476824512133,0.155092075364335,0.137271258314868,0.130583565614392,0.110096315670686,0.123567698915816,0.0859485118137837,0.134102972210905,0.129567041732949,0.149826104014311,0.110919544730564,0.147133388096948,0.0145368889545434,1.35378364712881e-10,0.0274802576153086,0.0325235228961866,0.0116555277293133,0.0345998790514642,0.0273384358932509,0.0124613354464135,0.020465733547588,0.00753023487379745,1.04787315194007e-09,2.16013012729804e-12,1.32575671466419e-10,0.027453765945803,0.0904455002727739,0.0204464232419806,1.22979985134254e-11,4.32327421278172e-12,1.26172497376225e-11,0.0246357842023186,4.00909184766966e-07,0.00341766881067317,0.0308365781910955,1.1444126608165e-11,0.0110812302862196,0.0013794275782895,2.35370855691825e-11,7.6138269751881e-12,0.0263308756363816,0.0222955344954096,2.82477762585674e-11,0.028642876024304,2.34324401863065e-08,4.0263696399113e-11,0.0295515351646873,0.0141374333014934,1.23372079004303e-11,0.00244125307571551,0.00427228983556696,0.0226653294975188,0.0194478199614828,0.00625698192473022,3.66849082837472e-12,2.62982208276916e-12,0.0213975308247851,0.0124241136017009,7.90249224409159e-10,0.0278028765409163,4.93684949281545e-11,3.23279241199369e-11,3.16693750322311,2.65773888570721,2.97742877874849,4.16980633273106,3.80998839714129,3.3120416259482,3.2355355329604,2.58673390604389,2.94017294378358,2.93830370818296,2.9879354985015,3.28232294471158,2.53928928172469,3.1798514745226,2.95128258043222,2.6340524523654,2.4918724148118,2.66762764673431,2.89477548804581,3.62894992133555,2.57903033962392,2.47705068893387,3.51186443722953,2.84417443380137,2.72445949088957
subj_09,592.114940581521,570.274142190628,607.94439283064,590.102554516584,591.518785898705,607.821256745994,584.472461778977,567.001328106458,583.792564124327,586.354115053626,591.355917924917,536.412106707818,547.647550047483,600.417189143326,562.435599861476,601.377770261977,564.938253962019,605.770453936206,565.99980888481,583.095397775557,562.642131463897,575.146383489124,603.643790651725,597.261769059097,554.896562844437,0.563689308945397,0.4388881523552,0.473695935464463,0.657296451122597,0.570911262751949,0.354443816757893,0.496627548453089,0.999998036832122,0.648197255931117,0.671740285885859,0.452252026669783,0.45989899539645,0.408973229708267,0.336467685353056,0.450120142994359,0.51214260773204,0.556221268148121,0.81304421282826,0.267068955838701,0.217850775992791,0.546386440525676,0.347695584339881,0.400150957726762,0.433243892354758,0.211243388497811,0.75192533831677,0.868024257257161,0.754491616479262,0.9999996660904,0.831554168636234,0.809964452623891,0.845995689734665,0.852941335897337,0.798069665847464,0.999999971818811,0.877425541360616,0.917348683624795,0.685048730416891,0.999999757588982,0.740226201197846,0.858980705970569,0.907282260544327,0.958448091518652,0.817240575976139,0.592924835238695,0.819389275953902,0.999998147459673,0.810980951901245,0.999999709747932,0.765294176295318,0.680528059619558,0.481383029095971,0.287741418775359,0.328935676171061,0.525929116908099,0.31747269962292,0.443504934929767,0.45636688807494,0.423383602202622,0.718148005033529,0.454732513303942,0.599931336917097,0.697504878124919,0.392212211400835,0.387390835147966,0.479368775349835,0.659763025722012,0.395445212994923,0.566329879306594,0.258430909278183,0.413425287669767,0.524505459613959,0.566005995724503,0.516775716820754,0.57706634593839,0.235431599191959,0.157795637880644,0.158745633116066,0.121188494676281,0.151811349329411,0.168894103009522,0.127230676870997,0.289415947173056,0.159567608378098,0.160703020742857,0.247331945303445,0.206146601099993,0.151975110386329,0.0632717027777921,0.138534569939006,0.277462719862153,0.150949065365586,0.228298758143407,0.15404889130891,0.158944267857184,0.163377541561705,0.0846553178294563,0.244758516717017,0.194847000520148,0.0160019629313764,1.33993013055525,1.56586950670796,1.24972122888707,1.24587357167917,1.34213561173104,1.2436898070432,1.34274443885762,1.40277155971931,1.36636592312421,1.26713567153118,1.37757190997241,1.70624288693235,1.60088328337586,1.24737305122172,1.69124451044838,1.31476661926711,1.43128356226731,1.13948933368768,1.58573047945546,1.70915433292311,1.58217874010209,1.47022685306233,1.31849319048353,1.29475784127068,1.55139138576138
subj_10,574.80535215464,552.974211180969,572.811390061447,599.711260031282,574.379362071338,577.598098006128,608.248678160185,581.245978793655,563.568352985917,618.309267978439,590.672596745896,559.984492724246,560.682037672689,547.929297351775,552.660840370004,568.765507629861,583.553532005787,590.228256129256,538.228971986224,594.251732577726,578.956496979211,596.003479436028,568.882279205859,574.414579855281,575.441115492229,0.730840875738313,0.999999955590824,0.795783129048454,0.421279480732408,0.658472213312884,0.673819336465007,0.652410982508199,0.999999341940315,0.99999999677313,0.353796833815394,0.70673557096859,0.809029286734902,0.608550573337436,0.784258286608137,0.807429235022263,0.879803527589737,0.645873426413716,0.99999953041521,0.841239440297481,0.712227040544599,0.537607246794486,0.594318348019417,0.566010148397604,0.864347800125634,0.766211447186366,0.522358528947211,0.442172427916809,0.262852488427637,0.413442322998134,0.0914376758913533,0.24295074031797,0.403595217550001,0.332144165485629,0.631514800893006,0.35638450306459,0.280302990687829,0.345990632232251,0.237814302078075,0.250928950404956,0.338189726448952,0.214039979109703,0.345237504677459,0.32615213946494,0.273614516950575,0.288990344432354,0.302663582673018,0.207083226561029,0.257455749371309,0.220805030297846,0.202511227066047,0.565889338326669,0.435544371474117,0.376518705755189,0.268406253160269,0.498783895289785,0.274644655704004,0.366758715614769,0.239648491867331,0.473443729950889,0.402058871284677,0.548826634924856,0.319029229260221,0.300342984167144,0.44003234365787,0.37583932924939,0.284358390336073,0.42683476489577,0.650125726882704,0.259158956897797,0.599531564780265,0.271497019102727,0.34850085363311,0.278596618274918,0.33224864285091,0.404298247989486,0.426649947520324,0.26826984623777,0.406880880498658,0.313126270250405,0.319254246281457,0.333807254505481,0.318085410856084,0.52360239337184,0.396762294037309,0.32241175767809,0.291654709492099,0.294109251972182,0.365118767228714,0.492215602205349,0.444200082306944,0.471071729663042,0.210764480129478,0.538810684268185,0.602336914031204,0.303641749562035,0.319286118646082,0.447615656321364,0.182355045188566,0.553330726717272,0.448337234372284,1.55443063047998,1.57994748219466,1.68183642979509,1.45570915040829,1.68450071644138,1.67411099220133,1.3985490729205,1.47661761658396,1.52519088940237,1.3833966400292,1.44850315074812,1.7569798052591,1.87219725247042,1.81944603958849,1.76182760146659,1.59098016098749,1.52444038532761,1.32353653937158,1.85303277579293,1.33757204872739,1.6349743023768,1.53837207955769,1.69348676422728,1.57956518777639,1.5892582458175
subj_11,554.853520451069,515.006728813305,514.085567264082,452.293893042306,481.399918851769,551.145459829493,520.781597337225,491.005371002403,501.238195796343,569.033037227103,509.395325508974,521.860863292448,512.134679463333,542.598623461729,485.089254927636,452.475805714593,519.403112623398,537.86784978546,562.170831928393,556.987642172575,489.354123091265,528.108925351106,476.991784664485,565.86568220872,493.683724434839,0.00202425739240545,0.0566324740628712,0.00143515443540488,0.00234567133044005,0.0290620482057793,0.0205933670041634,0.0107874453009676,0.0139886548668926,0.00134765760588646,0.000986669221233116,0.0023587753961901,0.0016032057194684,0.0304086352925532,0.0439369845569202,0.00436456787963626,0.0385894505380243,0.00135862918613895,0.0566419715660832,0.00113112800554036,0.0235844435049439,0.0199028060953745,0.0422477136253352,0.0691715466952022,0.00140995146643972,0.069096471660581,0.000632579909511871,0.0157228378816946,0.000514919398000215,0.000407963760939228,0.00717096782348485,0.00558750592988421,0.00309142689304652,0.00352339717198632,5.93549112839116e-14,3.4477003585477e-05,0.000283216314560082,0.000370160259151998,0.00654112520539298,0.0080587393687483,0.00114335107480628,3.79707502204054e-14,0.000274270866697775,0.0138284242858249,6.26918106566737e-15,0.00348240119852369,0.00376776712674963,0.00867254953242903,0.0109189620671033,1.75756609247862e-05,0.0139826956403691,5.41088337418458e-13,5.12372699823311e-12,3.63940912718567e-14,8.60631819904067e-05,0.00209583584106036,0.00113707621233815,1.76249485183252e-12,0.000372828361660039,0.000605548390571816,0.00131640510794218,0.000454567456501951,4.66837991995331e-14,1.20582465094026e-12,0.000834437178608665,5.40666689265628e-13,0.0229158710347117,0.000646001472921402,1.4485231861009e-12,0.000390141486905961,0.00934877406717632,5.90465603808527e-14,0.00392371457265958,6.42172335528237e-12,0.00107427910817467,1.08932937688513e-12,4.08402959532781e-13,1.66666629558505e-12,8.25709082830787e-14,1.51201711599344e-12,2.72090657204581e-12,0.00366159518223998,0.00131577740720754,0.00165031674512887,0.000151653841649646,0.000901492540968791,0.000750833427617643,0.00175869941361522,1.3170229148147e-12,0.00477913717512028,1.76309454647329e-12,0.0143971619912662,5.74058859664096e-14,3.38199801740376e-12,1.96273653765363e-15,0.013963767122888,3.13137257373889e-13,0.00205709931829647,1.81724214860228e-13,0.000457448906917105,0.0106813682138058,66.4257123531554,3.85491465928119,99.9999999060615,99.9999982771951,6.78966919402343,7.09676143495769,13.7602739380582,14.136073415352,99.9999968369516,99.9999396081134,99.9998811389888,99.9999998234626,6.10651577304156,5.58932777777612,40.5570432871599,7.96636812413557,99.9999934304075,4.10086175134329,99.9999999988012,6.31692011652599,10.1885489620274,4.25266101385168,4.87620705914672,99.9997781630185,4.61300043176026
subj_12,619.825802531422,673.002815652204,632.682479601315,650.353826426706,625.516898123541,638.559207363175,659.587146642815,606.547415014071,641.646361489132,630.930338779993,621.498952846955,633.947324235066,620.572797909826,621.330149742073,634.514846869471,650.617228318837,605.761411400387,647.211248889281,641.905122807152,630.981226087974,617.601658908679,633.667008298198,638.517120138454,661.531775982646,597.220795690022,0.672367486461935,0.742268638417753,0.400615707793292,0.580160226191107,0.0383412611471569,0.0697536254640338,0.612849977776193,0.9437960195038,0.999994526945177,0.499702490706604,0.957731141334241,0.795981052662915,0.492193231624995,0.79688344649634,0.38988961014446,0.288065259666427,0.812419858146709,0.999998532916672,0.800187693452426,0.759951871648352,0.505032816876873,0.665402032522293,0.708024340577986,0.690924741808728,0.493589003289294,0.315654376880264,0.810221644975128,0.268217968742855,1.35555863728804e-09,0.52639947224006,0.139165328136489,0.815232263762277,0.322726022246718,0.0131420137385425,0.306802560160754,0.739010288129512,0.127419705254356,0.0570950935044826,0.595600675020026,0.146268866901502,7.23743589173536e-09,0.0503293503189373,0.339128831802899,0.220615724608884,0.30188600938722,0.035133655511012,0.42458394434531,0.791447814746597,0.280215350678461,0.116763858472203,0.435534920537144,0.978928915626636,0.560300319271671,0.0485966370572336,0.460549640743197,0.328378464687647,0.727696189654424,0.690073176665341,0.57667754697804,0.54006636681471,0.621150906530706,0.729078528977765,0.390090466140304,0.530073633755102,0.249234655305662,0.25689151224669,1.45117882025797e-08,0.504885335756196,0.475691478163768,0.54282424589713,0.766212597682794,0.503945396833558,0.650917060852252,0.617378002293691,0.607081939560525,0.0302841599951875,9.49803030512283e-08,1.77864368385653e-08,0.0184267079363917,0.209661835141599,0.0476520052688788,1.12424698742884e-08,0.0269997963027965,0.201698296672066,3.18525335586171e-07,0.0944408602962548,1.54832568635114e-07,7.86138882269004e-08,0.0535920372694627,2.76047710338463e-08,0.0347889886979665,0.0387073935239251,0.0103616856897812,0.117710787206668,0.0388067836495096,0.0418147196446818,4.35693188803244e-08,1.75450542128839e-08,7.00822336209221e-09,2.6760968073773e-08,1.13094394753229,0.50343587911094,1.09005203530472,1.04328994132786,1.34228173612406,1.57313480403007,0.676791298326051,1.10066113419376,0.921191497633286,1.06854114451311,0.956620783152314,0.901632490052924,1.1915031232472,1.01782958256708,1.18779777845741,1.09607309567482,1.35573705199086,0.793274761096874,0.934298507396744,1.00743050312559,1.12021772800425,0.942960376133812,0.875070184468085,0.711773049014609,1.30666866084635
subj_13,656.306837043158,662.02488922983,661.700128497549,675.981342420159,645.92003569982,688.061426255272,656.898744069624,655.003187276909,657.635587117999,670.979017107241,649.387775275279,666.457860781584,667.793900075538,671.077682759263,673.209384571161,670.344902947343,681.547918800982,654.346194731158,649.618453256306,665.996824525075,666.992508858363,666.744424491581,661.034685689576,677.99664806173,670.816579827556,0.269284823195424,0.749954000368042,0.72487056528123,0.472550657904997,0.285060979654788,0.647208262814872,0.171470489566899,0.560535425618207,0.424012442111966,0.093167681192387,0.461391691155386,0.879494949421352,0.66400965286021,0.599655688215455,0.591441287980745,0.408593066381311,0.592818176912988,0.547773244484031,0.777314410798118,0.608992135760684,0.334059943653641,0.756176309046468,0.643688242149123,0.999999661265225,0.999999425672366,0.0208123841866182,0.953277586632845,0.749533222235585,0.999999585271966,0.841520075420336,0.999999914594188,0.440993503381244,0.346116169001565,0.93756913976339,0.999987470736187,0.999999999840594,0.9611080754761,0.999999999762851,0.80454965234984,0.525621674934361,2.63793825842496e-11,0.745081955197562,0.450422424062702,0.999999963902392,0.669638817371667,0.69664897540812,0.99999996385542,0.999999698947661,0.999999978515604,0.94939060899975,0.0222732972082202,0.418549997010968,0.0232935111435006,0.0293999662998049,0.385895723970216,3.5838190594206e-08,0.021228715835741,0.256693974952748,2.06719543657961e-08,1.58285050290123e-07,5.78140439180305e-11,0.0678117569764849,0.120112493406626,8.45236594437287e-10,0.103348496523526,7.10872319290027e-05,7.69433819384098e-09,0.256316470958017,0.174803982738334,8.02398425297106e-09,0.0704771854420116,2.28276116289309e-08,0.130495240328138,0.0274113669195302,3.89403348367285e-07,2.88880968950829e-10,0.254639106691493,3.85051009414015e-08,0.0835613651165907,2.5061369772307e-09,5.35317181119871e-08,0.241189189041295,0.774453360436536,6.02964186503431e-08,0.147754188854604,2.00378070938062e-10,5.59409995744359e-08,2.85717359677178e-11,0.00714175900267125,0.0338529508715016,2.24579888391531e-10,2.57516032215621e-07,0.0733982494547656,2.84115764022278e-08,4.01409734651426e-08,2.96111179616905e-09,5.60918563301143e-08,2.51341934145544e-07,0.698459152709042,0.316533070174911,1.18413236743993,0.6894158327145,0.635204447829561,0.486406666080151,0.889108242254689,0.2886534951144,0.870668728123923,0.839573141326129,0.688306619751873,0.583540770796095,0.731629616336754,0.539158458402541,0.599899671215887,0.563926762477261,0.612868059926601,0.895748932171096,0.441973985840969,0.851684936249324,0.733448003427197,0.639441512005362,0.685878102919446,0.547207388088376,0.635925504668487,0.421795534952846,0.512446431240448
subj_14,522.943828043981,384.986348626047,496.076435140256,518.577465860467,469.253628404053,518.391950597676,500.717957989547,450.833039229457,521.908528825241,444.282468375299,515.419101293594,510.896470802883,446.496385646144,513.099682059287,500.834559882251,480.637720197991,408.895632385821,490.934775404823,471.630552340281,441.001660065675,485.434851863733,437.35025452876,487.660434629449,512.265408174434,476.949457284232,0.30487540727286,0.103890457867539,0.548778438865964,0.223996727593688,0.153122435252894,0.43697751020235,0.365947002170809,0.289860217201856,0.449698209869208,0.383849565186124,0.368899483347346,0.233262357083462,0.33253753551599,0.34409407174186,0.305851321656411,0.296330420778419,0.377718432336706,0.356780625323187,0.310201594099107,0.255387406986582,0.42612118279224,0.25200799178929,0.359951605305401,0.365002713723163,0.350631320910512,0.358296990018803,0.1572440728503,0.161833368405198,0.22692215373748,0.0219367496645524,0.200264405146756,0.239949506077137,0.20121222090049,0.417524703620507,0.191589683258888,0.28238984197676,0.313671315154897,0.372422133282114,0.311867691209418,0.228455600691175,0.218040419987288,0.580413359409089,0.0744723727100881,0.112351504080474,0.229021384168505,0.29620135319104,0.251617302674904,0.180377118411464,0.293333335404266,0.452563717224251,0.287653733222021,0.16891381355551,0.147725341249797,0.222207911568251,0.0773684053946916,0.252619140738622,0.238049061176064,0.225328389234194,0.277773016598592,0.125247688296699,0.379468078474399,0.366464793752915,0.261350522291627,0.225715956162385,0.31589234619395,0.242194413862204,0.352624092972625,0.164261214820772,0.200958037002391,0.252858196310546,0.264123216838763,0.158468063732517,0.234536007904369,0.357839611466909,0.2407600270445,0.130695531043017,0.0819854586933054,0.208873028487849,0.110641429529392,0.1562353110632,0.169994359459298,0.191541678075067,0.181809501187256,0.173644211776074,0.173548426895696,0.236351162364808,0.0766301286344696,0.175777726511215,0.145567572989586,0.179229052538114,0.0738111476409425,0.108537019165113,0.139521098375576,0.185879093604125,0.15505504481039,0.101258658934097,0.140156129075609,0.153205950899864,0.178693120732888,0.110582384995976,2.3784150601277,4.59122577304316,2.64052203343212,2.4742254601848,4.2092401207612,2.33534616603601,2.58930003263086,3.19692926894434,2.14246119816967,2.92072710914244,2.31977123461598,2.34381592917049,2.88330655666641,2.61530105915687,2.7304566745842,2.84255490507327,2.752627120354,2.80909670712842,3.35048126118099,2.9877976575582,2.40887004288158,3.12119066898359,2.66686739534898,2.46800406944212,2.4503083398863
subj_15,446.167490120618,469.925218665844,415.94091419666,461.790352596588,517.553575217234,453.613978013893,449.251412353678,458.339845467467,455.170525688521,458.35911693073,430.150730482093,374.740899668983,451.928543482369,466.795497652156,472.373535258228,426.120325154607,400.221359881337,429.755534279341,454.614076111461,452.814663126127,446.679796206614,491.150301381153,460.93823867455,413.964456671591,460.020281425324,0.193336818709305,0.187226362386462,0.265831029151106,0.267025629809187,0.341956316149041,0.261840189690977,0.311660610580255,0.197766911777826,0.254327429233501,0.408683616788306,0.25115420906203,0.304554997617624,0.412936544200846,0.258610534229585,0.282112294768523,0.376203770503793,0.205877029618259,0.188375601053757,0.193481508001223,0.239674366345692,0.227904680853408,0.281713550460803,0.167972579748359,0.191774609366452,0.342178443934045,0.222647211582028,0.152817703729077,0.213568045809635,0.201244286455315,0.160033390532639,0.221427174781433,0.172767140263176,0.239146767041793,0.190248277169404,0.212999602036221,0.190847931630483,0.291945421259913,0.39188124730887,0.141689155252,0.212443952423098,0.265737719250558,0.193451718093252,0.202233099494045,0.37086399788236,0.128205122672675,0.360022573190159,0.428073036116345,0.30870831119,0.108827213672062,0.205684355165256,0.0995426093872874,0.128001180679922,0.149181166406194,0.132072729630163,0.03370874671678,0.0415661303169136,0.11299020596166,0.0974529512272933,0.0864779006634246,0.0921241206604135,0.0765931984953316,0.0541647162551794,0.0261736783931563,0.0515023861787139,0.0627675260303609,0.0845537500439531,0.125844382845895,0.087201243049091,0.0919792669817848,0.10379321157181,0.0992795618788065,0.137117700217902,0.0981318110606573,0.0382712729501174,0.093287776339312,0.0507024190921254,0.0426917204425365,0.0699316207760778,0.0242054761740655,0.0292656305878084,0.0183054813241354,0.0450777179830208,0.033376595504078,0.0494527658731046,0.0264416278152808,0.0336588566151671,0.00842953262391295,0.0930786982674833,0.0244449344488576,0.0403722130241043,0.0937432757290271,0.0292761783943167,0.0269308765545272,0.0330858650636047,0.0420500584026645,0.0382423299892655,0.0162242756018488,0.0173330039167427,0.0533395756847855,0.0396231443204079,2.93285383401816,2.75156617244833,3.12700924607816,2.55032596676842,2.16284366346129,2.37522032729359,2.83995484045237,2.40638809543038,2.72017001045021,2.32513856779303,2.88705973294644,2.63142934214029,2.29717071033571,2.48785780548207,2.37476163874828,2.70494938856809,3.26017276739682,2.84568294052195,2.56988963174567,3.20118302923023,2.47689354878848,2.08012435954187,2.49875302101664,3.34451235326153,2.62646571647468
subj_16,406.508007670314,404.208711678387,439.807614098193,468.827194856427,416.628297704714,455.995747832369,440.660005853742,433.206759457611,452.820798667463,362.128315308031,381.224109969645,433.154052004739,441.273255062845,476.379273929731,498.550505736157,438.530593932597,469.180135409212,432.636032890481,460.290281464746,428.548418643784,411.736271677858,462.003605568157,485.910169943086,455.89095056797,489.98456122789,0.571608354044086,0.393119868567759,0.65145157301044,0.538094684954154,0.526000129976519,0.524482237214825,0.364299499969069,0.468721068776876,0.577624390072862,0.355860670850031,0.302855953429001,0.64317743814519,0.492546722784674,0.298752315911907,0.40720068639348,0.489148362700122,0.437303895884411,0.568166108491682,0.293112995973586,0.428277536781016,0.53541339448231,0.535006169945113,0.594518083620878,0.540788392133816,0.38088217654322,0.0284940375277395,0.0156819608743022,0.032645872199864,0.017131388180108,0.0515384990743608,0.0397516053746998,0.044861347443074,0.0648745082797215,0.0267777452912998,0.0509635918108264,0.0147535494837502,0.0315620012363835,0.0270741362181547,1.48692737340341e-10,0.0301172349582341,0.0483810264998464,0.0118750634826175,0.0178705018454862,0.0294897543080766,0.0326363595762361,0.0266579577694837,0.0319960676022851,0.0295071154279079,0.0257598070529297,0.0309171915427214,1.80768446362566e-12,9.51596407671752e-13,4.84649062441826e-10,0.0152720647975328,0.0164973729687872,9.61540430675183e-11,0.0100643725051388,0.0155105296286466,2.20680077542552e-10,0.0082320174286989,0.00347140183765861,1.14658167089211e-12,0.00535408215188096,0.0143346053644804,4.5468892987091e-12,0.0248399884455055,0.0242538392017786,0.0177747993148227,0.0250689673186792,0.00308106234051016,0.0162313081668779,6.9138741361669e-12,3.26473051730164e-12,1.7923845332406e-12,0.0150887390592435,0.00515486223325961,0.0384375590487935,0.00214894512317234,0.00523469871685806,0.0341147626648459,0.0321572467269412,2.59081562730396e-11,1.41175078437193e-09,0.00816439587058055,1.81899475424744e-09,6.11305133994144e-10,4.49255186744219e-11,0.012415056904775,2.34512985391649e-10,3.29546580207125e-12,0.027033858503707,0.0118963620822311,2.65252785680008e-12,9.59956439748611e-08,0.0143575227850976,0.0148789527573607,0.0172933445309478,1.1121134194349e-11,4.78120529366351e-12,2.11549246809264e-12,3.25350406041963,4.10979363273039,2.89140673705095,2.8324930011976,3.04687793429586,2.94954283983402,2.71557355715373,2.79809369634586,2.88902855977797,3.42517513217187,4.06727365205184,2.88895968336209,2.99233538721078,3.00157053345468,2.61161318854119,2.90536117167305,3.27843993440737,3.04591169832643,3.00688992355746,3.19941781253249,3.24245507010317,2.93505759878694,2.56540040721637,2.71857578707279,2.75295539969445
subj_17,310.599236479999,314.245592776723,306.368588873618,322.068414572645,367.37611298125,275.360528978898,293.861387903588,330.435264589846,309.537891301688,340.934312824986,367.777824157546,287.605946925931,291.48620657094,342.942124833524,281.897006244717,292.541318317,301.03401441622,308.257619221491,349.611036502008,341.185278316267,304.29475885941,336.445993019196,359.026575060551,341.027575630911,302.833416546884,0.999999982888476,0.999999733802726,0.999999986673676,0.920475166657327,0.999999999572929,0.749476317281877,0.999999976301693,0.999999863217137,0.995520583287717,0.99999999952713,0.99999997068194,0.771006424988078,0.707423333236026,0.959799836648208,0.879916312612841,0.372844326713435,0.869503972061363,0.999999995037689,0.85162473817604,0.999999967475964,0.999999998312359,0.999999788329775,0.999999996803996,0.601007526258689,0.999999974966422,0.244247978605805,0.230389011792873,0.202155699041785,0.278537540027953,0.208665851756271,0.110971355266733,0.255017080310046,0.178146101922626,0.23462119318478,0.278890152582689,0.248205620269657,0.177420317110485,0.258599385115984,0.285016854256041,0.119935646870871,0.240489495057938,0.377151725178174,0.231426806058994,0.188825391316757,0.36269676376336,0.254916855564328,0.222066160625341,0.179363100791285,0.211032992104508,0.159704478302511,0.197996799755845,0.262729388270965,0.149506809223366,0.156005303868561,0.147306487525076,0.0941073925042994,0.170152369183121,0.162869611014274,0.121550365413983,0.132895294726416,0.168021968874636,0.134184977165071,0.134011334310532,0.109236189926605,0.0786135106790797,0.152412236975902,0.187565887531073,0.160909694583309,0.118485760396915,0.187415471038935,0.198866712793944,0.147969673677751,0.156386587642674,0.153794953772309,0.167781047898158,0.0711632984363426,0.017691278505151,1.82541790238686e-09,0.0197012966957269,0.0755821108435601,0.0992490956455728,0.0457638100099247,0.0620656566940078,3.25213635612707e-10,0.0771894797557052,0.0300609790802269,0.0813823681914333,3.44567064958902e-09,5.51855571423653e-09,0.00519818635512389,0.0141192797276309,0.0537308310624658,0.0336083580353216,0.079596462486499,0.111465984248,2.82385595454289e-10,0.0634452911452381,0.0483906441130584,0.0173073045227168,0.0614746708941593,3.41907442007438,3.57417709255516,3.40889335114408,3.27369639902445,3.18094869001512,4.73042411773212,3.50285961464498,3.59254177230946,3.16997549503649,2.92415979730642,2.8781590793117,3.96117688127854,3.44117713151695,2.82505374306181,3.68350522167529,3.60086736143387,3.4005785349861,3.60407693282205,3.54148775534184,3.08481660540134,3.35903831511973,3.24602136769103,3.17440681562818,3.4063921996125,4.1712212200968
subj_18,177.214807201749,169.496357273114,180.119773745662,215.298020880594,211.091658799472,191.374731545807,181.409250863643,167.662917260858,165.487490989561,184.59651554402,214.23554427651,152.353610378665,192.86110924921,200.185686931403,203.195580960017,213.349099430745,230.152149300266,196.898502416794,191.581181641229,201.856314292529,187.342673075639,163.78365406719,178.493810340105,174.716732292889,182.320276397713,0.948920799046799,0.99999986021512,0.999999420306258,0.999999998524745,0.331874547239221,0.696343789276807,0.999999999713178,0.999999946363548,0.925818896609701,0.999999954757118,0.999999990871758,0.999999575140917,0.999999923909856,0.400457251323109,0.999999999628887,0.999999869748554,0.999999880820195,0.999999975756846,0.805416617920011,0.764757982534364,0.999999860647034,0.9999996600907,0.999999209972631,0.999999996779426,0.999999890401406,0.348114905943973,0.430670864077478,0.316677060199901,0.395226205738631,0.26232710775069,0.316482971155407,0.536293062675886,0.209270017731973,0.218847390773535,0.366934863241262,0.282807763394613,0.315831436787608,0.26255397062713,0.440089485232295,0.478387327555046,0.465753630230111,0.285270818858736,0.261251514852448,0.351817140197655,0.238054109135972,0.207560796273354,0.293038864047372,0.202133159102831,0.25777401147113,0.303601243302231,0.18628954616993,0.229274193608005,0.165881212400733,0.170745743930123,0.141644981023597,0.197538399993993,0.192056396620554,0.167708213066375,0.129979059405009,0.172919475149842,0.167630634698506,0.157859594245802,0.120914554629963,0.190705199215809,0.159435437347265,0.158560336128442,0.137942074554799,0.140835442356586,0.118346451780523,0.165877280609416,0.149221998911055,0.14707803033285,0.152242792995295,0.136384388943155,0.179220808419966,0.0327807955318789,3.96451179224405e-08,3.5204469372298e-08,4.72273952677104e-11,0.00846583536643592,3.29414861917315e-09,5.33345593465215e-12,4.98479740316425e-10,0.0280679948466549,0.019883928614271,0.050685168460666,0.101652933920993,3.5884676118169e-09,1.44657679454638e-11,5.63924302617671e-11,0.105603803920074,0.0189172439600579,4.32914121492717e-10,0.0901591358344083,0.0397658701255921,0.0982494878313021,0.0108176111376321,0.0136106903239222,2.192410283505e-10,2.25976677224083e-09,4.83195648443581,5.19619915057297,4.87976897263145,4.08100890561354,4.9074651072699,4.82517115749997,4.20148685734625,6.26093799475502,5.62983202134112,5.00326562554801,4.67168280970095,5.40229514954423,4.70934746272658,4.59151294238194,4.0894259589832,4.09057851020065,4.21126744884956,5.01764075909725,4.43607794815696,5.61331586635323,6.64935450219785,5.05760895451749,5.55133425298569,4.97026019859498,5.17109743175707
subj_19,377.01535040895,380.042404682999,308.505270059928,340.577706641933,351.823604769824,353.843026449373,377.39394596142,328.589583387448,353.761091127671,375.879691937018,406.184873687261,362.338131279482,356.215609069086,395.638275681868,335.179417690673,345.768472927554,371.288775369345,359.080731292498,332.326041000477,340.292706363272,419.931505131296,399.415540061521,323.41760202146,304.475989565099,426.967240569892,0.149445589533733,0.0389514236947701,0.0702224437525368,0.0623867618996284,0.0787065846183716,0.195748557206213,0.069478970756621,0.0349669966846415,0.118059868671031,0.0335277114044446,0.108816287190501,0.127962080367237,0.117127382090095,0.114881513219685,0.0843670723211881,0.173119579791973,0.0777448253320036,0.035163002716463,0.0629024941746255,0.0808712369181628,0.00661280253673691,0.0197072314791905,0.146854208796195,0.0777941799372006,0.147094883682157,0.0552924524916664,0.0169218437045977,0.0325534729426665,0.0203230166802601,0.0495364638185426,0.0410008803683651,0.0283023383831283,0.0157406366802358,0.0465649503058983,0.0286715971274311,0.028240317248016,0.0365453729717365,0.0375287075811168,0.0522872072367992,0.0312153508624674,0.0342445414701234,0.0546938197860079,0.0176502101402437,0.025158425940086,0.0263607952828859,0.00185853167554885,0.00691301968822247,0.0627100122435715,0.0284236307513811,0.0556032850817999,0.00871457046136341,1.44506778847087e-11,0.0111342017801025,0.00107426010406154,0.00855365211161408,2.84355227892181e-10,0.0103976402071302,1.35034984473519e-13,0.00600257267207516,0.0143789144419178,0.0015648447606483,7.98214755888866e-13,2.14503509572376e-11,0.00658961507374157,9.38036468216765e-14,7.79489449041656e-12,1.09758136627971e-12,6.15040271350506e-12,1.05706053145668e-12,0.00193204230982355,4.0219756963942e-05,0.000593637706556925,0.0133587115661896,8.06886117812006e-13,0.00472385360937046,0.0608059137335621,0.0290919103423592,0.0220187928990842,0.0303638720283281,0.0279234908038414,0.0498125792403348,0.0285794369310631,0.0259764069498979,0.0381640002396604,0.0206513599637372,0.0569583921635104,0.0215074990626849,0.034204697196378,0.0355352747354126,0.03746122450039,0.0737075971151843,0.0315908069068571,0.0316773918171455,0.0226619830596387,0.02022182607859,0.00677457587116566,0.0161704726287816,0.0644410720238732,0.0238584161297721,0.0170483293473936,4.94447583271118,9.08712075692714,6.17804157745389,7.55141501517807,5.88919688842326,4.38397012529835,6.12715378890456,12.1181020739349,4.89422673708788,7.5874155684631,5.50180253510039,4.58349669994809,5.20303617054957,4.57133738433463,6.03273690235781,5.41442754347808,5.05174578905193,9.33160504172061,6.24213101577344,5.97002016094103,48.7503201224701,16.149314264301,4.62734951222078,6.48397425016848,3.63398852817823
subj_20,677.496684463387,693.147312399645,691.591312798218,690.466862858541,685.80859794437,695.123132774222,694.992290238979,686.462475970803,679.454200748306,689.387076334037,691.399205639839,689.829517793095,693.198860332614,694.739145952144,687.793725008199,692.009678822342,695.036223841982,690.289122251656,685.083466719566,687.197837414714,679.262524748635,692.306976766728,685.316417008604,693.191364121536,684.247821259813,1.41379771375386e-08,0.999999999945453,1.54027592169371e-11,2.41803260273666e-10,1.83286507544949e-08,1.27732728258061e-10,0.0162870367259129,0.0568929653043845,7.66087189562967e-09,0.999999283169499,1.93084724120132e-10,0.215152149440997,0.912920919743601,0.999999908343136,5.47533950234267e-08,1.81601161357438e-08,9.13009345808765e-08,0.999997747557581,0.809860776261951,0.000189231847969952,0.255624627337566,0.479074898519257,6.65742725984811e-05,3.15497040192397e-09,0.0412281402700346,5.17226607529733e-08,3.69286395789352e-12,3.24496120801839e-12,0.720652512170481,5.0033894565557e-08,1.78505461728149e-10,5.87061793885275e-08,1.55437146249131e-09,0.139160458979877,1.86702568186655e-07,1.31016172940108e-10,5.37098965151596e-10,2.27925870475714e-07,1.1349260443658e-11,0.288331278763774,4.30907563850496e-08,1.7945667769654e-07,1.08045980947478e-09,0.61852012824815,5.63959857477653e-05,0.999999952333462,0.999999922582732,0.000111826154045572,8.88311025258226e-09,2.77432303933747e-08,0.478577102403036,1.27829740004445e-12,0.0156527738551374,0.561576732162654,0.590914671662782,0.14658466195723,0.999999276138808,0.988119542329752,0.99999983325001,0.533915265665375,0.0200310263669372,8.05630379539399e-09,0.999999815090001,1.7797734663606e-11,0.022746747327882,0.89280503114444,0.999999462941634,8.7437003489506e-08,0.452659712098107,0.000216529040788926,0.847016646945702,0.999997971511055,0.000249383233546734,0.656502726283008,0.683291574626915,0.285977568365032,0.856229211391856,0.531318181514881,0.00273861199338436,0.706117481973784,0.0114789152322952,1.83586615467124e-08,2.13022569420202e-10,0.622751072923192,2.20242294537847e-07,0.209653298952955,0.118628365059623,0.999999767363264,1.34460294477208e-10,0.43156788309812,0.279327351904866,0.00919568022569249,0.378405663017704,0.999999953517728,8.11925463590144e-15,0.216164387989925,0.999999965846273,0.00010604413943999,0.0523185205923162,0.114021288135124,0.714236829868693,0.240707421802897,0.404258715729382,0.411463496223845,0.383589214672438,0.272837485286846,0.147746991012452,0.389450478506631,0.457107428234936,0.28841804071021,0.602127081258719,0.567421826758558,0.164290997142887,0.163452965044181,0.415840284386418,0.258050185875952,0.145257716408035,0.365638741136727,0.368058611746386,99.9999995640778,0.483290067694433,0.194104288742658,99.9664336350651,0.278524644034475,0.50107971048685
subj_21,496.490900287099,471.102071884338,487.104326944988,457.366220801652,484.208842203044,468.91346972024,464.091293263313,587.116449289565,462.302662715633,495.503116548852,541.620120731353,465.727773900716,448.890847435882,529.062721829855,546.116740066882,539.863041300545,518.173084373253,525.212281479675,533.92519579398,489.922009672918,509.086093577628,469.063841956122,511.489651061856,527.603266581908,488.174433376934,0.200814950944067,0.235591142468389,0.228727433692796,0.13967033680486,0.101404799241587,0.128749271880904,0.151966874779485,0.168660669843325,0.239966614134695,0.195043148717516,0.285455408117748,0.0678670920990517,0.175775196068594,0.17135053925667,0.100167329756391,0.214332020805076,0.191932443388259,0.299383827911941,0.150288212455907,0.133933452589253,0.164540749274725,0.281217966904159,0.282337456858812,0.214140873063837,0.113916510992578,0.0159338349059224,0.049966567673438,0.0216085554500757,0.00645364982596253,0.018355154826644,0.0105582741439599,0.0341724612558524,1.60694241759029e-11,0.0208921450271112,0.00749641906917983,0.00826368642630026,0.0147048562950592,0.0422113026988488,0.0154126199093017,0.00923204557382533,0.0253044329764641,0.0208251511023631,0.0381803328804574,0.0177545783098758,0.0371474214443805,0.0261960983932071,0.0249726478204114,0.022240998863596,0.00526301187122487,0.029184289424867,0.0242804721278505,0.0268551988492721,4.63504749532734e-10,0.0573912911707211,0.0125223887622415,0.0199526763477756,0.0127406236306294,0.0308646620008282,1.49144014801757e-12,0.0205071585180995,0.0762634662312342,8.5011959982736e-12,0.013381294723069,0.0130396667106798,0.00952023276043276,1.5899572591134e-11,0.0104326133394105,0.0110240152888468,0.00106743440427709,0.00971528738405732,0.0264443245666701,0.0125091133941735,3.59976180392344e-11,0.0287042681044974,0.0071617934126686,0.0132336930526767,1.46125473858231e-11,4.10098881473952e-10,0.019666048581712,0.00957741375495101,0.0231237469949714,0.0310235337595713,0.0231505181621758,0.0203283348463095,2.66854576112254e-07,0.0305522376628118,0.0142152837583772,1.66009903697363e-12,0.0341362881485176,0.0199487236654411,0.0173080439116807,0.0161642324060822,2.88502942421218e-11,0.00489689750733034,8.3896482969922e-13,0.0153375049529422,0.00881663865081039,0.0328226088030772,0.0363373209152615,0.0119721655711776,2.78218714050861,2.58965475703183,2.68873749785247,3.70152770520198,3.53641748268375,4.00434945391277,3.44567978671204,2.30245331001225,3.17530992161638,3.45276036558049,2.41719180961126,4.07077904907003,2.90218353778857,2.90422741722798,2.98477693173401,2.64256817083863,3.02256482225083,2.07815497922798,2.55593796510082,2.9656334058197,2.71918986104369,3.00026673024838,2.8679243721751,2.80638526820059,3.03787326554441
subj_22,289.484317361975,270.90891882975,288.443068872235,348.808483144802,266.922151516412,322.706460777504,312.302577772991,350.211487423132,236.447385371932,286.382880243178,285.658796614614,372.943671573174,399.066813885766,299.283558547791,314.647023765873,406.958896827034,309.929835210777,336.38477180065,318.441819268349,336.443959438334,288.276475353225,384.886110211507,238.716047200256,323.181060510385,283.828507162142,0.231535813569314,0.147446188297231,0.255331595465394,0.122219549629363,0.259507000315497,0.127090709121444,0.111858927460479,0.0931090024697516,0.231311264793949,0.363663457081029,0.169357161986305,0.112947778092783,0.286294968948859,0.0913736339245039,0.192786577154023,0.114709114665889,0.20755294521901,0.11879566892115,0.143144598755412,0.220388529602702,0.144733548670886,0.132866438479324,0.251447651140853,0.135850769067005,0.188278457712505,0.028281821146915,0.030617040020415,0.0640957399493874,0.069258941153504,0.0797959675747396,0.0257697927425488,0.0472011923561095,0.0312172420013224,0.0637986697455653,0.0502343273166853,0.0397798500105255,0.0225129012030734,0.0477770965436792,0.0444379465011597,0.0525282650734847,0.019966207299259,0.0497279365513211,0.0350029790442255,0.0325916266909371,0.0666597594476538,0.0307535524801298,0.0294528638971327,0.0583907830818812,0.089403656108976,0.0729184301560456,4.46077729667961e-11,0.00319532772695016,1.17243726260598e-12,0.0394525649638789,4.50159685826456e-11,0.00938900850264631,1.67237942509361e-12,0.00859071711817818,0.00396369127871043,3.80285339851779e-11,0.00943912390725002,2.93820542120483e-12,2.83307045643595e-11,1.06416921306702e-12,1.71331394051892e-11,0.0425068837253582,0.0152612922125546,0.00437488211213314,0.00955026370305075,0.00544620940150216,0.0045016164390223,0.0010068356768944,9.27230849879253e-13,1.52341663275413e-12,0.0059588014021799,0.0774007761304596,0.0773765892349342,0.026015433581809,0.056567577467839,0.0651750559637224,0.0637951941674037,0.0478458263672364,0.0483388104355334,0.0636508056373423,0.0685625265990231,0.0673970635811333,0.0794616064416803,0.0706641882025806,0.062453610996153,0.0571128188012081,0.0619007244955486,0.0553969815974912,0.0617185668560217,0.0605996215399153,0.0632518384868124,0.0823441704144459,0.0766850616781006,0.0447953482158729,0.0123298345767274,0.0688908396873476,5.66893688911521,7.38266249243716,4.23478332387225,5.26180997297763,4.22602174122858,7.92948911509124,5.36083202176711,6.78492482031409,4.77534180471025,4.12709062980914,6.44445186156369,7.43971501065909,4.2143146346869,6.30735318576151,4.82077786503122,5.87022525681515,5.04335142286873,5.50522362527429,5.63643629347159,4.12833253743331,7.49937769524278,6.38514197737409,4.53190467232766,4.0956846152715,4.54712007768057
subj_23,549.724658444193,542.123617449119,599.463062251948,572.468051804827,571.295613851425,604.689785320265,535.128408247769,560.010219796254,554.880961830377,553.925067044058,569.456706368574,588.925286556408,554.931974486097,561.420917290198,570.077775249271,590.298215900061,567.971237837253,575.951650453852,544.573761097143,543.923486410124,535.742610642258,544.642845995835,608.230299990182,606.080195149831,530.599323886715,0.359453533510706,0.34773812972373,0.393476745426728,0.322880237461805,0.214344269301454,0.467538985999278,0.244195214320793,0.245780374146591,0.416169836171979,0.166489564653636,0.430937070317894,0.331318487636043,0.408151511706278,0.284826650817357,0.461868777944822,0.265991226828548,0.196447143767336,0.215701713621625,0.359337264792921,0.175212617666495,0.335288814974809,0.184607026000054,0.172442190043796,0.219733606718826,0.226808408805558,0.440937349634818,0.372322978376663,0.383373005211248,0.24979395228814,0.436017347442231,0.297527109974355,0.28892409467332,0.178840599168304,0.218751803332578,0.366101732499811,0.447599881661022,0.284662947118588,0.276104069934538,0.371256347529931,0.380383725078156,0.210377036868632,0.536912881640979,0.229888701409141,0.229483417306175,0.085684245130293,0.257038080252811,0.195580730352172,0.321635677309885,0.396917348503437,0.380794762327351,0.270839302214678,0.0829835261701706,0.0686673346766003,0.0544575175805159,0.0426960449731106,0.090769949573805,0.152292905372434,0.0734250529539104,0.0920403516363349,0.0929155834095109,0.076146799372862,0.0957720076534595,0.0977681222781285,0.0355151212811177,0.0212790053175395,0.0614873662275327,0.124881266374579,0.0335599064159267,0.026163677631914,0.179272442603696,0.0503898493378336,0.0439777703620214,0.0218784888250859,0.10719931164943,0.096362932473865,0.00845291766542489,8.79493359499604e-10,1.80323714346514e-09,0.00847459331805683,0.00763038028914233,1.65849192337256e-09,0.0295719262896275,0.0141828042034144,0.0252315288617041,0.0840961647376952,0.0206670779493419,2.82160173189556e-10,0.0872317237217446,0.0636984887057205,3.03159950645809e-10,1.93372391774508e-09,0.171784545395035,7.01808825310693e-10,2.38924908497337e-09,0.0327609494283999,7.26785918087957e-10,3.68630086830979e-11,0.046138875931484,3.42527243864772e-09,0.030046774324899,1.71223533930773,1.61722494592856,1.38366480005799,1.65655473975242,1.58223437889273,1.33693022261032,1.9362489076264,1.84081456881979,1.70067919871898,1.7782135458266,1.54343729260354,1.53957651172893,1.84278018293299,1.75389263583908,1.4940051473284,1.48561676494762,1.75873696058936,1.55867659892037,1.81019028671417,2.28291157242619,1.79573411090311,1.82122065921742,1.35279429815248,1.33309323459851,1.92565751429692
subj_24,39.1923987166916,39.1867420569431,41.7555704475586,41.9592854087636,41.7555704641928,41.9592854085404,40.3039064228582,40.7572797427201,41.7555704446542,45.9833348547976,47.5044628529484,41.9592854084706,39.1866966862821,41.9592854085416,40.5729910473956,40.5729910473701,46.1181684918353,41.7555704485737,40.7572797453076,43.3455797696054,39.1867034795741,42.6390356372679,39.1867493814487,40.5729910473519,43.3455797696325,0.999846478219863,0.999999567510569,0.502131027548002,0.691829897701313,0.500004326615633,0.997871039718741,0.999999999236653,0.871439755878282,0.510441848544815,0.500540767463227,0.429046485772215,0.72872410262674,0.631924227313947,0.611929176008607,0.725238080184647,0.501524406246086,0.50821502893836,0.50317734135705,0.512170456137038,0.612218883456384,0.999998964751811,0.502180428519879,0.999999991649459,0.486484625990542,0.645256384901839,0.486763607805627,0.465651400948613,0.475117178828326,0.659511773485285,0.500272469268849,0.765453416254433,0.501130623319766,0.500071066115461,0.490116430469365,0.47478822089884,0.406777138425165,0.733655706566397,0.586401053788315,0.522181426769002,0.52663487704873,0.470311917408655,0.490544028280199,0.517332935787811,0.495289981550701,0.474005913893412,0.541476805807282,0.492599672506209,0.496866097951867,0.527772057967788,0.583812977144563,0.627408682937967,0.625751236882778,0.626557441941694,0.856668145488338,0.622859346900531,0.889853085234578,0.627508288906016,0.63563584172845,0.620424565840737,0.628599098715566,0.834114626298215,0.925088983011716,0.688147104258081,0.770415811454722,0.908608631613256,0.652411976296479,0.686904313873456,0.62932442354831,0.623817148480687,0.863600615027553,0.640627742876182,0.624365839722584,0.627243882133713,0.784698904092665,0.935759892422404,0.0594189545959057,0.108406913044708,0.00417961866241508,2.42197456074085e-09,0.00417968285987679,2.88126650940942e-07,0.0565682721537409,0.0331699198869825,0.00417960565837872,0.00271863004309692,6.78319170536951e-17,7.77845238192783e-15,0.0746712300225355,1.25551062604046e-07,7.01980960543084e-14,3.54942088232364e-14,8.17169372211458e-15,0.00417962229829843,0.033169915112754,4.28483652887752e-08,0.127652392387611,0.00755284651052417,0.106901049841398,2.18855738528937e-15,7.8565145797792e-09,99.9999976567397,99.999993489391,99.9996129993981,37.6786279676893,99.9980655741935,38.4818999416449,99.9999999899531,99.999999294201,99.9999023002897,99.9999882589778,94.2740584430718,41.1390773781502,72.762522511155,50.818780179866,46.6245448158567,90.155523053386,78.3190146854963,99.9995161284136,99.9999964705585,49.8180504251536,99.9999908628893,99.9998025021223,99.9999996496157,58.4859749880543,42.5911454748167
subj_25,362.771014721869,428.739128373061,382.714262575381,367.078313396571,349.676756185516,394.730870164618,375.56380845788,438.416010920097,396.424389353802,386.003057724595,323.466413692698,434.181447640456,416.29227069231,419.908434753474,451.086646827764,475.741227742875,433.583116634268,402.941926866657,399.278845746032,445.421449700741,414.540749647797,396.498151929125,413.105861959231,398.514887778044,405.420839555922,0.552903104360229,0.627208159030139,0.406662488256054,0.951832125607993,0.413418614433696,0.610965028289997,0.372136478439923,0.460881651256441,0.431153063109849,0.584824570845578,0.461103124016702,0.858856626051524,0.726631032528017,0.54174499321628,0.573819729684393,0.504838738952651,0.645646841802263,0.375480649978242,0.419383359600848,0.620864485538349,0.671197657269649,0.494541958557188,0.802315880971283,0.611496408437754,0.584072974808598,0.397676912927136,0.145994547721115,0.25209197353447,0.45685434693535,0.142250876401566,0.37706091781267,0.281465349109482,0.16912937894479,0.207861306004261,0.281332975816124,0.248403004970963,0.526247322496572,0.3768498202811,0.359238167039894,0.462834089628018,0.459903640038316,0.552032958935885,0.195706156720888,0.370026731429537,0.324000519262349,0.489339869465907,0.441465911134679,0.306184552046715,0.330675218285449,0.335934285180657,0.162812211501027,0.12240175183255,0.108713169828463,0.0658496672142108,0.09898213083784,0.158772927487003,0.137048351695842,0.11713849145503,0.12935733866405,0.233239097445881,0.0600365904281744,0.0226888471761676,0.110955921380704,0.110601044627192,0.135028373331538,0.24548297953755,0.166501526930892,0.0642857518073224,0.100070390572336,0.113424463823645,0.0616659040663491,0.0629829900508687,0.0714932278462577,0.161771951324275,0.154756669584465,0.0407989792585275,0.0188170040241608,2.26673915040109e-11,0.0208827260696109,0.0274577082086649,0.0426807855766456,0.0305795328659231,0.0139620268829582,0.100925746459575,1.76230569801307e-10,2.08405274680994e-12,0.172437911146955,1.81092026222765e-11,0.0480209807120205,0.0570673384453324,0.0308867409261698,0.0165277148386556,0.0479224004264432,0.0264619354160595,1.50711508328879e-09,1.47297858574172e-09,0.0435038489362389,0.143797550504865,5.60856585233378e-08,4.01376932222743e-11,3.02672959239713,2.70190636045895,2.62786217098163,2.51868719220047,3.35368171137883,2.55587992398173,2.89860352984619,2.51188430534476,3.13356231072222,2.81782511145984,3.09088402999693,2.10727334353321,2.26424574995955,2.60178152155113,2.36879128192593,2.09767037310143,2.23700435757548,2.8978701576609,2.67107720843882,2.30912965173891,2.29440528053609,2.63793276572155,2.52737992339641,2.61917675541744,2.53736225105037
subj_26,481.795298560288,446.330864663364,529.749877509717,456.344513201828,455.368674976961,471.803641716026,447.244215261045,511.135870266179,520.357925392099,429.430035131918,490.359176250082,500.174705976297,522.167829344308,440.843168806484,484.345074848902,434.937045286565,511.07298483778,474.995795852596,459.532416211434,474.442763759241,511.694549565887,430.124775922989,473.772017506003,473.752268159649,502.897783512882,0.00261332069668497,0.00100394365628537,0.000768410862326844,0.000973089949636583,0.000912733261248334,0.0182365353695992,0.000790009152236216,0.00063610018430307,0.000766986571583162,0.000813383065244958,0.000497078696433626,0.000988369672051431,0.00045311297199394,0.0177090400502828,0.000927862716340711,0.00102468011900725,0.00584934637047662,0.000766773296590102,0.00114679724729564,0.000748248681164533,0.000724332081774749,0.000793094133407355,0.000814671316973408,0.000669794998415397,0.000758977326485338,0.00459687025162938,0.0017400846608108,0.00172102798619305,0.00129185540148348,0.00118011357479065,0.0500154501535079,0.00133007699565936,0.00106382793059635,0.00149573469401872,0.0016097998901443,0.00159271941922847,0.00131489032922933,0.00116018553681788,0.0301529207469939,0.00116778744607905,0.00130702797587698,0.014265445916575,0.00137047083129327,0.00216023665860027,0.00144664978510366,0.00151019830885519,0.00167924808693733,0.00137063791841241,0.00134661695270697,0.00117454940769215,0.00284192042690427,0.00112866564167056,0.00101644857898442,0.000483375296744612,0.00172347313906926,0.0301703751963661,0.00121422317145866,0.000434221405454446,0.00155308381352126,0.00134182784284434,0.00185165454625017,0.00048836105323834,0.00157361719759955,0.0248174756251062,0.000845558298795077,0.00185254533764987,0.0106885137162495,0.00107379807639029,0.00219835447035078,0.000735727382455873,0.00118572028726109,0.00136235399084842,0.00076347468986165,0.00305450497436867,0.000876867859087127,0.000193166939286273,0.000139760656190876,9.2325900243131e-05,0.000725149138170173,0.000514598708065245,0.00271785740178483,0.000670477740894747,0.000527916573445135,6.69779832776481e-05,1.89674199782688e-12,0.00083308847839542,1.00542002227049e-15,0.000455526125499443,0.00169424675412007,1.30238545302003e-13,0.000352476202494007,3.24328080212834e-12,0.000295576581617989,4.4146994253953e-15,0.000462792835045774,2.29095375921653e-05,0.000751720536240253,8.18558076214954e-05,0.00102831788782578,3.41650376447651e-14,32.3675249371101,99.9998891259871,99.9999775430589,99.9999870176714,99.9999904661134,5.14357149422504,99.9999106386312,99.9999603712988,99.9999407508297,99.9999996285105,99.999957103912,99.9999999938702,99.9999790311808,7.83788407224356,99.9999999844231,99.9999539923873,12.3355362001112,99.9999729934386,99.9999999982301,99.9999044767583,99.9999977946593,99.9999896646015,99.9998635118592,99.9999886676581,99.9999998134932
subj_27,401.303761801476,451.326633444066,420.509176199186,378.791307822998,419.40425875324,387.314495596245,421.19365347108,416.234200059789,385.001982957042,452.235199408826,447.536707223567,405.851588439832,428.972292150909,463.009071704988,431.698011803631,439.504460222027,405.394846166669,499.684763684378,451.181278395416,394.541225328708,469.19683672828,457.653429569046,429.400737320818,435.499015744537,433.884169000031,0.815892811611096,0.759074331592785,0.539641653785699,0.519772055140593,0.606566677573258,0.706021067347098,0.555871100202033,0.48203496960488,0.636508753893685,0.866652850583212,0.508724120322233,0.462045732925267,0.76020019899427,0.544586946160071,0.585831938988196,0.550286600787624,0.387303832409027,0.514779355701971,0.784381564043415,0.516529464911315,0.619406866521218,0.466667331876127,0.672105278749903,0.497623542020219,0.678666721555393,0.11122158188868,0.0334890618805367,0.0540947500519271,0.0868583171046804,0.0417588455910213,0.0751124256896062,0.0539891202467864,0.10269968602143,0.0744556764050753,0.0674676522085171,0.0681042119158267,0.0586734692492876,0.0695501108365154,0.061740559248523,0.0484850143808745,0.0970653010233309,0.0547153871142182,0.0715628165619399,0.0875593944392924,0.0547201887294883,0.0767467197674705,0.103412746736497,0.042043229422527,0.115536487551138,0.0671928537602838,9.37017545112501e-12,0.00859116037361325,1.4065658577231e-11,9.50071756076436e-13,0.0164937637634305,1.80442751798853e-08,1.58561030933175e-11,0.0166242293942328,6.87129064163588e-12,0.0174169005094645,1.20564274070538e-10,0.0138202739989898,9.65737180993588e-12,1.04746720554283e-12,0.0168789269876652,5.80120856048978e-07,5.44570515545089e-12,0.00912998037062813,1.95457367768748e-11,7.66883254998569e-11,0.0234249910855016,5.72230420038321e-13,0.00474993682942866,3.08543700942635e-10,0.000267949885983568,0.134278601392741,0.253454337328903,0.174816213795252,0.164584342579146,0.125871709435348,0.223514900429304,0.141549766492394,0.172011046167727,0.222611057317241,0.24907068339716,0.214658198078794,0.121022821674361,0.113969858246955,0.205221274226014,0.138587088860861,0.0991438779880887,0.139603900160816,0.196983076998876,0.1613131908145,0.149717393372556,0.206895875485553,0.151795461958901,0.192660706643326,0.153686655385742,0.196755771121355,2.5510843848653,3.38351839239237,3.09667597940333,3.17604341196254,3.27124528723571,3.21488737786235,3.14668628488965,3.0412501217101,3.24361165572079,2.89974016858746,2.93974240453192,3.32500229372395,2.87308733047935,3.1791248981047,3.17586258212372,2.6082645239364,3.27456032004341,2.69560152752445,2.61819615943531,3.44809829365688,2.82487172292214,2.632013375047,3.39633247983198,2.66406034910139,3.03892335908581
subj_28,691.124837357274,670.980001190658,690.907595101962,680.506908311242,673.138375541121,690.093017148593,690.121895973125,684.662190544154,689.102296623838,688.536483189579,687.589782319376,679.263178709457,684.094770775335,687.351702175248,675.499607566709,680.411689289736,680.187195092593,686.46251222846,688.212706581096,688.775848057497,689.824068529732,674.325070601741,684.337083697103,675.461707039587,688.443619373783,0.922289061414032,0.999999999308171,0.999999998490746,0.999999785687422,0.999999985977674,0.999999640976041,4.2350894974738e-09,0.591445135210654,0.999999846483385,0.999999993152213,0.999999786862901,0.99999997336737,0.999999996858078,0.792038158603885,0.105086390731926,0.999999962767212,0.999999905057569,0.894516649077831,0.662477772428536,3.18971603090309e-05,0.631604796841278,0.999997043063394,0.999999999652152,0.399006902052319,0.999999999511628,0.0460519305497835,0.247058855787156,3.48365736916909e-10,0.150703455200359,0.73688644929967,0.0330548940660024,3.98408021083976e-10,1.39072667483073e-11,2.05286054027523e-08,4.85038551643311e-09,1.49791049679631e-06,0.660212958821367,1.38471940398598e-10,1.74122298106634e-09,0.219350859296258,1.78712496323059e-08,0.194373590872446,4.08378194216489e-10,3.91216894538981e-10,7.40695637037838e-16,1.20873833008163e-10,0.803413750829253,1.22968690787448e-11,2.61400778462817e-12,4.36180965290281e-11,0.0220798795423465,0.0730368633858277,0.0118584148907325,0.999999978052283,1.25089345098244e-08,0.377849417869007,0.0266477957667343,8.63473174761509e-12,1.69754359339543e-08,0.49758448887625,0.767880353814872,0.042691476034963,0.00158860229256725,2.24157305100652e-09,0.00465975248688118,1.01227060111535e-07,0.024102130554982,6.94239891940891e-10,0.0256223842043976,9.3012572845285e-16,1.81897550632171e-10,0.773015052764749,7.71249916465822e-12,1.62398477896244e-12,1.11156282851928e-10,0.999999692357302,0.989330930615244,0.999999998834752,0.940896107254858,0.927767271178994,0.888080872715992,0.950088526631789,0.962104842325245,0.918937577206163,0.999999992563834,0.945011741188266,0.999999648205284,0.556109994772244,0.999999869416392,0.509610776890789,0.999999379298533,0.999999982979513,0.781088020607522,0.93123183584113,0.000475495602277301,0.506265184634475,0.999999597522002,0.999999999654454,0.999999999888849,0.973865050938491,0.283723416635445,0.577823611041715,0.300327862348745,0.384233854259869,0.502070397352401,0.288528573431112,0.334824786719767,0.509062538136532,0.362527026714243,0.299926172377237,0.294202576249175,0.424868945737603,0.539378578092782,0.410220730726565,0.646109095981945,0.526609196307503,0.467372732117205,0.460933408294015,0.401877389064124,99.9999996997682,0.426998280317925,0.470041503061451,0.454945177752111,0.654638252456657,0.371463787018865
subj_29,193.794459072474,157.113209476981,129.757385704459,226.434369057345,223.563192863256,201.55553571486,210.272437398533,173.661638164431,189.142433008411,210.882618255424,195.431338634794,150.465769781129,160.05305543521,244.73210598293,148.819138001116,183.495181440343,120.137511660925,223.901009244706,221.719924215266,200.994465256594,172.000966627131,222.381214797732,178.968672752347,285.433009564954,193.221954041787,0.00471236039065174,0.0056630781924626,0.0062863171244719,0.122635012955636,0.399708014721173,0.0797398015376602,0.00605234954138525,0.136973696246916,0.011404927744498,0.290817616884418,0.0166118129759783,0.00394194081674466,0.0862277199351829,0.059897237755549,0.0529767167197169,0.00975780122167765,0.0125915518657817,0.00650225098486014,0.0994768340205893,0.0538500029479114,0.00691880516005249,0.00771087651782453,0.00654796635213235,0.0470472895235126,0.00553621541569495,0.00419460085228962,0.00358710823357557,0.0037607987585724,0.0730091915355292,0.0465429973921265,0.0364081035034316,0.00200193069887381,0.0323667007990805,0.00217100305561894,0.0530656353255081,0.00238178060947241,0.00289132687891702,0.035701963773009,0.0137541335192275,0.0300468982102442,0.00496571149972994,0.00341345253116972,0.0024469127434835,0.036263184449994,0.0357307428200722,0.0044023696822962,0.00237113312720686,0.00276272175289306,0.0169825155332027,0.00239173877592385,2.8420176952289e-15,9.39036996012889e-15,0.000721480237609942,0.0152649217301051,0.00576668212216461,0.00680135442934652,0.000815895262333511,0.0102833091663241,0.0004945907741739,0.00505764928749673,1.2020416800319e-14,0.00159039657261723,0.00168251396593976,0.000456857398687738,0.00737093204980607,0.00219605033642172,0.00265216166503207,3.00923511132133e-14,0.0041600444796865,2.96225751994138e-12,0.000599484957976297,0.00134148849912254,0.0010615899223271,1.07745171800953e-12,0.000358584763596983,3.73191066598309e-16,0.00300575155147216,7.27995477536239e-14,4.20239590752942e-11,0.0213320385723386,0.0204336272762986,0.00261676409926442,4.64049391916209e-11,0.00478345443185625,0.0123984775558739,0.00311558888199484,1.13088131739994e-13,1.11504842187325e-10,0.0171782103154964,0.00747086840397706,0.00625566219236381,0.00254966417330079,0.000333406668420397,0.00717683360732049,0.00209961468519715,1.54932398465612e-15,0.00400290621241163,0.00276673642196843,0.000974503021876814,0.00302223283972621,99.9999999983506,99.9999999918268,99.9999999109726,5.41048413314249,6.27989597256087,9.59020780261828,99.999972080483,9.00219730210126,99.9998675879746,6.24157706365999,99.9999999362242,99.999999840626,8.10896921027806,14.0641797581424,11.805323455213,53.3171226323337,99.9999107733982,99.9999999534409,8.81947937018994,8.55368412570952,99.9999999833976,99.9999943663667,99.9999833860504,12.163347238301,99.9999917292143
subj_30,582.913983834386,571.151053336242,575.945676406751,568.331348561855,558.666086887507,607.334724795746,526.125798274199,592.341692509699,568.403201829686,579.60484571701,544.193134770183,589.917587323445,603.885061689829,604.605535689198,596.561017863323,534.11291125136,587.109639500542,588.49148214366,591.939495491269,572.911863393936,551.745107097932,586.720230943408,571.313431600758,532.053017301023,599.815528096556,0.748948592002574,0.277048369009513,0.541041160597191,0.339280598049139,0.50476880044067,0.278957440857856,0.313221948044737,0.553359997675051,0.402913273036775,0.229829018490781,0.416175887028477,0.320352399638724,0.40757622127885,0.320351263112956,0.393006745081857,0.419399540558913,0.418961471827833,0.32468506544534,0.198388112106577,0.549806384404371,0.381108887552661,0.411223904931873,0.588847799636532,0.719394982325802,0.495073523925073,0.27381120356952,0.514995870335491,0.508944423139827,0.320871958175441,0.249130656580139,0.329920012663788,0.33189356113664,0.490741908434202,0.0606006603336807,0.326580842319361,0.37276815106375,0.171929332592635,0.295668848440072,0.30214701691246,0.34649691375807,0.309408780840519,0.087125223600161,0.281413033385205,0.362708061638353,0.145565032932599,0.376825637966583,0.348030213064495,0.370552439595467,0.364709340184771,0.436936185891631,0.0354967849127554,0.0728100537788975,0.173672552154513,0.159480881877759,0.0494065052231965,0.0715463795395815,0.0472015590772985,0.23729212233554,0.00370175436440299,0.0865545057154578,0.122375965734523,0.0724042941948205,0.0435926951233591,0.0852908433938356,0.125582182785623,0.0707120507638689,0.0417151240349046,0.0991477822009438,0.146160277980581,0.0224021454451238,0.157459110408701,0.0362369479142047,1.85950664318537e-09,0.0360103381211389,0.187602521480636,0.0768909080439417,1.40189303752409e-10,0.0275458320425441,0.0125417928050307,8.96097381683746e-10,1.92521896336615e-09,0.00643551205384031,3.77856984674727e-08,0.0245742943280393,1.28495304529507e-09,0.0143215382926902,0.0139570258218297,0.0314912640376169,0.0287166375935785,9.72085717794065e-10,0.00491922835580074,0.0320360057874339,2.33087362206404e-10,0.0161843197316091,0.0172215522143449,0.00992659661453523,0.00015648079359332,0.00301917922457342,0.17214036745683,1.55785444639926e-09,1.36064922470316,1.46371191551144,1.43810629626832,1.58249747301198,1.53333431690332,1.29945483495965,1.79009048848408,1.31244923338273,1.79135781400442,1.54728435634358,1.74366631780794,1.65581597420612,1.44345071244579,1.39825906937818,1.32371084417055,1.75523600681505,1.59351947890793,1.51014128522178,1.56202487350803,1.56105704893832,1.6938095699937,1.41250652980209,1.41808828104031,1.62113960267303,1.30595586965617
subj_31,686.647303059511,685.74624066694,670.401029499493,664.66079893619,662.47251251092,665.92874648051,668.207634246075,650.733681167748,655.03549292533,676.601232312655,677.119792735542,670.070684302896,669.064614803934,679.242587261254,672.601078255545,659.117672619451,671.082684363057,672.716233839946,664.755475632059,658.48242021357,646.108927589546,679.852181221594,674.427997156096,650.921983233082,660.571132220238,0.982278214555889,0.282858425019893,0.214056640740795,0.999999535805326,0.476328322278308,0.425389971117968,0.999999465860963,0.0756691279362636,0.502335710792398,0.688637427250442,0.738764438607109,0.92332891656375,0.999999951593134,1.28073979520834e-15,0.754077080135011,0.717809070881633,0.818336322982164,0.715858806351053,0.706140238465362,0.999999949350656,0.395223447889952,0.909553572709323,0.626162410380764,0.168518682879528,0.896534429193711,0.983792089342475,0.387241568920178,0.0253761906047143,0.933447270310801,0.167016176596575,0.252732131810963,0.445896835622592,0.0336415519459969,0.105816016204278,0.0242735742773683,0.263958388988652,0.41147470615359,0.999999959929485,0.000193283234297135,0.999999838674697,0.688467376013551,6.98646290579709e-10,0.564403362376702,0.30267922388989,0.297330120177146,0.407029605930144,2.14589045808492e-10,0.0582725788753553,0.308000325470719,0.583913413230401,4.16603770210541e-07,2.50666496851741e-08,2.38738728910648e-11,0.201552997620094,0.296067296987403,0.11718396493059,0.214062427421256,0.0394968969205486,0.0271192577059121,0.135511641794905,0.0254812807430692,0.0305283301707883,0.417928099232158,0.00020232214900034,0.841385857572061,8.93475602684767e-09,0.341744299419805,0.0165942739734839,4.94011698716859e-07,0.00992450840110297,0.0363455830562706,0.0217013485349544,0.014843621328143,0.269627050369726,0.0838692503006967,0.419556052665602,0.794510848579197,0.257391852753884,0.19925205693633,0.19093696564032,0.40470423797881,0.238857092844673,0.091075959337427,0.301333176816063,0.106988447334177,0.483018857723571,0.273606862965692,0.133667155291985,0.000269779671849175,6.55279052359597e-07,0.918048133814488,0.359125668456813,0.432946781545779,0.0742289616133182,0.858035467011916,0.00311937157060815,0.24233629402915,0.507249649358042,0.179347170544587,0.33950546010431,0.313502992789539,0.438116579585308,1.15398410130855,0.607703006310551,0.886155826054117,0.810137610736204,0.64144417269294,1.42692249101225,1.00559879209684,0.671129190205493,0.56790117022544,0.615042296408421,0.548895876394709,99.9999998345982,0.500457446029971,0.663212224576736,0.677706566749044,0.600543308569659,0.706195861470298,0.71189259901185,0.96337675099575,0.625614407725725,0.721869682367014,1.08718712716326,0.710701397126986
subj_32,388.404178443832,366.802404499355,338.289843600718,346.844344267749,362.706115860765,365.22869416284,367.790862538943,338.727848531407,359.701215113895,365.944274399612,368.877802625451,367.03216983115,361.323958209301,355.669951089187,356.408275366599,343.827865559154,348.484106413848,384.018985607753,349.313640487375,373.124656913872,383.736332287268,385.963523279433,351.43971461474,329.798061692512,301.418966542452,0.24288972204663,0.99999998321089,0.463844192356998,0.0158736458216137,0.188705609713999,0.999999999637548,0.0323247541351352,0.122171525261789,0.0155355099589042,0.0108210271691803,0.999999998908937,0.256485301266985,0.261571704282176,0.328788685474513,0.324673797485365,0.77781915305686,0.0759906270299822,0.419908230641251,0.218241499816326,0.481629065940865,0.999999973349543,0.178757372541445,0.999999999854697,0.581288953691212,0.997139956591642,0.0102383461879861,0.0139613114038892,0.014258014212087,0.000443848176495091,0.00192761542071653,0.0102653072952649,0.000290061612357663,7.04599792999178e-05,0.000307814243845584,0.000328148717277121,0.0121392583146186,0.0107736433631851,0.00396596330636985,0.00694188743221825,0.0121428699363229,0.000162357192758957,0.00171078702597306,0.0104809317046491,0.0133406572376979,0.00680274615438383,0.0134911555395946,0.00559530073006035,0.00941095011770216,0.000398971512009416,0.000489458254133943,1.1451230437696e-13,3.21410461954396e-10,0.0113273851340585,0.000345966076728861,0.00908293129291197,7.85992450843061e-13,3.13244575426999e-05,0.00109216163705398,0.000233644103784976,0.000271506398498849,1.87952031870583e-12,0.00857107308862102,0.0153531082161093,0.0018412723812138,7.25400486085679e-11,0.000479482998584218,0.000694448364202041,0.00284286901011299,0.00742259663092911,0.00646290600483977,2.128983565427e-09,4.26970292176972e-15,2.19133685357844e-14,0.000173057919392357,0.000907918735882634,0.012515357180655,1.16079690552366e-09,3.13845168913139e-11,0.00455598275642606,6.00602553791806e-11,0.0273475803317292,0.0112284887407291,0.0154083427766252,0.00714122968180542,0.0103876891556462,3.83421814911456e-11,4.63705799930868e-11,0.0194434530301204,0.029002181312634,8.13469921483239e-12,0.129637635860009,0.0400058744423074,0.00581481943990518,0.0424719622913893,0.0210172294859308,0.0331600250160694,0.0420909347314735,8.45694861316496e-12,0.0586518161402207,0.107429610682155,5.75300441294827,4.83501638551687,5.45368762310073,99.9999153072259,7.87379116298248,4.89668014089575,99.9999898746549,99.9999782388439,99.9998032445255,99.9997736059548,4.80154443620782,5.39704299856577,7.58370408631391,7.008611590166,4.81677403985426,99.9996072802146,21.18050362529,5.07084744205681,6.54675669517687,5.27383504302595,4.24622972805407,8.58041474709143,5.46816672834446,99.9994312696779,99.9971773244581
subj_33,298.459022032033,289.257861046566,294.729139044509,291.991693789767,278.471684509258,289.61594023821,268.329633060229,289.170328980149,268.459948854995,231.609556231561,261.002047524153,312.326124478803,251.740179855612,296.072157356996,295.298539045824,280.945503836771,257.358299580851,309.658367541205,277.045109741651,261.148012595602,297.564055371991,232.763051680909,280.824633827699,340.885819661868,305.677303229818,0.648979768865169,0.497790665597582,0.500093932545726,0.998927489107403,0.49968084731509,0.500153024727502,0.66558756869656,0.994509704547263,0.503735272203647,0.999999029958771,0.466939094623897,0.499252252062484,0.500597553462504,0.538774988131496,0.999999871535402,0.500819328496162,0.999999999161592,0.49806562315754,0.506614230459349,0.879847135615569,0.636122780357999,0.945940747377124,0.99999111727061,0.780825815958688,0.999999936627134,0.000612357182776732,0.000570758618182853,0.000643107613612594,0.000810502265637572,0.000865355714018433,0.000860314172437142,0.00102528991047787,0.000880036873810632,0.000846097720707958,0.011667808215126,0.0011316628718748,0.000768077832475895,0.00125983071425399,0.000849291847119951,0.000979732307633916,0.000961012196294835,0.0107278472741216,0.000640153759282067,0.000840983521057655,0.000985599872517258,0.000718677741820435,0.00117117724905733,0.0137247417667995,0.000614669769909261,0.00971765506438414,0.000785999798621704,0.00106641237462015,0.000396129679023996,0.000463392003407076,0.000408930651138292,0.000709204465505196,0.000223844844587931,0.000429516056421244,0.000233670917362311,0.000602935348494262,0.000182129763637778,0.000134449093329712,0.000581244951924646,0.000405080816225017,5.52164611775422e-17,8.67023141280294e-16,4.15028403742606e-14,0.000474379926080844,1.54386734941434e-12,0.000179074583727786,0.000520164957232134,0.000676600347042146,0.00079600603273545,1.04410674099946e-15,5.56678513458401e-13,0.0930555843000312,7.99999924606657e-13,1.60857819757368e-06,0.128722534860428,0.00290106686641579,0.00895118531804858,0.0454065829122868,0.0815238794588873,0.00762732650215044,5.61728052604794e-11,0.00126020758169428,1.59999999277376e-12,0.00755285589142934,1.59999218067176e-12,0.14854929506697,0.000538982030681659,0.061654143532886,0.00755807433969351,0.0382971538401327,1.59757941928676e-06,6.71447675507636e-14,0.0544039542891102,0.011451526899309,0.004179534175898,5.467790513631e-10,99.9997034370555,99.9999994349925,99.9999282764589,99.9999734240662,99.9999818413319,99.9999427822767,99.9998084623771,99.9990507101743,99.9999150235225,11.3627793396761,99.9999769185875,99.999999809605,99.9999609158216,99.9999968015296,99.9999999999954,99.9999999993011,11.3150101044754,99.9997295141183,99.9999997135228,99.9999726075372,99.9999999746291,95.8043526931231,7.88360759108023,99.9999999572862,9.56191936389165
subj_34,355.765757032523,225.586327300211,205.024344065679,255.73438929278,308.130318729366,240.389419851085,278.674850776954,152.11753287681,283.304958891172,301.370518396768,255.044092349208,245.719527334034,206.390798513682,238.131007860619,195.208310168311,308.176886816292,309.031431576824,265.223451601071,178.88816447331,258.625935709317,322.746979097017,251.413402176668,326.26428010277,294.365557863006,277.427784470743,0.180148789912944,0.0657128090779921,0.11808863420656,0.0508041802423415,0.0853352737160823,0.0584480898393612,0.140726150389336,0.0572844843494602,0.0547698898277371,0.142193024377941,0.0245728106001639,0.0390070164860047,0.0932534590630976,0.10120762941166,0.093152388914612,0.129247025359769,0.192153845977059,0.105331093688824,0.200708174898814,0.0736221117647954,0.118498929303924,0.11621142041477,0.181842591224253,0.118130319636157,0.0777351152429818,0.136408623374203,0.166334057155521,0.109267917763588,0.163251973482477,0.0751230250330735,0.0407590128401841,0.143603760097803,0.231953147459179,0.0405625081144529,0.129273521497355,0.014038762575722,0.0618212416138816,0.11385749303553,0.254486408793783,0.0789162317473126,0.145254732485547,0.150623001990456,0.152272912537514,0.0879791535951144,0.101391786016751,0.127690620221225,0.102667508994519,0.128663772156497,0.130161376606738,0.264359782774985,1.25892929282892e-12,7.62323525106609e-12,0.0193396658416197,0.033618112990714,0.0157021199322569,3.27550432664999e-12,2.85762271264237e-12,0.070355790437274,0.00433088163884084,0.00626019351624899,7.10153175506122e-10,0.008023884490708,4.40842595166812e-11,4.02195385512075e-11,3.83458072395401e-11,3.28215481875681e-11,0.0136916218305801,3.04917839276883e-11,4.68751782314574e-11,0.00721922507894362,1.85233315212399e-11,0.0140773710251131,0.0060192726283874,0.0173091223854168,2.16756930934783e-11,0.0390000967626945,0.0124872317324407,0.0144252882121273,0.0261955574557517,0.020462829657138,0.034868327253032,0.0468110474370981,0.0287178685778268,0.0265670226255995,0.0506189076940289,0.0211423642663829,0.0111012993375852,0.0194557406773497,0.0284559201503035,0.045303868452552,0.0285256629327346,0.0338467992191955,0.0442332561536227,0.0356259959698138,0.0081876390478723,0.0357795584865197,0.0363989093762091,0.0273272446407095,0.055646025651133,0.0114286162444782,3.65966907084413,5.07638110389303,4.99625405213711,6.23051459159783,5.31755093985321,7.07591420975991,3.9911492166625,8.4552464658931,7.86008644402383,4.32324836553624,19.3179115350437,7.59867868679385,5.69010703432137,4.2751600939479,7.13591420734965,3.93443469242767,3.57658008063306,4.3746185020929,5.05992885209711,5.33228189487745,3.82676128773481,5.44422640769274,3.78510419831943,4.60635237618862,4.48771191758351
subj_35,599.048406962639,632.791885688786,603.074607253252,626.214756163716,635.327780698295,618.813100463148,630.571633017426,598.827185606198,579.526513107649,618.066213055895,643.078845290279,618.354214632844,620.236866882131,642.834814327584,639.500403437928,574.980007675648,610.986581879336,629.086243455072,648.365520298848,597.427980402264,628.425979851566,661.866378637871,641.561891441077,630.487765402072,656.465164111813,0.56379198704157,0.724386438994625,0.326554460806899,0.598692071939744,0.548638513906811,0.373603252074891,0.308851373895763,0.573038007189544,0.515920283404299,0.677678846685078,0.522816680320408,0.514867253631398,0.523023348135297,0.609118014554862,0.471501810855073,0.488540568690911,0.881583954291798,0.880030392035176,0.384129262400757,0.664619465845153,0.327669338961031,1.310536930583e-08,0.03793481475471,0.674235390837889,0.365408662614433,0.555224410000217,0.311396611241772,0.48051239526625,0.99999998982575,0.124994730158925,0.515531629698732,0.999999826998021,0.749994925313293,0.596919577326842,0.546590726694974,0.700193405006207,0.736331650989443,0.0285182607720529,0.615413897209455,0.766438652868146,0.999999949670174,0.394767068463189,0.49196193488642,0.438289317374818,0.751740562762373,0.558923012925826,0.779872710322321,0.489193600151662,0.689884756570862,0.410424138537828,0.648352961192596,0.512803131736896,0.821665496118193,0.743453228869195,0.730346732781568,0.810188893577464,0.851646524055488,0.999999658289027,0.924341440105807,0.735862341710274,0.56178512312739,0.703592240461262,0.564701557496699,0.869321757541038,0.859454046851036,0.710025607463282,0.530315981011895,0.999999955539919,0.736511371893449,0.572890327721561,0.472378357569715,0.676491171560845,0.533815442528615,0.724941824791567,0.638912963279825,0.269666453083821,0.151314972114762,0.141983144176103,1.77792558074594e-09,0.117879228026883,0.190113233542333,0.431867259991949,0.0550890252005377,0.0191092983267471,0.0636421148125653,0.191285604191923,0.0430873022922998,1.01537798004769e-09,0.383038334878409,2.47297416856628e-10,0.0120745534905884,0.0748256453833132,0.0812190719456888,0.103727839496904,0.120972278567914,6.25573653996996e-07,0.269967540077125,0.0170542576406535,0.0515719047926182,0.170678329230268,1.39295637193794,1.00517236067908,1.28257411267467,0.955517079462816,1.01695312729543,1.1458104032182,0.997006686111176,1.10715257109057,1.24061049419359,1.05949761209077,0.980846402785824,1.11497077133326,1.14768203061908,0.872985712318781,0.887293943312185,1.29504346150404,1.13786284205807,0.869194057058946,0.95439914669016,1.25935030629961,1.07492630885569,0.817288273195871,1.20486805375492,0.954981557349555,0.88104675392581
subj_36,541.836943809028,566.033599649572,594.372805398491,603.074589609285,584.226054587437,578.148713267157,564.438074457779,594.99076729728,565.640469572244,565.509286938733,583.566084938685,590.034259596203,616.8941782654,577.538557035681,577.506818290147,595.886381323552,574.238123138736,581.80698000207,592.476144622445,622.46718502514,585.235371595262,600.706242443115,530.116745423235,570.518986004526,602.381821439912,0.632456985825992,0.683044185163315,0.762410150285145,0.47206546938044,0.581341001575918,0.68308308262998,0.464038109338917,0.576656696710732,0.700165095852889,0.70307758535139,0.577727143363065,0.670719142869009,0.419867094265885,0.417234528795952,0.761766377404784,0.708169113516371,0.716579289292372,0.575638023713572,0.866525923552196,0.562289395089025,0.639966929587229,0.779067087000354,0.511394930719759,0.31280031209886,0.551788071113828,0.559745562590472,0.941077427720246,0.99999998861491,0.431499738735311,0.926708052301793,0.631911858564841,0.943350013739189,0.582228244809831,0.999999976553988,0.999999999975096,0.460638067844231,0.874570810550963,0.54974050486413,0.586208602998162,0.703171750602542,0.946718683523968,0.999999971940985,0.633670196044888,0.656058330152086,0.515629293337884,0.726136966379909,0.999999806423991,0.355997174324314,0.91418200820186,0.656756957584827,0.310079648738896,0.613461511257301,0.427959457729263,0.325204474372211,0.314957307777877,0.262124341423031,0.283224588466456,0.516002443081474,0.457330486684257,0.473313130501535,0.387343857443737,0.484249320864741,0.376212417454473,0.335640264091889,0.358836620092414,0.572730866238922,0.440855832479347,0.367610721031075,0.138724540648109,0.558879640606033,0.45179974320415,0.671362105748713,0.251486367044052,0.543234287306944,0.367096875341708,0.0079126753781039,1.9692213299922e-08,0.0109624431963801,1.4057060524527e-09,6.84840642494699e-10,1.48858048429053e-10,1.79742806412201e-09,7.43043912849204e-09,0.0727095273168614,3.56636577996316e-11,0.0508005561011132,0.0028852707131847,0.076710298164681,0.0619124890894416,0.0115343988011824,0.0240003238514254,0.067860182732305,0.0445468266144418,0.0747266331199064,0.0358042727109117,0.0872620983587407,0.106350180724416,0.0336151610729337,4.27840650838197e-08,0.00185840828682612,1.66098109783207,1.33580502500141,1.16557083397579,1.25071683244869,1.23647833153881,1.30595331750548,1.43028045889775,1.24566561508734,1.38716869421409,1.32470186015794,1.48852707844897,1.27472533552355,1.23202869700375,1.54570122510895,1.31707900035906,1.14362590888771,1.30809647482573,1.38990611199582,1.21188246223262,1.11327628582091,1.32115467812559,1.13786294552829,1.86300271580114,1.42674672226954,1.1983076519198
subj_37,684.607152509575,679.466028941898,688.884558347042,677.014514405268,682.179081718784,669.173843890097,677.305602994302,671.94115145633,682.342780449341,675.682445355893,687.801895460734,691.49414312221,686.098969565442,688.545664649099,684.116453892034,679.033614289263,686.728636444717,662.022600737157,686.362068688159,677.783365546802,677.904833169742,681.572266173801,690.48392978462,691.351846587815,686.228906861786,0.999999791648041,0.999999958610465,4.76755267540946e-05,0.999999955298071,0.999999955176221,0.999999984178376,0.999997764908929,5.91691033195692e-09,0.576986911450979,0.664923243095494,0.999999999670293,0.999999962682368,0.999999999290019,0.999999994775024,0.999999990039727,0.9999998237959,1.16214868729521e-11,0.950336045721126,0.598324269424497,0.792603810416982,0.618502450720187,0.999999999807143,1.44243331838514e-08,0.291291968625438,0.706524634574405,0.192356697728448,0.323848098501173,2.25867926356545e-14,0.0374664254952077,0.453420560510892,0.436511265132801,0.951735480292579,0.718783065993724,0.999999964953738,0.819644656030634,0.000602398917445822,0.999997910631983,0.144559787661576,0.14880587551166,2.24870359221607e-09,0.303085203091336,0.259225498912042,0.849012177873044,0.999999638498089,1.99523675850234e-07,0.808372928129975,9.54398891521068e-11,0.99999985980956,0.682880882041985,0.485231676348749,0.999998607314897,0.999999973145892,0.000315390396912244,0.861622676398029,0.146871307206709,0.739744959380945,0.931679392700681,0.999999996053744,0.999999974285049,0.871768833715191,0.999999999992229,0.999999698245355,0.999999999837502,2.65318692299651e-10,0.140523038232866,0.999999966677874,0.349719065888867,0.997407928509896,0.999999637815366,0.108097067181231,0.556139022057109,0.999999999909069,0.99999946386464,0.999999555567653,0.62150003234382,0.340482589079374,0.453432214817729,9.03869663969906e-05,0.0966917148137053,0.57130826667266,0.145491002037384,0.0682430671785665,0.999999999322489,0.513000288014651,4.13772154286627e-09,1.53445650296464e-11,0.438336847325759,0.960580173864127,0.558440394516123,0.254655307920067,0.512876365798449,2.32429741030384e-11,0.999999979900127,0.0844010925339089,0.425496410026169,0.0708073726506287,0.560102268955247,0.00255733775592808,0.904771790858234,0.341567937394247,0.353463478758449,0.438207804488091,99.9999943429048,0.457523561604197,0.436247760634368,0.580404077589281,0.425375735926312,0.480620531421539,0.392059937771039,0.503238974501066,0.270340046965365,0.213944382984468,0.302782443242422,0.345216373412356,0.489843225597544,0.43741309138579,0.625799720308701,0.56345612439196,0.328993735258743,0.610065625607644,0.517852443228315,0.380449412622516,0.314828186074979,0.229465356864283,0.403117947415161
subj_38,203.984400230435,223.042503169512,225.251564668504,175.90818894206,243.86190082323,286.558341268523,145.882625472052,233.42734790193,166.745080833932,345.146272368993,202.375233772505,192.42762062916,262.416640857622,187.868814153329,241.243356098008,159.401957794762,228.481461344599,266.717021493228,245.259675370031,223.447511107533,194.543257085247,236.722199368614,188.227553360734,219.204878176324,222.979105071179,0.351605404412609,0.441728192841097,0.333588663437044,0.295962446533828,0.366030531342173,0.367077226801803,0.520124735189879,0.391779791994996,0.162196072893447,0.359934006006223,0.516178312045966,0.419709652139369,0.361426459999628,0.344125496351603,0.353944622327105,0.342763096220153,0.580514358285217,0.391558742667419,0.316739378403047,0.328676780094935,0.179570865047525,0.374008594438817,0.377136690430149,0.347461842518778,0.172347968560384,0.193364035957965,0.356579302045842,0.0979431792050481,0.163732337914403,0.0950566639028204,0.133365110273863,0.0877971787986926,0.097941973188765,0.275050882408462,0.0984739192129207,0.218190443232765,0.136142483113739,0.110959410293349,0.316548559551326,0.085591282699335,0.29964920085768,0.131462238985589,0.114640142764426,0.120659883849589,0.0899009714887577,0.114151283894377,0.143637760106429,0.195637536387912,0.123018684623085,0.13917673660338,0.0357941101912607,3.41206471125606e-09,0.0109167028516742,1.54227685864117e-11,0.00997122096939338,0.00189665861575744,0.00598676325081527,0.000228990125418394,0.052859102898379,5.02336372134131e-05,2.74913060928385e-11,0.00060286151473252,1.96245278153374e-08,1.79415314642249e-11,1.86668310741953e-12,4.75163086876598e-09,7.63541606275068e-12,1.12739315752038e-11,0.0149722734672087,1.31506540510927e-12,1.85412013324137e-11,0.00052871519355853,2.59701316806919e-12,1.70667589707121e-12,0.00734043519200882,0.0375243205867124,0.0814322449655542,0.087959293767709,0.0743376882716605,0.111286555333986,0.0638684344326813,0.136403234023115,0.086170205912786,0.0812731991972881,0.0421344318925432,0.0853051098214302,0.0778109118405367,0.0449649024214595,0.0410153770956929,0.0511430986860965,0.050288403840185,0.087160308125444,0.0380541823073726,0.0533500718660895,0.075229080470435,0.0515824280094741,1.41638307326213e-09,0.0840838740886441,0.0390078344765379,0.0638283571469477,4.38019249779836,3.74084672581401,4.84385732260135,4.79044201669827,5.08661923256405,4.19812356977062,6.36260505440879,4.83179092955032,6.49179406403034,3.72526394858074,4.0047375380246,4.31610413837,3.54624474905793,3.85573539369133,4.45771604523803,4.45625940216915,3.88252061643603,3.85565195324305,4.31902858616386,4.53806888075897,5.31060104129255,3.85946208929283,4.28602728907884,4.32557143786966,4.98481916863431
subj_39,39.1866966862292,39.186696686229,39.186696686229,39.1866966862361,39.186696686239,39.186696686229,39.186696686229,39.1866966862302,39.186696686229,39.186696686239,39.1866966862449,39.186696686229,39.186696686229,39.186696686229,39.1866966862743,39.186696686229,39.186696686229,39.186696686229,39.186696686229,39.186696686229,39.186696686229,39.186696686229,39.186696686229,39.186696686229,39.1866966862666,0.765655381737385,0.825393809656689,0.867463693035154,0.617111662312869,0.502790654060904,0.529723774161763,0.475753400565174,0.699732387368295,0.993890480744559,0.58589232624624,0.977198160691359,0.973870175854851,0.726921349574037,0.939438743022452,0.490057650558176,0.759044778005349,0.638346792088512,0.519092007301578,0.112273657808567,0.745440923808453,0.542578656231995,0.719158372063379,0.485142745059423,0.588568738706203,0.473026063334128,0.431345682578668,0.652996239177659,0.707196461048427,0.51768720991788,0.485850841605481,0.746209254654613,0.825057798712458,0.364536572625131,0.413682437624801,0.617218482197673,0.950101070695925,0.87387805587525,0.983680160010339,0.72544694374431,0.497988716551781,0.913552667112625,0.978255862252603,0.69093887374235,0.889181070831921,0.40596730044374,0.561625274651974,0.75164825761173,0.450056737841075,0.861026187252501,0.505803389588147,0.964769589984499,0.935478967335038,0.957690637163765,0.743932691441067,0.720610045976824,0.840165720232259,0.851755254132641,0.878314230118781,0.685113352276458,0.75592953285374,0.806413820904625,0.721376575593914,0.84010916572124,0.973097988591463,0.695434520700817,0.941548242613902,0.918791908628838,0.757089779513364,0.852811757208351,0.703611303662003,0.970745001411827,0.731772524816804,0.979668167578254,0.938720126675788,0.704629573480284,0.756677141791333,0.762834990072256,0.79677289372921,0.741488989569463,0.717024884689834,0.737390008582286,0.865899004968552,0.72729883887724,0.811623919015161,0.739961038829017,0.69130397992357,0.78493191957287,0.918232160641436,0.815033479354342,0.690730868335699,0.96802921180821,0.978698172445042,0.943808578249577,0.856754252734947,0.96629538172535,0.785229047258417,0.811031478532717,0.782043258552067,0.848103262164923,0.695244056931596,69.9697667308959,80.0553376117654,63.8930990405761,61.4288776696115,66.7749730207306,80.9123654763314,93.374969589222,77.1914169219491,96.0504971466224,60.2226334275011,76.337797249171,92.4257270674911,61.7994975414519,56.6071253766202,71.185533452485,81.4628596954461,73.1822886149414,91.7699229069623,51.8608148440833,95.0474606261982,95.1615367589169,89.0138911802384,99.1771263236402,98.6473011888863,69.8379367940037
subj_40,318.112351748881,411.300969227125,489.787962037436,472.078382284812,415.369879082002,402.728901530754,381.844681503072,363.948423455384,458.894035444277,316.264215888681,387.858394245871,414.815958455172,335.931007612565,427.517913311591,355.683102174779,401.762844965226,371.641615649654,372.254719773692,379.278835173891,354.377611651546,407.915303347346,349.019602209453,375.149499412275,394.814209962376,417.727836137323,0.125540662674033,0.181512273693423,0.113211609580535,0.254185116737201,0.0480337777120808,0.115493644167468,0.099496198062834,0.145340958068787,0.146408875565721,0.137915632582201,0.109303397082126,0.0523014892039471,0.0716320178928363,0.124721683669668,0.136644792946659,0.135065668914276,0.152594679275625,0.13809433603534,0.287311878307185,0.113306935693514,0.074540211549691,0.14436076149836,0.145169450843282,0.13614275088353,0.207554643433924,0.0618799602445187,0.0700977757573469,0.0184530897427915,0.0451885229361522,0.0368250637920226,0.0285162895330918,0.0400682134019974,0.0573250821193662,0.0350444396600385,0.0580378243944955,0.0617096149273781,0.0393088856750717,0.0313116486619416,0.0472664657937196,0.0603878619147178,0.0643481941390136,0.0713472953480529,0.0513772680706778,0.0520714058714721,0.0306492895399392,0.0254385952062362,0.0332887580028601,0.0377685625062073,0.0523170870588058,0.0441641405620042,0.0190996691011039,0.0149703142132697,2.30361883003162e-11,0.00788683862714287,0.0185480286937693,0.012227095047139,0.0280290822231238,0.0146827828903307,0.0125405504990371,0.0341610713488667,0.0350399437591386,0.0217449608579472,0.0188679412868751,0.0164539708596987,0.0255194186343991,0.0353426076441021,0.0184973140535281,0.00471014622762394,0.0363196256273121,0.0102229127875039,0.0176246635190116,0.0208154754489009,0.0169219565808588,0.0158461551005444,0.0245564903235422,0.0298502350977441,0.0632551251859875,0.0577980473670639,0.0789992934482976,0.0387519186905532,0.0569864904886809,0.0383208422561782,0.0478270921851437,0.0513040074742951,0.0411928630292063,0.056999538148701,0.0127769134019651,0.039751088865301,0.0481366907334268,0.0354941469087053,0.0639621029174586,0.0684388512221633,0.0525519189789105,0.0661091457530385,0.0434348990915729,0.058405111787655,0.0817720590082874,0.05251969112574,0.0682702833580373,0.0565868169337889,4.41991209876251,3.53213058790709,4.71540132416026,3.47930570109282,5.9782849133787,5.36578264719701,5.06970937479727,4.00756490467349,3.52402050146232,4.97091679582034,4.92371123736959,5.37488040805684,6.36357471281989,4.41638938010464,4.28672882205564,4.122895303428,3.87476028976891,4.24678737788252,3.57845433154945,5.47525333611666,6.32727047050335,5.87015875187782,4.33033616359671,4.39614647319365,3.97350424590714
subj_41,211.139629159785,261.638443291652,188.315850291782,222.836508978851,282.444019117378,245.908842883147,273.337053831745,226.661051315002,212.77804245052,222.611372109137,282.010058252848,273.556069937575,219.647179416983,145.390822475963,189.22171624482,282.898979797288,300.854818472381,220.445803580361,166.937553590874,334.461670676162,193.830967523014,284.482875221852,283.542352141543,217.656591386077,240.925228103245,0.707730679017555,0.248765710990877,0.355427012257152,0.444699151908136,0.395215064068957,0.221296390670186,0.381631717908035,0.218960523916617,0.390215846402904,0.284719551108385,0.37615211129494,0.209129729657455,0.437608634062981,0.198970021605703,0.242304064663598,0.184551260585976,0.439182175827142,0.321524101481026,0.455419189726727,0.401202589480751,0.516297806310115,0.313751542454427,0.31736289922871,0.288339290706059,0.14066947438271,0.262509885508848,0.206892511816827,0.181399152362277,0.235990321710421,0.242987041687436,0.178673821157699,0.225932436964035,0.235680324397829,0.147967861207102,0.132079201249061,0.376068082014185,0.283351815020315,0.137474210356272,0.434654530522025,0.17008691978084,0.184488052280911,0.191627330953281,0.376226836721606,0.223581075551431,0.215586450383154,0.431188789661302,0.194896082347499,0.181182965979319,0.228137015258974,0.172309037706235,0.0159512057701601,0.0141023601357409,0.00118167716886902,0.0165918468530144,0.0230168416321211,0.0401605773942103,0.0607506154482425,0.0189901083709318,0.00262095185294746,0.0100591019345816,0.0720705669495739,0.034688813299344,0.0352505278147937,0.0103552900971971,4.02050263516476e-09,0.0192034355763241,0.0366682941226382,0.0651005203044929,3.57925310299768e-09,0.0257243814575419,0.0933299478475588,0.0210077620374935,0.0548928659432714,0.0322231389776763,0.0232445393380618,0.0835277501021168,0.0766655161656597,0.0785570591929622,0.056645216396872,0.0587795186300118,0.0659259880536713,0.0749361550617096,0.061675806661395,0.0781350567470083,0.0746367538898269,0.0720794824509663,0.0556655962264429,0.0671451794319606,0.00312570374108086,0.0731461101381324,0.0274932281460517,0.126707064451965,0.061313237072171,0.103620285076328,0.071888538976426,3.4866675604312e-08,0.0698980195376036,0.0729618428498475,0.0476113040782704,0.0537662376092057,3.94690809054081,4.15675137455038,4.61340196042444,3.82892635210275,3.9963157018994,4.73935460166617,3.78161817031524,4.39950897112377,4.3231933098854,5.42344500174361,3.73657336729396,4.13582126610576,4.38048743954286,4.40059702874344,4.95519562123433,4.03910483763389,3.71670907680274,4.22948237867009,4.8525017607879,3.48485720150805,4.03990292032406,3.61700809411304,4.15050495449492,4.53041763948402,4.8927099287315
subj_42,693.349834533729,686.55155587719,691.250547800823,679.254131078784,688.350842511265,684.154758665416,687.428560747637,679.733888969655,684.052552653968,675.897163195215,686.702932620311,682.734854838029,687.753878193302,693.688923623127,692.277344940754,686.204009403956,677.857208170013,690.685407541025,687.938649497296,686.9747858416,684.57308752791,687.344177573115,672.203878158349,684.300287761354,689.08280925768,0.00578171574100702,0.999999985046707,0.00880438264732131,1.7188310916378e-08,0.171642456713011,0.13877097051186,0.938592366477939,0.55903078307549,0.0377761120918037,0.0301073342936108,1.98285301410962e-09,0.875881519440221,0.563367950392665,1.23966885317899e-06,0.749802667329744,0.999999975191355,0.683930285900658,0.999999857175105,0.0760853274311269,0.0506242162374678,0.221786242296221,8.98507459635585e-08,0.297036151609979,0.489914657670621,0.0903891327470059,0.993943154742605,0.934056536428035,0.999999976200368,0.999999590951944,3.24534571585128e-11,0.301265124258407,0.864884573109397,0.702664605001486,1.31514513830243e-11,0.88393341688749,0.794611787222828,0.080375228369033,0.0829937910033526,0.999998716812597,0.834563662311154,0.71208918515408,0.0116519805320329,0.999999947386501,0.43665878488257,0.999999998441487,0.999998328753589,0.999999974485536,0.878007524949694,0.145380448721761,0.999999979706345,3.53668176011133e-09,5.16443572842294e-09,1.11869686627583e-08,8.20482328609132e-08,2.36822359662816e-11,0.216913819293973,2.32391097180431e-09,2.39029070363715e-09,1.21076814397285e-11,1.60877629504952e-07,1.41235651734378e-09,0.230419828675743,0.0318643201360252,0.599446984137634,0.546161700858657,0.486406115205037,0.0496269723217908,8.29484411386308e-09,0.0962131613158702,0.157018175381098,7.73774702585853e-07,0.331223445372471,0.270273584514826,0.999999628888741,2.00442411722445e-08,6.91855806660613e-10,4.27371710489744e-09,0.028346463893981,0.29949753016055,0.19093939656494,0.794485630605232,4.01862832386902e-09,1.1477724732296e-09,0.0874712093230082,0.0918041553669524,0.17851570681058,0.999997772850908,0.399320368675454,0.999998195533174,0.484445163321258,1.48681693972953e-08,0.200476551919781,4.87868180675096e-08,0.0658642046991863,4.42351692573885e-10,2.02365699265714e-07,0.452244940558656,2.54004943915102e-09,0.489637312953589,0.13706885989753,0.22654503419661,0.297744110854577,0.283751299032901,0.466165067759618,0.730390452143978,0.451598915165398,0.293089670010318,0.488933472454786,1.04878874038605,0.591923712755938,0.40776884021647,0.44662948485939,0.440579697994631,0.154803969057349,0.228543119730052,0.334871874639873,0.639096390356425,0.220240920803947,0.431262376084156,0.407353604552964,0.380122417463373,0.361752905571956,0.611824807895336,0.394403166647795,0.308136035408609
subj_43,694.226532764901,690.151588925355,687.891663876003,682.900357818205,694.424299079975,692.174407333909,693.409688337183,687.123233860022,686.517751243196,688.73833200914,682.446046003698,686.454224180252,688.58231246816,690.915099612329,687.977489160205,679.476591832282,687.582845308551,690.49015629645,685.42434600229,695.826167023325,688.718602501193,693.926094174574,684.22675965153,691.723935615559,691.521274920098,0.61051667069018,0.773311147087524,0.0494523526460815,0.999999627659443,0.999999330735659,0.422384889721171,0.693894291645177,1.70589742821316e-10,0.00116448453834384,0.738903838813446,0.999999999791555,0.917172457666868,0.0793786909904245,5.97784594382865e-10,0.142305821140081,0.686435867921532,0.000227946463672791,0.999999999954717,0.999999963657242,1.20244267768106e-15,1.50278361680546e-08,0.382895581157135,3.75755027965774e-12,0.851074981634509,0.316751581930907,0.275049167005563,4.80523629735709e-10,4.42858428372966e-09,1.13248866655476e-08,0.442900802034074,0.10617204618239,0.807567370504305,1.90149072782506e-11,1.67904945580577e-12,1.51985620065306e-09,1.38772723956375e-11,3.78287135089912e-10,2.63527256548042e-09,1.05661568139289e-10,3.7759940947867e-09,0.137124566735484,1.44779741983379e-12,9.58948239878676e-12,0.999999911828337,7.88192435605034e-05,0.00413666981983017,0.999999238134338,6.45427069610294e-13,1.60954744088087e-08,6.64825170203547e-11,0.572551375728623,4.16737469763267e-10,0.00986887356454695,0.0321172992131299,0.999997652159228,0.219293179356999,0.889360981143301,3.24716068021046e-11,1.12854135982285e-12,0.371523198367956,1.04860412880735e-11,0.0292865980979576,0.035470215191743,3.53912379055569e-10,1.68716595438024e-09,0.999999982881883,8.52759692231177e-13,2.67496239248277e-11,0.282851350887868,5.17380101059768e-15,0.00903017141030027,1.62919349580779e-07,8.10423669016513e-13,0.100600211462507,2.49310019792421e-11,1.80286724628988e-07,0.999999985067155,0.999999978354271,0.575329583314047,0.579097533805232,1.88680495955119e-07,0.999841407221739,0.264949518724254,0.212206765475344,0.906343912181021,0.999999999574902,1.21329300194811e-09,0.870106155139945,0.226419071435109,0.999999994837112,0.999999995326845,1.56196505404277e-14,0.999999999820752,0.999999951684754,2.28347008875604e-14,0.238836328314497,0.510112705865313,0.0106410412834364,0.853909206333741,0.0678035860950393,0.19223525220703,0.339765282181195,0.387498986696259,0.533753320739867,0.142202982015654,0.289300631421442,0.170170267091595,0.758056080050578,0.929678037689033,0.326092479488212,0.490623006428821,0.418157373362271,0.395688971002586,0.53946879997743,0.403546272739152,0.403773403584689,99.9999955810668,0.314810642322674,0.329037736738652,99.9999999291715,0.683706858888489,0.163238413428035,7.42206346220765,0.266831434827584,0.445674289740626
subj_44,71.6337906608679,69.1676968842439,81.6940924897416,60.7627881923574,89.4064092458326,73.0034134743249,69.0770504733115,65.9432064452661,72.3079640237737,77.4369685981227,78.7508252775994,71.4687897400802,54.9389384564708,83.2031284777179,77.6491652041607,77.7103726554222,64.1204498339195,60.1500708798789,66.3671027935999,87.764257412401,79.4595746013929,54.8572925537563,79.6776253643174,54.8084704416054,68.9504198306776,0.975346652614457,0.862452772367756,0.999999999997121,0.943846738748281,0.978349322427732,0.944364615344181,0.949353677662152,0.896610484882358,0.999999900015396,0.814585293013613,0.987924131812129,0.971629593988434,0.99258799070183,0.965150087112417,0.97492727533512,0.980422691474695,0.846564257908853,0.929367497857642,0.99999995751665,0.978765220002444,0.917918599233173,0.999999999790484,0.966444136734139,0.941117928179437,0.977649012022923,0.497267988771107,0.680992197795545,0.918987623618421,0.48489675433933,0.488098280236567,0.548909224082024,0.499524235814792,0.543476727117159,0.483872573528864,0.489337826150219,0.476333443421955,0.500993362062413,0.493782060104269,0.475605409840208,0.48533356545234,0.494602393401245,0.563832552243166,0.499139243546183,0.566598133566288,0.490080150234806,0.64974689976221,0.435189418836278,0.495994485997086,0.540662237958577,0.495459867589996,0.606197688485433,0.905793482159449,0.659689617038342,0.609232977356327,0.604268331279241,0.803993560378694,0.61246036108243,0.762117088525837,0.635761929085728,0.991415223055651,0.600157286841352,0.612802502054144,0.654823506094312,0.610948712460515,0.612983748552033,0.612028998962797,0.81321064270082,0.606151095151811,0.643398904831211,0.605534860946831,0.835132409604017,0.642392865924127,0.605393783618038,0.794093068501645,0.604190202656155,0.489421304571855,0.453874819523014,0.490043616500738,0.482276773504639,0.492679661415741,0.469473600777083,0.482502926749096,0.465396896731886,0.485865954665746,0.451512557887482,0.491883184802513,0.488942455212895,0.47910939934108,0.491597965871531,0.490550981175831,0.489377463203275,0.459437928269063,0.478132661023484,0.484354800755305,0.490855164510565,0.467295312071112,0.483676214480789,0.490279008077987,0.45557028506006,0.487425916364156,99.9994436815774,28.266923874857,78.2485816183733,99.999946529909,99.956079223659,35.4826027790952,99.9996207540054,42.0917087951148,80.0112288706629,20.9094639597399,99.9988968802917,99.9991217236818,72.2118626923841,99.9997627885358,99.9992991823483,99.9872896778697,36.2782140453447,99.9963465423689,75.1469070762682,99.9878315887177,32.5177827026543,88.532558275248,99.9985941967607,39.1475775135195,99.9970481890063
subj_45,413.890709860788,408.003718155407,388.088071357606,377.647603260272,389.509627982105,414.436634361888,380.82178610003,406.372295738193,417.856710459147,419.965760238168,375.487725444718,383.586076635242,413.859934207631,368.456733233041,384.487446678126,472.627124098864,392.84019630285,383.724639124597,349.385722392449,380.954461164644,403.219403358062,398.281754896937,394.68433433971,415.707223087051,380.585765567186,0.431609321953829,0.485327399836128,0.104384178646235,0.999999999007719,0.280892589621729,0.999999999340848,0.588711711758065,0.41591263299522,0.527084061465169,0.394878926477357,0.0694676609994809,0.325351675861201,0.496247883827817,0.140530325337344,0.275571445047443,0.50969978753088,0.462728470137384,0.373285404028107,0.603656278941565,0.999999838160432,0.472881965714585,0.516962488926626,0.389085433126359,0.334214444484662,0.322090745296081,0.00151150294790853,0.00884294117168312,0.000596971435903719,0.00382733248831851,0.0050862592426041,1.16353199985119e-11,3.1634296244242e-11,0.00924872942438793,0.00700508627791129,0.003283309031675,0.00069494188443539,1.3819248550988e-11,0.00751516808806345,1.18393482736556e-12,2.09955384255669e-11,0.00925191130198989,0.00317177527043699,0.00661946468587552,0.00478904712510942,0.0055499493333149,1.18048439805929e-12,2.53157094150088e-12,0.00343809917464124,0.00569303706950355,0.0069686889225056,0.00480814314757616,1.08203098066686e-12,0.00412865648049312,7.62718166649434e-13,0.00159429200912,0.0152090088942479,0.0163308170908388,0.000787926768968949,0.00217276324867179,5.88182596531519e-13,0.00204594256886814,0.0137579408763381,0.0202860862770713,0.0107241973313634,0.0214087701281457,3.61166158849367e-11,0.0142131209122495,0.000560192558399974,0.0214819277136711,4.72133638059138e-08,0.012470221153804,0.0131708959662464,0.0106936837721671,0.00324347690252763,9.37747599189195e-12,3.37728671626953e-08,0.0101434723190605,2.44728791554871e-11,1.91548938515354e-11,3.53810868289444e-11,1.13863523715167e-10,7.26507502364783e-11,0.0226359007951617,2.37614801029018e-11,5.33811096023058e-12,2.31304546461324e-11,0.0013040630693871,2.8967898208796e-11,0.0493851479638384,3.01242959120751e-10,0.0410496915331443,3.33409532637206e-11,0.00929997122895973,0.0520845536662169,0.0473753120337081,1.00221772385219e-11,0.0246058858341709,0.0389747328051408,2.26951224781852e-10,0.0651790191792919,4.15598883094469,4.3266907423547,8.31043732297282,5.46485974923058,5.12826086599061,3.63623209928202,4.7722026469813,4.36705559518185,3.97401777985108,4.30189483899609,15.2320016265813,5.2581048572226,3.77313602964518,9.34327287678049,5.44140180475977,3.21593874211506,4.19794669522267,5.26530366915486,6.12136428363537,5.20716204529218,4.15141440648432,4.63993635659266,4.6795189667437,4.18286561783447,5.87980244100593
subj_46,475.909012899881,508.416785718671,539.533649340178,495.214704868692,568.588364098756,543.014421110463,491.267718601259,527.062527779611,524.830316119307,540.553353845338,517.763647823201,557.509996503165,537.648420524279,571.012111481974,490.350044340607,541.535145367885,488.932745324922,564.6857300424,518.06970819223,566.116466324352,524.6315276204,513.668311555311,521.246948170267,546.569747212154,551.999165125651,0.104801651030017,0.0759970821998432,0.0327010701296402,0.151738020544511,0.0352750517735507,0.0958978190992597,0.0843662181874637,0.068274112846459,0.117101552487196,0.102556517369408,0.187640661441657,0.102377264205286,0.145896582350349,0.126569475489533,0.0853266396899183,0.211798793618546,0.103859276477385,0.0373861471162906,0.226292154577338,0.162408123240696,0.183349883121933,0.109240652580506,0.290180918292331,0.0562497544130954,0.0882654494368913,1.73388511685199e-10,0.00455425422317167,0.0101417259685559,0.017722540043649,0.00632620472018248,0.0114872351962876,0.0119580291839744,6.81604496227959e-13,0.0116442407630382,0.0173884995967998,0.0149634646096672,0.00423836112070326,0.0617880057022192,0.0209322061570174,2.45137467040204e-11,0.0135750120885925,0.0182370997755739,0.00329826949600029,0.0174391087248423,0.0330336498334676,0.0289797298415325,0.0170229332567692,0.0226683833097509,0.00832438338074886,0.0125277672697542,0.0853917174417364,0.00536186129338096,0.00129410605494894,0.00372622702028822,2.07648765129092e-10,0.00887868184723414,0.0025959182352192,0.00405930060565239,1.63324451262202e-11,0.0209482338754301,0.0658005993538028,0.0112658717149014,0.0325291958052732,0.0227219470661545,0.00956825050421895,4.80930018998155e-10,2.36950930282028e-11,0.00262664537456862,0.0216173201398928,4.64043650876871e-11,0.0264962146154142,0.00207784207972961,0.0046551575112468,0.011429364047442,0.00268358155289454,0.01639016919577,0.0162599241825514,7.54917367063305e-13,0.00843434463444556,0.0128494803096048,2.13272116172764e-11,0.000445880040505362,4.05129712843308e-12,0.00929771023079744,5.21693503714882e-11,2.73448989939053e-11,0.0214040633036256,3.66716841169717e-11,2.09069398825604e-11,0.0178241985365922,3.34446759113653e-10,1.55760534006391e-12,2.68374702181619e-12,0.0362352367240969,1.55108578854468e-11,1.58389612546191e-10,4.18814204052077e-12,2.54310415600607e-11,0.00270541971240782,0.00197953948720627,3.72031539992683,3.92409433267848,4.56211179187403,3.09403013048628,4.57824171317788,2.94406936675952,3.89895583846566,4.4261818081829,3.58129264755128,2.61138324309524,2.59153938336994,3.15797116663524,2.16803758720642,2.55266972515343,4.46680346084357,2.53459937100764,3.51098952796168,4.34449575101136,3.08665058560433,2.16225731716651,2.46527076667564,3.15161039043007,2.47194136019935,4.20004431132987,3.37087609577689
subj_47,668.556109259446,684.031203301394,682.607110032795,686.047091954149,675.81631326326,680.846328792848,679.234992001821,675.976938857598,687.015515774455,670.761528376618,676.157370692339,684.93701227945,685.908170454068,677.411459927778,673.808297170529,691.045136400116,676.38978726772,690.125020718641,690.245826088589,687.700558935917,670.751805588293,683.837175763072,679.996492771537,686.660313223037,683.66140683014,0.286186596474949,0.732673127531261,0.987145859247745,0.999999875515858,0.199714471436164,0.977664651201578,0.753665409157034,0.95164085244181,0.999999980290314,0.999999985554497,0.999999953887844,0.999999999724375,0.999999980254874,0.366844584878444,0.999999999585305,0.535554186631076,0.105017578414418,0.999999988746808,0.142254087228367,0.999999845365224,0.999999980032013,0.587514084654948,0.999999520707054,0.601750912031651,0.679839116046333,0.642871370218163,3.04670687405816e-08,0.31946143338942,0.999999866158565,0.509236362247896,0.27602194470929,0.72284333265265,0.634274319609481,0.0890163922617366,0.999999957142188,0.776665356779554,0.931962908912535,6.14313455965395e-09,0.378972457906994,1.81711066950048e-10,0.33516590134879,0.660451193342415,1.05662260305783e-09,0.999999805771294,0.999999984859978,0.638666949500795,2.93430436810967e-09,0.621605780634182,0.999999962807971,0.68952938438635,0.107999135300914,0.414753217471662,0.0567240305267443,0.00655842738911097,0.393018614660662,0.13095452259608,1.99262181843129e-08,0.368877458237851,0.261888758562969,1.183184072941e-08,0.407575430249977,3.28405073509329e-10,2.20427260373725e-08,2.38499071264861e-08,0.376404843385122,1.0095158005288e-08,0.00792131966839463,1.0565765206473e-08,0.130197641427188,2.98796502681063e-09,0.27161590405738,0.223806330013425,0.298487216499321,0.0829967181061606,0.201779846427798,0.108524060184555,0.166123579522254,0.584634762569317,0.262784660655367,1.6868362454271e-09,0.333709666622072,8.0774090699454e-08,0.117069386061209,2.09807297288303e-08,0.0736568053198112,0.697149902078261,0.444977831927457,1.62562360154379e-08,0.0685639730411097,0.424190467888397,6.85152935936926e-08,0.250356136379669,0.53967751116655,0.999999772492639,0.307092306951113,0.112810615827872,2.25019774687336e-09,0.361333190947389,0.0938618754799626,0.870782645536924,0.706968425232123,0.430102597949184,0.438485161207552,0.316844890947446,0.672287903294692,0.500043610221584,0.471452438621346,0.519751614582267,0.362114896008125,0.490897208634686,0.497998358334472,0.339796097833047,0.426971335295345,0.582197386087302,0.594040280701764,0.306682195043112,0.601765196530509,0.378563068630649,0.248408720036984,0.293640424698307,0.574244439073033,0.509523271500793,0.475349885201543,0.344309844224317,0.405716537018825
subj_48,459.929084767256,426.129979801232,348.760643024342,490.346786797121,436.236361764413,467.058856040352,432.576008582038,437.670353763387,464.343113082619,434.185933657416,453.804520280987,499.079239771573,442.693476694437,448.323992456267,428.929274666952,446.876341667249,446.346936911251,386.150177022348,440.066581057466,448.298743122808,458.26957204466,430.304739960482,406.024736880139,424.885505059867,458.980121928804,0.243287225353144,0.198620620629104,0.434506859602048,0.243500281974229,0.313310011547422,0.268241843781733,0.217648090758536,0.527447958688875,0.212716857670773,0.244269488277352,0.370797720968976,0.313364136558745,0.144223683543132,0.303918360577914,0.234900627072851,0.351086715636421,0.329894007673226,0.38626146759396,0.221706183925088,0.297909754856035,0.199918709837948,0.349846494487185,0.181640975316241,0.297973928376681,0.298282559758696,0.43609583923778,0.517228023841268,0.392251369809222,0.387659845586881,0.657086954028963,0.411829850695574,0.515361249604669,0.522824743481458,0.633208102653654,0.632820077920708,0.569365987931986,0.578558136378501,0.366071428733276,0.503863855042911,0.703425578832014,0.458436362673284,0.556164411352983,0.589675479148116,0.402951334664051,0.448087017736147,0.530667732906482,0.471049613798317,0.391970119463527,0.407363760086747,0.543812815659189,0.259697568268927,0.206351625473397,0.19036087201302,0.176725830414437,0.158288274230484,0.282334500865222,0.305083481928096,0.276587830039229,0.292857588699455,0.207685565908863,0.197798231665209,0.274051082754814,0.202766983683726,0.189709047228088,0.226967224692051,0.182686607064005,0.211313922177263,0.195819262864994,0.178020759708462,0.276992388967662,0.27905672634857,0.281672465348456,0.228985926886351,0.158569634701276,0.308784509783947,0.223120906844406,0.216597869516212,0.402094991688269,0.231346054127407,0.294722734186751,0.206134523776263,0.276357464384598,0.253816652614669,0.206336220596203,0.214273802409563,0.345401296228837,0.214185685080064,0.172372519618329,0.233976590877063,0.212945194776593,0.33322101400606,0.296478597436976,0.346978967282245,0.230150158261368,0.28979039053884,0.131094220926703,0.26235543609257,0.230114212147886,0.24572016162715,0.246468120075688,2.88070435720096,3.07616485685279,3.85245124287226,2.81208186665108,2.67059097500596,2.79922603538002,3.29110974498873,2.75153716748193,2.67136494886432,2.92001001662551,2.72654915036413,2.46426757370121,3.28946311013263,2.86152065634085,2.82384670705529,2.84255928808913,2.76427479432448,3.02645288452301,3.00071643207058,3.04735252886159,2.80993478676244,3.08041574738005,3.75818147202736,3.19172629983545,2.74904225315388
